date,value,cash,stocks_value
2015-01-02,99910.0,9910.000000000007,90000.0
2015-01-05,98811.12200184373,9910.000000000007,88901.12200184372
2015-01-06,98614.71303637893,9910.000000000007,88704.71303637893
2015-01-07,100127.10883106652,9910.000000000007,90217.1088310665
2015-01-08,102055.98036786151,9910.000000000007,92145.98036786151
2015-01-09,101563.10333705173,9910.000000000007,91653.10333705173
2015-01-12,101470.96448539116,9910.000000000007,91560.96448539116
2015-01-13,101455.72502766806,9910.000000000007,91545.72502766804
2015-01-14,100969.55256064524,9910.000000000007,91059.55256064523
2015-01-15,99838.70862112407,9910.000000000007,89928.70862112405
2015-01-16,100173.94267569995,9910.000000000007,90263.94267569993
2015-01-20,99973.67768718323,9910.000000000007,90063.67768718323
2015-01-21,101152.1273608933,9910.000000000007,91242.12736089328
2015-01-22,102680.99054163534,9910.000000000007,92770.99054163533
2015-01-23,101974.05800710525,9910.000000000007,92064.05800710525
2015-01-26,102728.7865084694,9910.000000000007,92818.7865084694
2015-01-27,102079.47123668328,9910.000000000007,92169.47123668328
2015-01-28,101102.92785701237,9910.000000000007,91192.92785701237
2015-01-29,102963.34655234689,9910.000000000007,93053.34655234689
2015-01-30,100600.03759272804,9910.000000000007,90690.03759272803
2015-02-02,100537.15227751678,9910.000000000007,90627.15227751678
2015-02-03,100865.14229385479,9910.000000000007,90955.14229385479
2015-02-04,101587.49442173401,9910.000000000007,91677.494421734
2015-02-05,101865.80846272557,9910.000000000007,91955.80846272557
2015-02-06,101046.81456359255,9910.000000000007,91136.81456359255
2015-02-09,99730.43139455584,9892.188721049439,89838.24267350641
2015-02-10,101044.30427423495,9892.188721049439,91152.1155531855
2015-02-11,101560.03202754215,9892.188721049439,91667.84330649271
2015-02-12,101679.69698836171,9892.188721049439,91787.50826731227
2015-02-13,102319.62220822508,9892.188721049439,92427.43348717564
2015-02-17,102081.59110440829,9892.188721049439,92189.40238335884
2015-02-18,102207.30956299609,9892.188721049439,92315.12084194666
2015-02-19,102762.91115613462,9892.188721049439,92870.72243508519
2015-02-20,103693.49445346318,9892.188721049439,93801.30573241375
2015-02-23,103858.76703159185,9892.188721049439,93966.5783105424
2015-02-24,104047.7043522828,9892.188721049439,94155.51563123337
2015-02-25,104235.44584581963,9892.188721049439,94343.2571247702
2015-02-26,104778.92515547041,9892.188721049439,94886.73643442098
2015-02-27,104279.64052235018,9892.188721049439,94387.45180130075
2015-03-02,105357.52513086208,9892.188721049439,95465.33640981265
2015-03-03,103985.03439616188,9892.188721049439,94092.84567511243
2015-03-04,105202.19015357451,9892.188721049439,95310.00143252508
2015-03-05,104743.00334564564,9892.188721049439,94850.81462459621
2015-03-06,103071.71791953518,9892.188721049439,93179.52919848573
2015-03-09,102785.8367429999,10195.252148164662,92590.58459483524
2015-03-10,101694.75953436029,10195.252148164662,91499.50738619562
2015-03-11,101902.89818606421,10195.252148164662,91707.64603789955
2015-03-12,102824.07162890764,10195.252148164662,92628.81948074297
2015-03-13,102668.30495267545,10195.252148164662,92473.0528045108
2015-03-16,105663.95155103668,10195.252148164662,95468.69940287202
2015-03-17,105249.16783678601,10195.252148164662,95053.91568862136
2015-03-18,106714.70396816172,10195.252148164662,96519.45181999705
2015-03-19,107306.35894910418,10195.252148164662,97111.10680093951
2015-03-20,107612.61939275163,10195.252148164662,97417.36724458696
2015-03-23,108390.6858152019,10195.252148164662,98195.43366703724
2015-03-24,107647.23854301087,10195.252148164662,97451.9863948462
2015-03-25,106371.09798721797,10195.252148164662,96175.8458390533
2015-03-26,105522.61480211746,10195.252148164662,95327.3626539528
2015-03-27,106443.39789847334,10195.252148164662,96248.14575030867
2015-03-30,107092.86438274608,10195.252148164662,96897.61223458141
2015-03-31,106023.19102212792,10195.252148164662,95827.93887396326
2015-04-01,105138.34088173896,10195.252148164662,94943.08873357429
2015-04-02,105368.4432409823,10195.252148164662,95173.19109281765
2015-04-06,105792.63443179897,10195.252148164662,95597.38228363432
2015-04-07,105286.72666255315,5169.224706269219,100117.50195628393
2015-04-08,106241.7426023528,5169.224706269219,101072.51789608358
2015-04-09,106251.76593429915,5169.224706269219,101082.54122802994
2015-04-10,107231.24860300242,5169.224706269219,102062.0238967332
2015-04-13,106970.05816929045,5169.224706269219,101800.83346302123
2015-04-14,106972.72024804169,5169.224706269219,101803.49554177247
2015-04-15,107409.63660502818,5169.224706269219,102240.41189875896
2015-04-16,106658.46745144582,5169.224706269219,101489.2427451766
2015-04-17,105215.89789328884,5169.224706269219,100046.67318701962
2015-04-20,105765.72328127736,5169.224706269219,100596.49857500814
2015-04-21,106132.01467998658,5169.224706269219,100962.78997371736
2015-04-22,105984.86234136467,5169.224706269219,100815.63763509545
2015-04-23,105927.66177748266,5169.224706269219,100758.43707121344
2015-04-24,106061.86640085022,5169.224706269219,100892.641694581
2015-04-27,103727.20700251627,5169.224706269219,98557.98229624705
2015-04-28,99950.38753842347,22871.86939888003,77078.51813954343
2015-04-29,100176.85387619198,22871.86939888003,77304.98447731194
2015-04-30,98880.62948986428,22871.86939888003,76008.76009098426
2015-05-01,99840.08240252497,22871.86939888003,76968.21300364495
2015-05-04,99980.09506830532,22871.86939888003,77108.22566942529
2015-05-05,98193.80928118111,22871.86939888003,75321.93988230109
2015-05-06,98532.89638202693,22871.86939888003,75661.02698314689
2015-05-07,99343.37292539075,18810.00883090772,80533.36409448304
2015-05-08,100088.65090006549,18810.00883090772,81278.64206915778
2015-05-11,100401.56651833409,18810.00883090772,81591.55768742636
2015-05-12,100472.85858172318,18810.00883090772,81662.84975081545
2015-05-13,100337.70393865035,18810.00883090772,81527.69510774262
2015-05-14,101240.87412909177,18810.00883090772,82430.86529818406
2015-05-15,101593.48437456792,18810.00883090772,82783.47554366021
2015-05-18,101986.83577717948,18810.00883090772,83176.82694627176
2015-05-19,102218.39312169471,18810.00883090772,83408.38429078698
2015-05-20,102480.62587648435,18810.00883090772,83670.61704557663
2015-05-21,102929.52926545343,18810.00883090772,84119.52043454572
2015-05-22,102782.03099258195,18810.00883090772,83972.02216167423
2015-05-26,101975.52450300366,18810.00883090772,83165.51567209595
2015-05-27,101741.77501751063,18810.00883090772,82931.76618660292
2015-05-28,101846.29140028037,18810.00883090772,83036.28256937265
2015-05-29,102443.93598301697,18810.00883090772,83633.92715210925
2015-06-01,102951.4525162041,18810.00883090772,84141.44368529638
2015-06-02,102247.6126096267,18810.00883090772,83437.60377871899
2015-06-03,102164.4178144747,18810.00883090772,83354.40898356697
2015-06-04,101856.11410892117,18810.00883090772,83046.10527801345
2015-06-05,102215.09363305307,18810.00883090772,83405.08480214536
2015-06-08,101811.67663822061,14688.202542189894,87123.47409603071
2015-06-09,102886.98787675975,14688.202542189894,88198.78533456987
2015-06-10,103690.5029184316,14688.202542189894,89002.30037624169
2015-06-11,104564.79403533723,14688.202542189894,89876.59149314732
2015-06-12,103542.11620044877,14688.202542189894,88853.91365825888
2015-06-15,103725.45743050502,14688.202542189894,89037.25488831513
2015-06-16,104464.02042866134,14688.202542189894,89775.81788647144
2015-06-17,105132.72783059921,14688.202542189894,90444.52528840932
2015-06-18,105955.79705912169,14688.202542189894,91267.59451693179
2015-06-19,106020.88712019756,14688.202542189894,91332.68457800765
2015-06-22,105874.63175956273,14688.202542189894,91186.42921737285
2015-06-23,105651.03043942261,14688.202542189894,90962.82789723272
2015-06-24,104863.29288000055,14688.202542189894,90175.09033781066
2015-06-25,106851.89694416142,14688.202542189894,92163.69440197153
2015-06-26,107834.81520074903,14688.202542189894,93146.61265855913
2015-06-29,105742.60100068137,14688.202542189894,91054.39845849147
2015-06-30,105532.74665846201,14688.202542189894,90844.54411627213
2015-07-01,106541.89229141586,14688.202542189894,91853.68974922597
2015-07-02,106506.35051402685,14688.202542189894,91818.14797183695
2015-07-06,106843.5915675984,14688.202542189894,92155.38902540851
2015-07-07,107973.18850272721,25851.15249328736,82122.03600943985
2015-07-08,106724.36221284622,25851.15249328736,80873.20971955886
2015-07-09,106716.23880467749,25851.15249328736,80865.08631139013
2015-07-10,107666.42383781655,25851.15249328736,81815.27134452919
2015-07-13,108328.14219542839,25851.15249328736,82476.98970214103
2015-07-14,108952.64548723197,25851.15249328736,83101.49299394462
2015-07-15,108999.56315753119,25851.15249328736,83148.41066424383
2015-07-16,110037.22169482904,25851.15249328736,84186.06920154169
2015-07-17,110048.07633405099,25851.15249328736,84196.92384076363
2015-07-20,110145.85739069096,25851.15249328736,84294.7048974036
2015-07-21,109507.83851941452,25851.15249328736,83656.68602612716
2015-07-22,109541.05683882888,25851.15249328736,83689.90434554152
2015-07-23,108945.23321834022,25851.15249328736,83094.08072505286
2015-07-24,107793.02470218185,25851.15249328736,81941.87220889449
2015-07-27,107764.75880239836,25851.15249328736,81913.606309111
2015-07-28,108608.35350823673,25851.15249328736,82757.20101494937
2015-07-29,108419.5595416538,25851.15249328736,82568.40704836644
2015-07-30,107185.33753862027,25851.15249328736,81334.18504533291
2015-07-31,107334.39777270622,25851.15249328736,81483.24527941886
2015-08-03,107239.90418534378,25851.15249328736,81388.75169205642
2015-08-04,107901.78926443004,25851.15249328736,82050.63677114269
2015-08-05,108192.37435406695,25851.15249328736,82341.2218607796
2015-08-06,107308.34624286417,25851.15249328736,81457.1937495768
2015-08-07,106793.01575372375,29846.643022676293,76946.37273104746
2015-08-10,107529.66540292461,29846.643022676293,77683.02238024832
2015-08-11,106630.25577564866,29846.643022676293,76783.61275297237
2015-08-12,107487.73688626825,29846.643022676293,77641.09386359196
2015-08-13,107115.57888529386,29846.643022676293,77268.93586261757
2015-08-14,107305.00127195616,29846.643022676293,77458.35824927987
2015-08-17,107487.7463144668,29846.643022676293,77641.10329179051
2015-08-18,106932.87011500375,29846.643022676293,77086.22709232746
2015-08-19,105939.61783661858,29846.643022676293,76092.97481394229
2015-08-20,104384.58290067692,29846.643022676293,74537.93987800063
2015-08-21,102336.58946787892,29846.643022676293,72489.94644520263
2015-08-24,99907.10508340664,29846.643022676293,70060.46206073035
2015-08-25,98415.8304851998,29846.643022676293,68569.1874625235
2015-08-26,101027.61734247286,29846.643022676293,71180.97431979657
2015-08-27,102824.47325142201,29846.643022676293,72977.83022874572
2015-08-28,102952.54196224181,29846.643022676293,73105.89893956552
2015-08-31,101426.60379731192,29846.643022676293,71579.96077463563
2015-09-01,99406.07616105067,29846.643022676293,69559.43313837438
2015-09-02,101038.08613482403,29846.643022676293,71191.44311214774
2015-09-03,100647.0356522096,29846.643022676293,70800.39262953331
2015-09-04,99295.84246507716,29846.643022676293,69449.19944240087
2015-09-08,101874.68380997163,42243.10931005578,59631.57449991585
2015-09-09,100971.0819697504,42243.10931005578,58727.97265969463
2015-09-10,101407.734816657,42243.10931005578,59164.62550660123
2015-09-11,102045.95529201042,42243.10931005578,59802.84598195464
2015-09-14,101878.91690597511,42243.10931005578,59635.80759591933
2015-09-15,102853.17663899956,42243.10931005578,60610.067328943784
2015-09-16,103351.26481156502,42243.10931005578,61108.155501509245
2015-09-17,103605.16311774956,42243.10931005578,61362.053807693774
2015-09-18,103235.41110700576,42243.10931005578,60992.30179694997
2015-09-21,103220.57727318218,42243.10931005578,60977.4679631264
2015-09-22,102621.91072359472,42243.10931005578,60378.80141353894
2015-09-23,102918.9292039594,42243.10931005578,60675.81989390362
2015-09-24,102541.52947329258,42243.10931005578,60298.420163236806
2015-09-25,102155.74523846863,42243.10931005578,59912.635928412856
2015-09-28,100519.74720967025,52218.62053399208,48301.12667567818
2015-09-29,101548.58759037685,52218.62053399208,49329.96705638476
2015-09-30,101826.98416364606,52218.62053399208,49608.36362965399
2015-10-01,101906.56492265062,52218.62053399208,49687.94438865854
2015-10-02,102362.66801781766,52218.62053399208,50144.04748382559
2015-10-05,102882.28880028077,52218.62053399208,50663.6682662887
2015-10-06,102713.2728548289,52218.62053399208,50494.65232083682
2015-10-07,103252.56287779883,42814.457302524985,60438.10557527385
2015-10-08,103921.6232168342,42814.457302524985,61107.16591430921
2015-10-09,104258.65363693706,42814.457302524985,61444.196334412074
2015-10-12,105135.38479905493,42814.457302524985,62320.92749652994
2015-10-13,104449.7245634778,42814.457302524985,61635.26726095281
2015-10-14,104226.84756018035,42814.457302524985,61412.39025765537
2015-10-15,105061.9851704222,42814.457302524985,62247.52786789721
2015-10-16,105274.525671746,42814.457302524985,62460.06836922101
2015-10-19,106038.29366083475,42814.457302524985,63223.83635830977
2015-10-20,105677.93444190842,42814.457302524985,62863.47713938344
2015-10-21,105581.89186824035,42814.457302524985,62767.43456571537
2015-10-22,106087.24571619305,42814.457302524985,63272.78841366807
2015-10-23,106455.85431946804,42814.457302524985,63641.397016943054
2015-10-26,106715.37511701597,42814.457302524985,63900.917814490975
2015-10-27,107002.38412311557,42814.457302524985,64187.92682059059
2015-10-28,107553.38894732669,42814.457302524985,64738.9316448017
2015-10-29,106422.16783523184,42814.457302524985,63607.71053270686
2015-10-30,105024.13184864583,42814.457302524985,62209.67454612085
2015-11-02,106214.08432165107,42814.457302524985,63399.627019126085
2015-11-03,105733.38438787633,42814.457302524985,62918.927085351344
2015-11-04,105147.633071203,42814.457302524985,62333.17576867802
2015-11-05,105670.85455894173,42814.457302524985,62856.397256416756
2015-11-06,104887.51769515953,42814.457302524985,62073.06039263454
2015-11-09,104105.80080769132,37435.41924656977,66670.38156112155
2015-11-10,104711.43452016616,37435.41924656977,67276.0152735964
2015-11-11,104674.92571853744,37435.41924656977,67239.50647196767
2015-11-12,103643.80001391,37435.41924656977,66208.38076734023
2015-11-13,102908.79541044321,37435.41924656977,65473.37616387344
2015-11-16,103521.18471906867,37435.41924656977,66085.7654724989
2015-11-17,103207.37275299596,37435.41924656977,65771.95350642619
2015-11-18,104388.30020148685,37435.41924656977,66952.88095491708
2015-11-19,104441.30779110374,37435.41924656977,67005.88854453397
2015-11-20,105924.83248149512,37435.41924656977,68489.41323492535
2015-11-23,105906.61520956803,37435.41924656977,68471.19596299826
2015-11-24,106001.57397827045,37435.41924656977,68566.15473170068
2015-11-25,105958.57802649328,37435.41924656977,68523.15877992351
2015-11-27,106166.4287286796,37435.41924656977,68731.00948210983
2015-11-30,105514.168818024,37435.41924656977,68078.74957145423
2015-12-01,106260.85475866495,37435.41924656977,68825.43551209518
2015-12-02,105696.81583942723,37435.41924656977,68261.39659285746
2015-12-03,104992.97142265103,37435.41924656977,67557.55217608126
2015-12-04,106284.98553038824,37435.41924656977,68849.56628381847
2015-12-07,106054.13954820686,25391.690029935766,80662.4495182711
2015-12-08,105771.23871789192,25391.690029935766,80379.54868795615
2015-12-09,105540.07586482694,25391.690029935766,80148.38583489117
2015-12-10,105580.63236554767,25391.690029935766,80188.94233561191
2015-12-11,104582.37239028816,25391.690029935766,79190.6823603524
2015-12-14,104641.72925567432,25391.690029935766,79250.03922573855
2015-12-15,105669.2297149488,25391.690029935766,80277.53968501303
2015-12-16,106785.30295916766,25391.690029935766,81393.6129292319
2015-12-17,106348.12792018839,25391.690029935766,80956.43789025262
2015-12-18,106143.17259605671,25391.690029935766,80751.48256612095
2015-12-21,105639.09610248407,25391.690029935766,80247.4060725483
2015-12-22,106041.25257004895,25391.690029935766,80649.56254011318
2015-12-23,107286.57819135438,25391.690029935766,81894.88816141861
2015-12-24,107459.73138092026,25391.690029935766,82068.0413509845
2015-12-28,107620.7517536146,25391.690029935766,82229.06172367884
2015-12-29,108721.3208446877,25391.690029935766,83329.63081475193
2015-12-30,108375.36369278161,25391.690029935766,82983.67366284585
2015-12-31,107853.23399630829,25391.690029935766,82461.54396637253
2016-01-04,105820.32842427299,25391.690029935766,80428.63839433722
2016-01-05,105753.6749306814,25391.690029935766,80361.98490074564
2016-01-06,105771.35335772588,25391.690029935766,80379.66332779011
2016-01-07,103913.70041088379,10307.124122428802,93606.57628845499
2016-01-08,102402.62709677938,10307.124122428802,92095.50297435059
2016-01-11,101769.88236316765,10307.124122428802,91462.75824073884
2016-01-12,102136.65353937939,10307.124122428802,91829.5294169506
2016-01-13,99238.31911551522,10307.124122428802,88931.19499308642
2016-01-14,101180.86320297065,10307.124122428802,90873.73908054185
2016-01-15,99160.49976763094,10307.124122428802,88853.37564520213
2016-01-19,98447.1424622373,10307.124122428802,88140.0183398085
2016-01-20,98680.91581232773,10307.124122428802,88373.79168989894
2016-01-21,98900.5168852256,10307.124122428802,88593.39276279681
2016-01-22,100997.45008935494,10307.124122428802,90690.32596692613
2016-01-25,100591.79466412438,10307.124122428802,90284.67054169557
2016-01-26,101271.62377204048,10307.124122428802,90964.49964961168
2016-01-27,100240.70401181275,10307.124122428802,89933.57988938395
2016-01-28,97948.10192005505,25789.24428075935,72158.8576392957
2016-01-29,99548.09979883616,25789.24428075935,73758.85551807682
2016-02-01,99566.78694591053,25789.24428075935,73777.54266515118
2016-02-02,97892.75331385118,25789.24428075935,72103.50903309183
2016-02-03,99685.33337371024,25789.24428075935,73896.08909295089
2016-02-04,99972.34831384521,25789.24428075935,74183.10403308587
2016-02-05,98261.07909081393,25789.24428075935,72471.83481005458
2016-02-08,95079.19289969734,48705.479175654415,46373.71372404293
2016-02-09,93856.33191730887,48705.479175654415,45150.85274165445
2016-02-10,94277.18693307406,48705.479175654415,45571.707757419645
2016-02-11,92209.70943340211,56296.50490334696,35913.20453005514
2016-02-12,93203.42731886002,56296.50490334696,36906.92241551305
2016-02-16,94427.64135743759,56296.50490334696,38131.13645409062
2016-02-17,95499.58188910765,56296.50490334696,39203.076985760694
2016-02-18,95052.26631229493,56296.50490334696,38755.76140894796
2016-02-19,95301.6307668048,56296.50490334696,39005.125863457826
2016-02-22,95565.56903175253,56296.50490334696,39269.064128405575
2016-02-23,94886.1975656336,56296.50490334696,38589.69266228663
2016-02-24,94959.18890106131,56296.50490334696,38662.68399771434
2016-02-25,95181.34100493984,56296.50490334696,38884.83610159288
2016-02-26,95445.33666586372,56296.50490334696,39148.83176251677
2016-02-29,95053.50839131992,56296.50490334696,38757.003487972965
2016-03-01,96283.2958125306,56296.50490334696,39986.79090918364
2016-03-02,96702.29586418392,56296.50490334696,40405.79096083697
2016-03-03,96647.72597422809,56296.50490334696,40351.221070881125
2016-03-04,96789.13099472946,56296.50490334696,40492.626091382495
2016-03-07,97824.22527037692,39094.452244335145,58729.77302604177
2016-03-08,96875.79227090607,39094.452244335145,57781.34002657091
2016-03-09,96472.62758277624,39094.452244335145,57378.1753384411
2016-03-10,96289.05362374095,39094.452244335145,57194.60137940581
2016-03-11,97952.54741466956,39094.452244335145,58858.09517033441
2016-03-14,97648.8046317181,39094.452244335145,58554.352387382954
2016-03-15,97409.6556742163,39094.452244335145,58315.20342988115
2016-03-16,98186.24302351777,39094.452244335145,59091.79077918263
2016-03-17,98816.94242229567,39094.452244335145,59722.49017796053
2016-03-18,99126.33778946594,39094.452244335145,60031.88554513078
2016-03-21,99553.84859196923,39094.452244335145,60459.39634763409
2016-03-22,99673.21633840425,39094.452244335145,60578.7640940691
2016-03-23,98611.0824559145,39094.452244335145,59516.63021157935
2016-03-24,98350.14436123129,39094.452244335145,59255.69211689614
2016-03-28,98415.25473051034,39094.452244335145,59320.80248617519
2016-03-29,99388.07357646714,39094.452244335145,60293.62133213199
2016-03-30,99210.43279534244,39094.452244335145,60115.98055100729
2016-03-31,99109.91202689451,39094.452244335145,60015.45978255937
2016-04-01,99507.05435132563,39094.452244335145,60412.60210699048
2016-04-04,99058.9284067471,39094.452244335145,59964.47616241196
2016-04-05,98852.49768604254,39094.452244335145,59758.04544170739
2016-04-06,100025.86522759918,39094.452244335145,60931.41298326403
2016-04-07,99305.20368160066,14326.59782582541,84978.60585577525
2016-04-08,99206.3097960949,14326.59782582541,84879.71197026948
2016-04-11,98501.16820018823,14326.59782582541,84174.57037436283
2016-04-12,99422.8720539411,14326.59782582541,85096.27422811568
2016-04-13,99988.38409407713,14326.59782582541,85661.78626825172
2016-04-14,99821.27284584241,14326.59782582541,85494.67502001699
2016-04-15,99970.56874230105,14326.59782582541,85643.97091647565
2016-04-18,100336.45566359101,14326.59782582541,86009.85783776561
2016-04-19,100472.8115045276,14326.59782582541,86146.21367870219
2016-04-20,99898.41509987091,14326.59782582541,85571.81727404549
2016-04-21,100166.93131138492,14326.59782582541,85840.3334855595
2016-04-22,100609.97974739503,14326.59782582541,86283.38192156961
2016-04-25,100503.83377640633,14326.59782582541,86177.23595058093
2016-04-26,100632.73937347214,14326.59782582541,86306.14154764672
2016-04-27,100728.86364016475,14326.59782582541,86402.26581433935
2016-04-28,100823.86320712886,14326.59782582541,86497.26538130344
2016-04-29,100498.95499545697,14326.59782582541,86172.35716963155
2016-05-02,101098.68504937127,14326.59782582541,86772.08722354585
2016-05-03,100076.06478754187,14326.59782582541,85749.46696171645
2016-05-04,99398.23016007338,14326.59782582541,85071.63233424796
2016-05-05,98827.06321790582,14326.59782582541,84500.4653920804
2016-05-06,99070.07951593157,14326.59782582541,84743.48169010617
2016-05-09,99702.8224742973,28613.910611658346,71088.91186263895
2016-05-10,100304.69179430064,28613.910611658346,71690.7811826423
2016-05-11,99097.06056846023,28613.910611658346,70483.14995680189
2016-05-12,99311.13257793452,28613.910611658346,70697.22196627618
2016-05-13,98635.29087525897,28613.910611658346,70021.38026360063
2016-05-16,99370.10878813059,28613.910611658346,70756.19817647224
2016-05-17,99231.72358219491,28613.910611658346,70617.81297053657
2016-05-18,98735.33572845932,28613.910611658346,70121.42511680098
2016-05-19,98504.9135285103,28613.910611658346,69891.00291685195
2016-05-20,99228.01045156275,28613.910611658346,70614.0998399044
2016-05-23,99351.2025414147,28613.910611658346,70737.29192975636
2016-05-24,100788.38340036049,28613.910611658346,72174.47278870214
2016-05-25,101004.29216309088,28613.910611658346,72390.38155143254
2016-05-26,101244.31962076928,28613.910611658346,72630.40900911094
2016-05-27,101587.90641336452,28613.910611658346,72973.99580170617
2016-05-31,102024.18760852932,28613.910611658346,73410.27699687098
2016-06-01,101810.41535282803,28613.910611658346,73196.50474116969
2016-06-02,102034.12178452972,28613.910611658346,73420.21117287138
2016-06-03,101758.29277152916,28613.910611658346,73144.38215987082
2016-06-06,101901.97553726552,28613.910611658346,73288.06492560718
2016-06-07,99680.4965185342,14380.74070396601,85299.75581456818
2016-06-08,99755.68934382818,14380.74070396601,85374.94863986218
2016-06-09,99099.87564778098,14380.74070396601,84719.13494381498
2016-06-10,97502.73760459421,14380.74070396601,83121.99690062819
2016-06-13,96258.77305704696,14380.74070396601,81878.03235308094
2016-06-14,95957.21062760387,14380.74070396601,81576.46992363787
2016-06-15,96008.86264442062,14380.74070396601,81628.12194045461
2016-06-16,95673.8168470948,14380.74070396601,81293.0761431288
2016-06-17,96252.90078977493,14380.74070396601,81872.16008580892
2016-06-20,97802.17838490018,14380.74070396601,83421.43768093416
2016-06-21,98427.99013226072,14380.74070396601,84047.24942829472
2016-06-22,97769.34939197658,14380.74070396601,83388.60868801057
2016-06-23,99020.02430860282,14380.74070396601,84639.2836046368
2016-06-24,95858.44485472472,14380.74070396601,81477.70415075871
2016-06-27,92985.25534775064,14380.74070396601,78604.51464378464
2016-06-28,95188.77522473948,14380.74070396601,80808.03452077348
2016-06-29,97069.6801393301,14380.74070396601,82688.9394353641
2016-06-30,97834.84493609489,14380.74070396601,83454.10423212888
2016-07-01,98610.62388760532,14380.74070396601,84229.88318363932
2016-07-05,96910.85608416126,14380.74070396601,82530.11538019526
2016-07-06,97138.06430096601,14380.74070396601,82757.32359700001
2016-07-07,96804.38646382643,31417.289310164873,65387.09715366156
2016-07-08,98100.3901664734,31417.289310164873,66683.10085630853
2016-07-11,98205.2202020121,31417.289310164873,66787.93089184724
2016-07-12,98580.34108478602,31417.289310164873,67163.05177462116
2016-07-13,98629.55231812826,31417.289310164873,67212.2630079634
2016-07-14,98876.07977796518,31417.289310164873,67458.7904678003
2016-07-15,99261.38170007596,31417.289310164873,67844.09238991108
2016-07-18,99663.69706704977,31417.289310164873,68246.4077568849
2016-07-19,99579.19628250468,31417.289310164873,68161.90697233981
2016-07-20,100136.2861747942,31417.289310164873,68718.99686462933
2016-07-21,100328.65452472292,31417.289310164873,68911.36521455804
2016-07-22,100805.07009528246,31417.289310164873,69387.78078511757
2016-07-25,100909.14878311899,31417.289310164873,69491.85947295411
2016-07-26,101062.5817137747,31417.289310164873,69645.29240360984
2016-07-27,101506.66753909094,31417.289310164873,70089.37822892607
2016-07-28,101365.33166772526,31417.289310164873,69948.04235756039
2016-07-29,102622.49654421565,31417.289310164873,71205.20723405077
2016-08-01,102613.46445917751,31417.289310164873,71196.17514901263
2016-08-02,102093.46164895562,31417.289310164873,70676.17233879076
2016-08-03,102492.00645533335,31417.289310164873,71074.71714516848
2016-08-04,102146.34909553829,31417.289310164873,70729.05978537342
2016-08-05,102286.46010400302,31417.289310164873,70869.17079383816
2016-08-08,102444.66733650482,14779.523065441463,87665.14427106336
2016-08-09,102396.59992983648,14779.523065441463,87617.07686439501
2016-08-10,101848.20672782845,14779.523065441463,87068.68366238699
2016-08-11,102290.7180173215,14779.523065441463,87511.19495188004
2016-08-12,102032.76391852109,14779.523065441463,87253.24085307962
2016-08-15,102494.44255768205,14779.523065441463,87714.91949224059
2016-08-16,101508.20969669135,14779.523065441463,86728.68663124989
2016-08-17,101253.2577930709,14779.523065441463,86473.73472762943
2016-08-18,101210.65651212522,14779.523065441463,86431.13344668376
2016-08-19,100518.72736740076,14779.523065441463,85739.2043019593
2016-08-22,101312.64112963011,14779.523065441463,86533.11806418865
2016-08-23,101619.80777256974,14779.523065441463,86840.28470712827
2016-08-24,100387.26942310724,14779.523065441463,85607.74635766578
2016-08-25,100454.49821111877,14779.523065441463,85674.97514567731
2016-08-26,100379.9244131333,14779.523065441463,85600.40134769183
2016-08-29,100947.40215102547,14779.523065441463,86167.879085584
2016-08-30,100996.19402526134,14779.523065441463,86216.67095981988
2016-08-31,100702.92147943973,14779.523065441463,85923.39841399826
2016-09-01,100579.96481458916,14779.523065441463,85800.44174914769
2016-09-02,100825.245335505,14779.523065441463,86045.72227006353
2016-09-06,101540.82309574743,14779.523065441463,86761.30003030597
2016-09-07,102080.4718653138,14726.98118593965,87353.49067937415
2016-09-08,102206.13040677269,14726.98118593965,87479.14922083305
2016-09-09,99607.66569493289,14726.98118593965,84880.68450899323
2016-09-12,101295.96058193297,14726.98118593965,86568.97939599332
2016-09-13,99982.57417047108,14726.98118593965,85255.59298453142
2016-09-14,99965.92917755852,14726.98118593965,85238.94799161886
2016-09-15,100567.78969629921,14726.98118593965,85840.80851035955
2016-09-16,100580.62546998003,14726.98118593965,85853.64428404038
2016-09-19,100758.49034064997,14726.98118593965,86031.50915471031
2016-09-20,100950.76261281932,14726.98118593965,86223.78142687966
2016-09-21,101779.26672549624,14726.98118593965,87052.28553955659
2016-09-22,102417.69108884977,14726.98118593965,87690.70990291012
2016-09-23,102484.26088555026,14726.98118593965,87757.27969961062
2016-09-26,101367.98769795132,14726.98118593965,86641.00651201168
2016-09-27,102714.0818326755,14726.98118593965,87987.10064673584
2016-09-28,103108.09578654327,14726.98118593965,88381.11460060363
2016-09-29,101716.70983518363,14726.98118593965,86989.72864924399
2016-09-30,102082.35202303392,14726.98118593965,87355.37083709426
2016-10-03,101649.1854924951,14726.98118593965,86922.20430655545
2016-10-04,101091.21635533767,14726.98118593965,86364.23516939802
2016-10-05,101225.62073071889,14726.98118593965,86498.63954477923
2016-10-06,100997.50245409171,14726.98118593965,86270.52126815205
2016-10-07,100943.97662585428,14563.0208935978,86380.95573225648
2016-10-10,101862.31517335729,14563.0208935978,87299.29427975949
2016-10-11,100929.980258142,14563.0208935978,86366.9593645442
2016-10-12,100530.69889993774,14563.0208935978,85967.67800633993
2016-10-13,101163.6856198631,14563.0208935978,86600.6647262653
2016-10-14,100691.74764892666,14563.0208935978,86128.72675532885
2016-10-17,100257.70380587225,14563.0208935978,85694.68291227445
2016-10-18,101112.20450957614,14563.0208935978,86549.18361597834
2016-10-19,100936.4430642581,14563.0208935978,86373.4221706603
2016-10-20,101002.30100355181,14563.0208935978,86439.28010995401
2016-10-21,100405.8999593691,14563.0208935978,85842.8790657713
2016-10-24,100367.23588073505,14563.0208935978,85804.21498713725
2016-10-25,100308.48301813976,14563.0208935978,85745.46212454195
2016-10-26,99146.98740930593,14563.0208935978,84583.96651570813
2016-10-27,98975.10904279002,14563.0208935978,84412.08814919222
2016-10-28,98197.75812716146,14563.0208935978,83634.73723356366
2016-10-31,97376.93416545512,14563.0208935978,82813.91327185732
2016-11-01,96404.74269830663,14563.0208935978,81841.72180470882
2016-11-02,95533.14470115722,14563.0208935978,80970.12380755942
2016-11-03,94609.54733069909,14563.0208935978,80046.52643710129
2016-11-04,95577.67417243212,14563.0208935978,81014.65327883432
2016-11-07,98513.2025274161,28272.49922552955,70240.70330188655
2016-11-08,98905.93687500677,28272.49922552955,70633.43764947722
2016-11-09,100528.71694662525,28272.49922552955,72256.2177210957
2016-11-10,101772.41716751325,28272.49922552955,73499.9179419837
2016-11-11,101053.22659020932,28272.49922552955,72780.72736467977
2016-11-14,102722.75992703241,28272.49922552955,74450.26070150286
2016-11-15,102452.80639539615,28272.49922552955,74180.3071698666
2016-11-16,101606.84909827924,28272.49922552955,73334.34987274969
2016-11-17,101398.42410561687,28272.49922552955,73125.92488008732
2016-11-18,100432.21043892429,28272.49922552955,72159.71121339474
2016-11-21,100839.86841615863,28272.49922552955,72567.36919062908
2016-11-22,100147.13653539862,28272.49922552955,71874.63730986907
2016-11-23,99051.3959902306,28272.49922552955,70778.89676470104
2016-11-25,99218.54976672426,28272.49922552955,70946.05054119471
2016-11-28,98147.52506387276,28272.49922552955,69875.02583834321
2016-11-29,98418.29848979207,28272.49922552955,70145.79926426252
2016-11-30,97958.05032676738,28272.49922552955,69685.55110123783
2016-12-01,97674.50541683864,55420.594673750034,42253.91074308861
2016-12-02,97536.51081408562,55420.594673750034,42115.91614033558
2016-12-05,98144.73328910604,55420.594673750034,42724.138615356
2016-12-06,98468.46343553456,55420.594673750034,43047.868761784535
2016-12-07,99197.25001252088,28468.815368916206,70728.43464360468
2016-12-08,100040.27648289053,28468.815368916206,71571.46111397434
2016-12-09,99853.28973127069,28468.815368916206,71384.47436235448
2016-12-12,99466.15121051818,28468.815368916206,70997.33584160198
2016-12-13,99686.31117800667,28468.815368916206,71217.49580909045
2016-12-14,98874.8792792146,28468.815368916206,70406.06391029838
2016-12-15,98563.72983354938,28468.815368916206,70094.91446463318
2016-12-16,98645.76327486159,28468.815368916206,70176.94790594539
2016-12-19,99177.7532444929,28468.815368916206,70708.93787557668
2016-12-20,99568.90242770329,28468.815368916206,71100.08705878709
2016-12-21,99525.21259567936,28468.815368916206,71056.39722676316
2016-12-22,98978.72883034524,28468.815368916206,70509.91346142902
2016-12-23,99394.54680839533,28468.815368916206,70925.73143947913
2016-12-27,99876.26282648995,28468.815368916206,71407.44745757375
2016-12-28,98643.50453425068,28468.815368916206,70174.68916533448
2016-12-29,98500.1902782906,28468.815368916206,70031.37490937438
2016-12-30,98800.46473805382,28468.815368916206,70331.64936913761
2017-01-03,99968.44554243388,28468.815368916206,71499.63017351768
2017-01-04,101576.31771336435,28468.815368916206,73107.50234444815
2017-01-05,101566.90727522655,28468.815368916206,73098.09190631034
2017-01-06,101553.45455590624,28468.815368916206,73084.63918699003
2017-01-09,100940.87039680008,14562.57276305918,86378.2976337409
2017-01-10,101235.44083994877,14562.57276305918,86672.8680768896
2017-01-11,101605.08709157608,14562.57276305918,87042.5143285169
2017-01-12,101136.19083188567,14562.57276305918,86573.6180688265
2017-01-13,100864.17704547007,14562.57276305918,86301.6042824109
2017-01-17,100705.92515179687,14562.57276305918,86143.3523887377
2017-01-18,101263.20330235737,14562.57276305918,86700.6305392982
2017-01-19,100491.15310937297,14562.57276305918,85928.5803463138
2017-01-20,100275.31649010614,14562.57276305918,85712.74372704697
2017-01-23,100356.2866014175,14562.57276305918,85793.71383835831
2017-01-24,101165.60449055699,14562.57276305918,86603.03172749782
2017-01-25,102257.38810283047,14562.57276305918,87694.81533977129
2017-01-26,101130.4874051786,14562.57276305918,86567.91464211943
2017-01-27,101445.69012760246,14562.57276305918,86883.11736454329
2017-01-30,100843.71016664215,14562.57276305918,86281.13740358298
2017-01-31,101257.48903619507,14562.57276305918,86694.91627313588
2017-02-01,101063.90742750675,14562.57276305918,86501.33466444757
2017-02-02,102936.36199103756,14562.57276305918,88373.78922797837
2017-02-03,104399.02966731234,14562.57276305918,89836.45690425315
2017-02-06,104054.63573744457,14562.57276305918,89492.0629743854
2017-02-07,104173.17082669292,15028.891410970034,89144.27941572288
2017-02-08,104424.21107446021,15028.891410970034,89395.31966349017
2017-02-09,104877.50240295773,15028.891410970034,89848.61099198769
2017-02-10,105099.27875313774,15028.891410970034,90070.38734216771
2017-02-13,105274.15296077792,15028.891410970034,90245.26154980788
2017-02-14,105391.93012749238,15028.891410970034,90363.03871652235
2017-02-15,107380.61279610998,15028.891410970034,92351.72138513996
2017-02-16,107517.96579915131,15028.891410970034,92489.07438818127
2017-02-17,108254.73845390446,15028.891410970034,93225.84704293442
2017-02-21,108716.48215288896,15028.891410970034,93687.59074191892
2017-02-22,109164.12472705333,15028.891410970034,94135.2333160833
2017-02-23,109633.68900757658,15028.891410970034,94604.79759660654
2017-02-24,109611.34363168365,15028.891410970034,94582.45222071362
2017-02-27,109854.13517903563,15028.891410970034,94825.24376806559
2017-02-28,110056.82884577973,15028.891410970034,95027.9374348097
2017-03-01,111190.14261211659,15028.891410970034,96161.25120114656
2017-03-02,110132.22678392442,15028.891410970034,95103.33537295437
2017-03-03,110933.8177687327,15028.891410970034,95904.92635776266
2017-03-06,110332.87143626256,15028.891410970034,95303.98002529252
2017-03-07,109444.66167163226,5373.365352078043,104071.29631955421
2017-03-08,109009.03335728624,5373.365352078043,103635.66800520821
2017-03-09,108705.31780728334,5373.365352078043,103331.95245520529
2017-03-10,109058.49777018712,5373.365352078043,103685.13241810909
2017-03-13,109568.37389276372,5373.365352078043,104195.00854068568
2017-03-14,109540.59847608345,5373.365352078043,104167.23312400542
2017-03-15,111056.90662822634,5373.365352078043,105683.54127614829
2017-03-16,110961.70198932322,5373.365352078043,105588.33663724517
2017-03-17,110939.26645904154,5373.365352078043,105565.90110696349
2017-03-20,110833.43874022661,5373.365352078043,105460.07338814856
2017-03-21,109854.36541406208,5373.365352078043,104481.00006198403
2017-03-22,110139.4015731581,5373.365352078043,104766.03622108007
2017-03-23,110331.47977037332,5373.365352078043,104958.11441829527
2017-03-24,110059.62685502891,5373.365352078043,104686.26150295087
2017-03-27,109810.92029088209,5373.365352078043,104437.55493880404
2017-03-28,110273.16570392228,5373.365352078043,104899.80035184423
2017-03-29,109924.67062637149,5373.365352078043,104551.30527429345
2017-03-30,110111.61007483987,5373.365352078043,104738.24472276182
2017-03-31,110106.57009427581,5373.365352078043,104733.20474219776
2017-04-03,109882.16215343555,5373.365352078043,104508.7968013575
2017-04-04,109603.82449384898,5373.365352078043,104230.45914177093
2017-04-05,109045.90761604742,5373.365352078043,103672.54226396937
2017-04-06,109181.5603038918,5373.365352078043,103808.19495181376
2017-04-07,108901.03890742504,5346.67529994416,103554.36360748089
2017-04-10,108555.2242801218,5346.67529994416,103208.54898017764
2017-04-11,108304.11576186214,5346.67529994416,102957.44046191798
2017-04-12,107731.26429495489,5346.67529994416,102384.58899501074
2017-04-13,107454.2993411932,5346.67529994416,102107.62404124903
2017-04-17,108645.82751741211,5346.67529994416,103299.15221746796
2017-04-18,108370.4674529735,5346.67529994416,103023.79215302935
2017-04-19,108847.44972519326,5346.67529994416,103500.77442524911
2017-04-20,109831.46250720162,5346.67529994416,104484.78720725747
2017-04-21,109581.03689948595,5346.67529994416,104234.3615995418
2017-04-24,110925.22758859835,5346.67529994416,105578.5522886542
2017-04-25,111550.75179025967,5346.67529994416,106204.07649031552
2017-04-26,111293.50249897735,5346.67529994416,105946.8271990332
2017-04-27,111948.033924766,5346.67529994416,106601.35862482185
2017-04-28,113896.74357867715,5346.67529994416,108550.068278733
2017-05-01,113755.68025458863,5346.67529994416,108409.00495464446
2017-05-02,114084.36225866567,5346.67529994416,108737.68695872152
2017-05-03,113676.8784148444,5346.67529994416,108330.20311490023
2017-05-04,116712.34317049518,5346.67529994416,111365.66787055103
2017-05-05,116808.8991146445,5346.67529994416,111462.22381470034
2017-05-08,116204.59012964611,5705.255138240478,110499.33499140563
2017-05-09,115924.11785769051,5705.255138240478,110218.86271945003
2017-05-10,116456.40807952892,5705.255138240478,110751.15294128844
2017-05-11,116520.21386502293,5705.255138240478,110814.95872678245
2017-05-12,116187.47047759271,5705.255138240478,110482.21533935223
2017-05-15,116899.30309734099,5705.255138240478,111194.04795910051
2017-05-16,117445.17131363484,5705.255138240478,111739.91617539436
2017-05-17,116505.04876679428,5705.255138240478,110799.7936285538
2017-05-18,116315.2610417992,5705.255138240478,110610.00590355872
2017-05-19,116865.32362083181,5705.255138240478,111160.06848259133
2017-05-22,119242.78028481053,5705.255138240478,113537.52514657006
2017-05-23,121589.3096760722,5705.255138240478,115884.05453783172
2017-05-24,122532.1887648361,5705.255138240478,116826.93362659562
2017-05-25,122368.87164477161,5705.255138240478,116663.61650653114
2017-05-26,122129.90978092105,5705.255138240478,116424.65464268057
2017-05-30,121680.00557796663,5705.255138240478,115974.75043972615
2017-05-31,121815.04799028729,5705.255138240478,116109.79285204681
2017-06-01,122911.12628583949,5705.255138240478,117205.87114759901
2017-06-02,123248.74215232437,5705.255138240478,117543.48701408389
2017-06-05,122786.6233492573,5705.255138240478,117081.36821101682
2017-06-06,122105.26839517715,5705.255138240478,116400.01325693667
2017-06-07,122028.55885537609,5991.192444678636,116037.36641069746
2017-06-08,121446.65596865606,5991.192444678636,115455.46352397744
2017-06-09,120353.01495067432,5991.192444678636,114361.82250599567
2017-06-12,119348.96195138426,5991.192444678636,113357.76950670563
2017-06-13,120322.86080392601,5991.192444678636,114331.66835924739
2017-06-14,120305.36479698907,5991.192444678636,114314.17235231043
2017-06-15,120192.71210546131,5991.192444678636,114201.51966078268
2017-06-16,120035.35642153467,5991.192444678636,114044.16397685603
2017-06-19,121412.01880685345,5991.192444678636,115420.82636217482
2017-06-20,120753.09060282214,5991.192444678636,114761.89815814351
2017-06-21,119992.68021799994,5991.192444678636,114001.4877733213
2017-06-22,119387.3691923501,5991.192444678636,113396.17674767147
2017-06-23,119815.58433520471,5991.192444678636,113824.39189052608
2017-06-26,119571.9068777868,5991.192444678636,113580.71443310817
2017-06-27,118918.6413706542,5991.192444678636,112927.44892597556
2017-06-28,120151.8357201459,5991.192444678636,114160.64327546727
2017-06-29,118917.70871446343,5991.192444678636,112926.51626978478
2017-06-30,119187.54094691921,5991.192444678636,113196.34850224058
2017-07-03,119501.85108377904,5991.192444678636,113510.65863910041
2017-07-05,119987.31741014862,5991.192444678636,113996.12496547
2017-07-06,118913.87312369069,5991.192444678636,112922.68067901206
2017-07-07,119769.42684487341,5880.276649558138,113889.15019531528
2017-07-10,119169.69165814307,5880.276649558138,113289.41500858494
2017-07-11,118727.84874939386,5880.276649558138,112847.57209983573
2017-07-12,119501.03143043217,5880.276649558138,113620.75478087402
2017-07-13,120061.66611704801,5880.276649558138,114181.38946748988
2017-07-14,120451.35110678611,5880.276649558138,114571.07445722798
2017-07-17,120422.1258344187,5880.276649558138,114541.84918486055
2017-07-18,120018.80681735306,5880.276649558138,114138.53016779492
2017-07-19,121030.42907271968,5880.276649558138,115150.15242316155
2017-07-20,121296.1225514317,5880.276649558138,115415.84590187357
2017-07-21,121237.42021810671,5880.276649558138,115357.14356854858
2017-07-24,121360.10475892562,5880.276649558138,115479.82810936747
2017-07-25,121420.50365254394,5880.276649558138,115540.2270029858
2017-07-26,121270.73252964116,5880.276649558138,115390.45588008301
2017-07-27,121574.77431306438,5880.276649558138,115694.49766350623
2017-07-28,122401.63522270077,5880.276649558138,116521.35857314264
2017-07-31,121117.6030385785,5880.276649558138,115237.32638902037
2017-08-01,120752.0145261815,5880.276649558138,114871.73787662337
2017-08-02,120540.25606192547,5880.276649558138,114659.97941236732
2017-08-03,120215.93962553135,5880.276649558138,114335.6629759732
2017-08-04,120667.67871782975,5880.276649558138,114787.40206827161
2017-08-07,120381.05997357305,5910.305782196832,114470.75419137621
2017-08-08,120072.09622854664,5910.305782196832,114161.7904463498
2017-08-09,119426.82876869876,5910.305782196832,113516.52298650194
2017-08-10,119685.49429368076,5910.305782196832,113775.18851148394
2017-08-11,120039.56666804431,5910.305782196832,114129.26088584749
2017-08-14,122384.15236352108,5910.305782196832,116473.84658132425
2017-08-15,122408.6681151186,5910.305782196832,116498.36233292178
2017-08-16,123313.97734177031,5910.305782196832,117403.67155957347
2017-08-17,122889.11746320446,5910.305782196832,116978.81168100762
2017-08-18,122438.75326389639,5910.305782196832,116528.44748169955
2017-08-21,122197.05396750936,5910.305782196832,116286.74818531252
2017-08-22,122023.69250954041,5910.305782196832,116113.38672734358
2017-08-23,121792.36147469291,5910.305782196832,115882.05569249607
2017-08-24,120676.65944275874,5910.305782196832,114766.3536605619
2017-08-25,121387.086340826,5910.305782196832,115476.78055862917
2017-08-28,120590.96836962717,5910.305782196832,114680.66258743033
2017-08-29,120720.3418591008,5910.305782196832,114810.03607690395
2017-08-30,122478.11327768586,5910.305782196832,116567.80749548902
2017-08-31,122812.1766234932,5910.305782196832,116901.87084129636
2017-09-01,123312.89442533642,5910.305782196832,117402.58864313958
2017-09-05,122294.72281939082,5910.305782196832,116384.41703719398
2017-09-06,122310.79797695109,5910.305782196832,116400.49219475425
2017-09-07,121670.0814226103,5973.592406565287,115696.489016045
2017-09-08,122265.75187832967,5973.592406565287,116292.15947176437
2017-09-11,123831.22230184256,5973.592406565287,117857.62989527726
2017-09-12,123074.0093805024,5973.592406565287,117100.41697393711
2017-09-13,122253.17317354603,5973.592406565287,116279.58076698074
2017-09-14,122618.86304727153,5973.592406565287,116645.27064070624
2017-09-15,122971.64516938629,5973.592406565287,116998.05276282101
2017-09-18,123468.40888397544,5973.592406565287,117494.81647741016
2017-09-19,123570.102510347,5973.592406565287,117596.51010378171
2017-09-20,123688.99916975092,5973.592406565287,117715.40676318565
2017-09-21,123708.16520998735,5973.592406565287,117734.57280342205
2017-09-22,123312.84939817415,5973.592406565287,117339.25699160885
2017-09-25,123881.22115057797,5973.592406565287,117907.62874401268
2017-09-26,124099.64411835294,5973.592406565287,118126.05171178764
2017-09-27,124002.79619768422,5973.592406565287,118029.20379111894
2017-09-28,124574.4562990703,5973.592406565287,118600.86389250502
2017-09-29,124846.74886625106,5973.592406565287,118873.15645968576
2017-10-02,124854.03261659582,5973.592406565287,118880.44021003055
2017-10-03,124728.82293652944,5973.592406565287,118755.23052996414
2017-10-04,125493.31674102033,5973.592406565287,119519.72433445505
2017-10-05,125893.97969493017,5973.592406565287,119920.38728836489
2017-10-06,125921.05092725859,5973.592406565287,119947.45852069331
2017-10-09,125814.46884112581,6177.067911172831,119637.40092995297
2017-10-10,126772.51359751029,6177.067911172831,120595.44568633745
2017-10-11,126964.63482385132,6177.067911172831,120787.56691267848
2017-10-12,126794.3024549924,6177.067911172831,120617.23454381956
2017-10-13,127013.91270404484,6177.067911172831,120836.844792872
2017-10-16,127064.17055430202,6177.067911172831,120887.1026431292
2017-10-17,127065.40118354591,6177.067911172831,120888.33327237309
2017-10-18,126776.4456728189,6177.067911172831,120599.37776164606
2017-10-19,126452.68943825635,6177.067911172831,120275.62152708351
2017-10-20,126867.5264749563,6177.067911172831,120690.45856378347
2017-10-23,126089.64684058612,6177.067911172831,119912.57892941328
2017-10-24,125996.73719300801,6177.067911172831,119819.66928183517
2017-10-25,125754.35099923666,6177.067911172831,119577.28308806384
2017-10-26,126415.12102061749,6177.067911172831,120238.05310944465
2017-10-27,126300.05902683758,6177.067911172831,120122.99111566474
2017-10-30,125967.15682484515,6177.067911172831,119790.08891367231
2017-10-31,126401.85918084008,6177.067911172831,120224.79126966724
2017-11-01,125892.54741286134,6177.067911172831,119715.4795016885
2017-11-02,126547.34056296485,6177.067911172831,120370.27265179201
2017-11-03,125644.32069300395,6177.067911172831,119467.25278183112
2017-11-06,126087.70208180387,6177.067911172831,119910.63417063103
2017-11-07,126014.2870455239,6186.878313981251,119827.40873154264
2017-11-08,126147.04766599333,6186.878313981251,119960.16935201209
2017-11-09,126446.47868795288,6186.878313981251,120259.60037397163
2017-11-10,126997.50761687709,6186.878313981251,120810.62930289583
2017-11-13,127500.90477578595,6186.878313981251,121314.02646180471
2017-11-14,127653.52404572611,6186.878313981251,121466.64573174487
2017-11-15,126172.31009145538,6186.878313981251,119985.43177747412
2017-11-16,127297.9019229569,6186.878313981251,121111.02360897564
2017-11-17,126715.70773473644,6186.878313981251,120528.82942075518
2017-11-20,126488.28528642777,6186.878313981251,120301.40697244651
2017-11-21,127208.80835700862,6186.878313981251,121021.93004302737
2017-11-22,127037.56697405849,6186.878313981251,120850.68866007724
2017-11-24,127491.37892437959,6186.878313981251,121304.50061039835
2017-11-27,127611.61768049025,6186.878313981251,121424.739366509
2017-11-28,127321.24903266126,6186.878313981251,121134.37071868002
2017-11-29,128118.59240045302,6186.878313981251,121931.71408647178
2017-11-30,128703.28391357284,6186.878313981251,122516.40559959158
2017-12-01,129283.03791744896,6186.878313981251,123096.1596034677
2017-12-04,130103.13087667522,6186.878313981251,123916.25256269398
2017-12-05,128474.78792964111,6186.878313981251,122287.90961565987
2017-12-06,130349.10366753297,6186.878313981251,124162.22535355171
2017-12-07,130116.81472272129,6388.298645863084,123728.51607685821
2017-12-08,130310.79344210608,6388.298645863084,123922.494796243
2017-12-11,130320.52269728991,6388.298645863084,123932.22405142683
2017-12-12,130218.23372786603,6388.298645863084,123829.93508200295
2017-12-13,129867.7686359885,6388.298645863084,123479.46999012542
2017-12-14,129821.07533489491,6388.298645863084,123432.77668903182
2017-12-15,131931.49173096486,6388.298645863084,125543.19308510177
2017-12-18,131930.80232551857,6388.298645863084,125542.50367965549
2017-12-19,131516.10590655057,6388.298645863084,125127.80726068748
2017-12-20,130572.30292249692,6388.298645863084,124184.00427663383
2017-12-21,130000.30753841912,6388.298645863084,123612.00889255604
2017-12-22,130147.40943913668,6388.298645863084,123759.1107932736
2017-12-26,130683.0347059858,6388.298645863084,124294.73606012273
2017-12-27,130977.40015982898,6388.298645863084,124589.1015139659
2017-12-28,131723.73757713698,6388.298645863084,125335.43893127391
2017-12-29,131720.67925498125,6388.298645863084,125332.38060911818
2018-01-02,131137.9563638286,6388.298645863084,124749.65771796551
2018-01-03,131065.54939117687,6388.298645863084,124677.25074531378
2018-01-04,130149.5512795106,6388.298645863084,123761.25263364753
2018-01-05,130497.59832711416,6388.298645863084,124109.29968125108
2018-01-08,130209.09976349614,6392.829531454387,123816.27023204174
2018-01-09,130262.82865568923,6392.829531454387,123869.99912423483
2018-01-10,129818.93736958283,6392.829531454387,123426.10783812845
2018-01-11,130318.60729749253,6392.829531454387,123925.77776603814
2018-01-12,130344.24556890753,6392.829531454387,123951.41603745313
2018-01-16,130340.58633419883,6392.829531454387,123947.75680274444
2018-01-17,130916.05917913895,6392.829531454387,124523.22964768455
2018-01-18,130307.28691598453,6392.829531454387,123914.45738453015
2018-01-19,133669.55610299803,6392.829531454387,127276.72657154364
2018-01-22,136004.30328870082,6392.829531454387,129611.47375724644
2018-01-23,136076.16517528813,6392.829531454387,129683.33564383374
2018-01-24,135729.17742979006,6392.829531454387,129336.34789833568
2018-01-25,136669.9118263466,6392.829531454387,130277.0822948922
2018-01-26,135614.90004808194,6392.829531454387,129222.07051662756
2018-01-29,135701.507482438,6392.829531454387,129308.67795098362
2018-01-30,134673.73381716642,6392.829531454387,128280.90428571202
2018-01-31,133786.78082092793,6392.829531454387,127393.95128947355
2018-02-01,131557.21583458496,6392.829531454387,125164.38630313058
2018-02-02,129980.9717509076,6392.829531454387,123588.1422194532
2018-02-05,127089.48751405305,28461.1898687091,98628.29764534395
2018-02-06,128323.95078648155,28461.1898687091,99862.76091777245
2018-02-07,128106.22181005059,35803.28399158486,92302.93781846573
2018-02-08,125291.54876391598,35803.28399158486,89488.26477233112
2018-02-09,127332.22421412438,35803.28399158486,91528.94022253952
2018-02-12,127881.69900299412,35803.28399158486,92078.41501140926
2018-02-13,127132.71246120315,35803.28399158486,91329.42846961829
2018-02-14,128840.27797743065,35803.28399158486,93036.9939858458
2018-02-15,129147.87592393701,35803.28399158486,93344.59193235215
2018-02-16,129285.84297615696,35803.28399158486,93482.5589845721
2018-02-20,127980.1208798263,35803.28399158486,92176.83688824144
2018-02-21,127521.76902119619,35803.28399158486,91718.48502961133
2018-02-22,127073.57588104725,35803.28399158486,91270.29188946239
2018-02-23,128234.44618315257,35803.28399158486,92431.16219156771
2018-02-26,128691.2035682901,35803.28399158486,92887.91957670524
2018-02-27,128541.53843005975,35803.28399158486,92738.25443847489
2018-02-28,127160.2106387337,35803.28399158486,91356.92664714884
2018-03-01,126336.21784690423,35803.28399158486,90532.93385531937
2018-03-02,127697.63740305474,35803.28399158486,91894.35341146989
2018-03-05,128649.23347662772,35803.28399158486,92845.94948504286
2018-03-06,128638.08781498928,35803.28399158486,92834.80382340442
2018-03-07,128667.84982264307,35960.24847737147,92707.6013452716
2018-03-08,129676.63658449054,35960.24847737147,93716.38810711907
2018-03-09,130684.45219448119,35960.24847737147,94724.20371710972
2018-03-12,130796.85391379707,35960.24847737147,94836.6054364256
2018-03-13,128878.97676952413,35960.24847737147,92918.72829215266
2018-03-14,128559.92971837516,35960.24847737147,92599.6812410037
2018-03-15,128451.6582857401,35960.24847737147,92491.40980836863
2018-03-16,128962.61240243145,35960.24847737147,93002.36392505998
2018-03-19,127949.59965133232,35960.24847737147,91989.35117396085
2018-03-20,126123.52831380167,35960.24847737147,90163.2798364302
2018-03-21,126630.7013938778,35960.24847737147,90670.45291650633
2018-03-22,124673.08939340788,35960.24847737147,88712.84091603641
2018-03-23,123148.89807444894,35960.24847737147,87188.64959707747
2018-03-26,123799.13954126087,35960.24847737147,87838.8910638894
2018-03-27,124118.23101069938,35960.24847737147,88157.98253332792
2018-03-28,125378.73485246608,35960.24847737147,89418.48637509461
2018-03-29,125492.51971545906,35960.24847737147,89532.27123808759
2018-04-02,123007.80513550884,35960.24847737147,87047.55665813737
2018-04-03,124016.18671877195,35960.24847737147,88055.93824140048
2018-04-04,124534.10865485578,35960.24847737147,88573.86017748431
2018-04-05,124630.9990472341,35960.24847737147,88670.75056986263
2018-04-06,122572.52814077519,35960.24847737147,86612.27966340372
2018-04-09,122273.56099212916,48865.37948794916,73408.18150418
2018-04-10,122911.57804898481,48865.37948794916,74046.19856103565
2018-04-11,122599.07058182459,48865.37948794916,73733.69109387543
2018-04-12,123068.9243228146,48865.37948794916,74203.54483486543
2018-04-13,122937.08643969442,48865.37948794916,74071.70695174526
2018-04-16,123321.5660275881,48865.37948794916,74456.18653963893
2018-04-17,123424.94681484916,48865.37948794916,74559.5673269
2018-04-18,123518.9225328093,48865.37948794916,74653.54304486014
2018-04-19,123227.58590379325,48865.37948794916,74362.20641584409
2018-04-20,122877.014866211,48865.37948794916,74011.63537826184
2018-04-23,122948.8182998408,48865.37948794916,74083.43881189164
2018-04-24,122626.43727560157,48865.37948794916,73761.0577876524
2018-04-25,123324.10691032422,48865.37948794916,74458.72742237506
2018-04-26,123525.94804226539,48865.37948794916,74660.56855431623
2018-04-27,123326.78151603832,48865.37948794916,74461.40202808916
2018-04-30,122119.89163669763,48865.37948794916,73254.51214874847
2018-05-01,121865.90723193302,48865.37948794916,73000.52774398385
2018-05-02,121572.08124493311,48865.37948794916,72706.70175698395
2018-05-03,120763.44305839064,48865.37948794916,71898.06357044147
2018-05-04,121920.34412961655,48865.37948794916,73054.9646416674
2018-05-07,121747.7289481264,48655.236083531796,73092.4928645946
2018-05-08,121421.43840457693,48655.236083531796,72766.20232104513
2018-05-09,122342.78294104998,48655.236083531796,73687.54685751819
2018-05-10,123345.9085881433,48655.236083531796,74690.6725046115
2018-05-11,124561.54642260274,48655.236083531796,75906.31033907094
2018-05-14,125053.4644918423,48655.236083531796,76398.2284083105
2018-05-15,124256.58577225126,48655.236083531796,75601.34968871946
2018-05-16,125039.57481217838,48655.236083531796,76384.33872864659
2018-05-17,125565.12975757329,48655.236083531796,76909.8936740415
2018-05-18,125345.07887144665,48655.236083531796,76689.84278791485
2018-05-21,125447.44974107385,48655.236083531796,76792.21365754206
2018-05-22,125386.9637608528,48655.236083531796,76731.727677321
2018-05-23,124501.76335478974,48655.236083531796,75846.52727125795
2018-05-24,124824.33908500562,48655.236083531796,76169.10300147382
2018-05-25,124791.85235213641,48655.236083531796,76136.61626860462
2018-05-29,124154.9777673474,48655.236083531796,75499.7416838156
2018-05-30,125165.48059284207,48655.236083531796,76510.24450931027
2018-05-31,124715.56782788615,48655.236083531796,76060.33174435435
2018-06-01,125265.78729018231,48655.236083531796,76610.55120665052
2018-06-04,125124.36184377826,48655.236083531796,76469.12576024646
2018-06-05,125256.18074056915,48655.236083531796,76600.94465703735
2018-06-06,125814.0719003013,48655.236083531796,77158.8358167695
2018-06-07,125671.69277006797,18130.447687113963,107541.245082954
2018-06-08,126585.28954994513,18130.447687113963,108454.84186283116
2018-06-11,127421.59278719172,18130.447687113963,109291.14510007776
2018-06-12,127024.58243345779,18130.447687113963,108894.13474634383
2018-06-13,126479.49752940446,18130.447687113963,108349.0498422905
2018-06-14,126851.15649262995,18130.447687113963,108720.70880551598
2018-06-15,127324.37254206488,18130.447687113963,109193.92485495092
2018-06-18,126707.69698888388,18130.447687113963,108577.24930176992
2018-06-19,127223.92755440895,18130.447687113963,109093.47986729498
2018-06-20,127964.39712643751,18130.447687113963,109833.94943932355
2018-06-21,127017.23638403381,18130.447687113963,108886.78869691984
2018-06-22,127427.17985701688,18130.447687113963,109296.73216990291
2018-06-25,126071.86424722572,18130.447687113963,107941.41656011176
2018-06-26,127549.80570427574,18130.447687113963,109419.35801716178
2018-06-27,127978.67451168102,18130.447687113963,109848.22682456706
2018-06-28,127918.36435418735,18130.447687113963,109787.91666707338
2018-06-29,127433.58377929169,18130.447687113963,109303.13609217772
2018-07-02,127752.49474733575,18130.447687113963,109622.04706022178
2018-07-03,128146.93806320723,18130.447687113963,110016.49037609326
2018-07-05,128698.77409431458,18130.447687113963,110568.32640720061
2018-07-06,130817.0256041514,18130.447687113963,112686.57791703743
2018-07-09,131322.02790506967,13025.73612790752,118296.29177716214
2018-07-10,131319.02662312434,13025.73612790752,118293.29049521682
2018-07-11,130881.64244354816,13025.73612790752,117855.90631564063
2018-07-12,131693.55017790807,13025.73612790752,118667.81405000054
2018-07-13,132072.48579236472,13025.73612790752,119046.7496644572
2018-07-16,131866.56118197832,13025.73612790752,118840.82505407081
2018-07-17,133352.35996543028,13025.73612790752,120326.62383752275
2018-07-18,132303.69118619873,13025.73612790752,119277.9550582912
2018-07-19,132962.7116522274,13025.73612790752,119936.97552431987
2018-07-20,132474.13682445968,13025.73612790752,119448.40069655217
2018-07-23,133035.14626511768,13025.73612790752,120009.41013721016
2018-07-24,133426.75918868458,13025.73612790752,120401.02306077705
2018-07-25,136437.36702084448,13025.73612790752,123411.63089293696
2018-07-26,137870.1035073918,13025.73612790752,124844.36737948426
2018-07-27,137252.46858847208,13025.73612790752,124226.73246056456
2018-07-30,136986.49542427948,13025.73612790752,123960.75929637197
2018-07-31,137437.96552817107,13025.73612790752,124412.22940026355
2018-08-01,137828.49533172217,13025.73612790752,124802.75920381465
2018-08-02,141767.9449999555,13025.73612790752,128742.20887204798
2018-08-03,143829.70900740408,13025.73612790752,130803.97287949656
2018-08-06,142529.87241183873,13025.73612790752,129504.1362839312
2018-08-07,142746.4028985881,14158.911547642972,128587.49135094511
2018-08-08,143061.2166877211,14158.911547642972,128902.30514007814
2018-08-09,142782.32440434798,14158.911547642972,128623.412856705
2018-08-10,140044.2805543587,14158.911547642972,125885.36900671573
2018-08-13,139662.16739588662,14158.911547642972,125503.25584824363
2018-08-14,140061.65828550956,14158.911547642972,125902.74673786658
2018-08-15,139556.85620482086,14158.911547642972,125397.94465717787
2018-08-16,140157.0852293694,14158.911547642972,125998.17368172645
2018-08-17,141311.14406969748,14158.911547642972,127152.23252205449
2018-08-20,141764.89817297217,14158.911547642972,127605.9866253292
2018-08-21,142309.95851683035,14158.911547642972,128151.04696918737
2018-08-22,141580.08926291,14158.911547642972,127421.17771526705
2018-08-23,140253.4997256031,14158.911547642972,126094.58817796012
2018-08-24,141229.70649090863,14158.911547642972,127070.79494326568
2018-08-27,142040.92590058397,14158.911547642972,127882.014352941
2018-08-28,141994.67685247282,14158.911547642972,127835.76530482987
2018-08-29,142476.15889857174,14158.911547642972,128317.24735092878
2018-08-30,141451.03265059792,14158.911547642972,127292.12110295494
2018-08-31,141891.74569663324,14158.911547642972,127732.83414899028
2018-09-04,141076.59186370764,14158.911547642972,126917.68031606465
2018-09-05,142637.9652291802,14158.911547642972,128479.05368153723
2018-09-06,143462.6167172551,14158.911547642972,129303.70516961212
2018-09-07,143780.5753293932,7059.143406142601,136721.4319232506
2018-09-10,142429.4819693618,7059.143406142601,135370.3385632192
2018-09-11,141851.02229999137,7059.143406142601,134791.87889384877
2018-09-12,142065.27526522818,7059.143406142601,135006.13185908558
2018-09-13,144882.79213802883,7059.143406142601,137823.64873188623
2018-09-14,144247.97551756844,7059.143406142601,137188.83211142584
2018-09-17,143097.58981882423,7059.143406142601,136038.44641268163
2018-09-18,143860.04695095262,7059.143406142601,136800.90354481002
2018-09-19,142372.05983831553,7059.143406142601,135312.91643217293
2018-09-20,143431.87045847293,7059.143406142601,136372.72705233033
2018-09-21,144193.5332940171,7059.143406142601,137134.3898878745
2018-09-24,144323.66151375597,7059.143406142601,137264.51810761337
2018-09-25,144141.85062169883,7059.143406142601,137082.70721555623
2018-09-26,144970.5470725191,7059.143406142601,137911.40366637651
2018-09-27,146771.60531691334,7059.143406142601,139712.46191077074
2018-09-28,146790.17763116505,7059.143406142601,139731.03422502245
2018-10-01,147542.93384470383,7059.143406142601,140483.79043856123
2018-10-02,147294.47939001047,7059.143406142601,140235.33598386787
2018-10-03,147630.49853108227,7059.143406142601,140571.35512493967
2018-10-04,147268.28918540763,7059.143406142601,140209.14577926503
2018-10-05,146896.73035292246,7059.143406142601,139837.58694677986
2018-10-08,147706.65259088913,7251.900615167557,140454.7519757216
2018-10-09,148184.00313812197,7251.900615167557,140932.1025229544
2018-10-10,143049.03340462607,7251.900615167557,135797.13278945853
2018-10-11,139625.78062862082,7251.900615167557,132373.88001345328
2018-10-12,141198.3083234738,7251.900615167557,133946.40770830621
2018-10-15,141346.8357192921,7251.900615167557,134094.93510412457
2018-10-16,145241.5630949082,7251.900615167557,137989.66247974063
2018-10-17,144545.90324483113,7251.900615167557,137294.00262966356
2018-10-18,144240.89732253272,7251.900615167557,136988.99670736518
2018-10-19,143001.3948821677,7251.900615167557,135749.49426700012
2018-10-22,141608.67448451713,7251.900615167557,134356.77386934956
2018-10-23,140740.31322229642,7251.900615167557,133488.41260712885
2018-10-24,135453.83405809943,7251.900615167557,128201.93344293186
2018-10-25,134725.11517986032,31265.512289121132,103459.6028907392
2018-10-26,134688.531087294,31265.512289121132,103423.01879817285
2018-10-29,135359.8849240938,31265.512289121132,104094.37263497268
2018-10-30,137725.78195436377,31265.512289121132,106460.26966524265
2018-10-31,137403.5554235156,31265.512289121132,106138.04313439447
2018-11-01,140463.0530387617,31265.512289121132,109197.54074964057
2018-11-02,139775.69744614785,31265.512289121132,108510.18515702672
2018-11-05,140690.9872318745,31265.512289121132,109425.47494275335
2018-11-06,141651.84076214966,31265.512289121132,110386.32847302854
2018-11-07,146426.58894581927,29191.529741800638,117235.05920401863
2018-11-08,146376.4580893881,29191.529741800638,117184.92834758745
2018-11-09,145698.82483487594,29191.529741800638,116507.2950930753
2018-11-12,145003.77738552587,29191.529741800638,115812.24764372523
2018-11-13,145313.1485871398,29191.529741800638,116121.61884533915
2018-11-14,144382.3294586631,29191.529741800638,115190.79971686246
2018-11-15,146211.40994386686,29191.529741800638,117019.88020206623
2018-11-16,146611.06200414425,29191.529741800638,117419.53226234362
2018-11-19,144786.14249269973,29191.529741800638,115594.61275089908
2018-11-20,142915.27618879278,29191.529741800638,113723.74644699215
2018-11-21,143393.8116639818,29191.529741800638,114202.28192218115
2018-11-23,143072.70929851098,29191.529741800638,113881.17955671034
2018-11-26,143744.12851338473,29191.529741800638,114552.5987715841
2018-11-27,144214.6317864934,29191.529741800638,115023.10204469279
2018-11-28,146492.94645237626,29191.529741800638,117301.41671057564
2018-11-29,145716.82322750567,29191.529741800638,116525.29348570504
2018-11-30,145339.57670799008,29191.529741800638,116148.04696618946
2018-12-03,145550.00101719575,29191.529741800638,116358.4712753951
2018-12-04,141446.99915271474,29191.529741800638,112255.46941091408
2018-12-06,140882.15229026636,29191.529741800638,111690.6225484657
2018-12-07,139729.74424294793,48846.33626984925,90883.40797309869
2018-12-10,139340.52579754553,48846.33626984925,90494.18952769628
2018-12-11,138416.27823218968,48846.33626984925,89569.94196234042
2018-12-12,139134.64219341936,48846.33626984925,90288.30592357012
2018-12-13,139685.47137052787,48846.33626984925,90839.13510067863
2018-12-14,139066.10625571848,48846.33626984925,90219.76998586924
2018-12-17,136971.33248580064,48846.33626984925,88124.99621595138
2018-12-18,136078.27975670685,48846.33626984925,87231.9434868576
2018-12-19,134302.73214827027,48846.33626984925,85456.39587842101
2018-12-20,132446.31035871286,48846.33626984925,83599.97408886362
2018-12-21,131010.54062067418,79628.76434467128,51381.7762760029
2018-12-24,130249.41215166512,79628.76434467128,50620.647806993846
2018-12-26,132106.40338253122,79628.76434467128,52477.63903785995
2018-12-27,132813.2005339157,79628.76434467128,53184.43618924442
2018-12-28,132902.19365165447,79628.76434467128,53273.429306983206
2018-12-31,133939.19210016995,79628.76434467128,54310.42775549867
2019-01-02,132797.86216482535,79628.76434467128,53169.097820154064
2019-01-03,132341.36293136317,79628.76434467128,52712.59858669189
2019-01-04,134759.42722800534,79628.76434467128,55130.662883334066
2019-01-07,134890.0191025798,74162.18298016382,60727.83612241598
2019-01-08,135478.75264101368,74162.18298016382,61316.569660849855
2019-01-09,135623.90386357237,74162.18298016382,61461.72088340855
2019-01-10,136366.99468448173,74162.18298016382,62204.811704317915
2019-01-11,136663.5179715703,74162.18298016382,62501.33499140649
2019-01-14,136236.8547054482,74162.18298016382,62074.671725284374
2019-01-15,136840.86860779935,74162.18298016382,62678.68562763551
2019-01-16,136807.16008285343,74162.18298016382,62644.977102689605
2019-01-17,137675.28710153484,74162.18298016382,63513.10412137101
2019-01-18,138288.1798305835,74162.18298016382,64125.99685041968
2019-01-22,138122.70811723813,74162.18298016382,63960.52513707429
2019-01-23,138394.1992604499,74162.18298016382,64232.0162802861
2019-01-24,138266.78088176873,74162.18298016382,64104.59790160491
2019-01-25,139026.64285387605,74162.18298016382,64864.459873712214
2019-01-28,139083.6371776907,74162.18298016382,64921.45419752687
2019-01-29,139513.80159995845,74162.18298016382,65351.61861979464
2019-01-30,140299.7230114562,74162.18298016382,66137.54003129239
2019-01-31,141111.05334683065,74162.18298016382,66948.87036666682
2019-02-01,141107.04272246576,74162.18298016382,66944.85974230194
2019-02-04,141467.98202290386,74162.18298016382,67305.79904274002
2019-02-05,142076.64234565245,74162.18298016382,67914.45936548863
2019-02-06,141682.35880261773,74162.18298016382,67520.17582245391
2019-02-07,142005.13182538963,49641.75994716553,92363.3718782241
2019-02-08,142254.46409642108,49641.75994716553,92612.70414925554
2019-02-11,142619.51519025525,49641.75994716553,92977.75524308972
2019-02-12,143190.60530166965,49641.75994716553,93548.84535450413
2019-02-13,143583.1225560494,49641.75994716553,93941.36260888388
2019-02-14,142900.51973360972,49641.75994716553,93258.75978644419
2019-02-15,143818.65293441637,49641.75994716553,94176.89298725083
2019-02-19,143953.26545136486,49641.75994716553,94311.50550419935
2019-02-20,143574.2056327985,49641.75994716553,93932.44568563296
2019-02-21,143663.14694290445,49641.75994716553,94021.38699573891
2019-02-22,144136.72158216513,49641.75994716553,94494.9616349996
2019-02-25,143828.8537289641,49641.75994716553,94187.0937817986
2019-02-26,143873.00242475793,49641.75994716553,94231.2424775924
2019-02-27,143933.7973588601,49641.75994716553,94292.03741169456
2019-02-28,143943.74477908056,49641.75994716553,94301.98483191502
2019-03-01,144122.72499974887,49641.75994716553,94480.96505258333
2019-03-04,144842.1858675559,49641.75994716553,95200.4259203904
2019-03-05,145438.9338012213,49641.75994716553,95797.17385405577
2019-03-06,144020.58571290376,49641.75994716553,94378.82576573822
2019-03-07,143805.3738248896,14263.950101137583,129541.42372375201
2019-03-08,144182.69773892418,14263.950101137583,129918.74763778661
2019-03-11,144943.5008934377,14263.950101137583,130679.55079230014
2019-03-12,146005.85446600278,14263.950101137583,131741.9043648652
2019-03-13,146315.71609570424,14263.950101137583,132051.76599456667
2019-03-14,146793.29031528038,14263.950101137583,132529.3402141428
2019-03-15,146667.1935636807,14263.950101137583,132403.2434625431
2019-03-18,146995.1125096752,14263.950101137583,132731.1624085376
2019-03-19,146736.472982753,14263.950101137583,132472.52288161544
2019-03-20,145829.54813026928,14263.950101137583,131565.59802913168
2019-03-21,147749.03921078576,14263.950101137583,133485.0891096482
2019-03-22,147208.78348946403,14263.950101137583,132944.83338832646
2019-03-25,147488.19735746417,14263.950101137583,133224.2472563266
2019-03-26,148758.39100079075,14263.950101137583,134494.4408996532
2019-03-27,148442.61831923696,14263.950101137583,134178.66821809937
2019-03-28,148905.50198626256,14263.950101137583,134641.55188512497
2019-03-29,149351.0937273563,14263.950101137583,135087.14362621872
2019-04-01,150415.3812430731,14263.950101137583,136151.4311419355
2019-04-02,150180.78770405817,14263.950101137583,135916.8376029206
2019-04-03,150415.49936224433,14263.950101137583,136151.54926110673
2019-04-04,150647.82116162678,14263.950101137583,136383.87106048918
2019-04-05,150898.18202715373,14263.950101137583,136634.23192601616
2019-04-08,150442.19943889877,14922.251991186946,135519.94744771183
2019-04-09,149522.96270288533,14922.251991186946,134600.7107116984
2019-04-10,150459.5213953135,14922.251991186946,135537.26940412656
2019-04-11,151283.21314042114,14922.251991186946,136360.96114923418
2019-04-12,151684.9324733226,14922.251991186946,136762.68048213568
2019-04-15,151771.9604410393,14922.251991186946,136849.70844985233
2019-04-16,150012.0400313388,14922.251991186946,135089.78804015188
2019-04-17,148774.19302745018,14922.251991186946,133851.94103626325
2019-04-18,150115.696782473,14922.251991186946,135193.44479128605
2019-04-22,149520.28654843802,14922.251991186946,134598.03455725109
2019-04-23,150905.3010250543,14922.251991186946,135983.04903386734
2019-04-24,151460.91860019183,14922.251991186946,136538.6666090049
2019-04-25,151241.84162746434,14922.251991186946,136319.58963627738
2019-04-26,152841.3705304052,14922.251991186946,137919.11853921827
2019-04-29,152013.42293344502,14922.251991186946,137091.1709422581
2019-04-30,153183.041423844,14922.251991186946,138260.78943265704
2019-05-01,151484.34743417468,14922.251991186946,136562.09544298775
2019-05-02,151870.29976516333,14922.251991186946,136948.04777397637
2019-05-03,153468.50635563483,14922.251991186946,138546.2543644479
2019-05-06,153147.66208148125,14922.251991186946,138225.41009029432
2019-05-07,152089.7849904559,7467.097696593635,144622.68729386225
2019-05-08,151984.28375279927,7467.097696593635,144517.18605620562
2019-05-09,152236.1152498465,7467.097696593635,144769.01755325287
2019-05-10,153886.98103357706,7467.097696593635,146419.88333698342
2019-05-13,152209.75757522005,7467.097696593635,144742.6598786264
2019-05-14,153238.4189153042,7467.097696593635,145771.32121871057
2019-05-15,153284.8565652847,7467.097696593635,145817.75886869105
2019-05-16,154673.3722552489,7467.097696593635,147206.27455865525
2019-05-17,154377.30684913986,7467.097696593635,146910.20915254622
2019-05-20,153107.2618843782,7467.097696593635,145640.16418778457
2019-05-21,154537.36074873433,7467.097696593635,147070.26305214068
2019-05-22,154445.1864231341,7467.097696593635,146978.08872654045
2019-05-23,153353.36438086766,7467.097696593635,145886.266684274
2019-05-24,153757.75292902833,7467.097696593635,146290.65523243468
2019-05-28,152561.42515034377,7467.097696593635,145094.32745375013
2019-05-29,151928.03639895798,7467.097696593635,144460.93870236434
2019-05-30,152233.02735424892,7467.097696593635,144765.92965765527
2019-05-31,152008.79447903694,7467.097696593635,144541.6967824433
2019-06-03,153353.25507302815,7467.097696593635,145886.1573764345
2019-06-04,155309.26207160534,7467.097696593635,147842.1643750117
2019-06-05,158849.74530003525,7467.097696593635,151382.6476034416
2019-06-06,160890.91019267816,7467.097696593635,153423.81249608452
2019-06-07,161341.34794571812,32164.928453549903,129176.41949216822
2019-06-10,161628.5600344713,32164.928453549903,129463.6315809214
2019-06-11,161544.8549168623,32164.928453549903,129379.9264633124
2019-06-12,161908.92228873988,32164.928453549903,129743.99383518999
2019-06-13,161346.58639600367,32164.928453549903,129181.65794245376
2019-06-14,161487.77096477486,32164.928453549903,129322.84251122495
2019-06-17,161092.45940522937,32164.928453549903,128927.53095167948
2019-06-18,161388.8658003615,32164.928453549903,129223.9373468116
2019-06-19,162372.24346956424,32164.928453549903,130207.31501601433
2019-06-20,163180.68479545537,32164.928453549903,131015.75634190545
2019-06-21,161988.47887379176,32164.928453549903,129823.55042024184
2019-06-24,161467.68080967473,32164.928453549903,129302.75235612484
2019-06-25,161715.2351592172,32164.928453549903,129550.3067056673
2019-06-26,159640.2642083859,32164.928453549903,127475.335754836
2019-06-27,160370.05975766596,32164.928453549903,128205.13130411606
2019-06-28,161709.30025224574,32164.928453549903,129544.37179869585
2019-07-01,162340.34531929938,32164.928453549903,130175.41686574949
2019-07-02,164049.54665804742,32164.928453549903,131884.61820449753
2019-07-03,165649.92295376502,32164.928453549903,133484.99450021514
2019-07-05,164974.41036363057,32164.928453549903,132809.48191008068
2019-07-08,164399.79286053573,16306.69549842771,148093.09736210803
2019-07-09,164465.57486483123,16306.69549842771,148158.87936640353
2019-07-10,163900.62026303442,16306.69549842771,147593.9247646067
2019-07-11,163097.44984632218,16306.69549842771,146790.7543478945
2019-07-12,161753.41246698855,16306.69549842771,145446.71696856082
2019-07-15,161404.0270901837,16306.69549842771,145097.33159175597
2019-07-16,162343.50057877623,16306.69549842771,146036.8050803485
2019-07-17,161365.94107361115,16306.69549842771,145059.24557518342
2019-07-18,161900.12865711382,16306.69549842771,145593.4331586861
2019-07-19,160344.0967250808,16306.69549842771,144037.40122665308
2019-07-22,159914.7962153036,16306.69549842771,143608.10071687587
2019-07-23,161753.67149548762,16306.69549842771,145446.97599705993
2019-07-24,163189.76492654672,16306.69549842771,146883.069428119
2019-07-25,162696.28535677918,16306.69549842771,146389.58985835148
2019-07-26,164028.3964990739,16306.69549842771,147721.70100064616
2019-07-29,164465.87416941428,16306.69549842771,148159.17867098658
2019-07-30,164523.44888430246,16306.69549842771,148216.75338587476
2019-07-31,162715.47979419678,16306.69549842771,146408.7842957691
2019-08-01,162955.2765235289,16306.69549842771,146648.5810251012
2019-08-02,164750.10222180892,16306.69549842771,148443.4067233812
2019-08-05,160966.59836361802,16306.69549842771,144659.9028651903
2019-08-06,163614.20340269653,16306.69549842771,147307.5079042688
2019-08-07,163388.47385636135,16206.383504319296,147182.09035204205
2019-08-08,165435.1997409591,16206.383504319296,149228.8162366398
2019-08-09,165329.23119135667,16206.383504319296,149122.84768703737
2019-08-12,165208.92978807932,16206.383504319296,149002.54628376002
2019-08-13,166750.0192739073,16206.383504319296,150543.635769588
2019-08-14,162720.29977487907,16206.383504319296,146513.91627055977
2019-08-15,162785.10152077177,16206.383504319296,146578.71801645248
2019-08-16,164872.49593642695,16206.383504319296,148666.11243210765
2019-08-19,166673.56734935878,16206.383504319296,150467.1838450395
2019-08-20,165629.25366977174,16206.383504319296,149422.87016545245
2019-08-21,165427.93229265235,16206.383504319296,149221.54878833305
2019-08-22,164770.87058278444,16206.383504319296,148564.48707846514
2019-08-23,162039.63880432214,16206.383504319296,145833.25530000284
2019-08-26,162644.9658603683,16206.383504319296,146438.582356049
2019-08-27,160966.67312596386,16206.383504319296,144760.28962164457
2019-08-28,161827.98760455364,16206.383504319296,145621.60410023434
2019-08-29,163374.16599916643,16206.383504319296,147167.78249484714
2019-08-30,163484.09006375502,16206.383504319296,147277.70655943573
2019-09-03,163303.23833956022,16206.383504319296,147096.85483524093
2019-09-04,163613.6197431315,16206.383504319296,147407.2362388122
2019-09-05,163534.56950250492,16206.383504319296,147328.18599818563
2019-09-06,163491.06333879774,16206.383504319296,147284.67983447845
2019-09-09,162082.47727873403,56660.34266005477,105422.13461867925
2019-09-10,163614.56637086827,56660.34266005477,106954.2237108135
2019-09-11,164612.25085112796,56660.34266005477,107951.90819107319
2019-09-12,164482.82636874722,56660.34266005477,107822.48370869247
2019-09-13,164251.20255925803,56660.34266005477,107590.85989920328
2019-09-16,163826.3421951019,56660.34266005477,107165.99953504713
2019-09-17,164407.97879216404,56660.34266005477,107747.63613210927
2019-09-18,163723.0225088962,56660.34266005477,107062.67984884144
2019-09-19,163272.46323031274,56660.34266005477,106612.12057025799
2019-09-20,162922.97854273976,56660.34266005477,106262.63588268498
2019-09-23,163552.5798886409,56660.34266005477,106892.23722858612
2019-09-24,163800.5626910258,56660.34266005477,107140.22003097105
2019-09-25,164237.83438649765,56660.34266005477,107577.49172644288
2019-09-26,164334.29287484416,56660.34266005477,107673.95021478938
2019-09-27,164333.61713583954,56660.34266005477,107673.27447578478
2019-09-30,164506.1583588301,56660.34266005477,107845.81569877532
2019-10-01,163155.49914218963,56660.34266005477,106495.15648213484
2019-10-02,161211.39627725125,56660.34266005477,104551.05361719649
2019-10-03,162103.4921045896,56660.34266005477,105443.14944453484
2019-10-04,163052.96014244267,56660.34266005477,106392.6174823879
2019-10-07,162462.84538415066,16114.571091551741,146348.27429259892
2019-10-08,159443.82795975986,16114.571091551741,143329.25686820812
2019-10-09,159828.25033351246,16114.571091551741,143713.67924196072
2019-10-10,159682.6264508565,16114.571091551741,143568.05535930477
2019-10-11,160549.04607930005,16114.571091551741,144434.4749877483
2019-10-14,160008.1815235553,16114.571091551741,143893.61043200357
2019-10-15,160308.54895885434,16114.571091551741,144193.9778673026
2019-10-16,161352.19871165365,16114.571091551741,145237.6276201019
2019-10-17,163966.8605954418,16114.571091551741,147852.28950389006
2019-10-18,164830.2881194882,16114.571091551741,148715.71702793645
2019-10-21,165737.86973063328,16114.571091551741,149623.29863908153
2019-10-22,165374.95602276275,16114.571091551741,149260.384931211
2019-10-23,166372.74406789866,16114.571091551741,150258.17297634692
2019-10-24,165075.72018080752,16114.571091551741,148961.14908925578
2019-10-25,165477.08445389403,16114.571091551741,149362.5133623423
2019-10-28,166456.0316266639,16114.571091551741,150341.46053511216
2019-10-29,168318.953146052,16114.571091551741,152204.38205450025
2019-10-30,170589.960953923,16114.571091551741,154475.38986237126
2019-10-31,169282.67391446774,16114.571091551741,153168.102822916
2019-11-01,169828.87353805554,16114.571091551741,153714.3024465038
2019-11-04,170605.53686961124,16114.571091551741,154490.9657780595
2019-11-05,170112.63439842363,16114.571091551741,153998.0633068719
2019-11-06,170522.99329563626,16114.571091551741,154408.42220408452
2019-11-07,169479.19391751633,33787.28525657451,135691.90866094182
2019-11-08,171748.40887239948,33787.28525657451,137961.12361582497
2019-11-11,171577.7629560504,33787.28525657451,137790.4776994759
2019-11-12,170402.9343258225,33787.28525657451,136615.649069248
2019-11-13,170769.27452136544,33787.28525657451,136981.98926479093
2019-11-14,171327.17884187272,33787.28525657451,137539.8935852982
2019-11-15,172134.1856202841,33787.28525657451,138346.90036370957
2019-11-18,172674.5740840587,33787.28525657451,138887.28882748418
2019-11-19,172422.82296837057,33787.28525657451,138635.53771179606
2019-11-20,172236.10690500087,33787.28525657451,138448.82164842635
2019-11-21,171693.9402865961,33787.28525657451,137906.6550300216
2019-11-22,171761.1360428761,33787.28525657451,137973.8507863016
2019-11-25,172307.5561176171,33787.28525657451,138520.27086104258
2019-11-26,174528.52214005013,33787.28525657451,140741.23688347562
2019-11-27,174664.56554721337,33787.28525657451,140877.28029063885
2019-11-29,174883.615297381,33787.28525657451,141096.3300408065
2019-12-02,173176.60267848425,33787.28525657451,139389.31742190974
2019-12-03,172898.7424055294,33787.28525657451,139111.45714895488
2019-12-04,173627.9558800057,33787.28525657451,139840.6706234312
2019-12-05,174350.52575378644,33787.28525657451,140563.24049721193
2019-12-06,175028.07160715517,33787.28525657451,141240.78635058066
2019-12-09,175430.84274580606,17400.8572876683,158029.98545813776
2019-12-10,174976.33952735696,17400.8572876683,157575.48223968866
2019-12-11,172900.00749828658,17400.8572876683,155499.15021061827
2019-12-12,172563.01675814317,17400.8572876683,155162.15947047487
2019-12-13,171923.27347473684,17400.8572876683,154522.41618706853
2019-12-16,173196.5126605718,17400.8572876683,155795.6553729035
2019-12-17,172675.61895757238,17400.8572876683,155274.76166990408
2019-12-18,172808.17336730176,17400.8572876683,155407.31607963346
2019-12-19,173897.19762743227,17400.8572876683,156496.34033976396
2019-12-20,174206.564631636,17400.8572876683,156805.7073439677
2019-12-23,174708.94731489412,17400.8572876683,157308.09002722581
2019-12-24,174779.00992889103,17400.8572876683,157378.15264122272
2019-12-26,174864.6905019447,17400.8572876683,157463.83321427638
2019-12-27,174777.36495377816,17400.8572876683,157376.50766610986
2019-12-30,173718.414415862,17400.8572876683,156317.5571281937
2019-12-31,174550.87889099974,17400.8572876683,157150.02160333144
2020-01-02,173543.36547399792,17400.8572876683,156142.50818632962
2020-01-03,173219.845454185,17400.8572876683,155818.9881665167
2020-01-06,173461.65912491773,17400.8572876683,156060.80183724943
2020-01-07,171861.06373909663,8437.8010874358,163423.26265166083
2020-01-08,171621.27067890993,8437.8010874358,163183.46959147413
2020-01-09,172751.90484697637,8437.8010874358,164314.10375954057
2020-01-10,173022.5692827779,8437.8010874358,164584.7681953421
2020-01-13,174399.4106927228,8437.8010874358,165961.609605287
2020-01-14,174742.52963078098,8437.8010874358,166304.72854334518
2020-01-15,175516.4834576581,8437.8010874358,167078.6823702223
2020-01-16,177011.47299183498,8437.8010874358,168573.67190439918
2020-01-17,177380.4149010976,8437.8010874358,168942.6138136618
2020-01-21,176751.9942915753,8437.8010874358,168314.1932041395
2020-01-22,177444.8632635236,8437.8010874358,169007.0621760878
2020-01-23,178352.67226098513,8437.8010874358,169914.87117354933
2020-01-24,176264.38461575232,8437.8010874358,167826.58352831652
2020-01-27,174775.85831471137,8437.8010874358,166338.05722727557
2020-01-28,175612.4818667306,8437.8010874358,167174.6807792948
2020-01-29,176287.2018170813,8437.8010874358,167849.4007296455
2020-01-30,176501.10210426542,8437.8010874358,168063.30101682962
2020-01-31,173995.40601261627,8437.8010874358,165557.60492518047
2020-02-03,174110.66195726435,8437.8010874358,165672.86086982855
2020-02-04,176042.89991359075,8437.8010874358,167605.09882615495
2020-02-05,179119.83896366804,8437.8010874358,170682.03787623224
2020-02-06,179768.7869909522,8437.8010874358,171330.9859035164
2020-02-07,177454.21800124165,17601.554402885642,159852.663598356
2020-02-10,178079.35771239025,17601.554402885642,160477.8033095046
2020-02-11,179331.24177750162,17601.554402885642,161729.68737461598
2020-02-12,179224.18510354607,17601.554402885642,161622.63070066043
2020-02-13,179407.184513432,17601.554402885642,161805.63011054636
2020-02-14,179851.17052333427,17601.554402885642,162249.61612044863
2020-02-18,178224.8958329439,17601.554402885642,160623.34143005827
2020-02-19,176231.307077198,17601.554402885642,158629.75267431236
2020-02-20,176171.93097369044,17601.554402885642,158570.3765708048
2020-02-21,174775.91816475775,17601.554402885642,157174.3637618721
2020-02-24,170727.02537749897,17601.554402885642,153125.47097461333
2020-02-25,164191.550393816,17601.554402885642,146589.99599093036
2020-02-26,160263.87627455374,71462.08856376295,88801.78771079078
2020-02-27,155688.01124667717,98383.13034735949,57304.88089931768
2020-02-28,155948.35603868935,98383.13034735949,57565.225691329855
2020-03-02,158712.12828030117,98383.13034735949,60328.9979329417
2020-03-03,158446.42687568557,98383.13034735949,60063.2965283261
2020-03-04,160502.66424517514,98383.13034735949,62119.533897815665
2020-03-05,159312.5758795634,98383.13034735949,60929.44553220393
2020-03-06,157825.55654851368,98383.13034735949,59442.42620115418
2020-03-09,151907.88975609036,117720.92249333591,34186.967262754464
2020-03-10,153616.89062758302,117720.92249333591,35895.96813424713
2020-03-11,152105.42682104802,117720.92249333591,34384.50432771212
2020-03-12,148459.95401430893,129507.2779055206,18952.676108788324
2020-03-13,149427.2098069637,129507.2779055206,19919.931901443117
2020-03-16,147069.56518690594,140354.75453947028,6714.810647435661
2020-03-17,147687.927496897,140354.75453947028,7333.172957426716
2020-03-18,147230.28432405472,140354.75453947028,6875.5297845844325
2020-03-19,146824.39957667547,140354.75453947028,6469.645037205196
2020-03-20,146524.75278116678,146524.75278116678,0.0
2020-03-23,146524.75278116678,146524.75278116678,0.0
2020-03-24,146524.75278116678,146524.75278116678,0.0
2020-03-25,146524.75278116678,146524.75278116678,0.0
2020-03-26,146524.75278116678,146524.75278116678,0.0
2020-03-27,146524.75278116678,146524.75278116678,0.0
2020-03-30,146524.75278116678,146524.75278116678,0.0
2020-03-31,146524.75278116678,146524.75278116678,0.0
2020-04-01,146524.75278116678,146524.75278116678,0.0
2020-04-02,146524.75278116678,146524.75278116678,0.0
2020-04-03,146524.75278116678,146524.75278116678,0.0
2020-04-06,146524.75278116678,146524.75278116678,0.0
2020-04-07,146502.77406824962,124524.0611510746,21978.71291717502
2020-04-08,147864.243396522,124524.0611510746,23340.18224544741
2020-04-09,149072.39247420058,124524.0611510746,24548.331323125996
2020-04-13,148361.3989391888,124524.0611510746,23837.337788114193
2020-04-14,149067.04892157819,124524.0611510746,24542.987770503583
2020-04-15,148044.074074068,124524.0611510746,23520.01292299341
2020-04-16,147304.48983187965,124524.0611510746,22780.42868080506
2020-04-17,148208.57245404774,124524.0611510746,23684.511302973155
2020-04-20,147215.20801110362,124524.0611510746,22691.146860029014
2020-04-21,146248.71878379828,132969.9235061885,13278.795277609795
2020-04-22,146318.0351152019,132969.9235061885,13348.11160901341
2020-04-23,146457.9754761357,132969.9235061885,13488.051969947206
2020-04-24,146627.9143295418,132969.9235061885,13657.990823353295
2020-04-27,147330.26685387525,132969.9235061885,14360.343347686761
2020-04-28,147692.79090947355,132969.9235061885,14722.867403285054
2020-04-29,148392.60956576472,132969.9235061885,15422.686059576226
2020-04-30,148142.27706447366,132969.9235061885,15172.35355828515
2020-05-01,147767.7855656554,132969.9235061885,14797.862059466883
2020-05-04,147725.24871336878,132969.9235061885,14755.325207180293
2020-05-05,147766.20301300578,132969.9235061885,14796.279506817289
2020-05-06,147656.2567522887,132969.9235061885,14686.333246100212
2020-05-07,147916.64433565142,125725.8190615126,22190.825274138835
2020-05-08,148574.99396792048,125725.8190615126,22849.174906407905
2020-05-11,147892.69470785814,125725.8190615126,22166.875646345565
2020-05-12,147168.9632941193,125725.8190615126,21443.14423260672
2020-05-13,146050.21626636083,129597.07791539394,16453.13835096688
2020-05-14,146357.5500482237,129597.07791539394,16760.47213282976
2020-05-15,146338.3251752809,129597.07791539394,16741.24725988695
2020-05-18,147425.39256787975,129597.07791539394,17828.314652485806
2020-05-19,146968.9602375666,129597.07791539394,17371.882322172678
2020-05-20,147305.06984318662,129597.07791539394,17707.99192779268
2020-05-21,147162.1005606837,129597.07791539394,17565.022645289748
2020-05-22,147001.38179434673,129597.07791539394,17404.3038789528
2020-05-26,147792.1466106778,129597.07791539394,18195.06869528385
2020-05-27,148495.56219266658,129597.07791539394,18898.48427727263
2020-05-28,148664.41984032816,129597.07791539394,19067.34192493421
2020-05-29,148318.40306993522,129597.07791539394,18721.32515454129
2020-06-01,148682.65884984616,129597.07791539394,19085.580934452228
2020-06-02,148749.16073307506,129597.07791539394,19152.08281768112
2020-06-03,149556.21527286057,129597.07791539394,19959.137357466632
2020-06-04,150028.48572000995,129597.07791539394,20431.40780461602
2020-06-05,150566.2285067258,129597.07791539394,20969.150591331865
2020-06-08,150699.79211325178,128091.43204225336,22608.360070998417
2020-06-09,150203.6964019109,128091.43204225336,22112.264359657525
2020-06-10,149467.3005469414,128091.43204225336,21375.868504688035
2020-06-11,147943.89434042713,131808.44666219375,16135.44767823338
2020-06-12,148259.032868144,131808.44666219375,16450.586205950232
2020-06-15,148519.06868150982,131808.44666219375,16710.622019316066
2020-06-16,148935.474772504,131808.44666219375,17127.028110310257
2020-06-17,148675.670398106,131808.44666219375,16867.223735912256
2020-06-18,148596.33345776104,131808.44666219375,16787.886795567283
2020-06-19,148560.4934942738,135638.11182508225,12922.381669191567
2020-06-22,148497.52117052092,135638.11182508225,12859.409345438682
2020-06-23,148514.53980269196,135638.11182508225,12876.427977609714
2020-06-24,148111.58607539855,135638.11182508225,12473.474250316303
2020-06-25,148157.9813245445,135638.11182508225,12519.869499462236
2020-06-26,148128.8583016762,135638.11182508225,12490.746476593955
2020-06-29,148442.30136145256,135638.11182508225,12804.189536370297
2020-06-30,148532.5695988641,135638.11182508225,12894.457773781845
2020-07-01,148467.00890454307,135638.11182508225,12828.897079460812
2020-07-02,148707.04409551428,135638.11182508225,13068.932270432038
2020-07-06,148815.2700079089,135638.11182508225,13177.158182826643
2020-07-07,148614.6174613092,126319.08051157036,22295.536949738846
2020-07-08,148574.1475485811,126319.08051157036,22255.067037010733
2020-07-09,148305.6369699749,126319.08051157036,21986.55645840454
2020-07-10,148399.0687831758,126319.08051157036,22079.988271605467
2020-07-13,148350.46785619803,126319.08051157036,22031.387344627685
2020-07-14,148811.28592388867,126319.08051157036,22492.20541231833
2020-07-15,149365.130093543,126319.08051157036,23046.049581972653
2020-07-16,149243.2945445421,126319.08051157036,22924.214032971726
2020-07-17,149383.95478262712,126319.08051157036,23064.874271056753
2020-07-20,149376.78827477607,126319.08051157036,23057.707763205708
2020-07-21,149560.7080295416,126319.08051157036,23241.62751797123
2020-07-22,150020.15526493845,126319.08051157036,23701.074753368088
2020-07-23,149942.9921271867,126319.08051157036,23623.91161561635
2020-07-24,149700.16907455583,126319.08051157036,23381.08856298547
2020-07-27,150091.59532753442,126319.08051157036,23772.514815964067
2020-07-28,150119.39150035597,126319.08051157036,23800.310988785597
2020-07-29,150577.5932752122,126319.08051157036,24258.51276364184
2020-07-30,150483.4226423706,126319.08051157036,24164.34213080025
2020-07-31,150401.60102807434,126319.08051157036,24082.520516503973
2020-08-03,150239.46440206087,126319.08051157036,23920.38389049052
2020-08-04,150240.5304460501,126319.08051157036,23921.449934479748
2020-08-05,150078.83334346264,126319.08051157036,23759.75283189228
2020-08-06,149994.73703140256,126319.08051157036,23675.656519832217
2020-08-07,149947.04650355043,89944.22677423854,60002.81972931189
2020-08-10,151031.31345457325,89944.22677423854,61087.0866803347
2020-08-11,150831.76974033433,89944.22677423854,60887.542966095796
2020-08-12,150524.47898574182,89944.22677423854,60580.25221150328
2020-08-13,149633.0912676126,89944.22677423854,59688.86449337404
2020-08-14,149793.48648364708,89944.22677423854,59849.259709408536
2020-08-17,149360.40712510093,89944.22677423854,59416.18035086239
2020-08-18,148958.7102991226,89944.22677423854,59014.48352488407
2020-08-19,148657.08870268834,89944.22677423854,58712.86192844981
2020-08-20,148903.20217225884,89944.22677423854,58958.9753980203
2020-08-21,147846.2518333683,89944.22677423854,57902.02505912975
2020-08-24,148610.5873674297,100105.03640627107,48505.55096115862
2020-08-25,148751.82544598673,100105.03640627107,48646.78903971566
2020-08-26,148034.54337205313,100105.03640627107,47929.506965782064
2020-08-27,149007.57962871678,100105.03640627107,48902.543222445696
2020-08-28,149183.10106314492,100105.03640627107,49078.06465687386
2020-08-31,148064.73878611883,100105.03640627107,47959.70237984776
2020-09-01,147656.87234614795,100105.03640627107,47551.83593987687
2020-09-02,148293.84426116603,100105.03640627107,48188.80785489495
2020-09-03,148192.8164389882,100105.03640627107,48087.78003271711
2020-09-04,148728.33302534005,100105.03640627107,48623.29661906897
2020-09-08,147468.29469168617,88457.37244611347,59010.922245572714
2020-09-09,148233.3121811962,88457.37244611347,59775.93973508273
2020-09-10,147275.5037716119,88457.37244611347,58818.13132549841
2020-09-11,147045.49491039512,88457.37244611347,58588.12246428167
2020-09-14,148146.33697780527,88457.37244611347,59688.96453169181
2020-09-15,149166.07759390975,88457.37244611347,60708.70514779629
2020-09-16,149753.04380185375,88457.37244611347,61295.67135574028
2020-09-17,148945.1240938286,88457.37244611347,60487.75164771512
2020-09-18,147287.0061506965,88457.37244611347,58829.63370458305
2020-09-21,146007.07190075464,88457.37244611347,57549.69945464119
2020-09-22,146015.49468371528,88457.37244611347,57558.12223760181
2020-09-23,144629.09223260294,98816.9001872266,45812.19204537633
2020-09-24,144513.46454881522,98816.9001872266,45696.56436158862
2020-09-25,145876.5034487857,98816.9001872266,47059.60326155911
2020-09-28,146626.63907431066,98816.9001872266,47809.73888708407
2020-09-29,146250.90188696882,98816.9001872266,47434.00169974222
2020-09-30,146401.05898227633,98816.9001872266,47584.158795049734
2020-10-01,146549.9888710531,98816.9001872266,47733.0886838265
2020-10-02,146681.74399836492,98816.9001872266,47864.84381113834
2020-10-05,148082.32445657215,98816.9001872266,49265.42426934557
2020-10-06,147042.55489474733,98816.9001872266,48225.65470752074
2020-10-07,147665.05406079098,99658.30929898634,48006.74476180466
2020-10-08,148608.68097229453,99658.30929898634,48950.37167330819
2020-10-09,148589.12448803452,99658.30929898634,48930.81518904818
2020-10-12,148879.31933703477,99658.30929898634,49221.010038048444
2020-10-13,148767.60237444643,99658.30929898634,49109.29307546009
2020-10-14,148811.3125816188,99658.30929898634,49153.00328263247
2020-10-15,148898.15250840536,99658.30929898634,49239.843209419014
2020-10-16,149126.95261627622,99658.30929898634,49468.64331728987
2020-10-19,148170.8810335756,99658.30929898634,48512.57173458927
2020-10-20,148321.11778769037,99658.30929898634,48662.808488704046
2020-10-21,148015.1581372245,99658.30929898634,48356.84883823817
2020-10-22,148645.60692618316,99658.30929898634,48987.297627196815
2020-10-23,149105.70274347783,99658.30929898634,49447.39344449149
2020-10-26,148703.03652566782,99658.30929898634,49044.72722668148
2020-10-27,148329.51882900242,99658.30929898634,48671.20953001609
2020-10-28,146461.01748317902,107833.05092131236,38627.96656186667
2020-10-29,146613.25339824994,107833.05092131236,38780.20247693758
2020-10-30,145936.87851610937,107833.05092131236,38103.827594796996
2020-11-02,146979.4591917466,107833.05092131236,39146.408270434236
2020-11-03,148279.47682385903,107833.05092131236,40446.42590254666
2020-11-04,149414.37873775788,107833.05092131236,41581.32781644553
2020-11-05,150067.9989063269,107833.05092131236,42234.947985014536
2020-11-06,150266.61628659343,107833.05092131236,42433.56536528107
2020-11-09,150088.66826436593,112557.11831078607,37531.54995357987
2020-11-10,151135.69458131984,112557.11831078607,38578.57627053377
2020-11-11,150410.0195262644,112557.11831078607,37852.90121547832
2020-11-12,149662.74342011922,112557.11831078607,37105.62510933315
2020-11-13,151187.5113790073,112557.11831078607,38630.39306822124
2020-11-16,151858.50870769194,112557.11831078607,39301.390396905874
2020-11-17,152231.1343211037,112557.11831078607,39674.016010317624
2020-11-18,151130.23009695133,112557.11831078607,38573.11178616527
2020-11-19,151419.2169679008,112557.11831078607,38862.098657114744
2020-11-20,151880.21094017837,112557.11831078607,39323.0926293923
2020-11-23,152351.523410399,112557.11831078607,39794.40509961294
2020-11-24,152762.84323712805,112557.11831078607,40205.72492634198
2020-11-25,152305.52518550985,112557.11831078607,39748.40687472378
2020-11-27,152459.50774148907,112557.11831078607,39902.389430703
2020-11-30,151824.38495591248,112557.11831078607,39267.266645126394
2020-12-01,152026.27206721334,112557.11831078607,39469.15375642727
2020-12-02,152505.01402219507,112557.11831078607,39947.89571140901
2020-12-03,152372.68836406805,112557.11831078607,39815.57005328199
2020-12-04,153268.99077180016,112557.11831078607,40711.8724610141
2020-12-07,152784.97357234146,118400.61803856952,34384.35553377194
2020-12-08,152910.14952826677,118400.61803856952,34509.531489697256
2020-12-09,152857.4174703151,118400.61803856952,34456.79943174557
2020-12-10,152454.3999442734,118400.61803856952,34053.7819057039
2020-12-11,152409.9017827129,118400.61803856952,34009.283744143395
2020-12-14,152062.88881574105,118400.61803856952,33662.27077717154
2020-12-15,152298.74110588973,118400.61803856952,33898.12306732021
2020-12-16,152278.78225952527,118400.61803856952,33878.16422095573
2020-12-17,152582.8117403429,118400.61803856952,34182.19370177338
2020-12-18,152520.3151796914,118400.61803856952,34119.69714112188
2020-12-21,152440.17796541867,118400.61803856952,34039.55992684914
2020-12-22,152549.61066065403,118400.61803856952,34148.9926220845
2020-12-23,151989.1012786325,118400.61803856952,33588.483240062975
2020-12-24,152200.42899193236,118400.61803856952,33799.81095336285
2020-12-28,153970.9818865667,118400.61803856952,35570.363847997185
2020-12-29,153777.22439058454,118400.61803856952,35376.60635201502
2020-12-30,153819.7874855299,118400.61803856952,35419.16944696037
2020-12-31,154092.20022537094,118400.61803856952,35691.582186801425
2021-01-04,153349.93912979544,118400.61803856952,34949.32109122592
2021-01-05,153058.54610536143,118400.61803856952,34657.9280667919
2021-01-06,153951.8043716084,118400.61803856952,35551.186333038866
2021-01-07,153962.9285089827,78869.39276217707,75093.53574680563
2021-01-08,154492.36628162937,78869.39276217707,75622.9735194523
2021-01-11,153739.4575828947,78869.39276217707,74870.06482071766
2021-01-12,154367.78294307308,78869.39276217707,75498.39018089599
2021-01-13,154373.99217572054,78869.39276217707,75504.59941354347
2021-01-14,155972.9431266414,78869.39276217707,77103.55036446432
2021-01-15,156340.016096944,78869.39276217707,77470.6233347669
2021-01-19,156277.4273317861,78869.39276217707,77408.03456960904
2021-01-20,157367.48387043487,78869.39276217707,78498.09110825778
2021-01-21,156966.40880526055,78869.39276217707,78097.01604308347
2021-01-22,157040.25833169202,78869.39276217707,78170.86556951495
2021-01-25,157367.80077255008,78869.39276217707,78498.40801037301
2021-01-26,157227.9626866114,78869.39276217707,78358.56992443433
2021-01-27,155304.21581992455,78869.39276217707,76434.82305774748
2021-01-28,155917.6628497522,78869.39276217707,77048.27008757513
2021-01-29,154571.7589278452,78869.39276217707,75702.36616566812
2021-02-01,155449.752932314,78869.39276217707,76580.36017013693
2021-02-02,154879.990654417,78869.39276217707,76010.59789223992
2021-02-03,154895.6389670328,78869.39276217707,76026.24620485574
2021-02-04,155406.94150206036,78869.39276217707,76537.54873988329
2021-02-05,155272.82620858256,78869.39276217707,76403.43344640548
2021-02-08,156131.30400733868,79980.16962575004,76151.13438158864
2021-02-09,156161.2404647517,79980.16962575004,76181.07083900165
2021-02-10,156633.0147278377,79980.16962575004,76652.84510208767
2021-02-11,156990.38344592246,79980.16962575004,77010.21382017243
2021-02-12,156817.59155950265,79980.16962575004,76837.42193375259
2021-02-16,156282.58476183953,79980.16962575004,76302.41513608949
2021-02-17,156230.01295120397,79980.16962575004,76249.84332545393
2021-02-18,155073.3585314593,79980.16962575004,75093.18890570923
2021-02-19,156463.21599843504,79980.16962575004,76483.046372685
2021-02-22,160409.4340895384,79980.16962575004,80429.26446378836
2021-02-23,161858.66870983675,79980.16962575004,81878.49908408671
2021-02-24,164135.59325767262,79980.16962575004,84155.42363192256
2021-02-25,161554.0156286869,79980.16962575004,81573.84600293686
2021-02-26,159988.96117478612,79980.16962575004,80008.79154903608
2021-03-01,161899.88379626645,79980.16962575004,81919.71417051641
2021-03-02,161913.47338331398,79980.16962575004,81933.30375756393
2021-03-03,163046.3241407557,79980.16962575004,83066.15451500563
2021-03-04,161455.26980101003,79980.16962575004,81475.10017525997
2021-03-05,163458.71219968455,79980.16962575004,83478.54257393451
2021-03-08,166476.78219265275,69030.85874473385,97445.92344791892
2021-03-09,166423.2475104088,69030.85874473385,97392.38876567496
2021-03-10,166668.33437953892,69030.85874473385,97637.47563480507
2021-03-11,167816.44164674557,69030.85874473385,98785.58290201172
2021-03-12,168342.88607617957,69030.85874473385,99312.02733144573
2021-03-15,169747.7722240918,69030.85874473385,100716.91347935796
2021-03-16,168066.02287826865,69030.85874473385,99035.1641335348
2021-03-17,169522.1193867335,69030.85874473385,100491.26064199966
2021-03-18,168264.42099391227,69030.85874473385,99233.56224917843
2021-03-19,168134.24077606137,69030.85874473385,99103.38203132754
2021-03-22,168246.25649222883,69030.85874473385,99215.39774749498
2021-03-23,166039.38192856597,69030.85874473385,97008.52318383213
2021-03-24,165264.26602367335,69030.85874473385,96233.4072789395
2021-03-25,166258.9868508575,69030.85874473385,97228.12810612367
2021-03-26,168586.6138044763,69030.85874473385,99555.75505974246
2021-03-29,167463.70466207602,69030.85874473385,98432.84591734217
2021-03-30,167419.72738973607,69030.85874473385,98388.86864500222
2021-03-31,167484.73248805138,69030.85874473385,98453.87374331753
2021-04-01,167725.38223997137,69030.85874473385,98694.52349523752
2021-04-05,168461.00160027918,69030.85874473385,99430.14285554533
2021-04-06,168325.3478474549,69030.85874473385,99294.48910272104
2021-04-07,167866.12405236624,69606.9598706857,98259.16418168052
2021-04-08,167249.85294615928,69606.9598706857,97642.89307547358
2021-04-09,168130.30849716405,69606.9598706857,98523.34862647834
2021-04-12,169105.09128294996,69606.9598706857,99498.13141226425
2021-04-13,168705.4822712727,69606.9598706857,99098.52240058698
2021-04-14,169093.49445096636,69606.9598706857,99486.53458028066
2021-04-15,169039.63644341868,69606.9598706857,99432.67657273296
2021-04-16,169665.53196655406,69606.9598706857,100058.57209586837
2021-04-19,169995.08687670057,69606.9598706857,100388.12700601487
2021-04-20,168814.31891238427,69606.9598706857,99207.35904169857
2021-04-21,170807.4522104584,69606.9598706857,101200.4923397727
2021-04-22,168814.2008258344,69606.9598706857,99207.24095514872
2021-04-23,170033.26945946828,69606.9598706857,100426.30958878258
2021-04-26,170159.92370386428,69606.9598706857,100552.96383317857
2021-04-27,170911.42474430805,69606.9598706857,101304.46487362236
2021-04-28,170700.15408299342,69606.9598706857,101093.19421230772
2021-04-29,171738.42178449733,69606.9598706857,102131.46191381162
2021-04-30,171145.05601230692,69606.9598706857,101538.09614162121
2021-05-03,171449.87850383556,69606.9598706857,101842.91863314985
2021-05-04,172518.3222581377,69606.9598706857,102911.36238745198
2021-05-05,172260.02597301858,69606.9598706857,102653.06610233287
2021-05-06,173779.3701275396,69606.9598706857,104172.41025685388
2021-05-07,173671.69233337304,17226.36844183493,156445.3238915381
2021-05-10,174410.30909797957,17226.36844183493,157183.94065614464
2021-05-11,172304.07368610275,17226.36844183493,155077.70524426783
2021-05-12,169425.21826514334,17226.36844183493,152198.8498233084
2021-05-13,172580.08331777854,17226.36844183493,155353.7148759436
2021-05-14,174695.68135203194,17226.36844183493,157469.312910197
2021-05-17,176058.2179116974,17226.36844183493,158831.84946986247
2021-05-18,175734.4278690672,17226.36844183493,158508.05942723228
2021-05-19,173198.2469536801,17226.36844183493,155971.87851184516
2021-05-20,173924.8502441125,17226.36844183493,156698.48180227756
2021-05-21,174722.3784377353,17226.36844183493,157496.00999590036
2021-05-24,175872.73869031837,17226.36844183493,158646.37024848344
2021-05-25,173402.68878418102,17226.36844183493,156176.3203423461
2021-05-26,174884.0440328083,17226.36844183493,157657.67559097338
2021-05-27,175653.53559772414,17226.36844183493,158427.1671558892
2021-05-28,176848.01702539294,17226.36844183493,159621.648583558
2021-06-01,179211.14316071276,17226.36844183493,161984.77471887783
2021-06-02,180175.19189147238,17226.36844183493,162948.82344963745
2021-06-03,179669.06825646895,17226.36844183493,162442.69981463402
2021-06-04,179871.6572102277,17226.36844183493,162645.28876839278
2021-06-07,181606.06002601155,18013.3725839033,163592.68744210823
2021-06-08,182580.67896200746,18013.3725839033,164567.30637810414
2021-06-09,181963.84084655117,18013.3725839033,163950.46826264786
2021-06-10,181376.74511029595,18013.3725839033,163363.37252639263
2021-06-11,181975.58717107063,18013.3725839033,163962.21458716734
2021-06-14,181262.54089904233,18013.3725839033,163249.16831513902
2021-06-15,181246.62989530276,18013.3725839033,163233.25731139944
2021-06-16,180658.3856711876,18013.3725839033,162645.0130872843
2021-06-17,175340.27330601693,18013.3725839033,157326.9007221136
2021-06-18,170795.73984075675,18013.3725839033,152782.36725685344
2021-06-21,175287.34581675095,18013.3725839033,157273.97323284764
2021-06-22,174108.8359496491,18013.3725839033,156095.46336574582
2021-06-23,174851.05956915434,18013.3725839033,156837.68698525103
2021-06-24,176275.70049278904,18013.3725839033,158262.32790888572
2021-06-25,178355.98302572,18013.3725839033,160342.61044181668
2021-06-28,174847.16301294934,18013.3725839033,156833.79042904603
2021-06-29,173295.0411746723,18013.3725839033,155281.668590769
2021-06-30,174145.1957269144,18013.3725839033,156131.82314301108
2021-07-01,175338.9179573179,18013.3725839033,157325.54537341458
2021-07-02,174407.3041800114,18013.3725839033,156393.9315961081
2021-07-06,172310.35750038293,18013.3725839033,154296.98491647962
2021-07-07,171532.52234550114,47940.1197268549,123592.40261864624
2021-07-08,170298.37199494414,47940.1197268549,122358.25226808924
2021-07-09,172095.91889879468,47940.1197268549,124155.79917193977
2021-07-12,171952.74108926882,47940.1197268549,124012.6213624139
2021-07-13,171449.74154884546,47940.1197268549,123509.62182199056
2021-07-14,171409.46044707496,47940.1197268549,123469.34072022006
2021-07-15,171238.40454700426,47940.1197268549,123298.28482014936
2021-07-16,170437.99386561877,47940.1197268549,122497.87413876387
2021-07-19,168729.72203857824,47940.1197268549,120789.60231172333
2021-07-20,174185.1506971984,47940.1197268549,126245.03097034349
2021-07-21,174836.76575415133,47940.1197268549,126896.64602729642
2021-07-22,174854.51215756766,47940.1197268549,126914.39243071276
2021-07-23,176059.26524437318,47940.1197268549,128119.1455175183
2021-07-26,175674.42515936162,47940.1197268549,127734.30543250672
2021-07-27,176170.588079027,47940.1197268549,128230.46835217209
2021-07-28,176222.75274202475,47940.1197268549,128282.63301516985
2021-07-29,177462.50977364858,47940.1197268549,129522.39004679368
2021-07-30,176962.47918698797,47940.1197268549,129022.35946013306
2021-08-02,177644.46101899195,47940.1197268549,129704.34129213705
2021-08-03,179946.11033845393,47940.1197268549,132005.99061159903
2021-08-04,178745.72055579233,47940.1197268549,130805.60082893743
2021-08-05,180523.7181253911,47940.1197268549,132583.5983985362
2021-08-06,180665.52046704775,47940.1197268549,132725.40074019285
2021-08-09,179824.54868419655,35849.72988179741,143974.81880239912
2021-08-10,179584.9653993668,35849.72988179741,143735.23551756938
2021-08-11,179853.07581042027,35849.72988179741,144003.34592862288
2021-08-12,178833.44551085588,35849.72988179741,142983.71562905848
2021-08-13,179204.51292714156,35849.72988179741,143354.78304534417
2021-08-16,179966.89040439122,35849.72988179741,144117.1605225938
2021-08-17,180693.23113251507,35849.72988179741,144843.50125071767
2021-08-18,179372.62265857845,35849.72988179741,143522.89277678102
2021-08-19,180134.54642679682,35849.72988179741,144284.8165449994
2021-08-20,181306.6205123589,35849.72988179741,145456.8906305615
2021-08-23,182021.02840090857,35849.72988179741,146171.29851911115
2021-08-24,181718.00682930148,35849.72988179741,145868.27694750408
2021-08-25,182394.69791695278,35849.72988179741,146544.96803515538
2021-08-26,181033.71443425852,35849.72988179741,145183.9845524611
2021-08-27,181598.60448021244,35849.72988179741,145748.87459841504
2021-08-30,182430.42478443088,35849.72988179741,146580.6949026335
2021-08-31,182108.91780727304,35849.72988179741,146259.18792547562
2021-09-01,183008.09822371643,35849.72988179741,147158.36834191903
2021-09-02,184445.93308470008,35849.72988179741,148596.2032029027
2021-09-03,184699.6550034968,35849.72988179741,148849.9251216994
2021-09-07,183370.40381082453,36556.62974291057,146813.77406791397
2021-09-08,183588.22616107293,36556.62974291057,147031.59641816237
2021-09-09,183428.18510047838,36556.62974291057,146871.55535756782
2021-09-10,182110.54291298927,36556.62974291057,145553.9131700787
2021-09-13,180826.19627455526,36556.62974291057,144269.5665316447
2021-09-14,180838.9708742896,36556.62974291057,144282.34113137904
2021-09-15,181579.39703357444,36556.62974291057,145022.76729066388
2021-09-16,182656.93708523206,36556.62974291057,146100.3073423215
2021-09-17,181800.8104097663,36556.62974291057,145244.18066685574
2021-09-20,180945.66438668114,36556.62974291057,144389.03464377057
2021-09-21,181428.74856547895,36556.62974291057,144872.1188225684
2021-09-22,183087.1979549561,36556.62974291057,146530.56821204553
2021-09-23,184279.29833164962,36556.62974291057,147722.66858873906
2021-09-24,184367.2737804117,36556.62974291057,147810.64403750113
2021-09-27,181589.62758205383,36556.62974291057,145032.99783914327
2021-09-28,178516.2638058444,36556.62974291057,141959.63406293385
2021-09-29,178614.98916257374,36556.62974291057,142058.35941966317
2021-09-30,176491.06078810862,36556.62974291057,139934.43104519806
2021-10-01,177454.27416870277,36556.62974291057,140897.6444257922
2021-10-04,174231.75215053014,60941.22452511772,113290.52762541242
2021-10-05,174541.86913269112,60941.22452511772,113600.64460757341
2021-10-06,173858.75348224354,60941.22452511772,112917.52895712582
2021-10-07,174397.4858974595,48740.823254185496,125656.662643274
2021-10-08,173382.7587599418,48740.823254185496,124641.9355057563
2021-10-11,172587.81264831126,48740.823254185496,123846.98939412576
2021-10-12,172432.57989157166,48740.823254185496,123691.75663738615
2021-10-13,173134.3732634301,48740.823254185496,124393.55000924462
2021-10-14,174705.82029953395,48740.823254185496,125964.99704534844
2021-10-15,175240.9410746112,48740.823254185496,126500.11782042572
2021-10-18,174718.0888673619,48740.823254185496,125977.26561317641
2021-10-19,176697.64442109934,48740.823254185496,127956.82116691384
2021-10-20,177782.62936108,48740.823254185496,129041.80610689451
2021-10-21,178250.76559593462,48740.823254185496,129509.94234174912
2021-10-22,179168.13510547712,48740.823254185496,130427.31185129163
2021-10-25,179286.80331228874,48740.823254185496,130545.98005810325
2021-10-26,179901.2580993086,48740.823254185496,131160.4348451231
2021-10-27,179039.5730339259,48740.823254185496,130298.74977974042
2021-10-28,182305.4917604327,48740.823254185496,133564.6685062472
2021-10-29,182024.1034981306,48740.823254185496,133283.2802439451
2021-11-01,180905.66808957938,48740.823254185496,132164.8448353939
2021-11-02,180158.6809115104,48740.823254185496,131417.8576573249
2021-11-03,182021.11038927562,48740.823254185496,133280.28713509013
2021-11-04,182737.1123640266,48740.823254185496,133996.2891098411
2021-11-05,181753.92057861816,48740.823254185496,133013.09732443266
2021-11-08,181743.07543601454,63533.240009577916,118209.83542643662
2021-11-09,181164.3790029601,63533.240009577916,117631.1389933822
2021-11-10,179783.41990473293,63533.240009577916,116250.17989515502
2021-11-11,179188.54148242547,63533.240009577916,115655.30147284754
2021-11-12,180302.68993329338,63533.240009577916,116769.44992371547
2021-11-15,181699.25862475802,63533.240009577916,118166.0186151801
2021-11-16,181735.92716084982,63533.240009577916,118202.68715127191
2021-11-17,181237.72757591016,63533.240009577916,117704.48756633226
2021-11-18,181447.36655088217,63533.240009577916,117914.12654130426
2021-11-19,181351.15100106248,63533.240009577916,117817.91099148455
2021-11-22,181339.0872488321,63533.240009577916,117805.84723925417
2021-11-23,180198.05510958552,63533.240009577916,116664.8151000076
2021-11-24,180699.55881898815,63533.240009577916,117166.31880941025
2021-11-26,177372.4696816215,63533.240009577916,113839.22967204358
2021-11-29,178524.36003660556,63533.240009577916,114991.12002702763
2021-11-30,174996.12220561,63533.240009577916,111462.8821960321
2021-12-01,174430.77563091472,83810.35493668282,90620.42069423191
2021-12-02,175358.47397542247,83810.35493668282,91548.11903873965
2021-12-03,173811.81434747626,83810.35493668282,90001.45941079344
2021-12-06,174420.0783629982,83810.35493668282,90609.7234263154
2021-12-07,176968.77563907817,49459.450464816415,127509.32517426176
2021-12-08,179289.08181304083,49459.450464816415,129829.6313482244
2021-12-09,179354.48989194268,49459.450464816415,129895.03942712626
2021-12-10,180163.57915117973,49459.450464816415,130704.12868636331
2021-12-13,179852.4288923036,49459.450464816415,130392.97842748718
2021-12-14,179011.70730052816,49459.450464816415,129552.25683571174
2021-12-15,182503.91611663526,49459.450464816415,133044.46565181884
2021-12-16,181658.45136448139,49459.450464816415,132199.00089966497
2021-12-17,180772.21060375147,49459.450464816415,131312.76013893506
2021-12-20,179229.62656584414,49459.450464816415,129770.17610102773
2021-12-21,181796.74181067396,49459.450464816415,132337.29134585755
2021-12-22,184019.8117401526,49459.450464816415,134560.36127533618
2021-12-23,185825.50971792988,49459.450464816415,136366.05925311346
2021-12-27,187546.50314117843,49459.450464816415,138087.05267636201
2021-12-28,187412.40772743564,49459.450464816415,137952.95726261922
2021-12-29,188657.47954467914,49459.450464816415,139198.02907986272
2021-12-30,188550.76395101476,49459.450464816415,139091.31348619834
2021-12-31,187752.26627440215,49459.450464816415,138292.81580958574
2022-01-03,186108.6089419337,49459.450464816415,136649.15847711728
2022-01-04,184007.37276409636,49459.450464816415,134547.92229927995
2022-01-05,180359.03674744922,49459.450464816415,130899.58628263281
2022-01-06,179233.89691795598,49459.450464816415,129774.44645313956
2022-01-07,178105.83896796702,35507.08879345383,142598.75017451317
2022-01-10,179306.03610842128,35507.08879345383,143798.94731496746
2022-01-11,179903.69807576522,35507.08879345383,144396.6092823114
2022-01-12,179746.588485825,35507.08879345383,144239.49969237114
2022-01-13,178727.99245941796,35507.08879345383,143220.9036659641
2022-01-14,178148.36420924187,35507.08879345383,142641.27541578803
2022-01-18,175071.77385509497,35507.08879345383,139564.68506164115
2022-01-19,174200.0643402622,35507.08879345383,138692.9755468084
2022-01-20,172682.55156080594,35507.08879345383,137175.4627673521
2022-01-21,171130.2571622043,35507.08879345383,135623.16836875048
2022-01-24,171282.56090278627,35507.08879345383,135775.47210933245
2022-01-25,167814.40340721648,35507.08879345383,132307.31461376263
2022-01-26,166976.94557891178,59684.87139947672,107292.07417943506
2022-01-27,164598.74617880926,83461.43407231197,81137.3121064973
2022-01-28,166589.81350299064,83461.43407231197,83128.37943067867
2022-01-31,165809.20210760378,83461.43407231197,82347.7680352918
2022-02-01,166612.69044084207,83461.43407231197,83151.2563685301
2022-02-02,167465.36100002777,83461.43407231197,84003.9269277158
2022-02-03,166520.5410144127,83461.43407231197,83059.10694210074
2022-02-04,166445.4048632386,83461.43407231197,82983.97079092663
2022-02-07,166466.60102884346,54025.747758416604,112440.85327042686
2022-02-08,167681.05387100027,54025.747758416604,113655.30611258367
2022-02-09,169152.71123732085,54025.747758416604,115126.96347890426
2022-02-10,167825.2329484193,54025.747758416604,113799.48519000267
2022-02-11,167535.53100276316,54025.747758416604,113509.78324434656
2022-02-14,166538.12207655155,54025.747758416604,112512.37431813494
2022-02-15,169001.69080232122,54025.747758416604,114975.94304390461
2022-02-16,170418.35218883478,54025.747758416604,116392.60443041817
2022-02-17,168197.6410473694,54025.747758416604,114171.8932889528
2022-02-18,166328.6742855972,54025.747758416604,112302.92652718059
2022-02-22,165647.35193677765,54025.747758416604,111621.60417836103
2022-02-23,164573.197954537,54025.747758416604,110547.4501961204
2022-02-24,167036.50050295057,54025.747758416604,113010.75274453398
2022-02-25,170094.64185449964,54025.747758416604,116068.89409608304
2022-02-28,169714.37069957203,54025.747758416604,115688.62294115542
2022-03-01,169113.45342723263,54025.747758416604,115087.70566881601
2022-03-02,170842.23784156717,54025.747758416604,116816.49008315057
2022-03-03,170883.3173893392,54025.747758416604,116857.56963092262
2022-03-04,170486.33132682342,54025.747758416604,116460.58356840682
2022-03-07,168372.76563882243,47057.02704708424,121315.73859173819
2022-03-08,166028.44094279842,47057.02704708424,118971.41389571418
2022-03-09,169139.6975867268,47057.02704708424,122082.67053964257
2022-03-10,169662.8546226059,47057.02704708424,122605.82757552165
2022-03-11,168418.51886264238,47057.02704708424,121361.49181555814
2022-03-14,167871.35302036122,47057.02704708424,120814.32597327697
2022-03-15,171031.8213992022,47057.02704708424,123974.79435211795
2022-03-16,173143.46829769577,47057.02704708424,126086.44125061153
2022-03-17,175266.304256819,47057.02704708424,128209.27720973478
2022-03-18,175676.72745481093,47057.02704708424,128619.70040772668
2022-03-21,175821.3227912946,47057.02704708424,128764.29574421035
2022-03-22,176175.10129770916,47057.02704708424,129118.07425062492
2022-03-23,173146.93666643027,47057.02704708424,126089.90961934603
2022-03-24,174593.18168341045,47057.02704708424,127536.15463632622
2022-03-25,175261.71047286034,47057.02704708424,128204.68342577611
2022-03-28,176858.03602346408,47057.02704708424,129801.00897637985
2022-03-29,177841.00185531355,47057.02704708424,130783.97480822931
2022-03-30,176862.9614034322,47057.02704708424,129805.93435634795
2022-03-31,176433.24391372345,47057.02704708424,129376.21686663921
2022-04-01,178386.1025536098,47057.02704708424,131329.07550652555
2022-04-04,177052.55271652638,47057.02704708424,129995.52566944214
2022-04-05,176538.63696857967,47057.02704708424,129481.60992149543
2022-04-06,178637.35036909464,47057.02704708424,131580.3233220104
2022-04-07,181185.01992301797,50637.811588444136,130547.20833457384
2022-04-08,181415.3140651908,50637.811588444136,130777.50247674665
2022-04-11,179681.99308435363,50637.811588444136,129044.18149590949
2022-04-12,178743.9389756355,50637.811588444136,128106.12738719136
2022-04-13,180588.52667438585,50637.811588444136,129950.71508594172
2022-04-14,179759.08422385878,50637.811588444136,129121.27263541463
2022-04-18,178229.70047692026,50637.811588444136,127591.88888847613
2022-04-19,176126.7781785336,50637.811588444136,125488.96659008946
2022-04-20,177808.76703463143,50637.811588444136,127170.95544618729
2022-04-21,175652.8170042744,50637.811588444136,125015.00541583027
2022-04-22,172593.52076019358,72879.99305230638,99713.52770788719
2022-04-25,172899.7864224544,72879.99305230638,100019.79337014802
2022-04-26,170802.05030094093,94456.77528088306,76345.27502005789
2022-04-27,169687.955583781,94456.77528088306,75231.18030289795
2022-04-28,170493.50722996713,94456.77528088306,76036.73194908407
2022-04-29,167540.69643278362,94456.77528088306,73083.92115190055
2022-05-02,166695.83924537955,94456.77528088306,72239.06396449651
2022-05-03,168397.13330127037,94456.77528088306,73940.35802038731
2022-05-04,168373.14278178528,94456.77528088306,73916.36750090224
2022-05-05,166376.16214863438,94456.77528088306,71919.38686775132
2022-05-06,165038.35477505863,116994.16456734343,48044.19020771521
2022-05-09,163381.42498737248,102090.40648516949,61291.01850220299
2022-05-10,161244.98380029685,102090.40648516949,59154.57731512736
2022-05-11,161066.0067017941,102090.40648516949,58975.60021662463
2022-05-12,161911.18567625244,102090.40648516949,59820.779191082955
2022-05-13,162693.0928285298,102090.40648516949,60602.68634336031
2022-05-16,162360.30287015092,102090.40648516949,60269.89638498144
2022-05-17,163588.564382503,102090.40648516949,61498.157897333534
2022-05-18,161253.47075719968,102090.40648516949,59163.064272030206
2022-05-19,160338.0199993744,102090.40648516949,58247.6135142049
2022-05-20,160851.31865396549,102090.40648516949,58760.91216879599
2022-05-23,161567.5267848951,102090.40648516949,59477.12029972561
2022-05-24,160777.69542419518,102090.40648516949,58687.2889390257
2022-05-25,161600.418472912,102090.40648516949,59510.011987742495
2022-05-26,162502.367984986,102090.40648516949,60411.961499816505
2022-05-27,163546.98384872248,102090.40648516949,61456.577363553006
2022-05-31,162843.04928056663,102090.40648516949,60752.64279539713
2022-06-01,161760.75894569975,102090.40648516949,59670.35246053026
2022-06-02,163557.17324842422,102090.40648516949,61466.76676325474
2022-06-03,162112.19568598538,102090.40648516949,60021.789200815896
2022-06-06,162262.30709546423,102090.40648516949,60171.900610294746
2022-06-07,162811.71695570488,101734.41911062364,61077.29784508124
2022-06-08,161972.44731576362,101734.41911062364,60238.02820514
2022-06-09,159980.34809143876,101734.41911062364,58245.92898081511
2022-06-10,158282.9950549907,101734.41911062364,56548.575944367054
2022-06-13,155414.42404662186,111528.43736083718,43885.98668578468
2022-06-14,154522.24927173482,111528.43736083718,42993.81191089763
2022-06-15,155366.4373838894,111528.43736083718,43838.00002305221
2022-06-16,154336.92137868292,121627.1467415773,32709.774637105635
2022-06-17,154847.9749994009,121627.1467415773,33220.82825782361
2022-06-21,155305.3967202784,121627.1467415773,33678.249978701104
2022-06-22,155506.03064941647,121627.1467415773,33878.88390783918
2022-06-23,157000.12705853116,121627.1467415773,35372.980316953865
2022-06-24,157713.62015782055,121627.1467415773,36086.47341624326
2022-06-27,157412.0917447182,121627.1467415773,35784.94500314091
2022-06-28,156673.69615373953,121627.1467415773,35046.54941216222
2022-06-29,157192.75580350598,121627.1467415773,35565.60906192868
2022-06-30,156702.73732507337,121627.1467415773,35075.59058349607
2022-07-01,157326.5487955435,121627.1467415773,35699.402053966216
2022-07-05,157695.77917745383,121627.1467415773,36068.63243587653
2022-07-06,157934.7150730887,121627.1467415773,36307.568331511415
2022-07-07,158437.97217745084,118818.57428361467,39619.39789383616
2022-07-08,158211.6953432255,118818.57428361467,39393.121059610814
2022-07-11,157269.41963590126,118818.57428361467,38450.84535228658
2022-07-12,156093.7077575355,118818.57428361467,37275.13347392084
2022-07-13,156011.53826496622,118818.57428361467,37192.963981351546
2022-07-14,155515.03776279715,118818.57428361467,36696.463479182494
2022-07-15,156722.64548245363,118818.57428361467,37904.07119883895
2022-07-18,156970.3621695945,118818.57428361467,38151.78788597982
2022-07-19,158125.08268513076,118818.57428361467,39306.508401516105
2022-07-20,158664.34705759407,118818.57428361467,39845.77277397941
2022-07-21,158423.22902741865,118818.57428361467,39604.65474380397
2022-07-22,158163.7962442787,118818.57428361467,39345.221960664036
2022-07-25,158569.7690540672,118818.57428361467,39751.19477045255
2022-07-26,157892.59399084828,118818.57428361467,39074.01970723361
2022-07-27,158864.50164185045,118818.57428361467,40045.9273582358
2022-07-28,160501.39424779755,118818.57428361467,41682.8199641829
2022-07-29,161957.15933391714,118818.57428361467,43138.585050302456
2022-08-01,161948.36922578397,118818.57428361467,43129.7949421693
2022-08-02,161819.59946924762,118818.57428361467,43001.02518563295
2022-08-03,162318.5108100712,118818.57428361467,43499.93652645653
2022-08-04,161888.80140305345,118818.57428361467,43070.227119438794
2022-08-05,162343.72649554463,118818.57428361467,43525.15221192997
2022-08-08,162441.19131727488,64917.96258967341,97523.22872760147
2022-08-09,160242.4742479539,64917.96258967341,95324.51165828052
2022-08-10,162681.60847598332,64917.96258967341,97763.6458863099
2022-08-11,162110.38576516812,64917.96258967341,97192.4231754947
2022-08-12,162818.13327378742,64917.96258967341,97900.17068411401
2022-08-15,162755.9332288827,64917.96258967341,97837.97063920929
2022-08-16,162033.21075751388,64917.96258967341,97115.24816784047
2022-08-17,160561.7634674796,64917.96258967341,95643.80087780622
2022-08-18,159817.41929886318,64917.96258967341,94899.45670918978
2022-08-19,159989.92185619654,64917.96258967341,95071.95926652312
2022-08-22,157775.77253209683,64917.96258967341,92857.80994242341
2022-08-23,156904.97481648184,64917.96258967341,91987.01222680844
2022-08-24,157123.9495644281,64917.96258967341,92205.98697475469
2022-08-25,158385.6488368482,64917.96258967341,93467.6862471748
2022-08-26,154208.65071487718,64917.96258967341,89290.68812520379
2022-08-29,154046.87151293756,64917.96258967341,89128.90892326416
2022-08-30,153339.79672067062,64917.96258967341,88421.83413099722
2022-08-31,152550.35918579006,64917.96258967341,87632.39659611664
2022-09-01,153734.3668736267,64917.96258967341,88816.4042839533
2022-09-02,152631.2740976892,97798.37781143983,54832.89628624935
2022-09-06,152501.76070011512,97798.37781143983,54703.3828886753
2022-09-07,153893.37669414483,92311.39322309848,61581.98347104635
2022-09-08,157361.0181438158,92311.39322309848,65049.62492071731
2022-09-09,158656.43332888713,92311.39322309848,66345.04010578865
2022-09-12,158755.48440696474,92311.39322309848,66444.09118386624
2022-09-13,155633.7593634946,92311.39322309848,63322.36614039614
2022-09-14,155220.5593340461,92311.39322309848,62909.16611094761
2022-09-15,155542.6665122108,92311.39322309848,63231.273289112316
2022-09-16,155528.9904645221,92311.39322309848,63217.59724142363
2022-09-19,155276.8847331067,92311.39322309848,62965.49151000824
2022-09-20,154133.38898772025,92311.39322309848,61821.99576462178
2022-09-21,152986.81800954713,92311.39322309848,60675.42478644865
2022-09-22,152625.45871583634,92311.39322309848,60314.06549273785
2022-09-23,152965.51665501873,92311.39322309848,60654.123431920234
2022-09-26,151696.0294316967,103181.12429810596,48514.90513359074
2022-09-27,151628.5555251171,114210.71325771038,37417.842267406704
2022-09-28,152626.84087144138,114210.71325771038,38416.12761373101
2022-09-29,151872.06859830237,114210.71325771038,37661.355340591996
2022-09-30,151536.04752742965,114210.71325771038,37325.33426971927
2022-10-03,153439.88200923003,114210.71325771038,39229.16875151967
2022-10-04,154379.31601755018,114210.71325771038,40168.60275983982
2022-10-05,154391.6438346692,114210.71325771038,40180.93057695883
2022-10-06,154012.90193123883,114210.71325771038,39802.188673528435
2022-10-07,153010.76633476428,114748.5091867862,38262.25714797807
2022-10-10,152905.8977151149,114748.5091867862,38157.3885283287
2022-10-11,153065.17090008076,114748.5091867862,38316.66171329457
2022-10-12,152699.83180406113,114748.5091867862,37951.32261727494
2022-10-13,153584.7968680359,114748.5091867862,38836.287681249676
2022-10-14,153000.46158933008,114748.5091867862,38251.95240254387
2022-10-17,153985.64070071524,114748.5091867862,39237.13151392905
2022-10-18,154384.57694576017,114748.5091867862,39636.067758973964
2022-10-19,153417.35394840094,114748.5091867862,38668.844761614746
2022-10-20,153254.29350972865,114748.5091867862,38505.78432294244
2022-10-21,153973.7438178305,114748.5091867862,39225.23463104428
2022-10-24,154195.79744614067,114748.5091867862,39447.28825935448
2022-10-25,155123.57685731744,114748.5091867862,40375.067670531236
2022-10-26,154671.909086153,114748.5091867862,39923.3998993668
2022-10-27,153849.27496885322,114748.5091867862,39100.765782067014
2022-10-28,154520.67497459042,114748.5091867862,39772.1657878042
2022-10-31,154275.7482537263,114748.5091867862,39527.2390669401
2022-11-01,154368.2573497584,114748.5091867862,39619.7481629722
2022-11-02,153843.314490718,114748.5091867862,39094.80530393182
2022-11-03,153362.73730603504,114748.5091867862,38614.22811924884
2022-11-04,154233.05655363828,114748.5091867862,39484.54736685208
2022-11-07,154025.4094379873,103950.87714764706,50074.53229034024
2022-11-08,154368.98283037497,103950.87714764706,50418.10568272792
2022-11-09,153870.19586900354,103950.87714764706,49919.31872135647
2022-11-10,157019.63410888016,103950.87714764706,53068.7569612331
2022-11-11,158189.47007484047,103950.87714764706,54238.59292719343
2022-11-14,157222.44864704114,103950.87714764706,53271.57149939407
2022-11-15,157769.24455089797,103950.87714764706,53818.3674032509
2022-11-16,157174.50526383164,103950.87714764706,53223.62811618459
2022-11-17,156169.55354355916,103950.87714764706,52218.67639591211
2022-11-18,156433.68259605597,103950.87714764706,52482.80544840891
2022-11-21,156440.31762387295,103950.87714764706,52489.44047622589
2022-11-22,157275.06564347039,103950.87714764706,53324.18849582333
2022-11-23,157345.95914154217,103950.87714764706,53395.08199389512
2022-11-25,157585.18391083117,103950.87714764706,53634.3067631841
2022-11-28,156932.46913826518,103950.87714764706,52981.59199061811
2022-11-29,157144.16262019807,103950.87714764706,53193.28547255101
2022-11-30,158670.13451083004,103950.87714764706,54719.257363183
2022-12-01,158976.3367264499,103950.87714764706,55025.459578802824
2022-12-02,158619.52258598333,103950.87714764706,54668.64543833628
2022-12-05,156882.13404908465,103950.87714764706,52931.25690143759
2022-12-06,155889.0109111419,103950.87714764706,51938.13376349485
2022-12-07,156015.1505712019,105293.74217783344,50721.40839336846
2022-12-08,156414.95611766516,105293.74217783344,51121.21393983171
2022-12-09,155960.05909277947,105293.74217783344,50666.316914946045
2022-12-12,156378.3989067936,105293.74217783344,51084.65672896015
2022-12-13,157027.8335776751,105293.74217783344,51734.09139984166
2022-12-14,157006.56992649334,105293.74217783344,51712.82774865988
2022-12-15,156269.43203744423,105293.74217783344,50975.6898596108
2022-12-16,155635.3225239839,105293.74217783344,50341.58034615044
2022-12-19,155277.22453611807,105293.74217783344,49983.48235828463
2022-12-20,155387.70811391473,105293.74217783344,50093.965936081295
2022-12-21,156280.89043589463,105293.74217783344,50987.148258061185
2022-12-22,156059.31367267406,105293.74217783344,50765.57149484064
2022-12-23,155808.8463558442,105293.74217783344,50515.10417801076
2022-12-27,155360.00892890425,105293.74217783344,50066.26675107081
2022-12-28,154792.21628750907,105293.74217783344,49498.47410967562
2022-12-29,155864.6014793809,105293.74217783344,50570.859301547454
2022-12-30,155687.6897196496,105293.74217783344,50393.94754181616
2023-01-03,155886.69540469,105293.74217783344,50592.95322685654
2023-01-04,157097.9352981859,105293.74217783344,51804.19312035248
2023-01-05,156883.278255158,105293.74217783344,51589.53607732454
2023-01-06,158400.73806855618,105293.74217783344,53106.995890722756
2023-01-09,157257.30352007266,94329.21087498555,62928.0926450871
2023-01-10,158501.67804759636,94329.21087498555,64172.467172610806
2023-01-11,158741.16492387655,94329.21087498555,64411.95404889099
2023-01-12,158917.64268735854,94329.21087498555,64588.431812372975
2023-01-13,159729.9072941514,94329.21087498555,65400.696419165855
2023-01-17,159941.03282412016,94329.21087498555,65611.82194913461
2023-01-18,159793.63133298387,94329.21087498555,65464.42045799833
2023-01-19,159508.7319463397,94329.21087498555,65179.52107135415
2023-01-20,160498.05229532957,94329.21087498555,66168.841420344
2023-01-23,161061.44181285994,94329.21087498555,66732.23093787438
2023-01-24,159257.98337066968,94329.21087498555,64928.77249568413
2023-01-25,159640.0167918192,94329.21087498555,65310.80591683365
2023-01-26,160199.1175273751,94329.21087498555,65869.90665238957
2023-01-27,160439.59466933314,94329.21087498555,66110.38379434757
2023-01-30,159751.1162574251,94329.21087498555,65421.90538243957
2023-01-31,160522.30127236838,94329.21087498555,66193.09039738282
2023-02-01,162086.3007667721,94329.21087498555,67757.08989178654
2023-02-02,163037.0734126419,94329.21087498555,68707.86253765636
2023-02-03,162571.21925246035,94329.21087498555,68242.00837747479
2023-02-06,161643.00015587587,94329.21087498555,67313.78928089033
2023-02-07,162321.02084652532,52680.3243049552,109640.69654157013
2023-02-08,160397.121455939,52680.3243049552,107716.7971509838
2023-02-09,159074.30767779177,52680.3243049552,106393.98337283658
2023-02-10,159621.20633307382,52680.3243049552,106940.88202811862
2023-02-13,161018.078346237,52680.3243049552,108337.75404128179
2023-02-14,160253.88017902686,52680.3243049552,107573.55587407165
2023-02-15,161344.37436562567,52680.3243049552,108664.05006067046
2023-02-16,159932.1492547538,52680.3243049552,107251.82494979861
2023-02-17,159791.0520167011,52680.3243049552,107110.72771174592
2023-02-21,156667.6426098753,52680.3243049552,103987.31830492012
2023-02-22,156152.2341328105,52680.3243049552,103471.90982785531
2023-02-23,157042.01273776314,52680.3243049552,104361.68843280795
2023-02-24,155432.43480364833,52680.3243049552,102752.11049869312
2023-02-27,155311.69814140216,71008.73127195149,84302.96686945067
2023-02-28,156060.09908356695,71008.73127195149,85051.36781161546
2023-03-01,156078.04296907113,71008.73127195149,85069.31169711966
2023-03-02,156394.68380791217,71008.73127195149,85385.95253596066
2023-03-03,158202.68729652854,71008.73127195149,87193.95602457704
2023-03-06,157448.69479893538,71008.73127195149,86439.96352698389
2023-03-07,156145.87311210454,81941.33622883534,74204.53688326922
2023-03-08,156000.37204970742,81941.33622883534,74059.03582087209
2023-03-09,154770.2321159212,81941.33622883534,72828.89588708585
2023-03-10,153022.06154709624,81941.33622883534,71080.72531826088
2023-03-13,153771.2111145893,81941.33622883534,71829.87488575395
2023-03-14,154177.39790396031,81941.33622883534,72236.06167512496
2023-03-15,153785.29690848646,81941.33622883534,71843.96067965112
2023-03-16,154131.3862140212,94116.45099226269,60014.93522175848
2023-03-17,153559.95264971955,94116.45099226269,59443.50165745687
2023-03-20,154568.6049625419,94116.45099226269,60452.15397027919
2023-03-21,155216.83954735904,94116.45099226269,61100.388555096346
2023-03-22,153719.79301594518,94116.45099226269,59603.34202368249
2023-03-23,154740.2807438156,94116.45099226269,60623.829751552905
2023-03-24,155609.64635277246,94116.45099226269,61493.19536050976
2023-03-27,155769.92883215117,94116.45099226269,61653.477839888496
2023-03-28,155790.61728224377,94116.45099226269,61674.166289981076
2023-03-29,156018.67767043205,94116.45099226269,61902.22667816936
2023-03-30,156166.46667751297,94116.45099226269,62050.01568525029
2023-03-31,157040.59610577518,94116.45099226269,62924.1451135125
2023-04-03,156712.54231543635,94116.45099226269,62596.09132317368
2023-04-04,156848.62709388952,94116.45099226269,62732.17610162683
2023-04-05,156973.28522920006,94116.45099226269,62856.83423693737
2023-04-06,156947.3407273225,94116.45099226269,62830.88973505982
2023-04-10,156748.1634426993,94023.80832357194,62724.355119127365
2023-04-11,156923.78426132983,94023.80832357194,62899.97593775788
2023-04-12,156195.90716722375,94023.80832357194,62172.098843651795
2023-04-13,156881.55401846737,94023.80832357194,62857.745694895435
2023-04-14,156645.64244891645,94023.80832357194,62621.834125344525
2023-04-17,156993.96841672732,94023.80832357194,62970.160093155384
2023-04-18,156819.14043557306,94023.80832357194,62795.33211200111
2023-04-19,158137.0373429758,94023.80832357194,64113.22901940385
2023-04-20,157159.60968256768,94023.80832357194,63135.80135899575
2023-04-21,157855.94606145538,94023.80832357194,63832.13773788344
2023-04-24,158657.06334837648,94023.80832357194,64633.25502480455
2023-04-25,157312.18568811117,94023.80832357194,63288.37736453922
2023-04-26,156869.10655833353,94023.80832357194,62845.29823476158
2023-04-27,157169.81585116906,94023.80832357194,63146.00752759712
2023-04-28,158093.74743385598,94023.80832357194,64069.939110284045
2023-05-01,157612.60477719162,94023.80832357194,63588.79645361968
2023-05-02,156167.59526345454,94023.80832357194,62143.786939882615
2023-05-03,156083.77126416107,105030.23452823157,51053.5367359295
2023-05-04,155030.9778132186,105030.23452823157,50000.74328498705
2023-05-05,155802.34099942242,105030.23452823157,50772.10647119084
2023-05-08,155532.0123609976,85511.09738681032,70020.91497418731
2023-05-09,155116.56440348114,85511.09738681032,69605.46701667082
2023-05-10,155240.63582230726,85511.09738681032,69729.53843549694
2023-05-11,154854.34575411116,85511.09738681032,69343.24836730084
2023-05-12,154356.640300575,85511.09738681032,68845.54291376467
2023-05-15,154764.15085347154,85511.09738681032,69253.05346666122
2023-05-16,153933.44368007348,85511.09738681032,68422.34629326315
2023-05-17,154428.79603297485,85511.09738681032,68917.69864616451
2023-05-18,154822.57267700936,85511.09738681032,69311.47529019904
2023-05-19,155129.8943274804,85511.09738681032,69618.7969406701
2023-05-22,155414.24605779033,85511.09738681032,69903.14867098001
2023-05-23,153805.46765494568,85511.09738681032,68294.37026813535
2023-05-24,152721.8959370036,85511.09738681032,67210.79855019329
2023-05-25,151714.89044269983,85511.09738681032,66203.79305588953
2023-05-26,152305.50682429993,85511.09738681032,66794.40943748961
2023-05-30,152603.53616467002,85511.09738681032,67092.43877785972
2023-05-31,152952.64415501105,85511.09738681032,67441.54676820074
2023-06-01,153167.02744552935,85511.09738681032,67655.93005871904
2023-06-02,154551.56333681755,85511.09738681032,69040.46595000723
2023-06-05,154301.49335103398,85511.09738681032,68790.39596422366
2023-06-06,154888.75027012354,85511.09738681032,69377.65288331322
2023-06-07,154989.24527987963,85212.68545201127,69776.55982786836
2023-06-08,155257.53327810293,85212.68545201127,70044.84782609167
2023-06-09,154979.87912879372,85212.68545201127,69767.19367678245
2023-06-12,156016.725814796,85212.68545201127,70804.04036278474
2023-06-13,157041.9789126265,85212.68545201127,71829.29346061526
2023-06-14,157517.10584394343,85212.68545201127,72304.42039193214
2023-06-15,158894.8395170911,85212.68545201127,73682.15406507984
2023-06-16,159204.24267766456,85212.68545201127,73991.5572256533
2023-06-20,158708.01224792423,85212.68545201127,73495.32679591294
2023-06-21,158668.44309354443,85212.68545201127,73455.75764153316
2023-06-22,158981.71323944017,85212.68545201127,73769.02778742889
2023-06-23,158194.33306324045,85212.68545201127,72981.6476112292
2023-06-26,159678.50566800172,85212.68545201127,74465.82021599043
2023-06-27,159575.4056939128,85212.68545201127,74362.72024190152
2023-06-28,158945.30628929246,85212.68545201127,73732.62083728121
2023-06-29,159994.56294396045,85212.68545201127,74781.87749194918
2023-06-30,161788.11192267068,85212.68545201127,76575.42647065941
2023-07-03,161086.07695918565,85212.68545201127,75873.3915071744
2023-07-05,160647.0918742462,85212.68545201127,75434.40642223491
2023-07-06,159724.1996167906,85212.68545201127,74511.51416477934
2023-07-07,160121.7527164302,88034.52474144787,72087.22797498234
2023-07-10,160696.6149677641,88034.52474144787,72662.09022631623
2023-07-11,161408.43374178853,88034.52474144787,73373.90900034066
2023-07-12,161906.67003928605,88034.52474144787,73872.14529783819
2023-07-13,162591.02532407496,88034.52474144787,74556.50058262708
2023-07-14,162109.14690804327,88034.52474144787,74074.6221665954
2023-07-17,162091.131383358,88034.52474144787,74056.60664191014
2023-07-18,162780.48692561284,88034.52474144787,74745.962184165
2023-07-19,163682.11686637293,88034.52474144787,75647.59212492508
2023-07-20,163648.12029711052,88034.52474144787,75613.59555566267
2023-07-21,163925.50963076187,88034.52474144787,75890.98488931402
2023-07-24,164125.37735246768,88034.52474144787,76090.85261101983
2023-07-25,164192.98785283882,88034.52474144787,76158.46311139096
2023-07-26,165129.72281442763,88034.52474144787,77095.19807297978
2023-07-27,161921.28020424448,88034.52474144787,73886.75546279663
2023-07-28,162444.9895118229,88034.52474144787,74410.46477037504
2023-07-31,162472.2065027717,88034.52474144787,74437.68176132382
2023-08-01,162115.08764622375,88034.52474144787,74080.56290477588
2023-08-02,161757.64957057018,88034.52474144787,73723.12482912232
2023-08-03,160883.88726985655,88034.52474144787,72849.36252840869
2023-08-04,160627.96253111254,88034.52474144787,72593.43778966469
2023-08-07,161758.52379473767,52497.76922395447,109260.7545707832
2023-08-08,160259.73440313461,52497.76922395447,107761.96517918014
2023-08-09,159134.68498206147,52497.76922395447,106636.915758107
2023-08-10,159076.327839431,52497.76922395447,106578.55861547653
2023-08-11,159493.15730356646,52497.76922395447,106995.38807961199
2023-08-14,159820.4002403329,52497.76922395447,107322.63101637844
2023-08-15,158026.68606119382,52497.76922395447,105528.91683723936
2023-08-16,158373.50877827161,52497.76922395447,105875.73955431714
2023-08-17,157631.19812402572,52497.76922395447,105133.42890007126
2023-08-18,157877.90630719328,52497.76922395447,105380.13708323882
2023-08-21,158221.44975783737,52497.76922395447,105723.6805338829
2023-08-22,157884.35189027456,52497.76922395447,105386.58266632009
2023-08-23,159683.70659727167,52497.76922395447,107185.93737331718
2023-08-24,158696.0883340445,52497.76922395447,106198.31911009003
2023-08-25,158703.5322660866,52497.76922395447,106205.76304213214
2023-08-28,160769.5398794535,52497.76922395447,108271.77065549904
2023-08-29,162575.36228794034,52497.76922395447,110077.59306398589
2023-08-30,161901.42721210283,52497.76922395447,109403.65798814836
2023-08-31,161266.8476383053,52497.76922395447,108769.07841435084
2023-09-01,162029.5878296481,52497.76922395447,109531.81860569364
2023-09-05,161360.1588728236,52497.76922395447,108862.38964886914
2023-09-06,160998.75068875914,52497.76922395447,108500.98146480467
2023-09-07,160444.32972205692,46046.23615342373,114398.09356863318
2023-09-08,159495.871516801,46046.23615342373,113449.63536337728
2023-09-11,159851.65140291123,46046.23615342373,113805.41524948752
2023-09-12,158286.10787100397,46046.23615342373,112239.87171758024
2023-09-13,157093.04800448142,46046.23615342373,111046.81185105769
2023-09-14,158637.44390998536,46046.23615342373,112591.20775656162
2023-09-15,157088.92861445821,46046.23615342373,111042.69246103449
2023-09-18,156372.15758494078,46046.23615342373,110325.92143151707
2023-09-19,156950.05754079402,46046.23615342373,110903.8213873703
2023-09-20,156504.04853762657,46046.23615342373,110457.81238420286
2023-09-21,152767.89894708584,46046.23615342373,106721.6627936621
2023-09-22,151806.3438229012,46046.23615342373,105760.10766947745
2023-09-25,151952.58640262688,46046.23615342373,105906.35024920315
2023-09-26,150721.6868073447,46046.23615342373,104675.45065392097
2023-09-27,150554.94380767777,46046.23615342373,104508.70765425403
2023-09-28,151701.9458734122,46046.23615342373,105655.70971998844
2023-09-29,151331.53162272816,46046.23615342373,105285.29546930443
2023-10-02,151549.7501623177,46046.23615342373,105503.51400889398
2023-10-03,149233.5559657935,65053.49965611471,84180.0563096788
2023-10-04,150090.12876071333,65053.49965611471,85036.62910459863
2023-10-05,150363.8016532794,65053.49965611471,85310.3019971647
2023-10-06,151946.02381069853,65053.49965611471,86892.5241545838
2023-10-09,152087.5155911436,79811.61463239501,72275.90095874859
2023-10-10,152307.16463347297,79811.61463239501,72495.55000107795
2023-10-11,152142.8839566727,79811.61463239501,72331.2693242777
2023-10-12,150822.92311437914,79811.61463239501,71011.30848198413
2023-10-13,150556.09034855632,79811.61463239501,70744.47571616131
2023-10-16,151693.29907756468,79811.61463239501,71881.68444516968
2023-10-17,151848.93293541818,79811.61463239501,72037.31830302317
2023-10-18,150544.7838767724,79811.61463239501,70733.16924437738
2023-10-19,149082.9475149535,79811.61463239501,69271.3328825585
2023-10-20,148982.0490949023,79811.61463239501,69170.4344625073
2023-10-23,148450.88659468025,79811.61463239501,68639.27196228526
2023-10-24,148424.5629440553,79811.61463239501,68612.94831166028
2023-10-25,145466.5305573996,79811.61463239501,65654.91592500458
2023-10-26,144535.9014007636,79811.61463239501,64724.2867683686
2023-10-27,143948.43840374984,92047.95397022204,51900.4844335278
2023-10-30,144995.79958896775,92047.95397022204,52947.845618745734
2023-10-31,144882.1728189767,92047.95397022204,52834.21884875464
2023-11-01,145366.27401219867,92047.95397022204,53318.320041976636
2023-11-02,147807.5777482263,92047.95397022204,55759.62377800424
2023-11-03,149458.01809930708,92047.95397022204,57410.06412908503
2023-11-06,149171.32352354028,92047.95397022204,57123.36955331824
2023-11-07,148089.79514892766,112910.11362669579,35179.681522231855
2023-11-08,147998.16486821172,112910.11362669579,35088.05124151595
2023-11-09,147087.97172475548,112910.11362669579,34177.85809805968
2023-11-10,147442.1714915822,112910.11362669579,34532.057864886425
2023-11-13,147302.25422227784,112910.11362669579,34392.14059558205
2023-11-14,149180.60462778152,112910.11362669579,36270.49100108572
2023-11-15,149610.01171490512,112910.11362669579,36699.89808820934
2023-11-16,149291.7668750639,112910.11362669579,36381.65324836813
2023-11-17,149630.53887959736,112910.11362669579,36720.42525290156
2023-11-20,149884.71616886882,112910.11362669579,36974.60254217303
2023-11-21,149594.91175610528,112910.11362669579,36684.79812940949
2023-11-22,149868.6442745691,112910.11362669579,36958.5306478733
2023-11-24,149925.62227196287,112910.11362669579,37015.508645267066
2023-11-27,149714.0940714153,112910.11362669579,36803.98044471952
2023-11-28,150061.89331705266,112910.11362669579,37151.779690356874
2023-11-29,150406.34541255896,112910.11362669579,37496.23178586318
2023-11-30,150732.32882204937,112910.11362669579,37822.215195353565
2023-12-01,152398.54549692204,112910.11362669579,39488.43187022624
2023-12-04,153447.22535276826,112910.11362669579,40537.11172607247
2023-12-05,153334.18294676358,112910.11362669579,40424.06932006781
2023-12-06,153725.17895435076,112910.11362669579,40815.06532765497
2023-12-07,153975.89388154534,80802.58696702693,73173.30691451843
2023-12-08,153651.40153374925,80802.58696702693,72848.81456672231
2023-12-11,153185.7092618652,80802.58696702693,72383.12229483828
2023-12-12,152578.30301989094,80802.58696702693,71775.71605286401
2023-12-13,156996.37630022346,80802.58696702693,76193.78933319653
2023-12-14,161290.1246098418,80802.58696702693,80487.53764281486
2023-12-15,160466.14728323437,80802.58696702693,79663.56031620744
2023-12-18,159955.5608805565,80802.58696702693,79152.97391352957
2023-12-19,160210.33240207992,80802.58696702693,79407.74543505299
2023-12-20,159263.57257462328,80802.58696702693,78460.98560759636
2023-12-21,160497.09682837868,80802.58696702693,79694.50986135175
2023-12-22,160449.4448872448,80802.58696702693,79646.85792021788
2023-12-26,161679.38969976187,80802.58696702693,80876.80273273493
2023-12-27,161514.8654252566,80802.58696702693,80712.27845822966
2023-12-28,161768.7758562242,80802.58696702693,80966.18888919728
2023-12-29,160438.96121536015,80802.58696702693,79636.37424833323
2024-01-02,160793.84448410082,80802.58696702693,79991.25751707389
2024-01-03,157906.57589458965,80802.58696702693,77103.98892756272
2024-01-04,158055.08205994125,80802.58696702693,77252.49509291431
2024-01-05,158219.94186485384,80802.58696702693,77417.35489782692
2024-01-08,158995.6692745295,83436.83592328615,75558.83335124336
2024-01-09,158373.07141903957,83436.83592328615,74936.23549575341
2024-01-10,159080.22897048097,83436.83592328615,75643.39304719481
2024-01-11,158307.21820193474,83436.83592328615,74870.38227864858
2024-01-12,158486.75701243494,83436.83592328615,75049.9210891488
2024-01-16,157514.94926902623,83436.83592328615,74078.11334574006
2024-01-17,156077.83282344328,83436.83592328615,72640.99690015714
2024-01-18,156048.29823041992,83436.83592328615,72611.46230713377
2024-01-19,157454.77921896172,83436.83592328615,74017.94329567556
2024-01-22,158468.3996366742,83436.83592328615,75031.56371338805
2024-01-23,158648.33771755977,83436.83592328615,75211.50179427362
2024-01-24,158592.63441954047,83436.83592328615,75155.79849625433
2024-01-25,159782.51241912637,83436.83592328615,76345.67649584022
2024-01-26,159761.03503026662,83436.83592328615,76324.19910698048
2024-01-29,160498.330726668,83436.83592328615,77061.49480338187
2024-01-30,159816.795099402,83436.83592328615,76379.95917611584
2024-01-31,157755.92970262107,83436.83592328615,74319.09377933493
2024-02-01,157817.31902038716,83436.83592328615,74380.48309710101
2024-02-02,156911.92292048573,83436.83592328615,73475.08699719956
2024-02-05,156052.25960385744,83436.83592328615,72615.42368057129
2024-02-06,156403.0166785517,83436.83592328615,72966.18075526555
2024-02-07,156364.80571471818,85968.96501478003,70395.84069993814
2024-02-08,157173.80033239524,85968.96501478003,71204.8353176152
2024-02-09,157062.5584498327,85968.96501478003,71093.59343505267
2024-02-12,158099.6128784219,85968.96501478003,72130.64786364188
2024-02-13,156204.3442820473,85968.96501478003,70235.37926726727
2024-02-14,157632.61418054096,85968.96501478003,71663.64916576091
2024-02-15,158981.50124836658,85968.96501478003,73012.53623358655
2024-02-16,159369.7314992565,85968.96501478003,73400.76648447647
2024-02-20,159015.11399597483,85968.96501478003,73046.14898119478
2024-02-21,158580.81816187175,85968.96501478003,72611.85314709172
2024-02-22,159027.34342802636,85968.96501478003,73058.37841324633
2024-02-23,159433.90536440164,85968.96501478003,73464.94034962161
2024-02-26,159217.56321909197,85968.96501478003,73248.59820431193
2024-02-27,159866.57132258808,85968.96501478003,73897.60630780803
2024-02-28,159281.2353140689,85968.96501478003,73312.2702992889
2024-02-29,159926.49736208812,85968.96501478003,73957.53234730811
2024-03-01,160490.5047239593,85968.96501478003,74521.53970917927
2024-03-04,160049.24690273745,85968.96501478003,74080.28188795742
2024-03-05,160867.94479431649,85968.96501478003,74898.97977953644
2024-03-06,160299.69510337064,85968.96501478003,74330.73008859062
2024-03-07,160191.73618784652,88073.00147269378,72118.73471515274
2024-03-08,160542.4835412668,88073.00147269378,72469.48206857301
2024-03-11,160254.143538232,88073.00147269378,72181.14206553821
2024-03-12,160221.5917216665,88073.00147269378,72148.59024897272
2024-03-13,160801.4472085402,88073.00147269378,72728.44573584641
2024-03-14,159102.22923410582,88073.00147269378,71029.22776141204
2024-03-15,159850.67390955187,88073.00147269378,71777.67243685809
2024-03-18,160147.09374153038,88073.00147269378,72074.0922688366
2024-03-19,160555.6878811337,88073.00147269378,72482.68640843991
2024-03-20,161759.0784384481,88073.00147269378,73686.07696575433
2024-03-21,163125.83237404499,88073.00147269378,75052.8309013512
2024-03-22,161319.4886548786,88073.00147269378,73246.48718218482
2024-03-25,161246.382887872,88073.00147269378,73173.3814151782
2024-03-26,160223.1120447293,88073.00147269378,72150.11057203553
2024-03-27,161955.78492502493,88073.00147269378,73882.78345233115
2024-03-28,163099.53660616718,88073.00147269378,75026.5351334734
2024-04-01,161841.33294589666,88073.00147269378,73768.33147320287
2024-04-02,160625.89544762013,88073.00147269378,72552.89397492634
2024-04-03,161143.2157048122,88073.00147269378,73070.21423211844
2024-04-04,160178.50766822277,88073.00147269378,72105.50619552899
2024-04-05,160415.41818533078,88073.00147269378,72342.416712637
2024-04-08,161485.84626137788,52409.27334823145,109076.57291314643
2024-04-09,162387.47008817297,52409.27334823145,109978.19673994152
2024-04-10,160159.6163951664,52409.27334823145,107750.34304693496
2024-04-11,159698.71697983306,52409.27334823145,107289.4436316016
2024-04-12,158234.6567433592,52409.27334823145,105825.38339512775
2024-04-15,157579.88465331917,52409.27334823145,105170.61130508772
2024-04-16,156644.74095729593,52409.27334823145,104235.46760906448
2024-04-17,155594.42065172887,52409.27334823145,103185.1473034974
2024-04-18,154223.022779149,52409.27334823145,101813.74943091754
2024-04-19,155046.08825646088,52409.27334823145,102636.81490822943
2024-04-22,156379.61783613748,52409.27334823145,103970.34448790603
2024-04-23,158300.8258542046,52409.27334823145,105891.55250597314
2024-04-24,157976.41719024026,52409.27334823145,105567.14384200881
2024-04-25,156744.18411924594,52409.27334823145,104334.91077101449
2024-04-26,156824.8198823142,52409.27334823145,104415.54653408272
2024-04-29,158652.69427066704,52409.27334823145,106243.4209224356
2024-04-30,158213.47733610676,52409.27334823145,105804.20398787531
2024-05-01,157673.69791705525,52409.27334823145,105264.4245688238
2024-05-02,157580.4903411395,52409.27334823145,105171.21699290803
2024-05-03,157076.72736368937,52409.27334823145,104667.45401545792
2024-05-06,157781.6204264311,52409.27334823145,105372.34707819964
2024-05-07,158759.95725661961,95230.56259610756,63529.39466051206
2024-05-08,158027.42229773893,95230.56259610756,62796.859701631365
2024-05-09,159749.51926973634,95230.56259610756,64518.95667362878
2024-05-10,159979.32622264675,95230.56259610756,64748.76362653921
2024-05-13,159494.32726910312,95230.56259610756,64263.76467299555
2024-05-14,160741.62417054301,95230.56259610756,65511.06157443545
2024-05-15,161729.50525744038,95230.56259610756,66498.94266133281
2024-05-16,160769.80742441572,95230.56259610756,65539.24482830818
2024-05-17,161300.72964038193,95230.56259610756,66070.16704427439
2024-05-20,161032.21116252043,95230.56259610756,65801.64856641287
2024-05-21,160548.41757606476,95230.56259610756,65317.85497995719
2024-05-22,159614.35265140864,95230.56259610756,64383.7900553011
2024-05-23,158848.0124598653,95230.56259610756,63617.44986375776
2024-05-24,159665.3107615747,95230.56259610756,64434.74816546715
2024-05-28,159537.94129899156,95230.56259610756,64307.37870288401
2024-05-29,159648.04048777258,95230.56259610756,64417.477891665025
2024-05-30,160694.09244432568,95230.56259610756,65463.52984821812
2024-05-31,161297.20347751456,95230.56259610756,66066.640881407
2024-06-03,160713.64944500846,95230.56259610756,65483.08684890091
2024-06-04,160429.3125735778,95230.56259610756,65198.74997747023
2024-06-05,161061.03978167172,95230.56259610756,65830.47718556414
2024-06-06,161117.2722103886,95230.56259610756,65886.70961428103
2024-06-07,160881.37209927017,46171.66381138505,114709.70828788512
2024-06-10,161697.0438906374,46171.66381138505,115525.38007925235
2024-06-11,161466.24082554504,46171.66381138505,115294.57701416
2024-06-12,162385.7492742816,46171.66381138505,116214.08546289655
2024-06-13,161974.94966780185,46171.66381138505,115803.28585641678
2024-06-14,162139.14367984075,46171.66381138505,115967.4798684557
2024-06-17,163234.0585164681,46171.66381138505,117062.39470508306
2024-06-18,162074.67201550154,46171.66381138505,115903.0082041165
2024-06-20,160961.97429252605,46171.66381138505,114790.310481141
2024-06-21,161202.69597363094,46171.66381138505,115031.0321622459
2024-06-24,161520.29892626317,46171.66381138505,115348.63511487813
2024-06-25,160545.2474469788,46171.66381138505,114373.58363559378
2024-06-26,160155.168907578,46171.66381138505,113983.50509619295
2024-06-27,161111.094441551,46171.66381138505,114939.43063016594
2024-06-28,161131.40454555067,46171.66381138505,114959.74073416562
2024-07-01,160213.64536759135,46171.66381138505,114041.98155620632
2024-07-02,160188.02916110674,46171.66381138505,114016.36534972169
2024-07-03,159547.31003231942,46171.66381138505,113375.64622093437
2024-07-05,160548.36694136984,46171.66381138505,114376.7031299848
2024-07-08,161162.9526310264,46252.475166226424,114910.47746479997
2024-07-09,161132.47568718067,46252.475166226424,114880.00052095424
2024-07-10,161735.68628556732,46252.475166226424,115483.21111934091
2024-07-11,165051.83301279112,46252.475166226424,118799.3578465647
2024-07-12,166461.32583902564,46252.475166226424,120208.8506727992
2024-07-15,165819.7529085379,46252.475166226424,119567.27774231146
2024-07-16,167302.2795727092,46252.475166226424,121049.80440648277
2024-07-17,167522.0008221973,46252.475166226424,121269.52565597087
2024-07-18,165609.68629561245,46252.475166226424,119357.21112938602
2024-07-19,164903.92019735643,46252.475166226424,118651.44503113
2024-07-22,165593.91922262294,46252.475166226424,119341.4440563965
2024-07-23,166923.99829391405,46252.475166226424,120671.52312768763
2024-07-24,166130.88457720735,46252.475166226424,119878.40941098092
2024-07-25,169932.11890984807,46252.475166226424,123679.64374362164
2024-07-26,172968.59742612008,46252.475166226424,126716.12225989366
2024-07-29,174112.79343982617,46252.475166226424,127860.31827359974
2024-07-30,174667.6684032302,46252.475166226424,128415.19323700378
2024-07-31,175056.51289194194,46252.475166226424,128804.0377257155
2024-08-01,174406.34774348786,46252.475166226424,128153.87257726144
2024-08-02,172461.2076035234,46252.475166226424,126208.73243729697
2024-08-05,169705.2726368675,46252.475166226424,123452.79747064109
2024-08-06,173242.24907375738,46252.475166226424,126989.77390753097
2024-08-07,171969.7827288707,32561.33787815635,139408.44485071432
2024-08-08,176253.23465359717,32561.33787815635,143691.8967754408
2024-08-09,177386.90611139062,32561.33787815635,144825.56823323428
2024-08-12,176871.37848421372,32561.33787815635,144310.0406060574
2024-08-13,180434.37912037974,32561.33787815635,147873.04124222338
2024-08-14,179470.51440452668,32561.33787815635,146909.17652637034
2024-08-15,181764.92917192477,32561.33787815635,149203.5912937684
2024-08-16,182944.01317624142,32561.33787815635,150382.6752980851
2024-08-19,183427.6330396018,32561.33787815635,150866.29516144545
2024-08-20,183609.8910701279,32561.33787815635,151048.55319197156
2024-08-21,184426.56587168016,32561.33787815635,151865.22799352382
2024-08-22,185226.66281218262,32561.33787815635,152665.32493402626
2024-08-23,186220.30177655537,32561.33787815635,153658.963898399
2024-08-26,185124.6594840649,32561.33787815635,152563.32160590857
2024-08-27,185314.10904291336,32561.33787815635,152752.771164757
2024-08-28,184854.56027093815,32561.33787815635,152293.22239278178
2024-08-29,186062.14985094528,32561.33787815635,153500.8119727889
2024-08-30,186143.73345308175,32561.33787815635,153582.3955749254
2024-09-03,183735.2378374423,32561.33787815635,151173.89995928595
2024-09-04,184090.1823215491,32561.33787815635,151528.84444339277
2024-09-05,181701.09516101982,32561.33787815635,149139.75728286346
2024-09-06,180626.53936090367,32561.33787815635,148065.2014827473
2024-09-09,180249.01958257714,17878.768732492634,162370.2508500845
2024-09-10,175342.19616602416,44629.32757451235,130712.86859151181
2024-09-11,176758.26463877936,44629.32757451235,132128.93706426703
2024-09-12,179359.17905855307,44629.32757451235,134729.85148404073
2024-09-13,179919.11848859896,44629.32757451235,135289.79091408662
2024-09-16,182145.57940182334,44629.32757451235,137516.251827311
2024-09-17,180529.96351190004,44629.32757451235,135900.6359373877
2024-09-18,181900.98969983665,44629.32757451235,137271.6621253243
2024-09-19,182503.70627876197,44629.32757451235,137874.37870424963
2024-09-20,182055.98486248666,44629.32757451235,137426.65728797432
2024-09-23,181212.35326922385,44629.32757451235,136583.0256947115
2024-09-24,179322.59921294675,44629.32757451235,134693.2716384344
2024-09-25,178200.65865457777,44629.32757451235,133571.33108006543
2024-09-26,178523.033422778,44629.32757451235,133893.70584826567
2024-09-27,178990.8053904694,44629.32757451235,134361.47781595707
2024-09-30,179713.83907430392,44629.32757451235,135084.51149979158
2024-10-01,178961.38815633286,44629.32757451235,134332.06058182052
2024-10-02,178682.240422828,44629.32757451235,134052.91284831567
2024-10-03,177208.74909247822,44629.32757451235,132579.42151796588
2024-10-04,177275.7629916798,44629.32757451235,132646.43541716746
2024-10-07,174514.48503154074,33043.160383027454,141471.32464851328
2024-10-08,173505.96706208374,33043.160383027454,140462.8066790563
2024-10-09,175111.3586124042,33043.160383027454,142068.19822937675
2024-10-10,174550.96681268088,33043.160383027454,141507.80642965343
2024-10-11,175294.84214786428,33043.160383027454,142251.68176483683
2024-10-14,175715.85899205907,33043.160383027454,142672.69860903162
2024-10-15,175056.38684036455,33043.160383027454,142013.2264573371
2024-10-16,175727.75954167554,33043.160383027454,142684.59915864808
2024-10-17,176177.7019480636,33043.160383027454,143134.54156503614
2024-10-18,177135.02246948844,33043.160383027454,144091.86208646098
2024-10-21,174634.3851846453,33043.160383027454,141591.22480161785
2024-10-22,173702.88665225875,33043.160383027454,140659.7262692313
2024-10-23,172089.9118557017,33043.160383027454,139046.75147267425
2024-10-24,172671.96675957483,33043.160383027454,139628.80637654738
2024-10-25,171822.84528197427,33043.160383027454,138779.6848989468
2024-10-28,171623.39009225977,33043.160383027454,138580.2297092323
2024-10-29,169835.4425167387,33043.160383027454,136792.28213371124
2024-10-30,169559.79276982587,33043.160383027454,136516.63238679842
2024-10-31,167909.45523369178,56853.46458474311,111055.99064894866
2024-11-01,167076.96026343133,56853.46458474311,110223.49567868822
2024-11-04,168627.46660304366,56853.46458474311,111774.00201830057
