date,value,cash
2015-01-02,100000.0,25000.0
2015-01-05,97676.55733161682,25000.0
2015-01-06,96650.50059772414,25000.0
2015-01-07,96231.216861087,25000.0
2015-01-08,95692.44774654375,46589.56450202901
2015-01-09,95979.0759786231,46589.56450202901
2015-01-12,95668.58885409596,46589.56450202901
2015-01-13,95912.2311927375,46589.56450202901
2015-01-14,95730.68189281563,46589.56450202901
2015-01-15,94526.85191483844,46589.56450202901
2015-01-16,93756.71733298773,46589.56450202901
2015-01-20,92426.74120112395,67563.34676354437
2015-01-21,92774.48239440858,67563.34676354437
2015-01-22,93209.15121018932,67563.34676354437
2015-01-23,93283.67031316871,67563.34676354437
2015-01-26,93171.89714143181,67563.34676354437
2015-01-27,91942.38567304735,67563.34676354437
2015-01-28,91544.973119117,67563.34676354437
2015-01-29,92128.67356157789,67563.34676354437
2015-01-30,91408.3543981393,67563.34676354437
2015-02-02,91929.97057425203,67563.34676354437
2015-02-03,92538.51437286084,67563.34676354437
2015-02-04,92600.60741158051,67563.34676354437
2015-02-05,93010.43725739905,67563.34676354437
2015-02-06,92898.6706649408,67563.34676354437
2015-02-09,92873.8360811644,30183.996726378435
2015-02-10,93691.57635713863,30183.996726378435
2015-02-11,93787.5776468691,30183.996726378435
2015-02-12,95958.99181535543,30183.996726378435
2015-02-13,96908.67005358737,30183.996726378435
2015-02-17,96938.78857886176,30183.996726378435
2015-02-18,96599.29404628773,30183.996726378435
2015-02-19,97356.53309419245,30183.996726378435
2015-02-20,95787.53566078644,30183.996726378435
2015-02-23,94936.41357806817,30183.996726378435
2015-02-24,96679.63328692708,30183.996726378435
2015-02-25,95763.07343021469,30183.996726378435
2015-02-26,95522.93795231766,50680.67504553484
2015-02-27,95579.87783620461,50680.67504553484
2015-03-02,96843.03681771678,50680.67504553484
2015-03-03,95914.04481458777,50680.67504553484
2015-03-04,95561.96023866991,50680.67504553484
2015-03-05,95539.27017738624,50680.67504553484
2015-03-06,94796.3030595542,50680.67504553484
2015-03-09,94929.01361622813,30851.929425274127
2015-03-10,94393.33663193758,30851.929425274127
2015-03-11,94023.74388669932,30851.929425274127
2015-03-12,93796.54796156814,30851.929425274127
2015-03-13,93616.85443884582,30851.929425274127
2015-03-16,93511.7594948505,30851.929425274127
2015-03-17,95001.91444928065,30851.929425274127
2015-03-18,95176.50514238297,30851.929425274127
2015-03-19,94783.22154271972,30851.929425274127
2015-03-20,96146.16605338207,30851.929425274127
2015-03-23,96686.94416982954,30851.929425274127
2015-03-24,96642.84195637095,30851.929425274127
2015-03-25,95084.89713158942,30851.929425274127
2015-03-26,94696.71636154613,30851.929425274127
2015-03-27,96417.34527698337,30851.929425274127
2015-03-30,96663.13266239935,30851.929425274127
2015-03-31,96263.42268626996,30851.929425274127
2015-04-01,96443.11451152922,30851.929425274127
2015-04-02,97439.86990138335,30851.929425274127
2015-04-06,97227.98076764906,30851.929425274127
2015-04-07,97192.38157276071,14578.857235914122
2015-04-08,97495.93233447331,14578.857235914122
2015-04-09,98240.3942957399,14578.857235914122
2015-04-10,98938.09702642208,14578.857235914122
2015-04-13,98877.53925337407,14578.857235914122
2015-04-14,97516.2759401039,14578.857235914122
2015-04-15,98162.38236119477,14578.857235914122
2015-04-16,99719.88157175889,14578.857235914122
2015-04-17,96396.79177485399,14578.857235914122
2015-04-20,95340.28635383442,39974.86621785039
2015-04-21,95302.49928277532,39974.86621785039
2015-04-22,95617.42790823436,39974.86621785039
2015-04-23,95504.0474421336,39974.86621785039
2015-04-24,95264.70365486134,39974.86621785039
2015-04-27,95478.86461828239,39974.86621785039
2015-04-28,95617.42790823436,39974.86621785039
2015-04-29,95403.27336245446,39974.86621785039
2015-04-30,95478.86461828239,39974.86621785039
2015-05-01,96171.71529546165,39974.86621785039
2015-05-04,95995.35209916829,39974.86621785039
2015-05-05,95264.70365486134,39974.86621785039
2015-05-06,95352.88632261488,39974.86621785039
2015-05-07,95428.90882128675,23857.227205321688
2015-05-08,95691.35783664336,23857.227205321688
2015-05-11,96731.18185938298,23857.227205321688
2015-05-12,97039.68020170773,23857.227205321688
2015-05-13,97245.34576325754,23857.227205321688
2015-05-14,95897.0233981932,23857.227205321688
2015-05-15,95753.82970911381,23857.227205321688
2015-05-18,96062.32805143856,23857.227205321688
2015-05-19,95342.49858601416,23857.227205321688
2015-05-20,95753.82970911381,23857.227205321688
2015-05-21,95382.85949431863,23857.227205321688
2015-05-22,96031.54746859956,23857.227205321688
2015-05-26,94866.76882842531,23857.227205321688
2015-05-27,94527.6420062127,23857.227205321688
2015-05-28,95659.08393099082,23857.227205321688
2015-05-29,95144.78185765252,23857.227205321688
2015-06-01,94836.28351532778,23857.227205321688
2015-06-02,93678.67925757676,23857.227205321688
2015-06-03,93473.01369602693,23857.227205321688
2015-06-04,94639.07635652447,23857.227205321688
2015-06-05,94639.07635652447,23857.227205321688
2015-06-08,94433.41079497464,13692.844565271338
2015-06-09,94654.53061708581,13692.844565271338
2015-06-10,94371.46644306554,13692.844565271338
2015-06-11,94205.56735963936,13692.844565271338
2015-06-12,94048.4398151477,13692.844565271338
2015-06-15,93546.41233051875,13692.844565271338
2015-06-16,93168.88561437765,13692.844565271338
2015-06-17,93301.50421847052,13692.844565271338
2015-06-18,93197.09417205439,13692.844565271338
2015-06-19,93280.57535413919,13692.844565271338
2015-06-22,94887.78047182244,13692.844565271338
2015-06-23,94483.6393983292,13692.844565271338
2015-06-24,93957.2947535946,13692.844565271338
2015-06-25,92777.21097273497,13692.844565271338
2015-06-26,92936.14294255816,13692.844565271338
2015-06-29,91522.90699528373,13692.844565271338
2015-06-30,91059.8040099863,37219.11896633404
2015-07-01,90596.01578183044,37219.11896633404
2015-07-02,90882.47653209421,37219.11896633404
2015-07-06,90002.63294552782,37219.11896633404
2015-07-07,90814.27617833589,13168.070045858709
2015-07-08,89640.48295951686,13168.070045858709
2015-07-09,88955.09191680558,13168.070045858709
2015-07-10,89152.0765462748,13168.070045858709
2015-07-13,89322.09791526482,13168.070045858709
2015-07-14,90449.70941997996,13168.070045858709
2015-07-15,89152.0765462748,13168.070045858709
2015-07-16,88612.98456930555,13168.070045858709
2015-07-17,87465.34146704951,35335.00971459516
2015-07-20,86981.44378287232,35335.00971459516
2015-07-21,87099.14713624661,35335.00971459516
2015-07-22,86285.05729690952,35335.00971459516
2015-07-23,86598.93573066384,35335.00971459516
2015-07-24,86298.13521188809,35335.00971459516
2015-07-27,86154.26967285521,35335.00971459516
2015-07-28,86508.39786003239,35335.00971459516
2015-07-29,86822.28264948814,35335.00971459516
2015-07-30,86887.67434294816,35335.00971459516
2015-07-31,86796.12470096385,35335.00971459516
2015-08-03,86996.85075215908,35335.00971459516
2015-08-04,87101.47830912196,35335.00971459516
2015-08-05,87376.12723507485,35335.00971459516
2015-08-06,87206.10798465196,35335.00971459516
2015-08-07,90514.93275828948,29417.35314644409
2015-08-10,93703.183015523,29417.35314644409
2015-08-11,91038.38896992311,49183.647084312615
2015-08-12,92439.01830273059,49183.647084312615
2015-08-13,91618.83253010885,49183.647084312615
2015-08-14,91442.1735345466,49183.647084312615
2015-08-17,92073.08366823135,49183.647084312615
2015-08-18,91681.92532162524,49183.647084312615
2015-08-19,92174.02912548417,49183.647084312615
2015-08-20,92956.36496798166,49183.647084312615
2015-08-21,92439.01830273059,49183.647084312615
2015-08-24,90861.73407777914,49183.647084312615
2015-08-25,89953.22085908541,69587.36098847027
2015-08-26,89953.22085908541,69587.36098847027
2015-08-27,88173.68346038516,69587.36098847027
2015-08-28,88173.68346038516,69587.36098847027
2015-08-31,88173.68346038516,69587.36098847027
2015-09-01,88173.68346038516,69587.36098847027
2015-09-02,88173.68346038516,69587.36098847027
2015-09-03,88173.68346038516,69587.36098847027
2015-09-04,88173.68346038516,69587.36098847027
2015-09-08,88571.54194098598,52700.06745488667
2015-09-09,87628.7413474461,52700.06745488667
2015-09-10,87762.5272635647,52700.06745488667
2015-09-11,87681.07680350707,52700.06745488667
2015-09-14,87759.40934580656,52700.06745488667
2015-09-15,88238.50657105632,52700.06745488667
2015-09-16,89975.62291934472,52700.06745488667
2015-09-17,89817.53759743349,52700.06745488667
2015-09-18,87747.7412403962,52700.06745488667
2015-09-21,87242.82903795879,64806.69013688094
2015-09-22,86492.99237534752,75019.39765887275
2015-09-23,86229.23334038618,75019.39765887275
2015-09-24,86339.1309668395,75019.39765887275
2015-09-25,86558.93308801393,75019.39765887275
2015-09-28,85833.59059066942,75019.39765887275
2015-09-29,85987.45352545916,75019.39765887275
2015-09-30,86302.49715278695,75019.39765887275
2015-10-01,86236.559492684,75019.39765887275
2015-10-02,87225.66178813069,75019.39765887275
2015-10-05,88244.07174533211,75019.39765887275
2015-10-06,89064.65880139342,75019.39765887275
2015-10-07,89064.65880139342,52993.471986829085
2015-10-08,91118.9596824698,52993.471986829085
2015-10-09,90778.96036082436,52993.471986829085
2015-10-12,89919.93310886587,52993.471986829085
2015-10-13,90027.52445437311,52993.471986829085
2015-10-14,90396.01373245144,52993.471986829085
2015-10-15,90206.81738975346,52993.471986829085
2015-10-16,89858.86994472807,52993.471986829085
2015-10-19,89828.78364880245,64760.50594737414
2015-10-20,89893.427290625,64760.50594737414
2015-10-21,90410.57642520535,64760.50594737414
2015-10-22,90669.15253372151,64760.50594737414
2015-10-23,91121.65802647932,64760.50594737414
2015-10-26,90733.79617554406,64760.50594737414
2015-10-27,90733.79617554406,64760.50594737414
2015-10-28,90927.7271010117,64760.50594737414
2015-10-29,90604.50889189896,64760.50594737414
2015-10-30,90539.86370885043,64760.50594737414
2015-11-02,90992.37074283423,64760.50594737414
2015-11-03,91574.16351923713,64760.50594737414
2015-11-04,91057.01438465678,64760.50594737414
2015-11-05,91044.22287891999,64760.50594737414
2015-11-06,90721.00466980727,64760.50594737414
2015-11-09,90462.42856129109,41612.7171381939
2015-11-10,90830.53054039644,41612.7171381939
2015-11-11,89518.448901184,41612.7171381939
2015-11-12,88446.14792826827,55690.612935197285
2015-11-13,88654.24020963276,55690.612935197285
2015-11-16,88775.62696031941,55690.612935197285
2015-11-17,88775.62696031941,55690.612935197285
2015-11-18,89087.76620925136,55690.612935197285
2015-11-19,89122.44742926021,55690.612935197285
2015-11-20,88844.99105410758,55690.612935197285
2015-11-23,89174.47008615872,55690.612935197285
2015-11-24,88134.00867933633,55690.612935197285
2015-11-25,87787.18821039553,55690.612935197285
2015-11-27,88376.78218070966,55690.612935197285
2015-11-30,88134.00867933633,55690.612935197285
2015-12-01,88168.68989934519,55690.612935197285
2015-12-02,87717.82411660737,55690.612935197285
2015-12-03,87076.20418185383,70395.81404845076
2015-12-04,87076.20418185383,70395.81404845076
2015-12-07,87076.20418185383,20462.907982735647
2015-12-08,86084.58062622663,20462.907982735647
2015-12-09,85608.10434196705,20462.907982735647
2015-12-10,87068.58669204825,20462.907982735647
2015-12-11,85196.63745979914,20462.907982735647
2015-12-14,83818.32066823308,40302.55666875563
2015-12-15,84736.75254724115,40302.55666875563
2015-12-16,86168.4244065668,40302.55666875563
2015-12-17,86357.51241361052,40302.55666875563
2015-12-18,86438.55233902714,40302.55666875563
2015-12-21,86939.21184244554,40302.55666875563
2015-12-22,87600.09626589247,40302.55666875563
2015-12-23,88410.47748714258,40302.55666875563
2015-12-24,87897.23750682501,40302.55666875563
2015-12-28,88005.28816458296,40302.55666875563
2015-12-29,88734.62946041646,40302.55666875563
2015-12-30,87492.0456081345,40302.55666875563
2015-12-31,87416.71548555674,40302.55666875563
2016-01-04,86795.4248474812,40302.55666875563
2016-01-05,84962.08382747063,63263.34333943405
2016-01-06,84962.08382747063,63263.34333943405
2016-01-07,84962.08382747063,27612.67724392795
2016-01-08,85492.46018080885,27612.67724392795
2016-01-11,85709.63849911232,27612.67724392795
2016-01-12,85511.24006496483,27612.67724392795
2016-01-13,79243.07447725572,60378.13786436662
2016-01-14,78907.69814620003,60378.13786436662
2016-01-15,77398.50265744873,77398.50265744873
2016-01-19,77398.50265744873,77398.50265744873
2016-01-20,77398.50265744873,77398.50265744873
2016-01-21,77398.50265744873,77398.50265744873
2016-01-22,77398.50265744873,77398.50265744873
2016-01-25,77398.50265744873,77398.50265744873
2016-01-26,77398.50265744873,77398.50265744873
2016-01-27,77398.50265744873,77398.50265744873
2016-01-28,77398.50265744873,77398.50265744873
2016-01-29,77398.50265744873,77398.50265744873
2016-02-01,77398.50265744873,77398.50265744873
2016-02-02,77398.50265744873,77398.50265744873
2016-02-03,77398.50265744873,77398.50265744873
2016-02-04,77398.50265744873,77398.50265744873
2016-02-05,77398.50265744873,77398.50265744873
2016-02-08,77398.50265744873,46052.109081182
2016-02-09,77034.64648532968,46052.109081182
2016-02-10,78134.74540313992,46052.109081182
2016-02-11,77103.12313850452,54211.2661970711
2016-02-12,77271.65047717153,54211.2661970711
2016-02-16,78713.50821685465,54211.2661970711
2016-02-17,79350.1734173627,54211.2661970711
2016-02-18,79565.51571405257,54211.2661970711
2016-02-19,79181.6460786957,54211.2661970711
2016-02-22,79780.85801074243,54211.2661970711
2016-02-23,79502.96140730559,54211.2661970711
2016-02-24,80467.3235017153,54211.2661970711
2016-02-25,79905.55702587159,54211.2661970711
2016-02-26,79540.41467576692,54211.2661970711
2016-02-29,79868.10636149636,54211.2661970711
2016-03-01,80392.42217296484,54211.2661970711
2016-03-02,80935.4574574272,54211.2661970711
2016-03-03,81834.28121469103,54211.2661970711
2016-03-04,82826.72577369917,54211.2661970711
2016-03-07,82742.46145334415,38061.5322685383
2016-03-08,78852.90526248487,38061.5322685383
2016-03-09,79414.19200656441,38061.5322685383
2016-03-10,78565.86624024028,38061.5322685383
2016-03-11,81872.86239786015,38061.5322685383
2016-03-14,81895.549280214,38061.5322685383
2016-03-15,80718.12816791037,38061.5322685383
2016-03-16,82096.09759107012,38061.5322685383
2016-03-17,83608.32394032128,38061.5322685383
2016-03-18,83627.81297809901,38061.5322685383
2016-03-21,84043.90166726332,38061.5322685383
2016-03-22,83996.15471825714,38061.5322685383
2016-03-23,81581.62584869383,38061.5322685383
2016-03-24,82467.85845322613,38061.5322685383
2016-03-28,81991.73281452646,38061.5322685383
2016-03-29,82612.83317753204,38061.5322685383
2016-03-30,82926.60362377802,38061.5322685383
2016-03-31,84347.23298565098,38061.5322685383
2016-04-01,83936.59178221066,38061.5322685383
2016-04-04,83655.92943139274,38061.5322685383
2016-04-05,84193.97309041476,38061.5322685383
2016-04-06,86141.97819182077,38061.5322685383
2016-04-07,85689.73340400345,20137.08734994083
2016-04-08,85506.78078587464,20137.08734994083
2016-04-11,85092.71247952535,20137.08734994083
2016-04-12,87401.16894106328,20137.08734994083
2016-04-13,89073.98609622591,20137.08734994083
2016-04-14,89432.91433714495,20137.08734994083
2016-04-15,88957.73585919425,20137.08734994083
2016-04-18,90988.55291737911,20137.08734994083
2016-04-19,91333.02923889947,20137.08734994083
2016-04-20,91549.29391295338,20137.08734994083
2016-04-21,91691.55528734581,20137.08734994083
2016-04-22,93208.0887604982,20137.08734994083
2016-04-25,90285.38597335615,20137.08734994083
2016-04-26,91079.11056792509,20137.08734994083
2016-04-27,91720.79094013941,20137.08734994083
2016-04-28,90506.62342470806,20137.08734994083
2016-04-29,90090.02896436532,20137.08734994083
2016-05-02,89327.93892604591,20137.08734994083
2016-05-03,86187.37131591598,39275.445795536696
2016-05-04,83714.8989126852,39275.445795536696
2016-05-05,83510.41676988718,39275.445795536696
2016-05-06,83344.5433727758,39275.445795536696
2016-05-09,82760.85618581128,12000.324146942618
2016-05-10,83991.92637853735,12000.324146942618
2016-05-11,84962.28135538023,12000.324146942618
2016-05-12,84023.35277274129,12000.324146942618
2016-05-13,85348.07409749032,12000.324146942618
2016-05-16,87596.46304752363,12000.324146942618
2016-05-17,87525.78636629025,12000.324146942618
2016-05-18,86419.12789898102,12000.324146942618
2016-05-19,86155.73204274532,12000.324146942618
2016-05-20,87930.9136848746,12000.324146942618
2016-05-23,88729.40713031731,12000.324146942618
2016-05-24,89226.08320663706,12000.324146942618
2016-05-25,90355.39094282109,12000.324146942618
2016-05-26,91746.94841605767,12000.324146942618
2016-05-27,93422.79986031484,12000.324146942618
2016-05-31,94188.53959905947,12000.324146942618
2016-06-01,94159.25887820807,12000.324146942618
2016-06-02,92761.80240667684,12000.324146942618
2016-06-03,91964.47474538366,12000.324146942618
2016-06-06,95959.3548851818,12000.324146942618
2016-06-07,96091.84552361217,14413.776828541828
2016-06-08,96036.69267127584,14413.776828541828
2016-06-09,95682.66899718244,14413.776828541828
2016-06-10,93567.91471082017,14413.776828541828
2016-06-13,93916.27397389627,14413.776828541828
2016-06-14,102632.81652909753,14413.776828541828
2016-06-15,102896.16663807293,14413.776828541828
2016-06-16,110162.05760484752,14413.776828541828
2016-06-17,109133.17481145196,14413.776828541828
2016-06-20,109383.78579903535,14413.776828541828
2016-06-21,106881.78798393802,14413.776828541828
2016-06-22,108164.36983596759,14413.776828541828
2016-06-23,114504.10073868894,14413.776828541828
2016-06-24,112834.08204937352,14413.776828541828
2016-06-27,107527.75065049155,40027.18048883561
2016-06-28,109588.7063206085,40027.18048883561
2016-06-29,110371.67247189126,40027.18048883561
2016-06-30,114233.64818557145,40027.18048883561
2016-07-01,114256.11217231254,40027.18048883561
2016-07-05,112950.46200995185,40027.18048883561
2016-07-06,115142.10754942459,40027.18048883561
2016-07-07,115148.31092040623,28787.077730101573
2016-07-08,116910.017147045,28787.077730101573
2016-07-11,117654.96727353297,28787.077730101573
2016-07-12,121192.18234089809,28787.077730101573
2016-07-13,120241.29970012528,28787.077730101573
2016-07-14,119494.5056792856,28787.077730101573
2016-07-15,119521.17434871681,28787.077730101573
2016-07-18,118634.6474377741,28787.077730101573
2016-07-19,118336.78841974247,28787.077730101573
2016-07-20,118553.73786389692,28787.077730101573
2016-07-21,116968.22258792179,28787.077730101573
2016-07-22,117715.63223382394,28787.077730101573
2016-07-25,117855.98074898944,28787.077730101573
2016-07-26,126641.95155847842,28787.077730101573
2016-07-27,127956.2817169755,28787.077730101573
2016-07-28,130431.5206337257,28787.077730101573
2016-07-29,130416.81591515268,28787.077730101573
2016-08-01,137765.46139533454,28787.077730101573
2016-08-02,139572.79421747848,28787.077730101573
2016-08-03,144378.94388987118,28787.077730101573
2016-08-04,146773.1493971019,28787.077730101573
2016-08-05,146425.36110034824,28787.077730101573
2016-08-08,146505.6498180406,21975.847472706097
2016-08-09,144471.99579433008,21975.847472706097
2016-08-10,143073.16624337801,21975.847472706097
2016-08-11,145570.64011124155,21975.847472706097
2016-08-12,145921.44114512444,21975.847472706097
2016-08-15,148588.95804437023,21975.847472706097
2016-08-16,148016.81854740705,21975.847472706097
2016-08-17,148364.46131882427,21975.847472706097
2016-08-18,149343.5937481362,21975.847472706097
2016-08-19,149072.57229206103,21975.847472706097
2016-08-22,149606.5006413074,21975.847472706097
2016-08-23,152229.8336893136,21975.847472706097
2016-08-24,149769.89477797964,21975.847472706097
2016-08-25,151051.9074952649,21975.847472706097
2016-08-26,150864.43392003071,21975.847472706097
2016-08-29,153357.36433684698,21975.847472706097
2016-08-30,155122.9363837496,21975.847472706097
2016-08-31,154745.2703714344,21975.847472706097
2016-09-01,153772.5781438829,21975.847472706097
2016-09-02,156286.53905555222,21975.847472706097
2016-09-06,158481.76114770884,21975.847472706097
2016-09-07,159612.11051789342,7980.605525894673
2016-09-08,153845.7274797563,7980.605525894673
2016-09-09,147818.96884632774,51578.35766800153
2016-09-12,149665.2098885458,51578.35766800153
2016-09-13,148652.55986342832,51578.35766800153
2016-09-14,149540.92670972587,51578.35766800153
2016-09-15,153163.91044750283,51578.35766800153
2016-09-16,153583.2739468027,51578.35766800153
2016-09-19,155218.8310021674,51578.35766800153
2016-09-20,154610.15352856222,51578.35766800153
2016-09-21,157192.7378803927,51578.35766800153
2016-09-22,157597.34318678084,51578.35766800153
2016-09-23,156945.54788393492,51578.35766800153
2016-09-26,156015.0460857136,51578.35766800153
2016-09-27,158100.51838004187,51578.35766800153
2016-09-28,158570.15867502516,51578.35766800153
2016-09-29,158753.69049261115,51578.35766800153
2016-09-30,159320.74381283752,51578.35766800153
2016-10-03,159035.04791795183,51578.35766800153
2016-10-04,158318.24010588657,51578.35766800153
2016-10-05,159199.47477036237,51578.35766800153
2016-10-06,158201.5472627071,51578.35766800153
2016-10-07,157149.64561933145,23572.446842899742
2016-10-10,157958.5582848247,23572.446842899742
2016-10-11,156838.98198099888,23572.446842899742
2016-10-12,156233.26115605145,23572.446842899742
2016-10-13,155831.6334090968,23572.446842899742
2016-10-14,155954.0239308648,23572.446842899742
2016-10-17,155449.3726512295,23572.446842899742
2016-10-18,156605.69333661755,23572.446842899742
2016-10-19,157315.1138701199,23572.446842899742
2016-10-20,157095.58559858715,23572.446842899742
2016-10-21,157130.69243756024,23572.446842899742
2016-10-24,157561.52672085812,23572.446842899742
2016-10-25,157228.14936338467,23572.446842899742
2016-10-26,157045.71563058632,23572.446842899742
2016-10-27,157101.8223731044,23572.446842899742
2016-10-28,155313.51187729454,23572.446842899742
2016-10-31,155378.4718274544,23572.446842899742
2016-11-01,155117.62270081966,23572.446842899742
2016-11-02,154903.02324562654,23572.446842899742
2016-11-03,154163.4345362398,23572.446842899742
2016-11-04,154580.80213308017,23572.446842899742
2016-11-07,157573.0007906463,7878.650039532324
2016-11-08,156772.5670083159,7878.650039532324
2016-11-09,155081.03448474512,7878.650039532324
2016-11-10,158419.20315498032,7878.650039532324
2016-11-11,161202.9875689157,7878.650039532324
2016-11-14,166293.0271222341,7878.650039532324
2016-11-15,166613.33227747038,7878.650039532324
2016-11-16,166801.56578688967,7878.650039532324
2016-11-17,167371.83094706514,7878.650039532324
2016-11-18,168049.75136376647,7878.650039532324
2016-11-21,169535.23169636427,7878.650039532324
2016-11-22,166365.12118372167,7878.650039532324
2016-11-23,168494.12735269207,7878.650039532324
2016-11-25,168976.14269621595,7878.650039532324
2016-11-28,165884.28759273136,7878.650039532324
2016-11-29,163234.96831475274,7878.650039532324
2016-11-30,161192.27061427644,7878.650039532324
2016-12-01,160437.0621086834,58046.05850205669
2016-12-02,160130.49094043078,58046.05850205669
2016-12-05,159639.97582710118,58046.05850205669
2016-12-06,155739.34400861486,58046.05850205669
2016-12-07,155959.81236605303,36650.55590602246
2016-12-08,158539.49310661457,36650.55590602246
2016-12-09,154890.37475649378,36650.55590602246
2016-12-12,155371.9143119641,36650.55590602246
2016-12-13,154737.24907678438,36650.55590602246
2016-12-14,156987.59740626797,36650.55590602246
2016-12-15,159222.60003022093,36650.55590602246
2016-12-16,159101.7388447941,36650.55590602246
2016-12-19,160818.4892145798,36650.55590602246
2016-12-20,164628.958146812,36650.55590602246
2016-12-21,164738.65391381248,36650.55590602246
2016-12-22,165814.91484290434,36650.55590602246
2016-12-23,166848.61296950618,36650.55590602246
2016-12-27,172041.17145114823,36650.55590602246
2016-12-28,166502.1155647931,36650.55590602246
2016-12-29,167580.4569411658,36650.55590602246
2016-12-30,164578.51173708966,36650.55590602246
2017-01-03,162974.27020292275,79323.46237954905
2017-01-04,162974.27020292275,79323.46237954905
2017-01-05,162183.86499195968,79323.46237954905
2017-01-06,162516.66593321777,79323.46237954905
2017-01-09,163223.86892521626,23667.46099415639
2017-01-10,163676.82487615466,23667.46099415639
2017-01-11,162716.99338736926,23667.46099415639
2017-01-12,161950.5485245506,23667.46099415639
2017-01-13,162337.9962762175,23667.46099415639
2017-01-17,160816.49782106013,23667.46099415639
2017-01-18,161964.88928670052,23667.46099415639
2017-01-19,162737.61230515392,23667.46099415639
2017-01-20,162465.7776561465,23667.46099415639
2017-01-23,162294.85813454218,23667.46099415639
2017-01-24,163926.01410302657,23667.46099415639
2017-01-25,164311.0606645122,23667.46099415639
2017-01-26,164375.26724669413,23667.46099415639
2017-01-27,165150.20373332614,23667.46099415639
2017-01-30,163566.57088575064,23667.46099415639
2017-01-31,164295.18487785704,23667.46099415639
2017-02-01,166177.96830275297,23667.46099415639
2017-02-02,167008.59059627505,23667.46099415639
2017-02-03,168240.87277777918,23667.46099415639
2017-02-06,169593.84577180876,23667.46099415639
2017-02-07,170692.33734817326,8534.61686740868
2017-02-08,172067.1586239863,8534.61686740868
2017-02-09,172718.89893252807,8534.61686740868
2017-02-10,171176.15650052545,8534.61686740868
2017-02-13,168059.2619214813,8534.61686740868
2017-02-14,169402.59632987413,8534.61686740868
2017-02-15,169845.69882564447,8534.61686740868
2017-02-16,168391.5306808506,8534.61686740868
2017-02-17,169016.19537132292,8534.61686740868
2017-02-21,170494.4570582179,8534.61686740868
2017-02-22,171232.98093593383,8534.61686740868
2017-02-23,165985.59952077272,54711.76022255993
2017-02-24,167381.20092216143,54711.76022255993
2017-02-27,166562.6240058011,54711.76022255993
2017-02-28,164238.92000447266,54711.76022255993
2017-03-01,164186.1072907726,54711.76022255993
2017-03-02,165057.49692083296,54711.76022255993
2017-03-03,164159.70093392258,54711.76022255993
2017-03-06,162733.7878830069,54711.76022255993
2017-03-07,162301.32221216254,23533.69172076357
2017-03-08,159746.13479452004,23533.69172076357
2017-03-09,160137.47642932285,23533.69172076357
2017-03-10,161044.81525767443,23533.69172076357
2017-03-13,163386.3846952918,23533.69172076357
2017-03-14,163235.9746482415,23533.69172076357
2017-03-15,165526.2217149757,23533.69172076357
2017-03-16,167669.47190603748,23533.69172076357
2017-03-17,167647.38674755156,23533.69172076357
2017-03-20,169252.6048933218,23533.69172076357
2017-03-21,164864.47278181123,23533.69172076357
2017-03-22,166347.0353832483,23533.69172076357
2017-03-23,164922.25191972533,23533.69172076357
2017-03-24,166650.5792973452,23533.69172076357
2017-03-27,168758.91536290268,23533.69172076357
2017-03-28,168425.43077173072,23533.69172076357
2017-03-29,171061.05577615203,23533.69172076357
2017-03-30,171016.7427766127,23533.69172076357
2017-03-31,171152.82016762102,23533.69172076357
2017-04-03,170589.76437549267,23533.69172076357
2017-04-04,166560.78305935115,23533.69172076357
2017-04-05,166419.03428005677,23533.69172076357
2017-04-06,168382.2923915766,23533.69172076357
2017-04-07,166557.55303877918,8327.877651938965
2017-04-10,165006.60983283905,8327.877651938965
2017-04-11,164451.03016604594,8327.877651938965
2017-04-12,164086.4530172392,8327.877651938965
2017-04-13,163823.5301311866,8327.877651938965
2017-04-17,163936.72857896844,8327.877651938965
2017-04-18,163933.9861036527,8327.877651938965
2017-04-19,164303.2418524074,8327.877651938965
2017-04-20,165362.55521962364,8327.877651938965
2017-04-21,164401.53738689236,8327.877651938965
2017-04-24,165480.87062996172,8327.877651938965
2017-04-25,165915.2256898922,8327.877651938965
2017-04-26,167600.3391157253,8327.877651938965
2017-04-27,172812.84099444892,8327.877651938965
2017-04-28,172157.66403012897,8327.877651938965
2017-05-01,171618.17550583297,8327.877651938965
2017-05-02,171509.2841618528,8327.877651938965
2017-05-03,169797.35522139198,8327.877651938965
2017-05-04,168400.64814046377,8327.877651938965
2017-05-05,168803.40241189918,8327.877651938965
2017-05-08,169465.75301749643,8473.287650874801
2017-05-09,170454.13229205427,8473.287650874801
2017-05-10,170866.92472935456,8473.287650874801
2017-05-11,168900.2277913332,8473.287650874801
2017-05-12,168548.03555206943,8473.287650874801
2017-05-15,168520.53061239206,8473.287650874801
2017-05-16,165526.90821146162,8473.287650874801
2017-05-17,164151.15285500267,8473.287650874801
2017-05-18,163002.3751362895,8473.287650874801
2017-05-19,166268.66273188716,8473.287650874801
2017-05-22,165322.30418383415,8473.287650874801
2017-05-23,166752.3197794811,8473.287650874801
2017-05-24,168811.62585278487,8473.287650874801
2017-05-25,166403.17481353285,8473.287650874801
2017-05-26,166037.05388932762,8473.287650874801
2017-05-30,163057.7699639498,8473.287650874801
2017-05-31,161722.59480334746,8473.287650874801
2017-06-01,163654.81497811683,8473.287650874801
2017-06-02,165587.11190093087,8473.287650874801
2017-06-05,165427.99213362156,8473.287650874801
2017-06-06,168256.40616180561,8473.287650874801
2017-06-07,169876.27019953786,8493.813509976913
2017-06-08,173168.6082363658,8493.813509976913
2017-06-09,170271.22842258326,8493.813509976913
2017-06-12,172328.1619093159,8493.813509976913
2017-06-13,173377.1708014754,8493.813509976913
2017-06-14,172523.26055377573,8493.813509976913
2017-06-15,172907.45289838294,8493.813509976913
2017-06-16,169446.1896422893,8493.813509976913
2017-06-19,170420.65520252893,8493.813509976913
2017-06-20,169295.64703430995,8493.813509976913
2017-06-21,169698.7466897688,8493.813509976913
2017-06-22,170614.2671527818,8493.813509976913
2017-06-23,169924.09790516674,8493.813509976913
2017-06-26,170593.07527493557,8493.813509976913
2017-06-27,168243.81181401227,8493.813509976913
2017-06-28,171697.7401684506,8493.813509976913
2017-06-29,168959.67210095059,8493.813509976913
2017-06-30,166807.38110103706,8493.813509976913
2017-07-03,167901.12426249776,58756.28082130468
2017-07-05,165348.1430425094,58756.28082130468
2017-07-06,164216.39736375894,58756.28082130468
2017-07-07,166021.48517791147,24903.222776686693
2017-07-10,165962.88421395054,24903.222776686693
2017-07-11,166078.4873643185,24903.222776686693
2017-07-12,166557.16707313294,24903.222776686693
2017-07-13,169740.59337251313,24903.222776686693
2017-07-14,169904.67998804065,24903.222776686693
2017-07-17,169868.50265976266,24903.222776686693
2017-07-18,170128.2184996116,24903.222776686693
2017-07-19,172557.42997693457,24903.222776686693
2017-07-20,173515.8114153052,24903.222776686693
2017-07-21,173295.8934596352,24903.222776686693
2017-07-24,171426.55421837652,24903.222776686693
2017-07-25,174949.9892375964,24903.222776686693
2017-07-26,175102.35435312087,24903.222776686693
2017-07-27,180764.52307904814,24903.222776686693
2017-07-28,180889.3306678108,24903.222776686693
2017-07-31,182348.90837324047,24903.222776686693
2017-08-01,183028.45280889532,24903.222776686693
2017-08-02,184168.25996009042,24903.222776686693
2017-08-03,183168.0034310556,24903.222776686693
2017-08-04,184839.25708157144,24903.222776686693
2017-08-07,181893.07206883118,9094.653603441555
2017-08-08,188416.28292823504,9094.653603441555
2017-08-09,185655.62841159687,9094.653603441555
2017-08-10,176268.50462387217,9094.653603441555
2017-08-11,178319.04551600778,9094.653603441555
2017-08-14,181517.7080473946,9094.653603441555
2017-08-15,179966.1992968283,9094.653603441555
2017-08-16,178282.6044158938,9094.653603441555
2017-08-17,174494.44371688727,9094.653603441555
2017-08-18,171708.22619920698,9094.653603441555
2017-08-21,167370.3181330707,115689.48099851105
2017-08-22,167884.98157237197,115689.48099851105
2017-08-23,169214.5277680216,115689.48099851105
2017-08-24,169300.30705299586,115689.48099851105
2017-08-25,169000.0877359488,115689.48099851105
2017-08-28,168142.3112469319,115689.48099851105
2017-08-29,167799.2022873977,115689.48099851105
2017-08-30,170029.41461455135,115689.48099851105
2017-08-31,171444.74009517525,115689.48099851105
2017-09-01,172259.6228515236,115689.48099851105
2017-09-05,171101.63113564107,115689.48099851105
2017-09-06,170844.2973708997,115689.48099851105
2017-09-07,169857.86013478428,24629.389719543768
2017-09-08,169699.44066280042,24629.389719543768
2017-09-11,172215.5106734388,24629.389719543768
2017-09-12,171258.02643175307,24629.389719543768
2017-09-13,173919.10376788134,24629.389719543768
2017-09-14,175013.65477927704,24629.389719543768
2017-09-15,174490.66901497293,24629.389719543768
2017-09-18,173814.58910080948,24629.389719543768
2017-09-19,171902.97343287838,24629.389719543768
2017-09-20,170802.3307560492,24629.389719543768
2017-09-21,171236.71565957897,24629.389719543768
2017-09-22,173284.7396467491,24629.389719543768
2017-09-25,173615.53631884832,24629.389719543768
2017-09-26,170582.71699855605,24629.389719543768
2017-09-27,172737.77171153566,24629.389719543768
2017-09-28,172695.66327613866,24629.389719543768
2017-09-29,173544.9119390894,24629.389719543768
2017-10-02,176500.31817002356,24629.389719543768
2017-10-03,176914.27170595565,24629.389719543768
2017-10-04,176324.0722922167,24629.389719543768
2017-10-05,177888.7290381709,24629.389719543768
2017-10-06,179456.17580709697,24629.389719543768
2017-10-09,178227.2234804084,25842.94740465923
2017-10-10,177539.14436249906,25842.94740465923
2017-10-11,177744.68530875078,25842.94740465923
2017-10-12,177449.4408868075,25842.94740465923
2017-10-13,175491.70918084247,25842.94740465923
2017-10-16,174525.20905563567,25842.94740465923
2017-10-17,174729.7388829317,25842.94740465923
2017-10-18,174747.78045219154,25842.94740465923
2017-10-19,175146.1002380094,25842.94740465923
2017-10-20,178073.48626069468,25842.94740465923
2017-10-23,176140.78334523045,25842.94740465923
2017-10-24,174226.51892604737,25842.94740465923
2017-10-25,173492.21525686394,25842.94740465923
2017-10-26,174373.88690257564,25842.94740465923
2017-10-27,173444.07828900515,25842.94740465923
2017-10-30,175303.39849335467,25842.94740465923
2017-10-31,163145.96394994855,64038.16762358468
2017-11-01,163027.78597611116,64038.16762358468
2017-11-02,166100.39690276698,64038.16762358468
2017-11-03,167604.46940159803,64038.16762358468
2017-11-06,168485.42726330343,64038.16762358468
2017-11-07,168668.06706785545,39636.99576094606
2017-11-08,167612.74225965538,39636.99576094606
2017-11-09,168978.15843255937,39636.99576094606
2017-11-10,169984.40903982453,39636.99576094606
2017-11-13,170374.10685910902,39636.99576094606
2017-11-14,170906.8386467022,39636.99576094606
2017-11-15,172006.00556290493,39636.99576094606
2017-11-16,170180.14213085422,39636.99576094606
2017-11-17,171991.93188341285,39636.99576094606
2017-11-20,171517.27707807062,39636.99576094606
2017-11-21,171317.51474585145,39636.99576094606
2017-11-22,171799.27805668273,39636.99576094606
2017-11-24,171663.83888588106,39636.99576094606
2017-11-27,170913.3089083081,39636.99576094606
2017-11-28,174629.93240692653,39636.99576094606
2017-11-29,178254.9883866193,39636.99576094606
2017-11-30,177815.63059110526,39636.99576094606
2017-12-01,177965.11682279775,39636.99576094606
2017-12-04,179100.0062815182,39636.99576094606
2017-12-05,179196.7388724635,39636.99576094606
2017-12-06,179142.94761228154,39636.99576094606
2017-12-07,180588.35442985874,9029.417721492915
2017-12-08,184407.30687750925,9029.417721492915
2017-12-11,188714.42414908326,9029.417721492915
2017-12-12,188412.49795780296,9029.417721492915
2017-12-13,192800.2450351437,9029.417721492915
2017-12-14,192525.87044905196,9029.417721492915
2017-12-15,200448.2388806634,9029.417721492915
2017-12-18,205597.59684347158,9029.417721492915
2017-12-19,203230.70268201426,9029.417721492915
2017-12-20,201097.15469797817,9029.417721492915
2017-12-21,203859.1087358772,9029.417721492915
2017-12-22,202883.21943135184,9029.417721492915
2017-12-26,206589.282798613,9029.417721492915
2017-12-27,205714.53783836242,9029.417721492915
2017-12-28,205013.03677675198,9029.417721492915
2017-12-29,198534.72685902388,9029.417721492915
2018-01-02,204079.15969178802,9029.417721492915
2018-01-03,205712.028754048,9029.417721492915
2018-01-04,206127.1340879965,9029.417721492915
2018-01-05,206033.50610986148,9029.417721492915
2018-01-08,207439.99845490558,10371.99992274525
2018-01-09,208178.7855506182,10371.99992274525
2018-01-10,210650.00257865543,10371.99992274525
2018-01-11,213715.3379723181,10371.99992274525
2018-01-12,215539.29473736172,10371.99992274525
2018-01-16,214175.69547157144,10371.99992274525
2018-01-17,211160.64076044876,10371.99992274525
2018-01-18,208492.81553825445,10371.99992274525
2018-01-19,206991.15999353235,68802.44452365272
2018-01-22,208472.9144099811,68802.44452365272
2018-01-23,211094.09487415588,68802.44452365272
2018-01-24,208656.38577059098,68802.44452365272
2018-01-25,208913.55506688982,68802.44452365272
2018-01-26,211299.0471070188,68802.44452365272
2018-01-29,210518.5292830494,68802.44452365272
2018-01-30,209849.65790924383,68802.44452365272
2018-01-31,211556.65046385836,68802.44452365272
2018-02-01,209220.64909479534,68802.44452365272
2018-02-02,205464.65212300414,68802.44452365272
2018-02-05,199935.89337429142,68802.44452365272
2018-02-06,198721.2357260278,68802.44452365272
2018-02-07,199764.65122978337,91891.73956570032
2018-02-08,197133.0322877814,91891.73956570032
2018-02-09,195275.71897374242,91891.73956570032
2018-02-12,196786.32811938348,91891.73956570032
2018-02-13,196373.9788414271,91891.73956570032
2018-02-14,202250.0732369604,91891.73956570032
2018-02-15,203892.90908995373,91891.73956570032
2018-02-16,205519.49872254403,91891.73956570032
2018-02-20,206127.16893260158,91891.73956570032
2018-02-21,205373.5717768773,91891.73956570032
2018-02-22,204610.918657384,91891.73956570032
2018-02-23,205990.6546692828,91891.73956570032
2018-02-26,205893.06158545116,91891.73956570032
2018-02-27,206798.84670336658,91891.73956570032
2018-02-28,205836.9265733031,91891.73956570032
2018-03-01,204587.5515176693,91891.73956570032
2018-03-02,204217.4929672376,91891.73956570032
2018-03-05,205272.72980794497,91891.73956570032
2018-03-06,205456.38225899043,91891.73956570032
2018-03-07,205329.29458591354,82131.71783436541
2018-03-08,206960.8125223528,82131.71783436541
2018-03-09,208596.10752065113,82131.71783436541
2018-03-12,208223.36105161445,82131.71783436541
2018-03-13,208159.97247982316,82131.71783436541
2018-03-14,207661.52092637267,82131.71783436541
2018-03-15,205670.0527923893,82131.71783436541
2018-03-16,207733.48539032933,82131.71783436541
2018-03-19,205722.3788307507,82131.71783436541
2018-03-20,205844.32049057353,82131.71783436541
2018-03-21,207400.72475480248,82131.71783436541
2018-03-22,203301.97247184173,82131.71783436541
2018-03-23,201156.14707533817,119328.34002539958
2018-03-26,201692.87479995843,119328.34002539958
2018-03-27,201260.87840419082,119328.34002539958
2018-03-28,199770.3179801742,119328.34002539958
2018-03-29,200595.03837209422,119328.34002539958
2018-04-02,198565.95354624046,157461.85484143245
2018-04-03,198565.95354624046,157461.85484143245
2018-04-04,198565.95354624046,157461.85484143245
2018-04-05,198565.95354624046,157461.85484143245
2018-04-06,197801.22701385015,157461.85484143245
2018-04-09,197801.22701385015,90988.56442637104
2018-04-10,199306.533367842,90988.56442637104
2018-04-11,198226.52454093096,90988.56442637104
2018-04-12,198528.46818362369,90988.56442637104
2018-04-13,198427.82030272612,90988.56442637104
2018-04-16,197672.95999617694,90988.56442637104
2018-04-17,199001.5392199598,90988.56442637104
2018-04-18,198716.07963769638,90988.56442637104
2018-04-19,199194.1588716859,90988.56442637104
2018-04-20,200099.98979976404,90988.56442637104
2018-04-23,200955.49798721075,90988.56442637104
2018-04-24,201181.956319139,90988.56442637104
2018-04-25,197512.66692963574,90988.56442637104
2018-04-26,198143.4915739765,90988.56442637104
2018-04-27,196960.87717370398,90988.56442637104
2018-04-30,197212.49807576527,90988.56442637104
2018-05-01,194515.62864021567,90988.56442637104
2018-05-02,182397.26068609103,147974.22111278493
2018-05-03,182397.26068609103,147974.22111278493
2018-05-04,182397.26068609103,147974.22111278493
2018-05-07,182397.26068609103,83902.73991560188
2018-05-08,183475.91745057883,83902.73991560188
2018-05-09,184359.644884729,83902.73991560188
2018-05-10,184201.59599581687,83902.73991560188
2018-05-11,184435.58482844464,83902.73991560188
2018-05-14,184264.68421586836,83902.73991560188
2018-05-15,183373.25936402025,83902.73991560188
2018-05-16,184576.2191760101,83902.73991560188
2018-05-17,184069.159478295,83902.73991560188
2018-05-18,183580.99207905232,83902.73991560188
2018-05-21,184127.83616864233,83902.73991560188
2018-05-22,184186.68237811732,83902.73991560188
2018-05-23,184073.51633836963,83902.73991560188
2018-05-24,183757.92953561308,83902.73991560188
2018-05-25,183744.45298346895,83902.73991560188
2018-05-29,183572.22098670737,83902.73991560188
2018-05-30,185137.800930782,83902.73991560188
2018-05-31,185918.62447211525,83902.73991560188
2018-06-01,187312.64456099685,83902.73991560188
2018-06-04,189829.5673516,83902.73991560188
2018-06-05,192438.37279753835,83902.73991560188
2018-06-06,193087.3141659257,83902.73991560188
2018-06-07,191688.59332862956,45046.81943222793
2018-06-08,190096.02887018552,45046.81943222793
2018-06-11,187380.9205057743,45046.81943222793
2018-06-12,186208.1018862833,45046.81943222793
2018-06-13,185883.5053394541,45046.81943222793
2018-06-14,185902.59410345033,45046.81943222793
2018-06-15,183698.6899385197,45046.81943222793
2018-06-18,184052.61087750015,45046.81943222793
2018-06-19,182261.49227985344,45046.81943222793
2018-06-20,180201.0402712518,86737.79007275461
2018-06-21,178467.70981992251,86737.79007275461
2018-06-22,179735.4543801679,86737.79007275461
2018-06-25,178015.9479511305,86737.79007275461
2018-06-26,181683.75873432413,86737.79007275461
2018-06-27,182423.88381119847,86737.79007275461
2018-06-28,182390.63065820577,86737.79007275461
2018-06-29,181846.12987400033,86737.79007275461
2018-07-02,180285.71318589358,86737.79007275461
2018-07-03,180244.0941669973,86737.79007275461
2018-07-05,180307.45249754176,86737.79007275461
2018-07-06,182228.62948179574,86737.79007275461
2018-07-09,183170.8314428327,59530.52021892063
2018-07-10,182176.06859883026,59530.52021892063
2018-07-11,182283.87629251153,59530.52021892063
2018-07-12,183887.65388005035,59530.52021892063
2018-07-13,184033.00939961238,59530.52021892063
2018-07-16,183586.19187826494,59530.52021892063
2018-07-17,184293.32118164102,59530.52021892063
2018-07-18,184809.5033352243,59530.52021892063
2018-07-19,184108.09298786428,59530.52021892063
2018-07-20,183632.20291319472,59530.52021892063
2018-07-23,184377.08385900012,59530.52021892063
2018-07-24,183894.1275085343,59530.52021892063
2018-07-25,186367.0053758839,59530.52021892063
2018-07-26,185446.99372189696,59530.52021892063
2018-07-27,183003.68188593854,59530.52021892063
2018-07-30,179913.5718633692,59530.52021892063
2018-07-31,178808.93279612655,59530.52021892063
2018-08-01,178032.12631457325,59530.52021892063
2018-08-02,179852.38775968968,59530.52021892063
2018-08-03,178367.88707002852,59530.52021892063
2018-08-06,178581.2030633859,95064.30466128873
2018-08-07,179119.81373238214,58213.93946302417
2018-08-08,178559.52734071077,58213.93946302417
2018-08-09,182020.5918921177,58213.93946302417
2018-08-10,182721.9093590132,58213.93946302417
2018-08-13,180638.61421004005,58213.93946302417
2018-08-14,183216.91051449964,58213.93946302417
2018-08-15,181640.11191118445,58213.93946302417
2018-08-16,182862.64740657897,58213.93946302417
2018-08-17,184033.53826296696,58213.93946302417
2018-08-20,184510.11506976967,58213.93946302417
2018-08-21,183320.70544318898,58213.93946302417
2018-08-22,184918.40817317987,58213.93946302417
2018-08-23,188149.0107374398,58213.93946302417
2018-08-24,189815.47627187538,58213.93946302417
2018-08-27,189784.61528488467,58213.93946302417
2018-08-28,190368.398061431,58213.93946302417
2018-08-29,191163.49646657344,58213.93946302417
2018-08-30,189715.66052124478,58213.93946302417
2018-08-31,191062.9063502068,58213.93946302417
2018-09-04,195647.6241844011,58213.93946302417
2018-09-05,191473.51004441082,58213.93946302417
2018-09-06,195333.28157757985,58213.93946302417
2018-09-07,197337.46396434915,46374.30403162202
2018-09-10,196940.2062910807,46374.30403162202
2018-09-11,195227.92711210425,46374.30403162202
2018-09-12,197724.55980869505,46374.30403162202
2018-09-13,196536.03383345046,46374.30403162202
2018-09-14,195866.32028038613,46374.30403162202
2018-09-17,193615.3469155109,46374.30403162202
2018-09-18,193984.74230076696,46374.30403162202
2018-09-19,193148.15660769888,46374.30403162202
2018-09-20,193998.95902040252,46374.30403162202
2018-09-21,192406.43637266097,46374.30403162202
2018-09-24,191545.61705682598,46374.30403162202
2018-09-25,191339.69544343647,46374.30403162202
2018-09-26,192946.6317536904,46374.30403162202
2018-09-27,193774.42277676344,46374.30403162202
2018-09-28,193464.5987917229,46374.30403162202
2018-10-01,194164.0504251509,46374.30403162202
2018-10-02,191299.4909762272,46374.30403162202
2018-10-03,189189.97300746717,46374.30403162202
2018-10-04,185793.2323346284,91909.54214330268
2018-10-05,185258.85629981666,91909.54214330268
2018-10-08,184853.14068062446,43440.488059946765
2018-10-09,182341.52158589565,43440.488059946765
2018-10-10,176003.1296984917,43440.488059946765
2018-10-11,175782.98224456343,43440.488059946765
2018-10-12,180404.60408089595,43440.488059946765
2018-10-15,182242.73302276066,43440.488059946765
2018-10-16,187928.19184515416,43440.488059946765
2018-10-17,185978.94944811758,43440.488059946765
2018-10-18,181765.43706204597,43440.488059946765
2018-10-19,178535.27205135822,43440.488059946765
2018-10-22,181630.46048634918,43440.488059946765
2018-10-23,189158.68583472358,43440.488059946765
2018-10-24,183807.72828930142,43440.488059946765
2018-10-25,194966.19718082697,43440.488059946765
2018-10-26,192671.32144570374,83015.86621782956
2018-10-29,194971.04720732378,83015.86621782956
2018-10-30,196494.47652832494,83015.86621782956
2018-10-31,200690.9724695376,83015.86621782956
2018-11-01,201607.86756991252,83015.86621782956
2018-11-02,201197.01218478818,83015.86621782956
2018-11-05,199216.73998200594,83015.86621782956
2018-11-06,197775.76846038827,83015.86621782956
2018-11-07,203129.4175701636,93439.53208227525
2018-11-08,201817.90345690885,93439.53208227525
2018-11-09,198583.29472724942,93439.53208227525
2018-11-12,195527.52516690985,125193.96295433588
2018-11-13,195832.21901075778,125193.96295433588
2018-11-14,192157.02800235883,125193.96295433588
2018-11-15,193779.16710345985,125193.96295433588
2018-11-16,191842.1802104729,125193.96295433588
2018-11-19,191263.55242860492,155917.28914430985
2018-11-20,191263.55242860492,155917.28914430985
2018-11-21,191958.2500677667,155917.28914430985
2018-11-23,191958.2500677667,155917.28914430985
2018-11-26,191958.2500677667,155917.28914430985
2018-11-27,191958.2500677667,155917.28914430985
2018-11-28,191958.2500677667,155917.28914430985
2018-11-29,191958.24583528953,155917.28914430985
2018-11-30,191958.24583528953,155917.28914430985
2018-12-03,191958.24583528953,155917.28914430985
2018-12-04,191958.24583528953,155917.28914430985
2018-12-06,191958.24583528953,155917.28914430985
2018-12-07,191958.24583528953,114215.1562719973
2018-12-10,191249.23812974233,114215.1562719973
2018-12-11,189619.87020248477,114215.1562719973
2018-12-12,190122.7972346179,114215.1562719973
2018-12-13,189312.03942642407,114215.1562719973
2018-12-14,188116.28284123944,114215.1562719973
2018-12-17,187080.00972021391,114215.1562719973
2018-12-18,187238.45870443012,114215.1562719973
2018-12-19,185522.57833939767,136999.97540284728
2018-12-20,184797.7412288594,136999.97540284728
2018-12-21,184178.1490678711,159747.23988838954
2018-12-24,183257.38796976357,159747.23988838954
2018-12-26,184747.65956153112,159747.23988838954
2018-12-27,185197.80216182268,159747.23988838954
2018-12-28,184805.63062508538,159747.23988838954
2018-12-31,185313.76126344866,159747.23988838954
2019-01-02,185514.95867629314,159747.23988838954
2019-01-03,185051.17010706582,159747.23988838954
2019-01-04,186009.4448888586,159747.23988838954
2019-01-07,186036.72756790236,144178.46386512433
2019-01-08,185728.87871176074,144178.46386512433
2019-01-09,186803.60284977572,144178.46386512433
2019-01-10,187211.1140999532,144178.46386512433
2019-01-11,187672.41902005576,144178.46386512433
2019-01-14,186968.87081198394,144178.46386512433
2019-01-15,186914.55943441467,144178.46386512433
2019-01-16,186705.48390114628,144178.46386512433
2019-01-17,186534.25415846158,144178.46386512433
2019-01-18,189198.14879423918,144178.46386512433
2019-01-22,187542.06937455718,144178.46386512433
2019-01-23,187388.6464713129,144178.46386512433
2019-01-24,189221.13950233703,144178.46386512433
2019-01-25,191041.11902879205,144178.46386512433
2019-01-28,188927.50956404294,157606.77512083764
2019-01-29,188318.3833032681,157606.77512083764
2019-01-30,189129.84985914527,157606.77512083764
2019-01-31,189276.06316978103,157606.77512083764
2019-02-01,190126.45465618063,157606.77512083764
2019-02-04,190448.5559494227,157606.77512083764
2019-02-05,190476.57785409392,157606.77512083764
2019-02-06,190666.19602693035,157606.77512083764
2019-02-07,189331.01543060216,112651.9541812083
2019-02-08,195144.68380023987,112651.9541812083
2019-02-11,194408.99040004422,112651.9541812083
2019-02-12,196207.63144422663,112651.9541812083
2019-02-13,197285.05600039815,112651.9541812083
2019-02-14,198840.7914197944,112651.9541812083
2019-02-15,199602.44698884315,112651.9541812083
2019-02-19,198779.06760488657,112651.9541812083
2019-02-20,197674.94857000845,112651.9541812083
2019-02-21,197102.38042573017,112651.9541812083
2019-02-22,198364.04277448618,112651.9541812083
2019-02-25,199481.9301171064,112651.9541812083
2019-02-26,199889.3028216659,112651.9541812083
2019-02-27,198590.44553377718,112651.9541812083
2019-02-28,198013.37248017883,112651.9541812083
2019-03-01,198892.41651860348,112651.9541812083
2019-03-04,199271.6541839593,112651.9541812083
2019-03-05,199226.14125380793,112651.9541812083
2019-03-06,197528.0288802641,112651.9541812083
2019-03-07,197300.925715022,64122.800857382135
2019-03-08,198258.2489975027,64122.800857382135
2019-03-11,204121.22665865129,64122.800857382135
2019-03-12,204157.43674662118,64122.800857382135
2019-03-13,206140.28187686732,64122.800857382135
2019-03-14,210917.9631805725,64122.800857382135
2019-03-15,211389.78835214593,64122.800857382135
2019-03-18,210632.57291726567,64122.800857382135
2019-03-19,209939.70209652558,64122.800857382135
2019-03-20,210109.73183822213,64122.800857382135
2019-03-21,213835.22526884027,64122.800857382135
2019-03-22,208499.25658454935,64122.800857382135
2019-03-25,208071.6700436222,64122.800857382135
2019-03-26,209111.84763906506,64122.800857382135
2019-03-27,209528.84643684633,64122.800857382135
2019-03-28,210783.40018035003,64122.800857382135
2019-03-29,213074.04148933417,64122.800857382135
2019-04-01,216726.76558766287,64122.800857382135
2019-04-02,215494.4541188099,64122.800857382135
2019-04-03,217379.99266049816,64122.800857382135
2019-04-04,219714.1935595717,64122.800857382135
2019-04-05,223133.842705851,64122.800857382135
2019-04-08,226120.73906486918,56530.18476621733
2019-04-09,224668.6186672491,56530.18476621733
2019-04-10,229135.73739406376,56530.18476621733
2019-04-11,230025.3625994992,56530.18476621733
2019-04-12,222889.40712007682,56530.18476621733
2019-04-15,223708.69369555748,56530.18476621733
2019-04-16,224052.68397284008,56530.18476621733
2019-04-17,221428.16957451036,56530.18476621733
2019-04-18,220594.90045395447,56530.18476621733
2019-04-22,222366.63970257042,56530.18476621733
2019-04-23,223807.00033344142,56530.18476621733
2019-04-24,220359.5650130998,56530.18476621733
2019-04-25,220767.05762414064,56530.18476621733
2019-04-26,223803.16020796436,56530.18476621733
2019-04-29,225102.49518852815,56530.18476621733
2019-04-30,219765.9071737538,56530.18476621733
2019-05-01,216166.97610570185,106273.55794609693
2019-05-02,215460.66207218386,106273.55794609693
2019-05-03,218283.0321166248,106273.55794609693
2019-05-06,216962.37400876902,106273.55794609693
2019-05-07,213671.62997236947,50212.83304350683
2019-05-08,212882.926905279,50212.83304350683
2019-05-09,209610.29643017548,50212.83304350683
2019-05-10,208870.99471620013,50212.83304350683
2019-05-13,201277.66311024668,50212.83304350683
2019-05-14,206144.60229856335,50212.83304350683
2019-05-15,205840.8474752819,50212.83304350683
2019-05-16,204686.21634772795,50212.83304350683
2019-05-17,201528.2462397219,50212.83304350683
2019-05-20,198213.96258541182,97976.05693290039
2019-05-21,198627.0260075124,97976.05693290039
2019-05-22,195252.80490173853,145538.12065193217
2019-05-23,193060.4608588317,193060.4608588317
2019-05-24,193060.4608588317,193060.4608588317
2019-05-28,193060.4608588317,193060.4608588317
2019-05-29,193060.4608588317,193060.4608588317
2019-05-30,193060.4608588317,193060.4608588317
2019-05-31,193060.4608588317,193060.4608588317
2019-06-03,193060.4608588317,193060.4608588317
2019-06-04,193060.4608588317,193060.4608588317
2019-06-05,193060.4608588317,193060.4608588317
2019-06-06,193060.4608588317,193060.4608588317
2019-06-07,193060.4608588317,88807.8119950626
2019-06-10,194099.77651369353,88807.8119950626
2019-06-11,194627.55177819968,88807.8119950626
2019-06-12,192966.49448237882,88807.8119950626
2019-06-13,193149.8700233179,88807.8119950626
2019-06-14,191410.4687900275,88807.8119950626
2019-06-17,191130.24061334596,88807.8119950626
2019-06-18,194431.2563522826,88807.8119950626
2019-06-19,194533.09665096333,88807.8119950626
2019-06-20,195859.51048981922,88807.8119950626
2019-06-21,195987.8249993535,88807.8119950626
2019-06-24,195857.79861105172,88807.8119950626
2019-06-25,197951.34705820866,88807.8119950626
2019-06-26,199985.31393627258,88807.8119950626
2019-06-27,201490.29515476644,88807.8119950626
2019-06-28,201868.9371829154,88807.8119950626
2019-07-01,202944.1581107009,88807.8119950626
2019-07-02,202290.8757784929,88807.8119950626
2019-07-03,203385.8120308107,88807.8119950626
2019-07-05,202186.30328912422,88807.8119950626
2019-07-08,200495.808454924,65161.1377478503
2019-07-09,201719.36671710026,65161.1377478503
2019-07-10,205255.71904194503,65161.1377478503
2019-07-11,207854.11215122818,65161.1377478503
2019-07-12,210967.92232034224,65161.1377478503
2019-07-15,210887.8958431153,65161.1377478503
2019-07-16,208140.85244510378,65161.1377478503
2019-07-17,208307.1329296902,65161.1377478503
2019-07-18,208836.35665744505,65161.1377478503
2019-07-19,208454.0156084572,65161.1377478503
2019-07-22,210969.33556283457,65161.1377478503
2019-07-23,213723.01071040306,65161.1377478503
2019-07-24,216315.99169881365,65161.1377478503
2019-07-25,214212.74261286427,65161.1377478503
2019-07-26,213684.11982515294,65161.1377478503
2019-07-29,213257.79336764943,65161.1377478503
2019-07-30,213547.67648861537,65161.1377478503
2019-07-31,208860.30484039354,65161.1377478503
2019-08-01,207117.03372676222,65161.1377478503
2019-08-02,204013.65439896967,65161.1377478503
2019-08-05,197610.63274322418,149893.87791424472
2019-08-06,198361.44248414904,149893.87791424472
2019-08-07,197683.00093227637,64246.97530298983
2019-08-08,209049.615693017,64246.97530298983
2019-08-09,207451.42116165932,64246.97530298983
2019-08-12,210905.60671071336,64246.97530298983
2019-08-13,213155.92705928712,64246.97530298983
2019-08-14,207570.22652925018,64246.97530298983
2019-08-15,206535.3729976121,64246.97530298983
2019-08-16,212496.18461136258,64246.97530298983
2019-08-19,218328.17587623704,64246.97530298983
2019-08-20,216064.96580602758,64246.97530298983
2019-08-21,217394.2313726989,64246.97530298983
2019-08-22,215880.8647445076,64246.97530298983
2019-08-23,209058.52980521455,101432.29613032658
2019-08-26,212250.01486598473,101432.29613032658
2019-08-27,212961.52328597894,101432.29613032658
2019-08-28,212761.4891416497,101432.29613032658
2019-08-29,216206.4225041159,101432.29613032658
2019-08-30,217007.2524033605,101432.29613032658
2019-09-03,218463.8960748511,101432.29613032658
2019-09-04,225103.16469870464,101432.29613032658
2019-09-05,227436.18035167237,101432.29613032658
2019-09-06,228408.69918588904,101432.29613032658
2019-09-09,225059.0078659741,123782.45432628579
2019-09-10,229111.1901714825,123782.45432628579
2019-09-11,232351.90343828138,123782.45432628579
2019-09-12,232401.8036454016,123782.45432628579
2019-09-13,232933.53144542853,123782.45432628579
2019-09-16,233752.54343636995,123782.45432628579
2019-09-17,231969.65783859632,123782.45432628579
2019-09-18,231703.13013728085,123782.45432628579
2019-09-19,228924.49654679705,123782.45432628579
2019-09-20,227847.77194450927,123782.45432628579
2019-09-23,228949.3919069524,123782.45432628579
2019-09-24,226838.69225268482,157323.82740590823
2019-09-25,226704.2170264756,157323.82740590823
2019-09-26,225792.3084926299,188640.54902059934
2019-09-27,225656.13521992264,188640.54902059934
2019-09-30,226268.90196090736,188640.54902059934
2019-10-01,224317.13050379616,188640.54902059934
2019-10-02,222240.53571106965,188640.54902059934
2019-10-03,222093.0168300031,188640.54902059934
2019-10-04,221934.15234057728,188640.54902059934
2019-10-07,221355.4289177694,71940.51439827506
2019-10-08,222351.67785189423,71940.51439827506
2019-10-09,212605.78228147994,71940.51439827506
2019-10-10,213656.53662305296,71940.51439827506
2019-10-11,220558.33489786144,71940.51439827506
2019-10-14,221333.46638658072,71940.51439827506
2019-10-15,219114.2954951581,71940.51439827506
2019-10-16,219028.50181035546,71940.51439827506
2019-10-17,218258.14849809872,71940.51439827506
2019-10-18,218092.31064716022,71940.51439827506
2019-10-21,220975.7899214784,71940.51439827506
2019-10-22,224205.58198817805,71940.51439827506
2019-10-23,227601.3616505115,71940.51439827506
2019-10-24,224412.77870231788,71940.51439827506
2019-10-25,226053.82124477215,71940.51439827506
2019-10-28,226382.99334766009,71940.51439827506
2019-10-29,233162.88154069858,71940.51439827506
2019-10-30,230829.36989322476,71940.51439827506
2019-10-31,229477.50481469207,71940.51439827506
2019-11-01,227244.11486181652,71940.51439827506
2019-11-04,233008.55647588405,71940.51439827506
2019-11-05,233611.23619352208,71940.51439827506
2019-11-06,229912.70864462617,71940.51439827506
2019-11-07,232714.7056962559,93085.8822785024
2019-11-08,236395.15045453113,93085.8822785024
2019-11-11,231923.10480057233,93085.8822785024
2019-11-12,233879.21833782882,93085.8822785024
2019-11-13,234372.91293572687,93085.8822785024
2019-11-14,234822.54114537698,93085.8822785024
2019-11-15,238288.11708322703,93085.8822785024
2019-11-18,234153.33609720418,133737.31064783607
2019-11-19,235784.44357367302,133737.31064783607
2019-11-20,238380.9686459569,133737.31064783607
2019-11-21,237143.42887646332,133737.31064783607
2019-11-22,239431.089345723,133737.31064783607
2019-11-25,242047.89949242782,133737.31064783607
2019-11-26,244314.74497187138,133737.31064783607
2019-11-27,244858.669411124,133737.31064783607
2019-11-29,244908.64138442455,133737.31064783607
2019-12-02,242153.4092408491,133737.31064783607
2019-12-03,248088.34207695528,133737.31064783607
2019-12-04,244834.91320262948,133737.31064783607
2019-12-05,241256.08317397625,133737.31064783607
2019-12-06,235192.45604644567,133737.31064783607
2019-12-09,235423.22402603738,76512.54780846211
2019-12-10,237770.36184062535,76512.54780846211
2019-12-11,236611.06797841046,76512.54780846211
2019-12-12,242731.38157154742,76512.54780846211
2019-12-13,239806.93036461162,76512.54780846211
2019-12-16,246821.0654663426,76512.54780846211
2019-12-17,247727.97472045507,76512.54780846211
2019-12-18,250858.30752406752,76512.54780846211
2019-12-19,254472.4373942506,76512.54780846211
2019-12-20,254780.22768480977,76512.54780846211
2019-12-23,267441.94866925466,76512.54780846211
2019-12-24,265606.3629536407,76512.54780846211
2019-12-26,264949.2099889441,76512.54780846211
2019-12-27,262604.73895429354,76512.54780846211
2019-12-30,261851.53553026717,76512.54780846211
2019-12-31,264555.9548036594,76512.54780846211
2020-01-02,260148.75314158795,76512.54780846211
2020-01-03,261041.0419022024,76512.54780846211
2020-01-06,262089.60187343825,76512.54780846211
2020-01-07,279042.8146294497,41856.42219441742
2020-01-08,284357.4197759801,41856.42219441742
2020-01-09,284088.47678688215,41856.42219441742
2020-01-10,286306.32945030974,41856.42219441742
2020-01-13,298259.9730122085,41856.42219441742
2020-01-14,303147.61010177265,41856.42219441742
2020-01-15,300819.89673926134,41856.42219441742
2020-01-16,302329.3243300118,41856.42219441742
2020-01-17,299045.4131580242,41856.42219441742
2020-01-21,304987.83948964445,41856.42219441742
2020-01-22,311204.7171849192,41856.42219441742
2020-01-23,307955.94321099966,41856.42219441742
2020-01-24,304444.97301094583,41856.42219441742
2020-01-27,307733.15853748296,112558.72561580509
2020-01-28,307540.181287062,112558.72561580509
2020-01-29,301866.60390095675,112558.72561580509
2020-01-30,313906.0812781994,112558.72561580509
2020-01-31,313416.76022252603,112558.72561580509
2020-02-03,334654.68150588137,112558.72561580509
2020-02-04,354879.0007307481,112558.72561580509
2020-02-05,325551.7585330269,236395.6504770161
2020-02-06,324795.82108922006,324795.82108922006
2020-02-07,324795.82108922006,105558.64185399645
2020-02-10,324686.8274784995,105558.64185399645
2020-02-11,326178.3506261946,105558.64185399645
2020-02-12,328451.7175978307,105558.64185399645
2020-02-13,332613.4303590409,105558.64185399645
2020-02-14,331063.6334357772,105558.64185399645
2020-02-18,340819.88645495503,105558.64185399645
2020-02-19,349501.1626414448,105558.64185399645
2020-02-20,350954.3268997291,105558.64185399645
2020-02-21,347636.29138398863,105558.64185399645
2020-02-24,333776.00153190317,105558.64185399645
2020-02-25,322128.3931668468,255257.18186110735
2020-02-26,320759.02395936317,320759.02395936317
2020-02-27,320759.02395936317,320759.02395936317
2020-02-28,320759.02395936317,320759.02395936317
2020-03-02,320759.02395936317,320759.02395936317
2020-03-03,320759.02395936317,320759.02395936317
2020-03-04,320759.02395936317,320759.02395936317
2020-03-05,320759.02395936317,320759.02395936317
2020-03-06,320759.02395936317,320759.02395936317
2020-03-09,320759.02395936317,291890.71180302056
2020-03-10,323202.80018310447,291890.71180302056
2020-03-11,321617.8214093158,291890.71180302056
2020-03-12,318553.19274648296,318553.19274648296
2020-03-13,318553.19274648296,318553.19274648296
2020-03-16,318553.19274648296,318553.19274648296
2020-03-17,318553.19274648296,318553.19274648296
2020-03-18,318553.19274648296,318553.19274648296
2020-03-19,318553.19274648296,318553.19274648296
2020-03-20,318553.19274648296,318553.19274648296
2020-03-23,318553.19274648296,318553.19274648296
2020-03-24,318553.19274648296,318553.19274648296
2020-03-25,318553.19274648296,318553.19274648296
2020-03-26,318553.19274648296,318553.19274648296
2020-03-27,318553.19274648296,318553.19274648296
2020-03-30,318553.19274648296,318553.19274648296
2020-03-31,318553.19274648296,318553.19274648296
2020-04-01,318553.19274648296,318553.19274648296
2020-04-02,318553.19274648296,318553.19274648296
2020-04-03,318553.19274648296,318553.19274648296
2020-04-06,318553.19274648296,318553.19274648296
2020-04-07,318553.19274648296,289883.4053992996
2020-04-08,320469.7623630267,289883.4053992996
2020-04-09,323187.7905581487,289883.4053992996
2020-04-13,319644.6537331183,309249.1213488228
2020-04-14,319802.71297120606,309249.1213488228
2020-04-15,318963.77757198067,309249.1213488228
2020-04-16,318586.8626405075,309249.1213488228
2020-04-17,318890.82567418553,309249.1213488228
2020-04-20,318830.03402959043,309249.1213488228
2020-04-21,318781.4002328441,309249.1213488228
2020-04-22,319340.69190211594,309249.1213488228
2020-04-23,320507.909037406,309249.1213488228
2020-04-24,321067.20251069125,309249.1213488228
2020-04-27,321456.27288466186,309249.1213488228
2020-04-28,322100.6749009154,309249.1213488228
2020-04-29,324106.8304421199,309249.1213488228
2020-04-30,325136.5709298933,309249.1213488228
2020-05-01,323726.8077968431,309249.1213488228
2020-05-04,323910.6908858567,309249.1213488228
2020-05-05,324511.3720352741,309249.1213488228
2020-05-06,323542.92470782954,309249.1213488228
2020-05-07,325700.4814748861,296387.43814214633
2020-05-08,327060.6209446997,296387.43814214633
2020-05-11,326247.08172016114,296387.43814214633
2020-05-12,325761.6883125777,296387.43814214633
2020-05-13,323646.997401587,313636.22217706515
2020-05-14,323722.5362204787,313636.22217706515
2020-05-15,324274.3117958772,313636.22217706515
2020-05-18,325154.52545698546,313636.22217706515
2020-05-19,325167.6617546318,313636.22217706515
2020-05-20,325627.4744909198,313636.22217706515
2020-05-21,325466.5395224765,313636.22217706515
2020-05-22,325525.65651004587,313636.22217706515
2020-05-26,325992.03958405356,313636.22217706515
2020-05-27,325985.469975966,313636.22217706515
2020-05-28,325880.3722984736,313636.22217706515
2020-05-29,325686.59293775354,313636.22217706515
2020-06-01,326162.8275053638,313636.22217706515
2020-06-02,326652.1991002526,313636.22217706515
2020-06-03,326964.2160842723,313636.22217706515
2020-06-04,327006.91124051943,313636.22217706515
2020-06-05,328530.86039760796,313636.22217706515
2020-06-08,329414.3603220244,255296.12924956894
2020-06-09,324063.28591635847,255296.12924956894
2020-06-10,317633.72445334145,295088.00976349245
2020-06-11,315717.01432607503,315717.01432607503
2020-06-12,315717.01432607503,315717.01432607503
2020-06-15,315717.01432607503,315717.01432607503
2020-06-16,315717.01432607503,315717.01432607503
2020-06-17,315717.01432607503,315717.01432607503
2020-06-18,315717.01432607503,315717.01432607503
2020-06-19,315717.01432607503,315717.01432607503
2020-06-22,315717.01432607503,315717.01432607503
2020-06-23,315717.01432607503,315717.01432607503
2020-06-24,315717.01432607503,315717.01432607503
2020-06-25,315717.01432607503,315717.01432607503
2020-06-26,315717.01432607503,315717.01432607503
2020-06-29,315717.01432607503,315717.01432607503
2020-06-30,315717.01432607503,315717.01432607503
2020-07-01,315717.01432607503,315717.01432607503
2020-07-02,315717.01432607503,315717.01432607503
2020-07-06,315717.01432607503,315717.01432607503
2020-07-07,315717.01432607503,287302.4830367282
2020-07-08,316626.9442554721,287302.4830367282
2020-07-09,317071.717509601,287302.4830367282
2020-07-10,317421.2250618258,287302.4830367282
2020-07-13,315001.5419358541,287302.4830367282
2020-07-14,315225.5110895707,287302.4830367282
2020-07-15,314888.04631179234,287302.4830367282
2020-07-16,314022.9260193058,296071.93708502926
2020-07-17,314159.3428065559,296071.93708502926
2020-07-20,315464.6498257874,296071.93708502926
2020-07-21,315021.20523107523,296071.93708502926
2020-07-22,314919.6828092046,296071.93708502926
2020-07-23,314119.90396378335,296071.93708502926
2020-07-24,313901.43566234835,304991.4946701265
2020-07-27,314109.9463619815,304991.4946701265
2020-07-28,314104.5254797013,304991.4946701265
2020-07-29,314112.11449433083,304991.4946701265
2020-07-30,314025.7470635064,304991.4946701265
2020-07-31,314167.0429032765,304991.4946701265
2020-08-03,314676.2132358297,304991.4946701265
2020-08-04,314652.3626771735,304991.4946701265
2020-08-05,314853.2843621772,304991.4946701265
2020-08-06,314685.24748822313,304991.4946701265
2020-08-07,314341.22355409624,144596.9628348843
2020-08-10,319408.1594019573,144596.9628348843
2020-08-11,318153.894317316,144596.9628348843
2020-08-12,320731.8351203401,144596.9628348843
2020-08-13,318576.4736660517,144596.9628348843
2020-08-14,318749.68134656124,144596.9628348843
2020-08-17,319497.79359325295,144596.9628348843
2020-08-18,315851.5990626964,144596.9628348843
2020-08-19,313613.330969497,144596.9628348843
2020-08-20,311457.2913076871,199070.8675283146
2020-08-21,305747.22559997486,199070.8675283146
2020-08-24,300194.98396065255,246978.0360880242
2020-08-25,302087.4985101992,246978.0360880242
2020-08-26,302475.70994545595,246978.0360880242
2020-08-27,302766.8669792957,246978.0360880242
2020-08-28,304141.7703954409,246978.0360880242
2020-08-31,306487.1993145224,246978.0360880242
2020-09-01,309026.7308660265,246978.0360880242
2020-09-02,309754.62345062575,246978.0360880242
2020-09-03,305096.11707960186,246978.0360880242
2020-09-04,302588.9369952368,246978.0360880242
2020-09-08,302022.7955759212,138930.48596492375
2020-09-09,309306.09213074466,138930.48596492375
2020-09-10,307627.7822252953,138930.48596492375
2020-09-11,306185.2715862591,138930.48596492375
2020-09-14,311073.14230886276,138930.48596492375
2020-09-15,312982.0278229791,138930.48596492375
2020-09-16,313518.3873994054,138930.48596492375
2020-09-17,314096.38299025537,138930.48596492375
2020-09-18,318547.35711889394,138930.48596492375
2020-09-21,324497.9221224131,138930.48596492375
2020-09-22,330666.6695601559,138930.48596492375
2020-09-23,328746.163903568,138930.48596492375
2020-09-24,321550.231017283,138930.48596492375
2020-09-25,327396.02681284153,138930.48596492375
2020-09-28,328609.48932627524,138930.48596492375
2020-09-29,324132.24851716025,138930.48596492375
2020-09-30,325208.6044938043,138930.48596492375
2020-10-01,328798.74253173603,138930.48596492375
2020-10-02,328478.15117166506,138930.48596492375
2020-10-05,333150.397791824,138930.48596492375
2020-10-06,330944.7770358906,138930.48596492375
2020-10-07,332278.75294280483,197705.85800096887
2020-10-08,338785.9256456625,197705.85800096887
2020-10-09,336299.565347202,197705.85800096887
2020-10-12,336339.1609389577,197705.85800096887
2020-10-13,335295.6472466408,197705.85800096887
2020-10-14,336238.55602249317,197705.85800096887
2020-10-15,336368.4614165776,197705.85800096887
2020-10-16,332102.0178168391,197705.85800096887
2020-10-19,329453.5737444398,240556.24097169074
2020-10-20,331534.1666239032,240556.24097169074
2020-10-21,325927.117317936,240556.24097169074
2020-10-22,327841.2630919281,240556.24097169074
2020-10-23,327647.07344852085,240556.24097169074
2020-10-26,322554.199390083,278001.71670842957
2020-10-27,323358.700501648,278001.71670842957
2020-10-28,321721.9611553451,278001.71670842957
2020-10-29,322699.1038611876,278001.71670842957
2020-10-30,322810.7752247324,278001.71670842957
2020-11-02,322866.6122601956,278001.71670842957
2020-11-03,324318.36976747494,278001.71670842957
2020-11-04,324681.31049798557,278001.71670842957
2020-11-05,327528.9884770812,278001.71670842957
2020-11-06,325323.436405812,278001.71670842957
2020-11-09,332638.0555629091,257794.49306125453
2020-11-10,329825.7741122894,257794.49306125453
2020-11-11,327674.66506045347,257794.49306125453
2020-11-12,327079.9792855311,278943.0701364712
2020-11-13,328638.5545909195,278943.0701364712
2020-11-16,330881.6625241955,278943.0701364712
2020-11-17,330549.65269360825,278943.0701364712
2020-11-18,332097.80575394904,278943.0701364712
2020-11-19,333793.6504323956,278943.0701364712
2020-11-20,334250.6169602869,278943.0701364712
2020-11-23,336904.0601563709,278943.0701364712
2020-11-24,339102.5445333967,278943.0701364712
2020-11-25,337774.37944253755,278943.0701364712
2020-11-27,337749.9727468535,278943.0701364712
2020-11-30,334501.5820643661,307538.47555416217
2020-12-01,334550.1434777082,307538.47555416217
2020-12-02,336365.0857794968,307538.47555416217
2020-12-03,336644.3069596072,307538.47555416217
2020-12-04,336735.35613632016,307538.47555416217
2020-12-07,337554.8126199514,253166.10946496358
2020-12-08,340389.62398919364,253166.10946496358
2020-12-09,339878.16757380887,253166.10946496358
2020-12-10,339644.8208430659,253166.10946496358
2020-12-11,338504.59629733604,253166.10946496358
2020-12-14,337026.08427238313,253166.10946496358
2020-12-15,338532.2317188734,253166.10946496358
2020-12-16,338295.75860276795,253166.10946496358
2020-12-17,337898.3764469671,253166.10946496358
2020-12-18,337360.38848492905,253166.10946496358
2020-12-21,335543.32422939735,253166.10946496358
2020-12-22,333559.49088843435,277665.3706269607
2020-12-23,333258.7816762017,277665.3706269607
2020-12-24,333654.56518213084,277665.3706269607
2020-12-28,333667.85265259823,277665.3706269607
2020-12-29,333471.51773707505,277665.3706269607
2020-12-30,333876.85123211617,277665.3706269607
2020-12-31,334753.9417531526,277665.3706269607
2021-01-04,333045.41989118716,277665.3706269607
2021-01-05,333854.3254769215,277665.3706269607
2021-01-06,334904.9088231582,277665.3706269607
2021-01-07,334100.75336011813,198789.94824927027
2021-01-08,334189.4875539247,198789.94824927027
2021-01-11,333753.9605882309,198789.94824927027
2021-01-12,334980.67012513167,198789.94824927027
2021-01-13,336578.6717340823,198789.94824927027
2021-01-14,338647.4062286434,198789.94824927027
2021-01-15,342273.17802858545,198789.94824927027
2021-01-19,339405.41305798246,198789.94824927027
2021-01-20,340068.19136354397,198789.94824927027
2021-01-21,338042.5333866195,198789.94824927027
2021-01-22,338795.3529323498,198789.94824927027
2021-01-25,341168.0966693933,198789.94824927027
2021-01-26,340937.74959594134,198789.94824927027
2021-01-27,338983.4654737917,198789.94824927027
2021-01-28,341681.56530391716,198789.94824927027
2021-01-29,341475.8160022809,198789.94824927027
2021-02-01,340994.9683178739,198789.94824927027
2021-02-02,340957.4579257653,198789.94824927027
2021-02-03,341351.88404553506,198789.94824927027
2021-02-04,342480.29561229533,198789.94824927027
2021-02-05,342689.89300693764,198789.94824927027
2021-02-08,342752.8426552595,188514.0634603927
2021-02-09,339985.69737386913,188514.0634603927
2021-02-10,344971.49831779016,188514.0634603927
2021-02-11,343171.31107538374,188514.0634603927
2021-02-12,344196.95516975276,188514.0634603927
2021-02-16,347205.0707418707,188514.0634603927
2021-02-17,346984.7845365619,188514.0634603927
2021-02-18,340056.8308006311,188514.0634603927
2021-02-19,343055.786547116,188514.0634603927
2021-02-22,353466.2765591377,188514.0634603927
2021-02-23,355796.8670844863,188514.0634603927
2021-02-24,365455.2727279257,188514.0634603927
2021-02-25,358631.79139960697,188514.0634603927
2021-02-26,357180.2491003707,188514.0634603927
2021-03-01,362808.6609086951,188514.0634603927
2021-03-02,360234.61607606977,188514.0634603927
2021-03-03,363844.9772713033,188514.0634603927
2021-03-04,367086.19565858674,188514.0634603927
2021-03-05,377275.91509266815,188514.0634603927
2021-03-08,377482.931810669,207615.61249586794
2021-03-09,382219.83238159283,207615.61249586794
2021-03-10,382268.82472359773,207615.61249586794
2021-03-11,393782.8313877228,207615.61249586794
2021-03-12,400124.4379833408,207615.61249586794
2021-03-15,403495.8406846962,207615.61249586794
2021-03-16,406223.2637760065,207615.61249586794
2021-03-17,401995.9466818991,207615.61249586794
2021-03-18,396850.9900219792,207615.61249586794
2021-03-19,399115.803256856,207615.61249586794
2021-03-22,404284.94151470123,207615.61249586794
2021-03-23,395473.8576700509,270222.6882479647
2021-03-24,376594.651280432,317667.49780859245
2021-03-25,377063.74904922856,317667.49780859245
2021-03-26,377222.83497488033,317667.49780859245
2021-03-29,374081.90405411355,374081.90405411355
2021-03-30,374081.90405411355,374081.90405411355
2021-03-31,374081.90405411355,374081.90405411355
2021-04-01,374081.90405411355,374081.90405411355
2021-04-05,374081.90405411355,374081.90405411355
2021-04-06,374081.90405411355,374081.90405411355
2021-04-07,374081.90405411355,222578.73291219756
2021-04-08,374348.4030879117,222578.73291219756
2021-04-09,373414.3043304318,222578.73291219756
2021-04-12,372708.09793857514,222578.73291219756
2021-04-13,374934.4008181509,222578.73291219756
2021-04-14,373721.55434843124,222578.73291219756
2021-04-15,375284.8115423006,222578.73291219756
2021-04-16,375357.5611551475,222578.73291219756
2021-04-19,373913.3572726479,222578.73291219756
2021-04-20,372986.7477340222,222578.73291219756
2021-04-21,373856.53010804893,222578.73291219756
2021-04-22,374951.91129778547,222578.73291219756
2021-04-23,376289.9357592128,222578.73291219756
2021-04-26,376934.62946026644,222578.73291219756
2021-04-27,375458.3148105026,222578.73291219756
2021-04-28,375787.0582455412,222578.73291219756
2021-04-29,374206.20535533724,222578.73291219756
2021-04-30,373740.7585679544,222578.73291219756
2021-05-03,373611.9088671466,222578.73291219756
2021-05-04,373640.15117128147,222578.73291219756
2021-05-05,374322.07465764316,269095.4161063936
2021-05-06,374504.25456471706,269095.4161063936
2021-05-07,375069.98485867964,121897.74507907085
2021-05-10,366236.86194909236,121897.74507907085
2021-05-11,371303.4893882839,121897.74507907085
2021-05-12,363458.80394255015,121897.74507907085
2021-05-13,356987.9518994449,195142.54637200816
2021-05-14,363177.70460440405,195142.54637200816
2021-05-17,363075.78155098413,195142.54637200816
2021-05-18,368718.267811827,195142.54637200816
2021-05-19,368696.83034638315,195142.54637200816
2021-05-20,375590.2433871351,195142.54637200816
2021-05-21,376794.09814164625,195142.54637200816
2021-05-24,377104.8668666328,195142.54637200816
2021-05-25,376313.992375309,195142.54637200816
2021-05-26,381795.7901995323,195142.54637200816
2021-05-27,382132.96683368186,195142.54637200816
2021-05-28,380666.22804972826,195142.54637200816
2021-06-01,380338.6663659838,195142.54637200816
2021-06-02,379602.0829855134,195142.54637200816
2021-06-03,372126.8640501082,195142.54637200816
2021-06-04,386686.809707936,195142.54637200816
2021-06-07,386522.8936566614,96630.72341416527
2021-06-08,385872.0107587876,96630.72341416527
2021-06-09,387864.2690459455,96630.72341416527
2021-06-10,391677.20763594355,96630.72341416527
2021-06-11,394822.64204458345,96630.72341416527
2021-06-14,397651.72719707666,96630.72341416527
2021-06-15,391024.87923460995,96630.72341416527
2021-06-16,390982.65727925446,96630.72341416527
2021-06-17,388466.5014044752,96630.72341416527
2021-06-18,389660.8895117284,96630.72341416527
2021-06-21,388568.56877797877,96630.72341416527
2021-06-22,388016.0606500886,96630.72341416527
2021-06-23,390569.3553075824,96630.72341416527
2021-06-24,386410.16913922067,181863.97646693717
2021-06-25,388347.22095633217,181863.97646693717
2021-06-28,398016.06281355367,181863.97646693717
2021-06-29,396499.7868557909,181863.97646693717
2021-06-30,395647.9549428085,181863.97646693717
2021-07-01,394914.0917287797,181863.97646693717
2021-07-02,393764.81529967376,181863.97646693717
2021-07-06,394227.2582140209,181863.97646693717
2021-07-07,392031.9742622613,156812.78970490448
2021-07-08,390187.03481113666,156812.78970490448
2021-07-09,400515.3921591551,156812.78970490448
2021-07-12,401401.31680828414,156812.78970490448
2021-07-13,397783.34729728726,156812.78970490448
2021-07-14,389073.33642805665,156812.78970490448
2021-07-15,385790.87883834186,156812.78970490448
2021-07-16,380930.89563322254,156812.78970490448
2021-07-19,376801.41711578995,224243.5074292479
2021-07-20,379011.67028568673,224243.5074292479
2021-07-21,381633.7823139372,224243.5074292479
2021-07-22,383367.66664085735,224243.5074292479
2021-07-23,382837.3309921477,224243.5074292479
2021-07-26,386203.65413743386,224243.5074292479
2021-07-27,382772.4439012576,224243.5074292479
2021-07-28,385445.8875071628,224243.5074292479
2021-07-29,385172.44515121187,224243.5074292479
2021-07-30,382979.5703898212,224243.5074292479
2021-08-02,383624.7672352348,224243.5074292479
2021-08-03,384417.73352790903,224243.5074292479
2021-08-04,381470.54191479774,224243.5074292479
2021-08-05,387667.68045014027,224243.5074292479
2021-08-06,387730.5409093351,224243.5074292479
2021-08-09,386308.2176970211,154523.28707880847
2021-08-10,381855.426280691,154523.28707880847
2021-08-11,368543.4175405712,215974.41510030872
2021-08-12,377101.83425877977,215974.41510030872
2021-08-13,377135.52959715296,215974.41510030872
2021-08-16,375787.74819586764,215974.41510030872
2021-08-17,370881.2327572431,215974.41510030872
2021-08-18,375295.2256832046,215974.41510030872
2021-08-19,371521.4313328769,215974.41510030872
2021-08-20,371016.01411073597,215974.41510030872
2021-08-23,373745.2722516799,215974.41510030872
2021-08-24,374688.72244594403,215974.41510030872
2021-08-25,372161.6299085107,215974.41510030872
2021-08-26,373913.74894354603,215974.41510030872
2021-08-27,377160.8815823543,215974.41510030872
2021-08-30,377329.35827422043,215974.41510030872
2021-08-31,379283.6429127664,215974.41510030872
2021-09-01,378811.9210289987,215974.41510030872
2021-09-02,379856.45081165375,215974.41510030872
2021-09-03,380294.4773570482,215974.41510030872
2021-09-07,380496.64938728756,175028.4587181523
2021-09-08,374378.3941919765,175028.4587181523
2021-09-09,374623.65278774034,175028.4587181523
2021-09-10,375100.90284323477,175028.4587181523
2021-09-13,380280.5082026359,175028.4587181523
2021-09-14,377034.29169390065,175028.4587181523
2021-09-15,383319.2433330183,175028.4587181523
2021-09-16,381942.7947270939,175028.4587181523
2021-09-17,381181.5277516474,175028.4587181523
2021-09-20,372607.714727881,175028.4587181523
2021-09-21,372168.00988436874,175028.4587181523
2021-09-22,376877.0317154059,175028.4587181523
2021-09-23,381100.4717326605,175028.4587181523
2021-09-24,382138.9877103566,175028.4587181523
2021-09-27,386184.89053955855,175028.4587181523
2021-09-28,382256.0368757583,175028.4587181523
2021-09-29,379926.3964674873,175028.4587181523
2021-09-30,380671.40403548407,175028.4587181523
2021-10-01,386369.9946247295,175028.4587181523
2021-10-04,382316.31894365663,175028.4587181523
2021-10-05,383643.82400380465,175028.4587181523
2021-10-06,380733.9418214386,175028.4587181523
2021-10-07,384965.1423388758,177083.9654758828
2021-10-08,383916.21142817027,177083.9654758828
2021-10-11,383193.4737932695,177083.9654758828
2021-10-12,387337.5640108753,177083.9654758828
2021-10-13,391026.0550034727,177083.9654758828
2021-10-14,397961.4238409807,177083.9654758828
2021-10-15,397580.6180984172,177083.9654758828
2021-10-18,399283.31309396867,177083.9654758828
2021-10-19,397905.269888275,177083.9654758828
2021-10-20,392381.6443306899,177083.9654758828
2021-10-21,395484.14760147355,177083.9654758828
2021-10-22,391717.8343669861,177083.9654758828
2021-10-25,392636.82774673536,177083.9654758828
2021-10-26,392119.6976082026,177083.9654758828
2021-10-27,386462.3258900177,177083.9654758828
2021-10-28,390108.98656749737,177083.9654758828
2021-10-29,388110.52820590296,177083.9654758828
2021-11-01,389235.43870971835,177083.9654758828
2021-11-02,393273.6678422224,177083.9654758828
2021-11-03,392977.4877553086,177083.9654758828
2021-11-04,372902.70729856496,310461.8226098118
2021-11-05,373667.99705750105,310461.8226098118
2021-11-08,372798.3468898856,221815.01639948192
2021-11-09,366448.7963045756,221815.01639948192
2021-11-10,364516.9103769948,221815.01639948192
2021-11-11,366320.3870307556,221815.01639948192
2021-11-12,364893.3226762231,221815.01639948192
2021-11-15,364329.31770921935,265670.81709097215
2021-11-16,364445.29612028296,265670.81709097215
2021-11-17,363330.8490510081,265670.81709097215
2021-11-18,366521.7867405642,265670.81709097215
2021-11-19,368235.33620310493,265670.81709097215
2021-11-22,369290.3020857712,265670.81709097215
2021-11-23,368244.34260684793,265670.81709097215
2021-11-24,369886.02435875323,265670.81709097215
2021-11-26,366717.7218587623,265670.81709097215
2021-11-29,369577.0190722025,265670.81709097215
2021-11-30,367228.4462839574,265670.81709097215
2021-12-01,366179.88242389535,265670.81709097215
2021-12-02,368036.81114128453,265670.81709097215
2021-12-03,363863.09647941095,265670.81709097215
2021-12-06,362992.1354186294,265670.81709097215
2021-12-07,368754.50301012024,169627.0713846553
2021-12-08,373878.1653715228,169627.0713846553
2021-12-09,369352.077719905,169627.0713846553
2021-12-10,368486.67809843156,169627.0713846553
2021-12-13,361897.40991418227,169627.0713846553
2021-12-14,358234.2971826223,169627.0713846553
2021-12-15,357570.3210161645,169627.0713846553
2021-12-16,352077.36933465546,226304.2015103716
2021-12-17,352202.8999632583,226304.2015103716
2021-12-20,348116.3006785959,226304.2015103716
2021-12-21,354672.3887747284,226304.2015103716
2021-12-22,354330.70261031797,226304.2015103716
2021-12-23,360085.2847329839,226304.2015103716
2021-12-27,357823.08184321487,226304.2015103716
2021-12-28,357429.16476037295,226304.2015103716
2021-12-29,356330.5233240909,226304.2015103716
2021-12-30,359598.1058251215,226304.2015103716
2021-12-31,357538.16787169257,226304.2015103716
2022-01-03,364062.1055402361,226304.2015103716
2022-01-04,365435.23129427305,226304.2015103716
2022-01-05,361711.17806542874,226304.2015103716
2022-01-06,363251.0550022639,226304.2015103716
2022-01-07,369024.04447312315,169751.0604576366
2022-01-10,368843.41179640626,169751.0604576366
2022-01-11,374483.91686973255,169751.0604576366
2022-01-12,373976.34472987696,169751.0604576366
2022-01-13,369042.9930040059,169751.0604576366
2022-01-14,369865.3196493331,169751.0604576366
2022-01-18,362978.23200357263,169751.0604576366
2022-01-19,362456.64515874686,169751.0604576366
2022-01-20,359330.623974742,230560.62408975384
2022-01-21,349553.68169376056,349553.68169376056
2022-01-24,349553.68169376056,349553.68169376056
2022-01-25,349553.68169376056,349553.68169376056
2022-01-26,349553.68169376056,349553.68169376056
2022-01-27,349553.68169376056,349553.68169376056
2022-01-28,349553.68169376056,349553.68169376056
2022-01-31,349553.68169376056,349553.68169376056
2022-02-01,349553.68169376056,349553.68169376056
2022-02-02,349553.68169376056,349553.68169376056
2022-02-03,349553.68169376056,349553.68169376056
2022-02-04,349553.68169376056,349553.68169376056
2022-02-07,349553.68169376056,113604.94655047219
2022-02-08,351076.104293052,113604.94655047219
2022-02-09,367001.5080367719,113604.94655047219
2022-02-10,362455.9932095464,113604.94655047219
2022-02-11,358288.31882031535,113604.94655047219
2022-02-14,351431.5030315898,183519.4984270265
2022-02-15,360883.49132280925,183519.4984270265
2022-02-16,332110.5540306191,250707.1389458126
2022-02-17,327333.3688588611,250707.1389458126
2022-02-18,324509.96437452396,324509.96437452396
2022-02-22,324509.96437452396,324509.96437452396
2022-02-23,324509.96437452396,324509.96437452396
2022-02-24,324509.96437452396,324509.96437452396
2022-02-25,324509.96437452396,324509.96437452396
2022-02-28,324509.96437452396,324509.96437452396
2022-03-01,324509.96437452396,324509.96437452396
2022-03-02,324509.96437452396,324509.96437452396
2022-03-03,324509.96437452396,324509.96437452396
2022-03-04,324509.96437452396,324509.96437452396
2022-03-07,324509.96437452396,149274.583612281
2022-03-08,323432.03440695634,149274.583612281
2022-03-09,329095.46250147326,149274.583612281
2022-03-10,324698.4405280323,149274.583612281
2022-03-11,311449.14640230057,195366.19811155892
2022-03-14,315696.777668579,195366.19811155892
2022-03-15,315607.73839831137,195366.19811155892
2022-03-16,319962.25451731816,195366.19811155892
2022-03-17,322520.6929083416,195366.19811155892
2022-03-18,323022.30555448215,195366.19811155892
2022-03-21,322470.2545600871,195366.19811155892
2022-03-22,324738.09507271845,195366.19811155892
2022-03-23,325246.5479421319,195366.19811155892
2022-03-24,326130.8963883678,195366.19811155892
2022-03-25,328577.9364480106,195366.19811155892
2022-03-28,325329.93480331457,195366.19811155892
2022-03-29,327996.0422395965,195366.19811155892
2022-03-30,326733.32456154726,195366.19811155892
2022-03-31,325577.6452940699,195366.19811155892
2022-04-01,324508.451539211,195366.19811155892
2022-04-04,325243.4492906962,195366.19811155892
2022-04-05,322645.7793429731,195366.19811155892
2022-04-06,321038.8466841831,195366.19811155892
2022-04-07,320807.3102373843,147571.36270919675
2022-04-08,315777.9241566938,147571.36270919675
2022-04-11,316381.0640515257,147571.36270919675
2022-04-12,312895.0254023185,147571.36270919675
2022-04-13,321065.0120134835,147571.36270919675
2022-04-14,312858.8062205096,147571.36270919675
2022-04-18,306900.75837593764,147571.36270919675
2022-04-19,315504.6675508366,147571.36270919675
2022-04-20,301395.41907202307,195014.6978072994
2022-04-21,295068.1477844433,295068.1477844433
2022-04-22,295068.1477844433,295068.1477844433
2022-04-25,295068.1477844433,295068.1477844433
2022-04-26,295068.1477844433,295068.1477844433
2022-04-27,295068.1477844433,295068.1477844433
2022-04-28,295068.1477844433,295068.1477844433
2022-04-29,295068.1477844433,295068.1477844433
2022-05-02,295068.1477844433,295068.1477844433
2022-05-03,295068.1477844433,295068.1477844433
2022-05-04,295068.1477844433,295068.1477844433
2022-05-05,295068.1477844433,295068.1477844433
2022-05-06,295068.1477844433,295068.1477844433
2022-05-09,295068.1477844433,228677.81453294354
2022-05-10,293209.5328860884,228677.81453294354
2022-05-11,294190.437178103,228677.81453294354
2022-05-12,298770.1402938307,228677.81453294354
2022-05-13,303306.12176394206,228677.81453294354
2022-05-16,302954.81983105704,228677.81453294354
2022-05-17,304999.14358850487,228677.81453294354
2022-05-18,303516.4781244113,228677.81453294354
2022-05-19,305441.34575387463,228677.81453294354
2022-05-20,303100.5571871848,228677.81453294354
2022-05-23,303796.4251482423,255708.7414270071
2022-05-24,304368.82355897024,255708.7414270071
2022-05-25,305176.7132516018,255708.7414270071
2022-05-26,306264.931735974,255708.7414270071
2022-05-27,307404.1938431585,255708.7414270071
2022-05-31,306542.01643815427,255708.7414270071
2022-06-01,307671.195497941,255708.7414270071
2022-06-02,307826.8509250623,255708.7414270071
2022-06-03,307025.8069214594,255708.7414270071
2022-06-06,307698.9230369363,255708.7414270071
2022-06-07,308247.62533403886,238891.90963388013
2022-06-08,309558.3011182793,238891.90963388013
2022-06-09,305452.75374931283,238891.90963388013
2022-06-10,299940.4150147815,278422.0996490265
2022-06-13,298672.12998807686,298672.12998807686
2022-06-14,298672.12998807686,298672.12998807686
2022-06-15,298672.12998807686,298672.12998807686
2022-06-16,298672.12998807686,298672.12998807686
2022-06-17,298672.12998807686,298672.12998807686
2022-06-21,298672.12998807686,298672.12998807686
2022-06-22,298672.12998807686,298672.12998807686
2022-06-23,298672.12998807686,298672.12998807686
2022-06-24,298672.12998807686,298672.12998807686
2022-06-27,298672.12998807686,298672.12998807686
2022-06-28,298672.12998807686,298672.12998807686
2022-06-29,298672.12998807686,298672.12998807686
2022-06-30,298672.12998807686,298672.12998807686
2022-07-01,298672.12998807686,298672.12998807686
2022-07-05,298672.12998807686,298672.12998807686
2022-07-06,298672.12998807686,298672.12998807686
2022-07-07,298672.12998807686,231470.90074075956
2022-07-08,297027.2976832291,231470.90074075956
2022-07-11,293276.3603692026,231470.90074075956
2022-07-12,295250.2071631947,231470.90074075956
2022-07-13,294178.5507578646,231470.90074075956
2022-07-14,291657.6634552354,251008.21137995465
2022-07-15,293719.9624928583,251008.21137995465
2022-07-18,295857.9818723481,251008.21137995465
2022-07-19,298824.61686350626,251008.21137995465
2022-07-20,302217.86849323893,251008.21137995465
2022-07-21,297215.25006241206,251008.21137995465
2022-07-22,295243.439441494,273240.55876473064
2022-07-25,294959.49010410655,273240.55876473064
2022-07-26,294139.1938904817,294139.1938904817
2022-07-27,294139.1938904817,294139.1938904817
2022-07-28,294139.1938904817,294139.1938904817
2022-07-29,294139.1938904817,294139.1938904817
2022-08-01,294139.1938904817,294139.1938904817
2022-08-02,294139.1938904817,294139.1938904817
2022-08-03,294139.1938904817,294139.1938904817
2022-08-04,294139.1938904817,294139.1938904817
2022-08-05,294139.1938904817,294139.1938904817
2022-08-08,294139.1938904817,135304.02918962156
2022-08-09,287913.83905343246,135304.02918962156
2022-08-10,295921.7814972867,135304.02918962156
2022-08-11,299828.07001091714,135304.02918962156
2022-08-12,304451.6778093077,135304.02918962156
2022-08-15,308101.0327918767,135304.02918962156
2022-08-16,312576.0619982653,135304.02918962156
2022-08-17,305667.623318728,135304.02918962156
2022-08-18,308394.8539182254,135304.02918962156
2022-08-19,299560.28387026786,135304.02918962156
2022-08-22,291617.7990312666,241021.3834819867
2022-08-23,292423.046260223,241021.3834819867
2022-08-24,293094.0888174547,241021.3834819867
2022-08-25,294469.7203001972,241021.3834819867
2022-08-26,292725.01477102365,241021.3834819867
2022-08-29,293261.8462569946,241021.3834819867
2022-08-30,292859.22264251637,241021.3834819867
2022-08-31,292154.6305172375,241021.3834819867
2022-09-01,291986.8698779296,241021.3834819867
2022-09-02,291886.2147742521,241021.3834819867
2022-09-06,291450.0383919587,241021.3834819867
2022-09-07,292792.120306654,134684.37534106086
2022-09-08,297556.6380264878,134684.37534106086
2022-09-09,303047.5579027558,134684.37534106086
2022-09-12,306957.22588733886,134684.37534106086
2022-09-13,296451.13362079253,134684.37534106086
2022-09-14,298327.7860999847,134684.37534106086
2022-09-15,302612.3185769843,134684.37534106086
2022-09-16,298030.8071909956,134684.37534106086
2022-09-19,296370.02528143534,134684.37534106086
2022-09-20,291429.2863924649,183650.50103826023
2022-09-21,289686.13690534316,234844.07151070956
2022-09-22,287404.02114331926,234844.07151070956
2022-09-23,287617.9708775091,234844.07151070956
2022-09-26,288545.080724639,234844.07151070956
2022-09-27,289258.24083757907,234844.07151070956
2022-09-28,291469.0388880011,234844.07151070956
2022-09-29,292467.4630461172,234844.07151070956
2022-09-30,292824.04480289505,234844.07151070956
2022-10-03,293608.5192268213,234844.07151070956
2022-10-04,295177.4748759051,234844.07151070956
2022-10-05,294892.2108307291,234844.07151070956
2022-10-06,295248.79258750693,234844.07151070956
2022-10-07,292966.67342486745,227049.17190427228
2022-10-10,291266.222016396,227049.17190427228
2022-10-11,291867.80339451286,227049.17190427228
2022-10-12,291580.24806506373,227049.17190427228
2022-10-13,292799.1838363029,227049.17190427228
2022-10-14,290981.9293387745,227049.17190427228
2022-10-17,293293.93204933265,227049.17190427228
2022-10-18,295033.9403932993,227049.17190427228
2022-10-19,293385.971400308,227049.17190427228
2022-10-20,293159.11146276456,227049.17190427228
2022-10-21,292635.2339751015,227049.17190427228
2022-10-24,291664.93458453286,227049.17190427228
2022-10-25,294882.77569961175,227049.17190427228
2022-10-26,294233.3308378869,227049.17190427228
2022-10-27,293241.03261122096,227049.17190427228
2022-10-28,294403.39812203654,227049.17190427228
2022-10-31,294034.40037965705,227049.17190427228
2022-11-01,294215.65906256874,227049.17190427228
2022-11-02,292466.8503495726,245945.59261358506
2022-11-03,289489.3122350835,264966.56436861516
2022-11-04,289668.800095327,264966.56436861516
2022-11-07,290289.53583986376,172722.27382471898
2022-11-08,292923.7644069832,172722.27382471898
2022-11-09,286546.8415490713,172722.27382471898
2022-11-10,299295.98784942715,172722.27382471898
2022-11-11,304086.99231693905,172722.27382471898
2022-11-14,303743.84893354296,172722.27382471898
2022-11-15,308057.4922673629,172722.27382471898
2022-11-16,299268.6912036952,215803.4274426364
2022-11-17,295856.9587675853,215803.4274426364
2022-11-18,296015.61133501714,215803.4274426364
2022-11-21,294987.8751682714,215803.4274426364
2022-11-22,296079.484604182,215803.4274426364
2022-11-23,297419.7930557155,215803.4274426364
2022-11-25,297348.37682000245,215803.4274426364
2022-11-28,295438.3928674596,253205.8492015022
2022-11-29,296474.2691376545,253205.8492015022
2022-11-30,297125.12799453334,253205.8492015022
2022-12-01,297528.47640648345,253205.8492015022
2022-12-02,297106.7934989519,253205.8492015022
2022-12-05,296162.5897066643,253205.8492015022
2022-12-06,295319.22039465373,253205.8492015022
2022-12-07,298582.68717225984,177656.69886749462
2022-12-08,301787.3901501187,177656.69886749462
2022-12-09,302789.9477974566,177656.69886749462
2022-12-12,305576.63378809055,177656.69886749462
2022-12-13,306920.14152296295,177656.69886749462
2022-12-14,308825.57399941224,177656.69886749462
2022-12-15,303957.44320245646,177656.69886749462
2022-12-16,303331.6922740377,177656.69886749462
2022-12-19,300028.1185139013,177656.69886749462
2022-12-20,299569.1454595873,177656.69886749462
2022-12-21,300539.38992457057,177656.69886749462
2022-12-22,295606.92055126745,218543.67915945925
2022-12-23,296000.50104120275,218543.67915945925
2022-12-27,296812.7823419997,218543.67915945925
2022-12-28,295035.35062651755,218543.67915945925
2022-12-29,297176.57040056295,218543.67915945925
2022-12-30,296468.29714435834,218543.67915945925
2023-01-03,297633.64858478215,218543.67915945925
2023-01-04,299145.6076001651,218543.67915945925
2023-01-05,299478.5955926078,218543.67915945925
2023-01-06,296083.9702416388,218543.67915945925
2023-01-09,292900.14319063467,134734.06586769194
2023-01-10,296605.4859333763,134734.06586769194
2023-01-11,300440.83832763496,134734.06586769194
2023-01-12,310023.55591557646,134734.06586769194
2023-01-13,302809.94230127975,185299.28045192154
2023-01-17,301193.30545844586,185299.28045192154
2023-01-18,297047.54213193344,185299.28045192154
2023-01-19,291047.9942105454,234499.98681097996
2023-01-20,293611.4021913629,234499.98681097996
2023-01-23,293879.223386274,234499.98681097996
2023-01-24,293534.8844562029,234499.98681097996
2023-01-25,293496.6237642527,234499.98681097996
2023-01-26,292654.9067850501,234499.98681097996
2023-01-27,291927.9718816982,234499.98681097996
2023-01-30,291277.55471350625,234499.98681097996
2023-01-31,292693.16747700033,234499.98681097996
2023-02-01,296136.55312897067,234499.98681097996
2023-02-02,299962.53475422185,234499.98681097996
2023-02-03,297896.50117379543,234499.98681097996
2023-02-06,297973.02255769586,234499.98681097996
2023-02-07,301378.1438689756,97947.89675741702
2023-02-08,283239.84213033866,151625.219579612
2023-02-09,283763.70526817656,151625.219579612
2023-02-10,278227.90446756815,210390.25779228308
2023-02-13,277452.6761396056,210390.25779228308
2023-02-14,282486.4922928034,210390.25779228308
2023-02-15,284205.77834390994,210390.25779228308
2023-02-16,280002.3138708522,210390.25779228308
2023-02-17,282162.61828350025,210390.25779228308
2023-02-21,278393.28503880784,210390.25779228308
2023-02-22,279595.75220460596,210390.25779228308
2023-02-23,280012.6550853236,210390.25779228308
2023-02-24,278224.46090098005,210390.25779228308
2023-02-27,281928.32957902347,210390.25779228308
2023-02-28,281266.8020367112,210390.25779228308
2023-03-01,280253.83618033014,210390.25779228308
2023-03-02,276164.07249292266,210390.25779228308
2023-03-03,278537.9936958117,210390.25779228308
2023-03-06,277166.7023921858,210390.25779228308
2023-03-07,275064.9754130105,64640.26922205744
2023-03-08,274308.681328422,64640.26922205744
2023-03-09,267853.0946224018,64640.26922205744
2023-03-10,249155.71656516107,184206.19193915848
2023-03-13,247555.65355975254,184206.19193915848
2023-03-14,248372.01261730742,184206.19193915848
2023-03-15,248861.8268061753,184206.19193915848
2023-03-16,249416.9512144456,184206.19193915848
2023-03-17,248535.2881658136,184206.19193915848
2023-03-20,249514.91654354933,184206.19193915848
2023-03-21,253596.71183132374,184206.19193915848
2023-03-22,251768.06928633188,184206.19193915848
2023-03-23,251931.33860651276,184206.19193915848
2023-03-24,250265.96538170174,184206.19193915848
2023-03-27,251996.6488259152,184206.19193915848
2023-03-28,254119.18112989285,184206.19193915848
2023-03-29,254445.72599857987,184206.19193915848
2023-03-30,255098.80950762858,184206.19193915848
2023-03-31,257058.07249142538,184206.19193915848
2023-04-03,255360.05038523846,184206.19193915848
2023-04-04,254772.27086726687,184206.19193915848
2023-04-05,252780.35277376886,184206.19193915848
2023-04-06,254935.54018744774,184206.19193915848
2023-04-10,257025.41738172414,118231.69199559314
2023-04-11,260515.8262223101,118231.69199559314
2023-04-12,257668.6632761366,118231.69199559314
2023-04-13,256348.1925344065,118231.69199559314
2023-04-14,255144.2278934007,118231.69199559314
2023-04-17,258301.54845052093,118231.69199559314
2023-04-18,255935.20867107497,159397.7225695249
2023-04-19,256926.01429051868,159397.7225695249
2023-04-20,251187.3372436775,159397.7225695249
2023-04-21,250385.9625494415,159397.7225695249
2023-04-24,251831.6779519315,159397.7225695249
2023-04-25,249929.56870247098,159397.7225695249
2023-04-26,248723.33938716442,159397.7225695249
2023-04-27,252596.2347980964,159397.7225695249
2023-04-28,246280.9784653855,198293.906400593
2023-05-01,246170.56350714562,198293.906400593
2023-05-02,243675.14501514146,198293.906400593
2023-05-03,243542.64622284146,198293.906400593
2023-05-04,241025.14810883784,198293.906400593
2023-05-05,243476.3947206611,198293.906400593
2023-05-08,245110.56474462416,79660.9335420029
2023-05-09,245523.7633533152,79660.9335420029
2023-05-10,240797.76326367503,79660.9335420029
2023-05-11,237449.73174797883,79660.9335420029
2023-05-12,236223.4580569769,79660.9335420029
2023-05-15,245323.36628959375,79660.9335420029
2023-05-16,242237.50683228296,128188.93017225023
2023-05-17,249489.9292433314,128188.93017225023
2023-05-18,245632.10966578274,128188.93017225023
2023-05-19,240485.2122463409,128188.93017225023
2023-05-22,239029.67954346506,180461.4250337443
2023-05-23,240055.19549280405,180461.4250337443
2023-05-24,238573.89588450768,180461.4250337443
2023-05-25,238061.13790983817,180461.4250337443
2023-05-26,236807.7355643903,180461.4250337443
2023-05-30,237035.62739386898,180461.4250337443
2023-05-31,233674.218834031,180461.4250337443
2023-06-01,235269.4616403818,180461.4250337443
2023-06-02,239029.67954346506,180461.4250337443
2023-06-05,238175.08654126243,180461.4250337443
2023-06-06,240966.7628107188,180461.4250337443
2023-06-07,243245.68653887548,79054.84812513451
2023-06-08,243125.1805847095,79054.84812513451
2023-06-09,241596.7803715338,79054.84812513451
2023-06-12,242551.73451649593,79054.84812513451
2023-06-13,254070.41538911918,79054.84812513451
2023-06-14,254771.03793886417,79054.84812513451
2023-06-15,257888.61106272778,79054.84812513451
2023-06-16,256025.9363637548,79054.84812513451
2023-06-20,249564.26176434784,79054.84812513451
2023-06-21,240173.46528189635,136759.59996198612
2023-06-22,236584.7072051597,236584.7072051597
2023-06-23,236584.7072051597,236584.7072051597
2023-06-26,236584.7072051597,236584.7072051597
2023-06-27,236584.7072051597,236584.7072051597
2023-06-28,236584.7072051597,236584.7072051597
2023-06-29,236584.7072051597,236584.7072051597
2023-06-30,236584.7072051597,236584.7072051597
2023-07-03,236584.7072051597,236584.7072051597
2023-07-05,236584.7072051597,236584.7072051597
2023-07-06,236584.7072051597,236584.7072051597
2023-07-07,236584.7072051597,76890.02984167688
2023-07-10,232816.45079341688,76890.02984167688
2023-07-11,236000.2518525172,76890.02984167688
2023-07-12,234806.77367374502,76890.02984167688
2023-07-13,236138.82122393855,76890.02984167688
2023-07-14,228208.81998541692,121857.3280472648
2023-07-17,225358.16922389666,121857.3280472648
2023-07-18,225750.5745927541,121857.3280472648
2023-07-19,229851.28842077524,121857.3280472648
2023-07-20,227529.3907716115,121857.3280472648
2023-07-21,226840.06905223962,121857.3280472648
2023-07-24,228266.86571576144,121857.3280472648
2023-07-25,226096.7580434359,121857.3280472648
2023-07-26,228552.73079936462,121857.3280472648
2023-07-27,226736.98786924296,121857.3280472648
2023-07-28,228091.27331920687,121857.3280472648
2023-07-31,231314.73853602458,121857.3280472648
2023-08-01,230898.71313777156,121857.3280472648
2023-08-02,226101.79879729426,121857.3280472648
2023-08-03,226432.35488705395,121857.3280472648
2023-08-04,227414.34789297904,121857.3280472648
2023-08-07,229140.012620995,74470.50410182338
2023-08-08,227245.37289542946,74470.50410182338
2023-08-09,226757.2832549305,74470.50410182338
2023-08-10,231654.35871529861,74470.50410182338
2023-08-11,231307.77377814575,74470.50410182338
2023-08-14,226669.830280241,74470.50410182338
2023-08-15,220490.4983507431,74470.50410182338
2023-08-16,221009.99235989436,119523.61219659702
2023-08-17,220713.521755896,119523.61219659702
2023-08-18,220388.46508234576,119523.61219659702
2023-08-21,217135.70692755445,167820.7954852818
2023-08-22,216513.84687128535,167820.7954852818
2023-08-23,218032.34569323837,167820.7954852818
2023-08-24,216926.0149354075,167820.7954852818
2023-08-25,214156.56904722741,167820.7954852818
2023-08-28,215277.35922919447,167820.7954852818
2023-08-29,216224.61425449292,167820.7954852818
2023-08-30,217063.39877335634,167820.7954852818
2023-08-31,217584.0263103964,167820.7954852818
2023-09-01,216738.00932108558,167820.7954852818
2023-09-05,216672.9281205763,167820.7954852818
2023-09-06,216267.99804366007,167820.7954852818
2023-09-07,213657.63340477092,50209.5438501212
2023-09-08,215608.8024321641,50209.5438501212
2023-09-11,214508.13940238804,50209.5438501212
2023-09-12,217910.18247779558,50209.5438501212
2023-09-13,216359.25444370197,50209.5438501212
2023-09-14,219899.8172760021,50209.5438501212
2023-09-15,219574.6242273163,50209.5438501212
2023-09-18,216172.58234471746,50209.5438501212
2023-09-19,215697.2934068041,50209.5438501212
2023-09-20,214071.32219933148,50209.5438501212
2023-09-21,211569.81986783718,50209.5438501212
2023-09-22,210335.96114264923,50209.5438501212
2023-09-25,208109.62784882286,50209.5438501212
2023-09-26,206433.62189505412,98613.58945231685
2023-09-27,205783.2310264477,150144.51386348688
2023-09-28,205783.2310264477,150144.51386348688
2023-09-29,205783.2310264477,150144.51386348688
2023-10-02,205783.2310264477,150144.51386348688
2023-10-03,205783.2310264477,150144.51386348688
2023-10-04,205783.2310264477,150144.51386348688
2023-10-05,202997.13497874083,150144.51386348688
2023-10-06,202997.13497874083,150144.51386348688
2023-10-09,202997.13497874083,47704.32672000414
2023-10-10,208161.54859430905,47704.32672000414
2023-10-11,205461.13089219926,47704.32672000414
2023-10-12,203563.03501224858,47704.32672000414
2023-10-13,204044.9737823087,47704.32672000414
2023-10-16,209410.95876009585,47704.32672000414
2023-10-17,215100.7488232372,47704.32672000414
2023-10-18,210435.99417286972,47704.32672000414
2023-10-19,207872.32707737206,47704.32672000414
2023-10-20,204374.6693689338,47704.32672000414
2023-10-23,198097.39393211636,47704.32672000414
2023-10-24,200205.55862348995,47704.32672000414
2023-10-25,200622.63390258432,47704.32672000414
2023-10-26,206018.06282034636,47704.32672000414
2023-10-27,200845.65444641944,47704.32672000414
2023-10-30,209420.455630476,47704.32672000414
2023-10-31,209650.3180770065,47704.32672000414
2023-11-01,189844.5778579382,86428.74445614258
2023-11-02,195504.28365116005,86428.74445614258
2023-11-03,201765.3298094601,86428.74445614258
2023-11-06,200673.15770087577,86428.74445614258
2023-11-07,202558.79490865453,47601.316803533795
2023-11-08,198648.43188625193,47601.316803533795
2023-11-09,192504.44627016928,47601.316803533795
2023-11-10,194401.2632504238,47601.316803533795
2023-11-13,192101.06990365344,47601.316803533795
2023-11-14,203740.33133047272,47601.316803533795
2023-11-15,212041.15809692984,47601.316803533795
2023-11-16,210198.94115943756,47601.316803533795
2023-11-17,211894.01776400677,47601.316803533795
2023-11-20,214867.01747686355,47601.316803533795
2023-11-21,211887.33317076706,47601.316803533795
2023-11-22,211329.07875700292,47601.316803533795
2023-11-24,210261.0863925862,47601.316803533795
2023-11-27,208866.31471724104,47601.316803533795
2023-11-28,206299.96326924872,94485.88673765963
2023-11-29,209661.49442408152,94485.88673765963
2023-11-30,211197.9040587368,94485.88673765963
2023-12-01,221306.19507493233,94485.88673765963
2023-12-04,226156.21332874792,94485.88673765963
2023-12-05,224733.37131890137,94485.88673765963
2023-12-06,225842.71588739485,94485.88673765963
2023-12-07,227354.3361297976,53428.26899050244
2023-12-08,229089.38166010205,53428.26899050244
2023-12-11,223455.03300363605,53428.26899050244
2023-12-12,227573.76402106986,53428.26899050244
2023-12-13,234380.75062721432,53428.26899050244
2023-12-14,246227.1091797738,53428.26899050244
2023-12-15,247868.42207706528,53428.26899050244
2023-12-18,246939.65780509825,53428.26899050244
2023-12-19,247277.27589837063,53428.26899050244
2023-12-20,240315.84954462425,53428.26899050244
2023-12-21,246872.52620125015,53428.26899050244
2023-12-22,246469.9199643074,53428.26899050244
2023-12-26,247434.92789060212,53428.26899050244
2023-12-27,247930.19208483206,53428.26899050244
2023-12-28,249818.60748645748,53428.26899050244
2023-12-29,247685.24853083966,53428.26899050244
2024-01-02,244788.2764604714,110013.69643155385
2024-01-03,240762.20929159876,110013.69643155385
2024-01-04,239151.78434382766,110013.69643155385
2024-01-05,237138.7531591138,110013.69643155385
2024-01-08,238749.1781068849,56106.05685511798
2024-01-09,234672.50636006764,56106.05685511798
2024-01-10,235012.67085329123,56106.05685511798
2024-01-11,233332.95727536044,56106.05685511798
2024-01-12,230282.04789609642,56106.05685511798
2024-01-16,229997.26488545683,56106.05685511798
2024-01-17,227256.9831994822,109028.89281984742
2024-01-18,228731.0184259157,109028.89281984742
2024-01-19,229588.0150423663,109028.89281984742
2024-01-22,228628.17647813013,109028.89281984742
2024-01-23,228388.2184716624,109028.89281984742
2024-01-24,229200.92458186267,109028.89281984742
2024-01-25,230023.6405490514,109028.89281984742
2024-01-26,227492.54958876898,109028.89281984742
2024-01-29,229343.66541871766,109028.89281984742
2024-01-30,229000.86546446435,109028.89281984742
2024-01-31,229480.7814773998,109028.89281984742
2024-02-01,231091.1753272181,109028.89281984742
2024-02-02,230919.77208090882,109028.89281984742
2024-02-05,228862.97889375428,109028.89281984742
2024-02-06,229891.3787565142,109028.89281984742
2024-02-07,225998.31961552892,73449.45387504686
2024-02-08,228450.93952787985,73449.45387504686
2024-02-09,231226.48461527092,73449.45387504686
2024-02-12,243662.77935654504,73449.45387504686
2024-02-13,234402.65014278982,73449.45387504686
2024-02-14,236347.75636367608,73449.45387504686
2024-02-15,233927.9166847878,73449.45387504686
2024-02-16,228234.32754918592,127455.25610389121
2024-02-20,228498.74193342292,127455.25610389121
2024-02-21,228763.66899475222,174149.84991443215
2024-02-22,229622.16358407662,174149.84991443215
2024-02-23,229820.28353353866,174149.84991443215
2024-02-26,230480.6644713205,174149.84991443215
2024-02-27,232858.05348150944,174149.84991443215
2024-02-28,233584.47440244528,174149.84991443215
2024-02-29,233320.32076774866,174149.84991443215
2024-03-01,232858.05348150944,174149.84991443215
2024-03-04,232461.8198805048,174149.84991443215
2024-03-05,231339.16535856435,174149.84991443215
2024-03-06,231008.97174071372,174149.84991443215
2024-03-07,230480.6644713205,74906.21595317917
2024-03-08,230925.77224660284,74906.21595317917
2024-03-11,231458.83124168817,74906.21595317917
2024-03-12,233551.1735539451,74906.21595317917
2024-03-13,231011.6623027278,74906.21595317917
2024-03-14,225548.9284616753,122267.9948790234
2024-03-15,225248.96439363522,122267.9948790234
2024-03-18,225546.7852956179,122267.9948790234
2024-03-19,226026.47651630547,122267.9948790234
2024-03-20,232909.75371794944,122267.9948790234
2024-03-21,230191.45080005712,122267.9948790234
2024-03-22,229051.6128047937,122267.9948790234
2024-03-25,230410.94578521402,122267.9948790234
2024-03-26,228660.81183824586,122267.9948790234
2024-03-27,228952.1176759043,122267.9948790234
2024-03-28,229347.55825164512,122267.9948790234
2024-04-01,229255.4375369511,122267.9948790234
2024-04-02,228793.65668733657,122267.9948790234
2024-04-03,236971.5238027268,122267.9948790234
2024-04-04,229737.7541513126,122267.9948790234
2024-04-05,228993.93821929715,122267.9948790234
2024-04-08,224134.7543092806,72843.7951505162
2024-04-09,228409.20267872847,72843.7951505162
2024-04-10,223804.06765794376,72843.7951505162
2024-04-11,227733.33377402904,72843.7951505162
2024-04-12,222621.10358818813,72843.7951505162
2024-04-15,220264.14471932012,72843.7951505162
2024-04-16,219567.6335739877,72843.7951505162
2024-04-17,222368.70026215538,72843.7951505162
2024-04-18,225900.25327415805,72843.7951505162
2024-04-19,223955.52920838023,72843.7951505162
2024-04-22,225223.24210922155,72843.7951505162
2024-04-23,226784.39247526656,72843.7951505162
2024-04-24,220891.47612093607,72843.7951505162
2024-04-25,218672.15485571255,117384.44374327482
2024-04-26,232094.01696111652,117384.44374327482
2024-04-29,231384.17708567946,117384.44374327482
2024-04-30,233757.4904124343,117384.44374327482
2024-05-01,239362.34983325464,117384.44374327482
2024-05-02,242436.60493502938,117384.44374327482
2024-05-03,242139.65094797642,117384.44374327482
2024-05-06,244609.36700211756,117384.44374327482
2024-05-07,246830.18280123762,113541.88408856929
2024-05-08,245436.91832383507,113541.88408856929
2024-05-09,247203.6172061472,113541.88408856929
2024-05-10,245752.47662192,113541.88408856929
2024-05-13,245263.30764067677,113541.88408856929
2024-05-14,248423.27100039143,113541.88408856929
2024-05-15,247654.31303434054,113541.88408856929
2024-05-16,248603.3348835861,113541.88408856929
2024-05-17,249346.7133909078,113541.88408856929
2024-05-20,248030.30419647202,113541.88408856929
2024-05-21,244778.46260407873,113541.88408856929
2024-05-22,244526.23314988273,113541.88408856929
2024-05-23,243532.60255282192,152293.43405513163
2024-05-24,242585.397168837,152293.43405513163
2024-05-28,241794.90600169337,152293.43405513163
2024-05-29,243206.8863690403,152293.43405513163
2024-05-30,242865.1218139428,152293.43405513163
2024-05-31,243206.8863690403,152293.43405513163
2024-06-03,243206.8863690403,152293.43405513163
2024-06-04,242181.59270374782,152293.43405513163
2024-06-05,244116.39286372514,152293.43405513163
2024-06-06,243432.85967937528,152293.43405513163
2024-06-07,242065.8014589853,56885.463342861534
2024-06-10,238858.5754425955,56885.463342861534
2024-06-11,238940.79119206395,56885.463342861534
2024-06-12,242050.61273950184,56885.463342861534
2024-06-13,237373.20673544353,56885.463342861534
2024-06-14,235286.0147734025,56885.463342861534
2024-06-17,234679.1154299285,109377.53056493812
2024-06-18,236713.75346332495,109377.53056493812
2024-06-20,239633.612955463,109377.53056493812
2024-06-21,240142.2701643104,109377.53056493812
2024-06-24,234140.6839676751,109377.53056493812
2024-06-25,233256.30017460816,109377.53056493812
2024-06-26,234167.1034792664,109377.53056493812
2024-06-27,235749.26887080597,109377.53056493812
2024-06-28,238428.84947949235,109377.53056493812
2024-07-01,238077.8624765114,109377.53056493812
2024-07-02,243436.18602820946,109377.53056493812
2024-07-03,254180.08059097745,109377.53056493812
2024-07-05,258090.8395882224,109377.53056493812
2024-07-08,246408.88454353018,57906.0878677296
2024-07-09,239557.0288845392,57906.0878677296
2024-07-10,241859.14700401618,57906.0878677296
2024-07-11,248691.1031455007,57906.0878677296
2024-07-12,250858.44751788295,57906.0878677296
2024-07-15,249759.7184977347,57906.0878677296
2024-07-16,257657.6351541947,57906.0878677296
2024-07-17,256993.58340845144,57906.0878677296
2024-07-18,255144.1223336933,57906.0878677296
2024-07-19,256584.84175635249,57906.0878677296
2024-07-22,261584.02863239488,57906.0878677296
2024-07-23,263179.0033965397,57906.0878677296
2024-07-24,264482.6920359861,57906.0878677296
2024-07-25,271731.05345689476,57906.0878677296
2024-07-26,281061.6516832207,57906.0878677296
2024-07-29,290428.63421948015,57906.0878677296
2024-07-30,333472.53578902245,57906.0878677296
2024-07-31,362761.2120577924,57906.0878677296
2024-08-01,371052.4502835293,57906.0878677296
2024-08-02,351360.8092328167,113034.2022660688
2024-08-05,320960.57519463514,320960.57519463514
2024-08-06,320960.57519463514,320960.57519463514
2024-08-07,320960.57519463514,104312.18693825643
2024-08-08,309293.57018194813,162912.90757645637
2024-08-09,305454.5149458214,162912.90757645637
2024-08-12,304988.67615584406,162912.90757645637
2024-08-13,306545.90704923274,162912.90757645637
2024-08-14,306700.8275754157,162912.90757645637
2024-08-15,311580.9004781596,162912.90757645637
2024-08-16,313165.36869049456,162912.90757645637
2024-08-19,314944.33669007587,162912.90757645637
2024-08-20,315399.8107871368,162912.90757645637
2024-08-21,323480.11091611086,162912.90757645637
2024-08-22,321051.2183402952,162912.90757645637
2024-08-23,323983.1759038825,162912.90757645637
2024-08-26,323633.9628721039,162912.90757645637
2024-08-27,325316.32390608365,162912.90757645637
2024-08-28,324980.0372751055,162912.90757645637
2024-08-29,324076.149633755,162912.90757645637
2024-08-30,323675.55018133967,162912.90757645637
2024-09-03,322126.3831833265,162912.90757645637
2024-09-04,323259.23077783803,162912.90757645637
2024-09-05,321627.1078101706,162912.90757645637
2024-09-06,319214.9371650815,162912.90757645637
2024-09-09,323876.7061939852,105259.92951304522
2024-09-10,317872.32572196843,105259.92951304522
2024-09-11,320643.2575644617,105259.92951304522
2024-09-12,328608.66322163393,105259.92951304522
2024-09-13,333229.1302128707,105259.92951304522
2024-09-16,338998.28311886045,105259.92951304522
2024-09-17,342177.64572464547,105259.92951304522
2024-09-18,341120.69385327573,105259.92951304522
2024-09-19,345933.23359269905,105259.92951304522
2024-09-20,347458.83325156826,105259.92951304522
2024-09-23,358235.22317090916,105259.92951304522
2024-09-24,359237.4609386404,105259.92951304522
2024-09-25,361513.83367367135,105259.92951304522
2024-09-26,361049.1945522446,105259.92951304522
2024-09-27,366291.9102023553,105259.92951304522
2024-09-30,361061.4045952418,105259.92951304522
2024-10-01,352974.0961443982,105259.92951304522
2024-10-02,350882.7129798443,105259.92951304522
2024-10-03,349885.8218733409,105259.92951304522
2024-10-04,352924.5915818602,105259.92951304522
2024-10-07,345065.81869644584,112146.39107634492
2024-10-08,348089.0136831255,112146.39107634492
2024-10-09,349005.97502300737,112146.39107634492
2024-10-10,346294.87051253114,112146.39107634492
2024-10-11,347671.7048324474,112146.39107634492
2024-10-14,356644.9323232084,112146.39107634492
2024-10-15,358495.6191830631,112146.39107634492
2024-10-16,357521.5131309192,112146.39107634492
2024-10-17,358384.02660420036,112146.39107634492
2024-10-18,367949.4455213776,112146.39107634492
2024-10-21,366690.84374954813,112146.39107634492
2024-10-22,356879.01087663195,112146.39107634492
2024-10-23,353748.19712854625,112146.39107634492
2024-10-24,353545.1427683352,112146.39107634492
2024-10-25,354030.00916250923,112146.39107634492
2024-10-28,356466.9204995381,112146.39107634492
2024-10-29,358453.91362493014,183350.9710386448
2024-10-30,358702.4051251055,183350.9710386448
2024-10-31,352512.2998231577,183350.9710386448
2024-11-01,363438.81426568615,183350.9710386448
2024-11-04,364208.1685682988,183350.9710386448
