date,value,cash
2015-01-02,100000.0,10000.0
2015-01-05,97205.54510081146,10000.0
2015-01-06,97120.5379400447,10000.0
2015-01-07,96813.64636392026,10000.0
2015-01-08,96559.1587887147,10000.0
2015-01-09,96568.26148707053,10000.0
2015-01-12,95703.49166781084,10000.0
2015-01-13,93605.58991954314,10000.0
2015-01-14,92402.12575153101,10000.0
2015-01-15,90882.50681316032,10000.0
2015-01-16,90688.30800715275,10000.0
2015-01-20,89974.99575076895,10000.0
2015-01-21,92477.15121445451,10000.0
2015-01-22,92802.96337330602,10000.0
2015-01-23,91963.69082268997,10000.0
2015-01-26,93504.51959583473,10000.0
2015-01-27,92410.88314813212,10000.0
2015-01-28,89080.5434480817,10000.0
2015-01-29,88293.06025724763,10000.0
2015-01-30,88199.34446825062,10000.0
2015-02-02,90062.23471317493,10000.0
2015-02-03,92679.50702056377,10000.0
2015-02-04,92568.7716000569,10000.0
2015-02-05,98455.26998037659,10000.0
2015-02-06,95998.8015001792,10000.0
2015-02-09,96681.64328564229,9668.16432856422
2015-02-10,97357.19860194525,9668.16432856422
2015-02-11,97464.46864296627,9668.16432856422
2015-02-12,100098.62764734469,9668.16432856422
2015-02-13,101086.93178724649,9668.16432856422
2015-02-17,101628.9885319687,9668.16432856422
2015-02-18,101390.42672060261,9668.16432856422
2015-02-19,101319.79704654297,9668.16432856422
2015-02-20,101805.51893796437,9668.16432856422
2015-02-23,101170.80274882667,9668.16432856422
2015-02-24,102963.12878211898,9668.16432856422
2015-02-25,102919.57805011101,9668.16432856422
2015-02-26,105330.93802295462,9668.16432856422
2015-02-27,105564.74388139595,9668.16432856422
2015-03-02,106409.00792042528,9668.16432856422
2015-03-03,105374.29257908942,9668.16432856422
2015-03-04,105174.89409658755,9668.16432856422
2015-03-05,104748.59386553006,9668.16432856422
2015-03-06,103004.68708322145,9668.16432856422
2015-03-09,103144.69467128464,10314.46946712846
2015-03-10,102065.29021725562,10314.46946712846
2015-03-11,101734.47179293464,10314.46946712846
2015-03-12,100617.41318525196,10314.46946712846
2015-03-13,99825.08562729947,10314.46946712846
2015-03-16,99868.19071283023,10314.46946712846
2015-03-17,101086.72098536542,10314.46946712846
2015-03-18,102379.33877539673,10314.46946712846
2015-03-19,101173.63762853546,10314.46946712846
2015-03-20,102388.3634381225,10314.46946712846
2015-03-23,102765.26081024192,10314.46946712846
2015-03-24,102689.60257018411,10314.46946712846
2015-03-25,101825.35380634201,10314.46946712846
2015-03-26,101930.38264372047,10314.46946712846
2015-03-27,103392.8746250863,10314.46946712846
2015-03-30,104453.80557792603,10314.46946712846
2015-03-31,103693.72830762636,10314.46946712846
2015-04-01,103787.93690747206,10314.46946712846
2015-04-02,104872.52265185383,10314.46946712846
2015-04-06,106248.73316149227,10314.46946712846
2015-04-07,106611.04018623449,5330.55200931173
2015-04-08,107291.47643039995,5330.55200931173
2015-04-09,107786.04535187168,5330.55200931173
2015-04-10,108165.83893010509,5330.55200931173
2015-04-13,108279.93759472748,5330.55200931173
2015-04-14,107134.50384337109,5330.55200931173
2015-04-15,108179.37065335472,5330.55200931173
2015-04-16,108496.64372697454,5330.55200931173
2015-04-17,105516.33209770943,5330.55200931173
2015-04-20,105148.35064886167,5330.55200931173
2015-04-21,105980.1797074246,5330.55200931173
2015-04-22,105957.13636054791,5330.55200931173
2015-04-23,105847.80285384838,5330.55200931173
2015-04-24,105412.0119364329,5330.55200931173
2015-04-27,105216.2786542413,5330.55200931173
2015-04-28,105450.05824352479,5330.55200931173
2015-04-29,104773.76219029012,5330.55200931173
2015-04-30,104221.9993153128,5330.55200931173
2015-05-01,105790.68779646765,5330.55200931173
2015-05-04,105545.8188367777,5330.55200931173
2015-05-05,104162.03276392513,5330.55200931173
2015-05-06,104099.28469943054,5330.55200931173
2015-05-07,104886.18643052864,10488.618643052861
2015-05-08,106070.84028072405,10488.618643052861
2015-05-11,105662.41409989935,10488.618643052861
2015-05-12,105839.32214321784,10488.618643052861
2015-05-13,106310.90319753264,10488.618643052861
2015-05-14,104797.8343972675,10488.618643052861
2015-05-15,104183.38254439224,10488.618643052861
2015-05-18,105033.29826959503,10488.618643052861
2015-05-19,104872.65582019708,10488.618643052861
2015-05-20,105478.42472004512,10488.618643052861
2015-05-21,105174.97588074219,10488.618643052861
2015-05-22,105146.90740454836,10488.618643052861
2015-05-26,103534.1859170618,10488.618643052861
2015-05-27,103420.60807587195,10488.618643052861
2015-05-28,103719.31154106863,10488.618643052861
2015-05-29,103582.02288907784,10488.618643052861
2015-06-01,103470.77729905088,10488.618643052861
2015-06-02,102925.76823451737,10488.618643052861
2015-06-03,103241.2696000152,10488.618643052861
2015-06-04,105338.91850740135,10488.618643052861
2015-06-05,105458.97752951572,10488.618643052861
2015-06-08,104533.20423113674,5226.660211556846
2015-06-09,104511.21285379607,5226.660211556846
2015-06-10,104802.9840408405,5226.660211556846
2015-06-11,104888.92765198933,5226.660211556846
2015-06-12,104641.85094641386,5226.660211556846
2015-06-15,104261.71842020053,5226.660211556846
2015-06-16,103014.03424346972,5226.660211556846
2015-06-17,104248.8073475464,5226.660211556846
2015-06-18,104992.0410447343,5226.660211556846
2015-06-19,105174.07173044229,5226.660211556846
2015-06-22,105404.27913261493,5226.660211556846
2015-06-23,104913.33986543212,5226.660211556846
2015-06-24,104354.20813764552,5226.660211556846
2015-06-25,103566.69266508866,5226.660211556846
2015-06-26,102142.17769707416,5226.660211556846
2015-06-29,99890.73524742188,5226.660211556846
2015-06-30,100324.3788278615,5226.660211556846
2015-07-01,101770.49055415459,5226.660211556846
2015-07-02,102790.92642821766,5226.660211556846
2015-07-06,101409.36776430561,5226.660211556846
2015-07-07,99836.91507994544,4991.845753997273
2015-07-08,97422.98798998029,4991.845753997273
2015-07-09,96915.0578909903,4991.845753997273
2015-07-10,97091.77148095527,4991.845753997273
2015-07-13,97944.50074649358,4991.845753997273
2015-07-14,100971.32339517813,4991.845753997273
2015-07-15,98857.142854583,4991.845753997273
2015-07-16,97754.67672769619,4991.845753997273
2015-07-17,96542.37221874976,4991.845753997273
2015-07-20,94477.08112450385,4991.845753997273
2015-07-21,94388.74177313174,4991.845753997273
2015-07-22,92875.28633020737,4991.845753997273
2015-07-23,93199.75170090502,4991.845753997273
2015-07-24,91016.15169116195,4991.845753997273
2015-07-27,90021.71068828028,4991.845753997273
2015-07-28,93766.26985379544,4991.845753997273
2015-07-29,96033.86781304002,4991.845753997273
2015-07-30,96585.5687643648,4991.845753997273
2015-07-31,94866.508065682,4991.845753997273
2015-08-03,95980.33189183596,4991.845753997273
2015-08-04,95306.78311336745,4991.845753997273
2015-08-05,95588.21011634143,4991.845753997273
2015-08-06,97589.52053909999,4991.845753997273
2015-08-07,96979.77252345998,9697.977252345998
2015-08-10,98926.42669523809,9697.977252345998
2015-08-11,96296.89288851006,9697.977252345998
2015-08-12,97717.92444818186,9697.977252345998
2015-08-13,94811.09054815487,9697.977252345998
2015-08-14,94422.76919098766,9697.977252345998
2015-08-17,95140.84197702356,9697.977252345998
2015-08-18,94390.31743183197,9697.977252345998
2015-08-19,93296.75500111483,9697.977252345998
2015-08-20,93002.90864339766,9697.977252345998
2015-08-21,92628.02485333795,9697.977252345998
2015-08-24,88246.69875572217,9697.977252345998
2015-08-25,85650.74062808385,9697.977252345998
2015-08-26,85817.8208402234,9697.977252345998
2015-08-27,90786.98461037585,9697.977252345998
2015-08-28,93046.89389972066,9697.977252345998
2015-08-31,93451.34103467243,9697.977252345998
2015-09-01,90383.57356308683,9697.977252345998
2015-09-02,90557.01938101169,9697.977252345998
2015-09-03,91083.72692702485,9697.977252345998
2015-09-04,89618.30976750264,9697.977252345998
2015-09-08,91874.65307898239,32156.12857764384
2015-09-09,90513.78638679463,32156.12857764384
2015-09-10,91045.2780487239,32156.12857764384
2015-09-11,91236.1070226359,32156.12857764384
2015-09-14,91266.71445362427,32156.12857764384
2015-09-15,91698.83203058943,32156.12857764384
2015-09-16,93779.29843001056,32156.12857764384
2015-09-17,94087.9881900683,32156.12857764384
2015-09-18,91824.32339345929,32156.12857764384
2015-09-21,91674.40078384835,32156.12857764384
2015-09-22,91183.9802117731,32156.12857764384
2015-09-23,89923.75706131037,32156.12857764384
2015-09-24,90122.766117392,32156.12857764384
2015-09-25,90291.58098736651,32156.12857764384
2015-09-28,87644.60568048422,32156.12857764384
2015-09-29,88395.06320674096,32156.12857764384
2015-09-30,89979.99211916976,32156.12857764384
2015-10-01,90150.32907622261,32156.12857764384
2015-10-02,92923.11554075169,32156.12857764384
2015-10-05,95246.57135193204,32156.12857764384
2015-10-06,97345.09050881976,32156.12857764384
2015-10-07,98762.97199841819,34567.04019944637
2015-10-08,101858.11177674559,34567.04019944637
2015-10-09,100755.06158127273,34567.04019944637
2015-10-12,98932.45342122254,34567.04019944637
2015-10-13,98239.1016154832,34567.04019944637
2015-10-14,99068.37543941135,34567.04019944637
2015-10-15,99453.85427907995,34567.04019944637
2015-10-16,99021.34821575921,34567.04019944637
2015-10-19,97313.83526018973,34567.04019944637
2015-10-20,97539.0682710992,34567.04019944637
2015-10-21,96211.08160992658,34567.04019944637
2015-10-22,95993.12601680426,34567.04019944637
2015-10-23,97101.18468812869,34567.04019944637
2015-10-26,96166.31549159947,34567.04019944637
2015-10-27,95146.66332529378,34567.04019944637
2015-10-28,97978.86631368112,34567.04019944637
2015-10-29,98750.02298604573,34567.04019944637
2015-10-30,99332.71127844395,34567.04019944637
2015-11-02,100604.66868426968,34567.04019944637
2015-11-03,99992.65861945326,34567.04019944637
2015-11-04,99335.56418440414,34567.04019944637
2015-11-05,99189.23938120117,34567.04019944637
2015-11-06,98655.66246658783,34567.04019944637
2015-11-09,99060.98387326897,19812.196774653778
2015-11-10,98001.21981772542,19812.196774653778
2015-11-11,96859.79843252222,19812.196774653778
2015-11-12,95217.34896625909,19812.196774653778
2015-11-13,95159.94037077021,19812.196774653778
2015-11-16,95729.20236027401,19812.196774653778
2015-11-17,94646.73421148506,19812.196774653778
2015-11-18,97105.64335256713,19812.196774653778
2015-11-19,96444.40942000454,19812.196774653778
2015-11-20,96395.10874698526,19812.196774653778
2015-11-23,96366.58044195636,19812.196774653778
2015-11-24,97229.64390935005,19812.196774653778
2015-11-25,96674.55320207392,19812.196774653778
2015-11-27,96575.65403315092,19812.196774653778
2015-11-30,96681.49711213191,19812.196774653778
2015-12-01,96946.37340125337,19812.196774653778
2015-12-02,95152.03033370801,19812.196774653778
2015-12-03,93988.01499331114,19812.196774653778
2015-12-04,94616.5408692136,19812.196774653778
2015-12-07,92852.44234919228,4642.622117459614
2015-12-08,92732.10358291639,4642.622117459614
2015-12-09,92757.84609811871,4642.622117459614
2015-12-10,94325.37467363133,4642.622117459614
2015-12-11,89555.03489865204,4642.622117459614
2015-12-14,88224.0187245891,4642.622117459614
2015-12-15,89052.90374730658,4642.622117459614
2015-12-16,90607.9042521423,4642.622117459614
2015-12-17,88492.95066713273,4642.622117459614
2015-12-18,88165.08604268731,4642.622117459614
2015-12-21,91806.38517332803,4642.622117459614
2015-12-22,94101.05542754025,4642.622117459614
2015-12-23,99389.08100024852,4642.622117459614
2015-12-24,99198.40011425962,4642.622117459614
2015-12-28,97044.31833567467,4642.622117459614
2015-12-29,98342.5383136341,4642.622117459614
2015-12-30,95644.9159333646,4642.622117459614
2015-12-31,97294.67350388377,4642.622117459614
2016-01-04,96722.23870174242,4642.622117459614
2016-01-05,95651.33657137516,4642.622117459614
2016-01-06,90952.03581205248,4642.622117459614
2016-01-07,89062.99044581788,8906.299044581785
2016-01-08,89525.79881460697,8906.299044581785
2016-01-11,87573.69252758483,8906.299044581785
2016-01-12,85020.80251518743,8906.299044581785
2016-01-13,76959.53204968713,8906.299044581785
2016-01-14,83268.09115526466,8906.299044581785
2016-01-15,77049.32008867273,8906.299044581785
2016-01-19,74392.6461023131,8906.299044581785
2016-01-20,71581.94782258726,8906.299044581785
2016-01-21,79507.3916359388,8906.299044581785
2016-01-22,85641.56346207295,8906.299044581785
2016-01-25,82528.74105945634,8906.299044581785
2016-01-26,86869.03748725276,8906.299044581785
2016-01-27,85662.05239528802,8906.299044581785
2016-01-28,88870.41898823016,8906.299044581785
2016-01-29,91455.17834363114,8906.299044581785
2016-02-01,87969.49378476858,8906.299044581785
2016-02-02,84896.89654431687,8906.299044581785
2016-02-03,87976.08464018455,8906.299044581785
2016-02-04,89399.69761161946,8906.299044581785
2016-02-05,85837.57809543313,8906.299044581785
2016-02-08,76972.1342980308,26940.247004310775
2016-02-09,74115.33823299364,26940.247004310775
2016-02-10,74615.80692141865,26940.247004310775
2016-02-11,73169.52696283588,26940.247004310775
2016-02-12,73952.9884248662,26940.247004310775
2016-02-16,75769.63531703342,26940.247004310775
2016-02-17,78435.6045575558,26940.247004310775
2016-02-18,78822.39253670795,26940.247004310775
2016-02-19,78060.79179611204,26940.247004310775
2016-02-22,80352.31021150797,26940.247004310775
2016-02-23,78733.26553713693,26940.247004310775
2016-02-24,78800.42718338495,26940.247004310775
2016-02-25,79826.88302786458,26940.247004310775
2016-02-26,81000.7298599056,26940.247004310775
2016-02-29,80512.30896552803,26940.247004310775
2016-03-01,81525.91729875024,26940.247004310775
2016-03-02,83164.54438820938,26940.247004310775
2016-03-03,84511.70063141035,26940.247004310775
2016-03-04,87213.1178902792,26940.247004310775
2016-03-07,89327.72219430706,17865.544438861405
2016-03-08,84396.98115806183,17865.544438861405
2016-03-09,84801.96121132173,17865.544438861405
2016-03-10,84896.77210184214,17865.544438861405
2016-03-11,88171.97824982883,17865.544438861405
2016-03-14,87509.67546260255,17865.544438861405
2016-03-15,87218.63819817943,17865.544438861405
2016-03-16,88007.62121724072,17865.544438861405
2016-03-17,89714.63531021422,17865.544438861405
2016-03-18,89751.68045644762,17865.544438861405
2016-03-21,89490.48939957655,17865.544438861405
2016-03-22,89338.0289322416,17865.544438861405
2016-03-23,85758.75071210336,17865.544438861405
2016-03-24,86686.81364923531,17865.544438861405
2016-03-28,86153.0034052265,17865.544438861405
2016-03-29,87405.90129404455,17865.544438861405
2016-03-30,88166.55990161937,17865.544438861405
2016-03-31,89165.42770025025,17865.544438861405
2016-04-01,88692.00308169113,17865.544438861405
2016-04-04,88209.8138774416,17865.544438861405
2016-04-05,88096.50548834162,17865.544438861405
2016-04-06,90005.83490574756,17865.544438861405
2016-04-07,89276.88715372497,4463.844357686248
2016-04-08,90738.45569769661,4463.844357686248
2016-04-11,91426.96409637835,4463.844357686248
2016-04-12,93898.222561921,4463.844357686248
2016-04-13,95513.90925247285,4463.844357686248
2016-04-14,94591.54797709742,4463.844357686248
2016-04-15,94718.0875267305,4463.844357686248
2016-04-18,94832.7335287079,4463.844357686248
2016-04-19,96361.9607704941,4463.844357686248
2016-04-20,97590.91106776253,4463.844357686248
2016-04-21,97391.91030255922,4463.844357686248
2016-04-22,107801.14285017014,4463.844357686248
2016-04-25,102546.62368616961,4463.844357686248
2016-04-26,105247.20777494345,4463.844357686248
2016-04-27,107213.0972277068,4463.844357686248
2016-04-28,104420.51083878754,4463.844357686248
2016-04-29,103860.95501534814,4463.844357686248
2016-05-02,103387.56682974956,4463.844357686248
2016-05-03,101951.01582899048,4463.844357686248
2016-05-04,100719.86157034647,4463.844357686248
2016-05-05,102686.31512556247,4463.844357686248
2016-05-06,100329.76318928515,4463.844357686248
2016-05-09,98701.3576540524,4935.067882702628
2016-05-10,101766.95474127482,4935.067882702628
2016-05-11,102460.87832252213,4935.067882702628
2016-05-12,101507.59677296793,4935.067882702628
2016-05-13,102214.93847870504,4935.067882702628
2016-05-16,104223.5272093756,4935.067882702628
2016-05-17,105040.2052571117,4935.067882702628
2016-05-18,105390.67886205605,4935.067882702628
2016-05-19,105426.6607425102,4935.067882702628
2016-05-20,107898.16064633211,4935.067882702628
2016-05-23,109633.94549902237,4935.067882702628
2016-05-24,109930.09231340748,4935.067882702628
2016-05-25,112969.2262662383,4935.067882702628
2016-05-26,113444.64356485257,4935.067882702628
2016-05-27,113976.80575243916,4935.067882702628
2016-05-31,116758.98578855411,4935.067882702628
2016-06-01,118553.7184763794,4935.067882702628
2016-06-02,119803.26733200849,4935.067882702628
2016-06-03,118312.6444597846,4935.067882702628
2016-06-06,121452.06152089335,4935.067882702628
2016-06-07,124457.33283044331,6222.866641522167
2016-06-08,123872.46529462936,6222.866641522167
2016-06-09,124074.8139721539,6222.866641522167
2016-06-10,120607.01899177392,6222.866641522167
2016-06-13,118226.06127644434,6222.866641522167
2016-06-14,119502.46961116306,6222.866641522167
2016-06-15,118948.29670665636,6222.866641522167
2016-06-16,119109.89685960443,6222.866641522167
2016-06-17,123038.41494783468,6222.866641522167
2016-06-20,124697.82671656858,6222.866641522167
2016-06-21,128066.2533296319,6222.866641522167
2016-06-22,125377.18479467278,6222.866641522167
2016-06-23,129047.60955847969,6222.866641522167
2016-06-24,122036.47329868993,6222.866641522167
2016-06-27,115776.746189233,6222.866641522167
2016-06-28,122073.27202945188,6222.866641522167
2016-06-29,124624.22946108553,6222.866641522167
2016-06-30,125605.80501508454,6222.866641522167
2016-07-01,128053.27151356566,6222.866641522167
2016-07-05,124162.05464174226,6222.866641522167
2016-07-06,123665.52744933279,6222.866641522167
2016-07-07,122041.76845613727,12204.176845613729
2016-07-08,125413.70770356512,12204.176845613729
2016-07-11,125840.58421502046,12204.176845613729
2016-07-12,130873.52357221246,12204.176845613729
2016-07-13,131087.8943376434,12204.176845613729
2016-07-14,131406.06432949938,12204.176845613729
2016-07-15,130736.35384418107,12204.176845613729
2016-07-18,130671.67197590045,12204.176845613729
2016-07-19,129162.64141236368,12204.176845613729
2016-07-20,130050.51167427872,12204.176845613729
2016-07-21,127803.2112060159,12204.176845613729
2016-07-22,127245.91730684161,12204.176845613729
2016-07-25,128915.7299643491,12204.176845613729
2016-07-26,137410.14297945096,12204.176845613729
2016-07-27,137184.2469194946,12204.176845613729
2016-07-28,137687.78725614568,12204.176845613729
2016-07-29,137569.2175849733,12204.176845613729
2016-08-01,142609.84271327942,12204.176845613729
2016-08-02,143766.3535876397,12204.176845613729
2016-08-03,147660.05782327664,12204.176845613729
2016-08-04,147534.91331246877,12204.176845613729
2016-08-05,148768.77496609624,12204.176845613729
2016-08-08,149678.24477608385,7483.91223880418
2016-08-09,147790.81360576092,7483.91223880418
2016-08-10,144558.40882110922,7483.91223880418
2016-08-11,148124.09952461207,7483.91223880418
2016-08-12,149145.78261081746,7483.91223880418
2016-08-15,153286.15652961546,7483.91223880418
2016-08-16,151803.78732003606,7483.91223880418
2016-08-17,150705.51365494615,7483.91223880418
2016-08-18,155509.16856708657,7483.91223880418
2016-08-19,157816.53948265413,7483.91223880418
2016-08-22,157193.70402943803,7483.91223880418
2016-08-23,160804.35317282437,7483.91223880418
2016-08-24,156865.36393804505,7483.91223880418
2016-08-25,158351.4961224365,7483.91223880418
2016-08-26,159337.9314375016,7483.91223880418
2016-08-29,160931.981193781,7483.91223880418
2016-08-30,161673.5533768793,7483.91223880418
2016-08-31,160685.23082108423,7483.91223880418
2016-09-01,159816.79853805254,7483.91223880418
2016-09-02,162102.73627790672,7483.91223880418
2016-09-06,163499.6342475925,7483.91223880418
2016-09-07,166919.25569813186,8345.962784906573
2016-09-08,162766.9699914308,8345.962784906573
2016-09-09,158223.53936858,8345.962784906573
2016-09-12,160345.9305813016,8345.962784906573
2016-09-13,156469.41916038783,8345.962784906573
2016-09-14,157761.7256292413,8345.962784906573
2016-09-15,159411.50922327943,8345.962784906573
2016-09-16,160097.6703946025,8345.962784906573
2016-09-19,160461.61425476556,8345.962784906573
2016-09-20,159513.2341461737,8345.962784906573
2016-09-21,160494.80072554498,8345.962784906573
2016-09-22,162229.70392084678,8345.962784906573
2016-09-23,162370.06961876695,8345.962784906573
2016-09-26,161724.4694312825,8345.962784906573
2016-09-27,162674.48775140825,8345.962784906573
2016-09-28,164421.418343816,8345.962784906573
2016-09-29,164201.1866222837,8345.962784906573
2016-09-30,166008.900403425,8345.962784906573
2016-10-03,167930.39478354855,8345.962784906573
2016-10-04,167265.40584875408,8345.962784906573
2016-10-05,167121.92903828836,8345.962784906573
2016-10-06,166120.54625242864,8345.962784906573
2016-10-07,163556.50164895022,8177.825082447525
2016-10-10,165316.3213056091,8177.825082447525
2016-10-11,164015.9170432833,8177.825082447525
2016-10-12,162892.50704886243,8177.825082447525
2016-10-13,162809.1808067821,8177.825082447525
2016-10-14,161908.48111746844,8177.825082447525
2016-10-17,161971.4820670986,8177.825082447525
2016-10-18,163894.37592144113,8177.825082447525
2016-10-19,165284.79964396355,8177.825082447525
2016-10-20,166208.52403397145,8177.825082447525
2016-10-21,167452.70201357716,8177.825082447525
2016-10-24,166500.7893965675,8177.825082447525
2016-10-25,166514.636382636,8177.825082447525
2016-10-26,166400.29526946775,8177.825082447525
2016-10-27,164452.59851906914,8177.825082447525
2016-10-28,163191.51480497036,8177.825082447525
2016-10-31,162575.11205587437,8177.825082447525
2016-11-01,164413.48953676215,8177.825082447525
2016-11-02,162230.4836204838,8177.825082447525
2016-11-03,158727.09325506518,8177.825082447525
2016-11-04,159936.62819672492,8177.825082447525
2016-11-07,162258.52259394198,8112.926129697094
2016-11-08,163131.3981717285,8112.926129697094
2016-11-09,164806.67815812622,8112.926129697094
2016-11-10,168309.59559007196,8112.926129697094
2016-11-11,171338.15547179003,8112.926129697094
2016-11-14,175163.96316727196,8112.926129697094
2016-11-15,175179.8343545152,8112.926129697094
2016-11-16,175527.80522594182,8112.926129697094
2016-11-17,176316.3343835139,8112.926129697094
2016-11-18,178592.77590567025,8112.926129697094
2016-11-21,179787.57408673564,8112.926129697094
2016-11-22,175184.8545051414,8112.926129697094
2016-11-23,176565.3544426731,8112.926129697094
2016-11-25,177104.54600647674,8112.926129697094
2016-11-28,174482.18477486525,8112.926129697094
2016-11-29,172254.57637689775,8112.926129697094
2016-11-30,172508.7714248863,8112.926129697094
2016-12-01,170598.34295454342,8112.926129697094
2016-12-02,169208.0571373481,8112.926129697094
2016-12-05,169864.04931110376,8112.926129697094
2016-12-06,167933.34369223934,8112.926129697094
2016-12-07,168994.21009223117,8449.710504611572
2016-12-08,168053.41355991713,8449.710504611572
2016-12-09,165055.51881442004,8449.710504611572
2016-12-12,162881.4038757212,8449.710504611572
2016-12-13,164434.66393347507,8449.710504611572
2016-12-14,165428.26325236185,8449.710504611572
2016-12-15,166009.70129986113,8449.710504611572
2016-12-16,166888.67699613245,8449.710504611572
2016-12-19,167674.56498532524,8449.710504611572
2016-12-20,169906.23015822493,8449.710504611572
2016-12-21,169877.47501883536,8449.710504611572
2016-12-22,169283.6607344996,8449.710504611572
2016-12-23,171661.14615110302,8449.710504611572
2016-12-27,176082.273790605,8449.710504611572
2016-12-28,173099.4990193195,8449.710504611572
2016-12-29,172994.59118903414,8449.710504611572
2016-12-30,170797.22143202345,8449.710504611572
2017-01-03,169826.5747381536,8449.710504611572
2017-01-04,172932.03254236034,8449.710504611572
2017-01-05,172568.60970458563,8449.710504611572
2017-01-06,172991.4683125303,8449.710504611572
2017-01-09,174389.32239818192,8719.46611990912
2017-01-10,176980.3015317031,8719.46611990912
2017-01-11,176659.70242858378,8719.46611990912
2017-01-12,174092.0263470996,8719.46611990912
2017-01-13,183138.52214749478,8719.46611990912
2017-01-17,180054.05641600216,8719.46611990912
2017-01-18,180339.84570478863,8719.46611990912
2017-01-19,179210.3342592261,8719.46611990912
2017-01-20,178227.3250007808,8719.46611990912
2017-01-23,178445.0289735112,8719.46611990912
2017-01-24,181013.27113578632,8719.46611990912
2017-01-25,181637.75915414034,8719.46611990912
2017-01-26,181442.0069308264,8719.46611990912
2017-01-27,182405.32304234648,8719.46611990912
2017-01-30,180611.2109663699,8719.46611990912
2017-01-31,180756.22468592308,8719.46611990912
2017-02-01,187124.5351281311,8719.46611990912
2017-02-02,188414.2046841227,8719.46611990912
2017-02-03,190141.58960764622,8719.46611990912
2017-02-06,194206.95766937113,8719.46611990912
2017-02-07,194077.84699857322,9703.892349928661
2017-02-08,195660.04145485538,9703.892349928661
2017-02-09,197038.08307580155,9703.892349928661
2017-02-10,196636.58976749834,9703.892349928661
2017-02-13,194581.55664928228,9703.892349928661
2017-02-14,195601.91537831322,9703.892349928661
2017-02-15,196122.47150489528,9703.892349928661
2017-02-16,194712.86188258213,9703.892349928661
2017-02-17,195209.14945373728,9703.892349928661
2017-02-21,196525.26601765765,9703.892349928661
2017-02-22,197177.05509486375,9703.892349928661
2017-02-23,193672.56389301788,9703.892349928661
2017-02-24,192554.36444654927,9703.892349928661
2017-02-27,192190.44194808486,9703.892349928661
2017-02-28,190257.28424087798,9703.892349928661
2017-03-01,191794.07333681697,9703.892349928661
2017-03-02,190910.36620876406,9703.892349928661
2017-03-03,189828.3678791076,9703.892349928661
2017-03-06,188619.3786821423,9703.892349928661
2017-03-07,187984.27574221356,9399.213787110697
2017-03-08,187182.21077185776,9399.213787110697
2017-03-09,186985.0391096402,9399.213787110697
2017-03-10,188356.69488896232,9399.213787110697
2017-03-13,190204.76273684902,9399.213787110697
2017-03-14,190111.465828083,9399.213787110697
2017-03-15,192482.43498553813,9399.213787110697
2017-03-16,194678.05859947368,9399.213787110697
2017-03-17,194593.3794975086,9399.213787110697
2017-03-20,195249.50072115887,9399.213787110697
2017-03-21,190363.65158348862,9399.213787110697
2017-03-22,191722.33710153418,9399.213787110697
2017-03-23,191158.85781592075,9399.213787110697
2017-03-24,192742.1985587944,9399.213787110697
2017-03-27,194647.3704541145,9399.213787110697
2017-03-28,195150.93196557148,9399.213787110697
2017-03-29,198832.40143565432,9399.213787110697
2017-03-30,198198.45146907575,9399.213787110697
2017-03-31,198773.9068128749,9399.213787110697
2017-04-03,198181.48667394128,9399.213787110697
2017-04-04,193262.66281798936,9399.213787110697
2017-04-05,192967.15062923936,9399.213787110697
2017-04-06,194505.27893404028,9399.213787110697
2017-04-07,193758.5291588224,9687.926457941125
2017-04-10,191895.75273537933,9687.926457941125
2017-04-11,191543.79689921375,9687.926457941125
2017-04-12,190998.1125337007,9687.926457941125
2017-04-13,189804.7989125199,9687.926457941125
2017-04-17,191841.69058237554,9687.926457941125
2017-04-18,191274.18007646396,9687.926457941125
2017-04-19,191401.30595222046,9687.926457941125
2017-04-20,192143.77402262238,9687.926457941125
2017-04-21,191689.69775377284,9687.926457941125
2017-04-24,193969.2511824732,9687.926457941125
2017-04-25,195197.09825618193,9687.926457941125
2017-04-26,196103.41986493592,9687.926457941125
2017-04-27,200592.0924181401,9687.926457941125
2017-04-28,199566.95065130762,9687.926457941125
2017-05-01,199679.03208721854,9687.926457941125
2017-05-02,198379.12392916626,9687.926457941125
2017-05-03,197696.5699193444,9687.926457941125
2017-05-04,196646.29673547586,9687.926457941125
2017-05-05,196979.12317156512,9687.926457941125
2017-05-08,196999.19555554827,9849.959777777447
2017-05-09,197540.56227507503,9849.959777777447
2017-05-10,197995.56314644625,9849.959777777447
2017-05-11,196103.52949761308,9849.959777777447
2017-05-12,196084.95451017,9849.959777777447
2017-05-15,196473.73642572833,9849.959777777447
2017-05-16,194905.21596167405,9849.959777777447
2017-05-17,191666.60433067768,9849.959777777447
2017-05-18,190920.11789193394,9849.959777777447
2017-05-19,193830.03254933315,9849.959777777447
2017-05-22,193730.25777953648,9849.959777777447
2017-05-23,194730.42214055976,9849.959777777447
2017-05-24,196575.80668547773,9849.959777777447
2017-05-25,195561.3900866034,9849.959777777447
2017-05-26,194722.16471632745,9849.959777777447
2017-05-30,193168.7419388659,9849.959777777447
2017-05-31,191989.3610004133,9849.959777777447
2017-06-01,193056.357044825,9849.959777777447
2017-06-02,194951.20038285112,9849.959777777447
2017-06-05,193791.26904297617,9849.959777777447
2017-06-06,195526.64201150532,9849.959777777447
2017-06-07,196795.46191976158,9839.773095988072
2017-06-08,199695.53654935607,9839.773095988072
2017-06-09,196643.99530169813,9839.773095988072
2017-06-12,197748.0045396206,9839.773095988072
2017-06-13,199064.59255136747,9839.773095988072
2017-06-14,198139.82308880365,9839.773095988072
2017-06-15,199050.64846583153,9839.773095988072
2017-06-16,198017.40407072662,9839.773095988072
2017-06-19,202372.5480817724,9839.773095988072
2017-06-20,198618.4383239616,9839.773095988072
2017-06-21,201276.45558836564,9839.773095988072
2017-06-22,201806.5503943053,9839.773095988072
2017-06-23,203318.35640000366,9839.773095988072
2017-06-26,202254.25032860457,9839.773095988072
2017-06-27,200509.21488990274,9839.773095988072
2017-06-28,205633.97343442414,9839.773095988072
2017-06-29,202483.08753394944,9839.773095988072
2017-06-30,201755.8380745699,9839.773095988072
2017-07-03,201634.27003240245,9839.773095988072
2017-07-05,200768.10046668924,9839.773095988072
2017-07-06,198893.90936256677,9839.773095988072
2017-07-07,201648.774974001,10082.43874870002
2017-07-10,203882.7533225209,10082.43874870002
2017-07-11,203937.00926950813,10082.43874870002
2017-07-12,205567.14257811342,10082.43874870002
2017-07-13,208713.04090611564,10082.43874870002
2017-07-14,209936.27173554926,10082.43874870002
2017-07-17,209521.55206182122,10082.43874870002
2017-07-18,209570.48423847125,10082.43874870002
2017-07-19,211152.61834154034,10082.43874870002
2017-07-20,213256.6516034626,10082.43874870002
2017-07-21,213914.25685367003,10082.43874870002
2017-07-24,210873.19679688936,10082.43874870002
2017-07-25,214509.20171087858,10082.43874870002
2017-07-26,215510.94471222238,10082.43874870002
2017-07-27,219678.1199023785,10082.43874870002
2017-07-28,220311.8772010042,10082.43874870002
2017-07-31,221995.64851209073,10082.43874870002
2017-08-01,223680.4001775846,10082.43874870002
2017-08-02,224202.8769590709,10082.43874870002
2017-08-03,222894.57467725564,10082.43874870002
2017-08-04,225021.76633556007,10082.43874870002
2017-08-07,224333.8122264475,11216.690611322396
2017-08-08,229422.41391211268,11216.690611322396
2017-08-09,228021.3248064515,11216.690611322396
2017-08-10,219622.78729875383,11216.690611322396
2017-08-11,222495.53268544917,11216.690611322396
2017-08-14,226958.5717587731,11216.690611322396
2017-08-15,224475.171346054,11216.690611322396
2017-08-16,225625.5411937823,11216.690611322396
2017-08-17,221621.00194165276,11216.690611322396
2017-08-18,219451.59038244517,11216.690611322396
2017-08-21,216524.72027834033,11216.690611322396
2017-08-22,218915.2139648092,11216.690611322396
2017-08-23,217989.4432565433,11216.690611322396
2017-08-24,218896.86214652343,11216.690611322396
2017-08-25,220454.6391138982,11216.690611322396
2017-08-28,221280.97744335153,11216.690611322396
2017-08-29,221027.8573352384,11216.690611322396
2017-08-30,223084.72185012116,11216.690611322396
2017-08-31,223902.90483989258,11216.690611322396
2017-09-01,224496.47751725884,11216.690611322396
2017-09-05,223747.84522081446,11216.690611322396
2017-09-06,226477.78653714195,11216.690611322396
2017-09-07,227718.49596989542,11385.924798494787
2017-09-08,223823.73828051178,11385.924798494787
2017-09-11,227663.51834661,11385.924798494787
2017-09-12,229216.27915881426,11385.924798494787
2017-09-13,233255.0150472181,11385.924798494787
2017-09-14,233863.36947857245,11385.924798494787
2017-09-15,234378.05822969734,11385.924798494787
2017-09-18,233383.98238638867,11385.924798494787
2017-09-19,230424.89260964326,11385.924798494787
2017-09-20,231651.6012994671,11385.924798494787
2017-09-21,232109.8080686092,11385.924798494787
2017-09-22,232584.8072585524,11385.924798494787
2017-09-25,234787.62481490866,11385.924798494787
2017-09-26,232473.5396532293,11385.924798494787
2017-09-27,234274.31380418348,11385.924798494787
2017-09-28,234682.43818858184,11385.924798494787
2017-09-29,234435.73381621082,11385.924798494787
2017-10-02,235668.23959648173,11385.924798494787
2017-10-03,236847.21157265455,11385.924798494787
2017-10-04,236070.65073360983,11385.924798494787
2017-10-05,238398.04316236087,11385.924798494787
2017-10-06,237464.27999075956,11385.924798494787
2017-10-09,236403.68971031345,11820.18448551571
2017-10-10,236823.86105336546,11820.18448551571
2017-10-11,237030.17113833496,11820.18448551571
2017-10-12,237509.55225619767,11820.18448551571
2017-10-13,236937.2850503415,11820.18448551571
2017-10-16,235203.420750382,11820.18448551571
2017-10-17,236159.93058971857,11820.18448551571
2017-10-18,234623.31059101064,11820.18448551571
2017-10-19,235670.13585686375,11820.18448551571
2017-10-20,238986.93238230963,11820.18448551571
2017-10-23,232016.40480722435,11820.18448551571
2017-10-24,230859.86082448525,11820.18448551571
2017-10-25,224074.23214672293,11820.18448551571
2017-10-26,225094.0393271308,11820.18448551571
2017-10-27,223506.55083448073,11820.18448551571
2017-10-30,224332.8806101279,11820.18448551571
2017-10-31,214612.82062300685,11820.18448551571
2017-11-01,212989.15080817015,11820.18448551571
2017-11-02,216543.1476994447,11820.18448551571
2017-11-03,216702.1465590904,11820.18448551571
2017-11-06,219361.04466248007,11820.18448551571
2017-11-07,218088.0335024441,10904.401675122193
2017-11-08,218429.22647495617,10904.401675122193
2017-11-09,217285.03633103712,10904.401675122193
2017-11-10,220137.5812294408,10904.401675122193
2017-11-13,218792.56733176656,10904.401675122193
2017-11-14,223875.9475216319,10904.401675122193
2017-11-15,224279.31958732448,10904.401675122193
2017-11-16,222257.17950930147,10904.401675122193
2017-11-17,223785.84400434233,10904.401675122193
2017-11-20,225174.252461673,10904.401675122193
2017-11-21,220557.02993306646,10904.401675122193
2017-11-22,221534.61793165747,10904.401675122193
2017-11-24,219409.03341541902,10904.401675122193
2017-11-27,217376.75863093292,10904.401675122193
2017-11-28,221515.33587360455,10904.401675122193
2017-11-29,231999.09493597155,10904.401675122193
2017-11-30,232060.60049107173,10904.401675122193
2017-12-01,230416.64288162632,10904.401675122193
2017-12-04,236100.5480737314,10904.401675122193
2017-12-05,232337.50189010147,10904.401675122193
2017-12-06,227870.40317239385,10904.401675122193
2017-12-07,230402.16588149304,11520.108294074656
2017-12-08,233287.0024179163,11520.108294074656
2017-12-11,236757.42245409853,11520.108294074656
2017-12-12,235148.8734163501,11520.108294074656
2017-12-13,237531.39078682323,11520.108294074656
2017-12-14,236978.02911586975,11520.108294074656
2017-12-15,244257.11736766354,11520.108294074656
2017-12-18,250129.43129290684,11520.108294074656
2017-12-19,248264.98385519738,11520.108294074656
2017-12-20,247877.2768136487,11520.108294074656
2017-12-21,251992.83382404706,11520.108294074656
2017-12-22,250673.4238819134,11520.108294074656
2017-12-26,254490.07703344623,11520.108294074656
2017-12-27,253252.49949574954,11520.108294074656
2017-12-28,252746.39530439337,11520.108294074656
2017-12-29,246197.62019037677,11520.108294074656
2018-01-02,254016.86910459393,11520.108294074656
2018-01-03,259368.1474557861,11520.108294074656
2018-01-04,261568.2197976998,11520.108294074656
2018-01-05,261424.4185784247,11520.108294074656
2018-01-08,263499.57985609217,13174.97899280458
2018-01-09,259050.0175369746,13174.97899280458
2018-01-10,264726.4895569283,13174.97899280458
2018-01-11,265496.1151256986,13174.97899280458
2018-01-12,261809.0565471393,13174.97899280458
2018-01-16,254163.3014195582,13174.97899280458
2018-01-17,251575.10095720406,13174.97899280458
2018-01-18,250759.31491545064,13174.97899280458
2018-01-19,250568.39560633918,13174.97899280458
2018-01-22,253437.64764933888,13174.97899280458
2018-01-23,257103.20470179888,13174.97899280458
2018-01-24,255862.10269609067,13174.97899280458
2018-01-25,252534.30782793788,13174.97899280458
2018-01-26,253190.08275492344,13174.97899280458
2018-01-29,251666.47185371935,13174.97899280458
2018-01-30,247691.53181529083,13174.97899280458
2018-01-31,249498.15616342903,13174.97899280458
2018-02-01,250247.21102861944,13174.97899280458
2018-02-02,246922.8981471972,13174.97899280458
2018-02-05,238526.32722673708,13174.97899280458
2018-02-06,241738.51764300448,13174.97899280458
2018-02-07,265826.0980433961,53165.21960867921
2018-02-08,259424.67728925843,53165.21960867921
2018-02-09,257785.4530097478,53165.21960867921
2018-02-12,260894.97952867227,53165.21960867921
2018-02-13,268088.2478894178,53165.21960867921
2018-02-14,281530.8106536295,53165.21960867921
2018-02-15,287267.22826109524,53165.21960867921
2018-02-16,287271.4483959975,53165.21960867921
2018-02-20,283371.5187141398,53165.21960867921
2018-02-21,284879.5855107253,53165.21960867921
2018-02-22,278988.14279318333,53165.21960867921
2018-02-23,283275.67499064235,53165.21960867921
2018-02-26,282591.31629717903,53165.21960867921
2018-02-27,277767.0308604313,53165.21960867921
2018-02-28,279855.39476462454,53165.21960867921
2018-03-01,278002.0954868413,53165.21960867921
2018-03-02,282834.29883956676,53165.21960867921
2018-03-05,285969.6357490512,53165.21960867921
2018-03-06,287199.23796801793,53165.21960867921
2018-03-07,285595.42836982646,57119.08567396525
2018-03-08,289107.4804892068,57119.08567396525
2018-03-09,292570.4758015181,57119.08567396525
2018-03-12,293164.6103787794,57119.08567396525
2018-03-13,291227.29053110146,57119.08567396525
2018-03-14,288962.6117504089,57119.08567396525
2018-03-15,287564.3760530504,57119.08567396525
2018-03-16,293143.7458395917,57119.08567396525
2018-03-19,287971.20853451046,57119.08567396525
2018-03-20,287682.68596633465,57119.08567396525
2018-03-21,291986.02629424614,57119.08567396525
2018-03-22,283392.9774927778,57119.08567396525
2018-03-23,278615.19055194396,57119.08567396525
2018-03-26,281925.97647106735,57119.08567396525
2018-03-27,282096.1264360516,57119.08567396525
2018-03-28,282178.9562274351,57119.08567396525
2018-03-29,282953.88914043806,57119.08567396525
2018-04-02,277158.0553165904,57119.08567396525
2018-04-03,279142.2378905008,57119.08567396525
2018-04-04,281434.95605172036,57119.08567396525
2018-04-05,283814.51681916654,57119.08567396525
2018-04-06,271492.76622363064,57119.08567396525
2018-04-09,271780.678689276,54356.13573785513
2018-04-10,277097.1582906535,54356.13573785513
2018-04-11,274888.2976729696,54356.13573785513
2018-04-12,276392.0447218897,54356.13573785513
2018-04-13,275140.8971994599,54356.13573785513
2018-04-16,274995.70563405636,54356.13573785513
2018-04-17,278492.80999908847,54356.13573785513
2018-04-18,277732.13101632503,54356.13573785513
2018-04-19,276258.5315885989,54356.13573785513
2018-04-20,278026.76857393025,54356.13573785513
2018-04-23,278398.0554635469,54356.13573785513
2018-04-24,278636.0532364648,54356.13573785513
2018-04-25,274670.01311896014,54356.13573785513
2018-04-26,277218.726985073,54356.13573785513
2018-04-27,276953.02201562206,54356.13573785513
2018-04-30,276167.7734647498,54356.13573785513
2018-05-01,273100.09169486444,54356.13573785513
2018-05-02,258131.88257080968,54356.13573785513
2018-05-03,258240.88914823977,54356.13573785513
2018-05-04,260782.12285496775,54356.13573785513
2018-05-07,262545.3300641043,52509.0660128209
2018-05-08,263839.0125472069,52509.0660128209
2018-05-09,266387.92363926163,52509.0660128209
2018-05-10,266996.3421651189,52509.0660128209
2018-05-11,267937.21220191766,52509.0660128209
2018-05-14,267985.2272995123,52509.0660128209
2018-05-15,266828.3057264681,52509.0660128209
2018-05-16,268659.3589769696,52509.0660128209
2018-05-17,267572.2769155407,52509.0660128209
2018-05-18,267961.78432335635,52509.0660128209
2018-05-21,268015.53876527416,52509.0660128209
2018-05-22,267507.8343867039,52509.0660128209
2018-05-23,267116.17111657286,52509.0660128209
2018-05-24,266733.10119321157,52509.0660128209
2018-05-25,267672.8316673178,52509.0660128209
2018-05-29,265684.20583430305,52509.0660128209
2018-05-30,268885.4916470402,52509.0660128209
2018-05-31,269742.6539140402,52509.0660128209
2018-06-01,271570.9836251961,52509.0660128209
2018-06-04,275068.368344489,52509.0660128209
2018-06-05,278754.3538672461,52509.0660128209
2018-06-06,280245.824210107,52509.0660128209
2018-06-07,278565.64725870424,13928.28236293525
2018-06-08,277110.9576270892,13928.28236293525
2018-06-11,274852.9912906,13928.28236293525
2018-06-12,272719.5611988083,13928.28236293525
2018-06-13,272279.6361724693,13928.28236293525
2018-06-14,272489.2112665784,13928.28236293525
2018-06-15,269152.2584869798,13928.28236293525
2018-06-18,269725.8970811154,13928.28236293525
2018-06-19,267045.3364276055,13928.28236293525
2018-06-20,262067.26065597514,13928.28236293525
2018-06-21,259521.40669480345,13928.28236293525
2018-06-22,261981.99348021066,13928.28236293525
2018-06-25,258202.44143993518,13928.28236293525
2018-06-26,264147.45869578345,13928.28236293525
2018-06-27,263603.4095951759,13928.28236293525
2018-06-28,263798.2228132457,13928.28236293525
2018-06-29,262964.7573908585,13928.28236293525
2018-07-02,260142.24543679933,13928.28236293525
2018-07-03,260386.4367278492,13928.28236293525
2018-07-05,261219.61941657658,13928.28236293525
2018-07-06,263619.9775420297,13928.28236293525
2018-07-09,268982.74915498827,26898.27491549887
2018-07-10,268536.3795397389,26898.27491549887
2018-07-11,265622.39119949075,26898.27491549887
2018-07-12,268999.9313412445,26898.27491549887
2018-07-13,269706.3239153634,26898.27491549887
2018-07-16,274611.54055648914,26898.27491549887
2018-07-17,275614.70334364276,26898.27491549887
2018-07-18,278276.9528356765,26898.27491549887
2018-07-19,275143.0070828759,26898.27491549887
2018-07-20,273662.48744911724,26898.27491549887
2018-07-23,274428.7011198524,26898.27491549887
2018-07-24,274518.39074606623,26898.27491549887
2018-07-25,277533.04331665725,26898.27491549887
2018-07-26,282889.5745307622,26898.27491549887
2018-07-27,279810.16126946185,26898.27491549887
2018-07-30,274210.8076551808,26898.27491549887
2018-07-31,275140.20868540485,26898.27491549887
2018-08-01,273497.3849547268,26898.27491549887
2018-08-02,275028.3593149023,26898.27491549887
2018-08-03,275086.8339017975,26898.27491549887
2018-08-06,275296.74016431236,26898.27491549887
2018-08-07,276536.80231180275,27653.68023118029
2018-08-08,272324.5785860667,27653.68023118029
2018-08-09,272096.39738591516,27653.68023118029
2018-08-10,273539.4206207541,27653.68023118029
2018-08-13,273908.6514934439,27653.68023118029
2018-08-14,274090.93981809326,27653.68023118029
2018-08-15,271240.59256905544,27653.68023118029
2018-08-16,271816.2912622308,27653.68023118029
2018-08-17,266841.42047209456,27653.68023118029
2018-08-20,267075.16708765866,27653.68023118029
2018-08-21,267706.9309976387,27653.68023118029
2018-08-22,269535.8204633584,27653.68023118029
2018-08-23,270920.19630517357,27653.68023118029
2018-08-24,275343.87642857677,27653.68023118029
2018-08-27,275872.846492098,27653.68023118029
2018-08-28,274160.3773500768,27653.68023118029
2018-08-29,273902.2176319248,27653.68023118029
2018-08-30,271274.7499018,27653.68023118029
2018-08-31,271802.42186127545,27653.68023118029
2018-09-04,270529.62790342176,27653.68023118029
2018-09-05,264484.144262611,27653.68023118029
2018-09-06,268966.76066760824,27653.68023118029
2018-09-07,268957.9262418294,13447.89631209147
2018-09-10,273455.728464877,13447.89631209147
2018-09-11,270367.953489888,13447.89631209147
2018-09-12,271334.7899973381,13447.89631209147
2018-09-13,269108.78826458636,13447.89631209147
2018-09-14,270904.4946938489,13447.89631209147
2018-09-17,269069.97698782774,13447.89631209147
2018-09-18,270633.4923524179,13447.89631209147
2018-09-19,268718.7075045601,13447.89631209147
2018-09-20,267271.8609817536,13447.89631209147
2018-09-21,263302.81687282753,13447.89631209147
2018-09-24,261316.95435150084,13447.89631209147
2018-09-25,259306.95784861856,13447.89631209147
2018-09-26,260154.42411811568,13447.89631209147
2018-09-27,260079.5681360864,13447.89631209147
2018-09-28,259456.2507591352,13447.89631209147
2018-10-01,258743.29101539962,13447.89631209147
2018-10-02,258631.90868430835,13447.89631209147
2018-10-03,258133.38479201272,13447.89631209147
2018-10-04,254187.5292564112,13447.89631209147
2018-10-05,253653.1917831063,13447.89631209147
2018-10-08,253996.42193265172,12699.821096632557
2018-10-09,243642.14447626192,12699.821096632557
2018-10-10,234659.41701177857,12699.821096632557
2018-10-11,232510.4184231077,12699.821096632557
2018-10-12,233119.8280702769,12699.821096632557
2018-10-15,235652.00047283192,12699.821096632557
2018-10-16,241714.6559327403,12699.821096632557
2018-10-17,239574.66792455644,12699.821096632557
2018-10-18,233401.1941746338,12699.821096632557
2018-10-19,229986.87615081636,12699.821096632557
2018-10-22,231503.23256895336,12699.821096632557
2018-10-23,235342.4631619159,12699.821096632557
2018-10-24,225713.99652601493,12699.821096632557
2018-10-25,234675.74276624405,12699.821096632557
2018-10-26,226866.14421697226,12699.821096632557
2018-10-29,225424.89785868482,12699.821096632557
2018-10-30,232535.31232473155,12699.821096632557
2018-10-31,236194.49218116558,12699.821096632557
2018-11-01,241885.3217749362,12699.821096632557
2018-11-02,242654.67927097343,12699.821096632557
2018-11-05,238407.73456960896,12699.821096632557
2018-11-06,238492.22314967186,12699.821096632557
2018-11-07,244106.0812715033,48821.216254300656
2018-11-08,239241.38195075665,48821.216254300656
2018-11-09,235637.37680326204,48821.216254300656
2018-11-12,233392.80411211247,48821.216254300656
2018-11-13,235845.10319938176,48821.216254300656
2018-11-14,234110.51556620552,48821.216254300656
2018-11-15,231027.2868349812,48821.216254300656
2018-11-16,232142.37249785665,48821.216254300656
2018-11-19,229253.68393877157,48821.216254300656
2018-11-20,227982.69740339668,48821.216254300656
2018-11-21,233145.13721198207,48821.216254300656
2018-11-23,230378.58827018554,48821.216254300656
2018-11-26,234053.9012160722,48821.216254300656
2018-11-27,234743.1890372775,48821.216254300656
2018-11-28,239783.97372870267,48821.216254300656
2018-11-29,237768.50646826706,48821.216254300656
2018-11-30,239845.73761069408,48821.216254300656
2018-12-03,241822.82047172543,48821.216254300656
2018-12-04,230118.23011501372,48821.216254300656
2018-12-06,229086.55968929955,48821.216254300656
2018-12-07,225633.36870955385,78971.67904834388
2018-12-10,223678.05963222278,78971.67904834388
2018-12-11,221728.05255360223,78971.67904834388
2018-12-12,221680.67043819153,78971.67904834388
2018-12-13,222273.77176069302,78971.67904834388
2018-12-14,217002.1532676229,78971.67904834388
2018-12-17,215001.83780613064,78971.67904834388
2018-12-18,214120.71063438128,78971.67904834388
2018-12-19,214870.8142023272,78971.67904834388
2018-12-20,212466.81889267734,78971.67904834388
2018-12-21,210412.3795280847,78971.67904834388
2018-12-24,206750.53254560233,78971.67904834388
2018-12-26,214332.060183401,78971.67904834388
2018-12-27,214148.76322289076,78971.67904834388
2018-12-28,215060.16686548505,78971.67904834388
2018-12-31,215225.25546747455,78971.67904834388
2019-01-02,219923.30049796868,78971.67904834388
2019-01-03,218715.61233388982,78971.67904834388
2019-01-04,224054.26003651292,78971.67904834388
2019-01-07,229775.25561427482,114887.62780713737
2019-01-08,229075.2752911403,114887.62780713737
2019-01-09,230339.336257008,114887.62780713737
2019-01-10,230881.1099650885,114887.62780713737
2019-01-11,232006.99333823012,114887.62780713737
2019-01-14,230176.6451736423,114887.62780713737
2019-01-15,231216.3027096438,114887.62780713737
2019-01-16,227593.41413499357,114887.62780713737
2019-01-17,227753.5296714196,114887.62780713737
2019-01-18,234108.36695396877,114887.62780713737
2019-01-22,230332.51108023545,114887.62780713737
2019-01-23,230322.45238935272,114887.62780713737
2019-01-24,233676.66349400816,114887.62780713737
2019-01-25,237380.6553476945,114887.62780713737
2019-01-28,233966.32118087067,114887.62780713737
2019-01-29,232594.7327864844,114887.62780713737
2019-01-30,235428.84862432914,114887.62780713737
2019-01-31,237303.786574265,114887.62780713737
2019-02-01,239462.5889482247,114887.62780713737
2019-02-04,241060.961789859,114887.62780713737
2019-02-05,242074.4422039308,114887.62780713737
2019-02-06,248433.68932639045,114887.62780713737
2019-02-07,245578.89203143716,85952.61221100303
2019-02-08,248359.69971233432,85952.61221100303
2019-02-11,247141.8629325594,85952.61221100303
2019-02-12,246944.4235280428,85952.61221100303
2019-02-13,249844.102595762,85952.61221100303
2019-02-14,250275.2569558266,85952.61221100303
2019-02-15,251643.64943141738,85952.61221100303
2019-02-19,252179.26329018298,85952.61221100303
2019-02-20,252986.2969563311,85952.61221100303
2019-02-21,251405.44495717157,85952.61221100303
2019-02-22,254843.45601484153,85952.61221100303
2019-02-25,260944.72862831948,85952.61221100303
2019-02-26,258393.67049244454,85952.61221100303
2019-02-27,255914.0318558899,85952.61221100303
2019-02-28,256311.71014489216,85952.61221100303
2019-03-01,257371.71372015437,85952.61221100303
2019-03-04,259750.94873392943,85952.61221100303
2019-03-05,257466.49997046083,85952.61221100303
2019-03-06,252248.61576926248,85952.61221100303
2019-03-07,249749.56857925758,24974.956857925732
2019-03-08,247296.9436818224,24974.956857925732
2019-03-11,254140.0856303856,24974.956857925732
2019-03-12,257495.8421852673,24974.956857925732
2019-03-13,260416.18144667015,24974.956857925732
2019-03-14,262037.7843533961,24974.956857925732
2019-03-15,261533.09802328673,24974.956857925732
2019-03-18,265516.34566164296,24974.956857925732
2019-03-19,265826.0823083856,24974.956857925732
2019-03-20,266145.7760743913,24974.956857925732
2019-03-21,268377.7677083134,24974.956857925732
2019-03-22,258386.31900970452,24974.956857925732
2019-03-25,260653.4206057398,24974.956857925732
2019-03-26,262633.12599094165,24974.956857925732
2019-03-27,264674.90096290543,24974.956857925732
2019-03-28,268135.74309754523,24974.956857925732
2019-03-29,268444.03485581523,24974.956857925732
2019-04-01,273242.4606902323,24974.956857925732
2019-04-02,271471.2288593028,24974.956857925732
2019-04-03,272558.79679985024,24974.956857925732
2019-04-04,279239.8978523204,24974.956857925732
2019-04-05,282660.32720208913,24974.956857925732
2019-04-08,284394.3516925209,28439.43516925203
2019-04-09,280825.54508343,28439.43516925203
2019-04-10,285822.53249454114,28439.43516925203
2019-04-11,287028.83372264315,28439.43516925203
2019-04-12,281771.7914318327,28439.43516925203
2019-04-15,282478.0307184562,28439.43516925203
2019-04-16,286051.470319912,28439.43516925203
2019-04-17,283473.67652525794,28439.43516925203
2019-04-18,282899.26491907676,28439.43516925203
2019-04-22,283267.34727541066,28439.43516925203
2019-04-23,284907.9818405576,28439.43516925203
2019-04-24,279578.6338672633,28439.43516925203
2019-04-25,277509.24228970474,28439.43516925203
2019-04-26,277638.9695580446,28439.43516925203
2019-04-29,278238.1802999079,28439.43516925203
2019-04-30,273330.75055763416,28439.43516925203
2019-05-01,268543.5494173938,28439.43516925203
2019-05-02,267171.62479365483,28439.43516925203
2019-05-03,271639.95174788457,28439.43516925203
2019-05-06,269508.7784506326,28439.43516925203
2019-05-07,262435.50597503874,13121.775298751949
2019-05-08,261338.50190928348,13121.775298751949
2019-05-09,258783.28007032815,13121.775298751949
2019-05-10,257776.7356630324,13121.775298751949
2019-05-13,246031.4266024178,13121.775298751949
2019-05-14,253639.38043674457,13121.775298751949
2019-05-15,254531.22107727028,13121.775298751949
2019-05-16,253150.14196787126,13121.775298751949
2019-05-17,248434.16693956158,13121.775298751949
2019-05-20,241786.06680152644,13121.775298751949
2019-05-21,246172.65432693064,13121.775298751949
2019-05-22,238740.1862048482,13121.775298751949
2019-05-23,230287.0912438744,13121.775298751949
2019-05-24,231101.36717742082,13121.775298751949
2019-05-28,227535.63066211191,13121.775298751949
2019-05-29,227014.46808974948,13121.775298751949
2019-05-30,226320.7760269186,13121.775298751949
2019-05-31,222278.92576286866,13121.775298751949
2019-06-03,223217.2879378714,13121.775298751949
2019-06-04,230690.58630137358,13121.775298751949
2019-06-05,226128.49668180395,13121.775298751949
2019-06-06,230020.2514554609,13121.775298751949
2019-06-07,230018.00786036783,46003.60157207356
2019-06-10,229865.50660815818,46003.60157207356
2019-06-11,228398.86730271726,46003.60157207356
2019-06-12,226421.29200137188,46003.60157207356
2019-06-13,228425.16406673624,46003.60157207356
2019-06-14,226847.71149073567,46003.60157207356
2019-06-17,228014.8173048189,46003.60157207356
2019-06-18,230613.97297473933,46003.60157207356
2019-06-19,229544.50562468643,46003.60157207356
2019-06-20,232591.7722777448,46003.60157207356
2019-06-21,233216.566290526,46003.60157207356
2019-06-24,231521.54647581247,46003.60157207356
2019-06-25,232728.23139208258,46003.60157207356
2019-06-26,236382.21087667096,46003.60157207356
2019-06-27,238782.97781481195,46003.60157207356
2019-06-28,239367.05049617015,46003.60157207356
2019-07-01,240162.85747248703,46003.60157207356
2019-07-02,239747.64805205306,46003.60157207356
2019-07-03,241483.0840552661,46003.60157207356
2019-07-05,240563.45867421306,46003.60157207356
2019-07-08,242439.95927309134,24243.995927309123
2019-07-09,241581.7005980704,24243.995927309123
2019-07-10,242513.12805318565,24243.995927309123
2019-07-11,246867.58046452992,24243.995927309123
2019-07-12,251992.48427126935,24243.995927309123
2019-07-15,253082.9981988829,24243.995927309123
2019-07-16,254065.05924176105,24243.995927309123
2019-07-17,251029.68857993014,24243.995927309123
2019-07-18,249370.73352613722,24243.995927309123
2019-07-19,249787.27781985956,24243.995927309123
2019-07-22,247015.6371942864,24243.995927309123
2019-07-23,251312.06234691266,24243.995927309123
2019-07-24,256495.16590085017,24243.995927309123
2019-07-25,253082.86295195224,24243.995927309123
2019-07-26,252832.59230592207,24243.995927309123
2019-07-29,252044.0024122598,24243.995927309123
2019-07-30,253979.5682893214,24243.995927309123
2019-07-31,252122.49000285982,24243.995927309123
2019-08-01,244892.05582989551,24243.995927309123
2019-08-02,241814.88973434264,24243.995927309123
2019-08-05,232159.27325534177,24243.995927309123
2019-08-06,233321.0598512584,24243.995927309123
2019-08-07,233170.5092855137,23317.05092855134
2019-08-08,234986.97910918493,23317.05092855134
2019-08-09,233943.69571032995,23317.05092855134
2019-08-12,231851.82453223487,23317.05092855134
2019-08-13,237565.90057627507,23317.05092855134
2019-08-14,226932.04559155967,23317.05092855134
2019-08-15,221661.52365051885,23317.05092855134
2019-08-16,230207.29636330245,23317.05092855134
2019-08-19,238160.4149215469,23317.05092855134
2019-08-20,235440.43764777522,23317.05092855134
2019-08-21,236196.3673750579,23317.05092855134
2019-08-22,237764.2456631958,23317.05092855134
2019-08-23,228865.23530107885,23317.05092855134
2019-08-26,233379.0489638381,23317.05092855134
2019-08-27,231043.77603204985,23317.05092855134
2019-08-28,234824.70808914118,23317.05092855134
2019-08-29,240215.94683629164,23317.05092855134
2019-08-30,240790.83027805292,23317.05092855134
2019-09-03,238767.07607604202,23317.05092855134
2019-09-04,241673.8906311209,23317.05092855134
2019-09-05,250218.04343393113,23317.05092855134
2019-09-06,250539.8329578308,23317.05092855134
2019-09-09,255164.56628086045,89307.59819830113
2019-09-10,258871.9625948781,89307.59819830113
2019-09-11,263071.3320667403,89307.59819830113
2019-09-12,261582.1147228908,89307.59819830113
2019-09-13,263102.50840127806,89307.59819830113
2019-09-16,271809.83261711395,89307.59819830113
2019-09-17,265283.00566767965,89307.59819830113
2019-09-18,264674.95729690266,89307.59819830113
2019-09-19,261240.49699876405,89307.59819830113
2019-09-20,260745.26486646125,89307.59819830113
2019-09-23,261243.53544373915,89307.59819830113
2019-09-24,255406.3634095848,89307.59819830113
2019-09-25,256339.73741377218,89307.59819830113
2019-09-26,253074.78797969734,89307.59819830113
2019-09-27,254834.4905499766,89307.59819830113
2019-09-30,254088.65917531226,89307.59819830113
2019-10-01,247974.1834185312,89307.59819830113
2019-10-02,242576.24537674495,89307.59819830113
2019-10-03,242562.1812700415,89307.59819830113
2019-10-04,242116.51816227715,89307.59819830113
2019-10-07,239523.1551485929,23952.315514859292
2019-10-08,239609.44094863732,23952.315514859292
2019-10-09,231250.10495637832,23952.315514859292
2019-10-10,233221.05533305212,23952.315514859292
2019-10-11,239778.65339101962,23952.315514859292
2019-10-14,240509.28656516015,23952.315514859292
2019-10-15,240074.7778923541,23952.315514859292
2019-10-16,241483.13491940824,23952.315514859292
2019-10-17,240186.30822247698,23952.315514859292
2019-10-18,241532.75627022682,23952.315514859292
2019-10-21,243686.66845466458,23952.315514859292
2019-10-22,248902.00795417646,23952.315514859292
2019-10-23,252531.40779324598,23952.315514859292
2019-10-24,248920.34495448245,23952.315514859292
2019-10-25,250485.0374277333,23952.315514859292
2019-10-28,249750.06863241585,23952.315514859292
2019-10-29,255062.7388926751,23952.315514859292
2019-10-30,253613.04102069407,23952.315514859292
2019-10-31,252367.97025803392,23952.315514859292
2019-11-01,252964.90599727276,23952.315514859292
2019-11-04,258198.15354567784,23952.315514859292
2019-11-05,258379.40753953808,23952.315514859292
2019-11-06,254320.6861280051,23952.315514859292
2019-11-07,261793.71115306084,52358.742230612115
2019-11-08,264863.2448856731,52358.742230612115
2019-11-11,259927.4349373188,52358.742230612115
2019-11-12,264653.6904794825,52358.742230612115
2019-11-13,264457.7456652933,52358.742230612115
2019-11-14,264837.76962606004,52358.742230612115
2019-11-15,269040.1660477488,52358.742230612115
2019-11-18,259504.4118594018,52358.742230612115
2019-11-19,259081.1847620244,52358.742230612115
2019-11-20,260889.6204146866,52358.742230612115
2019-11-21,259490.04338626622,52358.742230612115
2019-11-22,262952.0058446886,52358.742230612115
2019-11-25,267193.6541500663,52358.742230612115
2019-11-26,268764.30527344404,52358.742230612115
2019-11-27,271382.625204889,52358.742230612115
2019-11-29,271993.78012678924,52358.742230612115
2019-12-02,268120.36624139344,52358.742230612115
2019-12-03,273292.9665934846,52358.742230612115
2019-12-04,272609.7890562806,52358.742230612115
2019-12-05,268908.00338323595,52358.742230612115
2019-12-06,267704.92842593044,52358.742230612115
2019-12-09,267588.59315518517,26758.859315518537
2019-12-10,268277.9219760289,26758.859315518537
2019-12-11,266227.61866611964,26758.859315518537
2019-12-12,272446.3777085317,26758.859315518537
2019-12-13,269856.870571542,26758.859315518537
2019-12-16,274057.7811297575,26758.859315518537
2019-12-17,273195.929914397,26758.859315518537
2019-12-18,276057.4903665766,26758.859315518537
2019-12-19,280204.263461401,26758.859315518537
2019-12-20,280121.60382039915,26758.859315518537
2019-12-23,290587.0672261916,26758.859315518537
2019-12-24,288958.1011345914,26758.859315518537
2019-12-26,288973.0071570143,26758.859315518537
2019-12-27,287594.04109473806,26758.859315518537
2019-12-30,284521.8431285895,26758.859315518537
2019-12-31,286868.4082195777,26758.859315518537
2020-01-02,286633.84077956685,26758.859315518537
2020-01-03,286400.2358235875,26758.859315518537
2020-01-06,289908.2674874439,26758.859315518537
2020-01-07,303916.9725758407,15195.848628792017
2020-01-08,301172.24459261174,15195.848628792017
2020-01-09,305636.1013785178,15195.848628792017
2020-01-10,307230.63758336613,15195.848628792017
2020-01-13,313425.7422316558,15195.848628792017
2020-01-14,317019.09879565856,15195.848628792017
2020-01-15,317800.7061294455,15195.848628792017
2020-01-16,324488.25548674876,15195.848628792017
2020-01-17,318413.10213146225,15195.848628792017
2020-01-21,316119.9462848087,15195.848628792017
2020-01-22,315616.8656640557,15195.848628792017
2020-01-23,308245.0354145886,15195.848628792017
2020-01-24,300788.5862370968,15195.848628792017
2020-01-27,302113.3029102145,15195.848628792017
2020-01-28,302114.07629898837,15195.848628792017
2020-01-29,291533.4279309375,15195.848628792017
2020-01-30,295096.95300598256,15195.848628792017
2020-01-31,289313.168919337,15195.848628792017
2020-02-03,289926.60180528194,15195.848628792017
2020-02-04,294906.22949927376,15195.848628792017
2020-02-05,295572.4243940057,15195.848628792017
2020-02-06,289553.98005370196,15195.848628792017
2020-02-07,298669.23370196286,29866.92337019623
2020-02-10,296113.31466848415,29866.92337019623
2020-02-11,297708.0857465649,29866.92337019623
2020-02-12,301544.7028424102,29866.92337019623
2020-02-13,300608.0175878806,29866.92337019623
2020-02-14,294970.3677050343,29866.92337019623
2020-02-18,299092.0234868047,29866.92337019623
2020-02-19,304112.6664751908,29866.92337019623
2020-02-20,301734.0096389329,29866.92337019623
2020-02-21,294762.0851338067,29866.92337019623
2020-02-24,285750.95593525603,29866.92337019623
2020-02-25,274516.2246961403,29866.92337019623
2020-02-26,268644.460125564,29866.92337019623
2020-02-27,262724.3809032438,29866.92337019623
2020-02-28,270851.70830750035,29866.92337019623
2020-03-02,277893.66664402303,29866.92337019623
2020-03-03,275926.956066832,29866.92337019623
2020-03-04,274945.30765242904,29866.92337019623
2020-03-05,271864.5643856091,29866.92337019623
2020-03-06,272947.5763466617,29866.92337019623
2020-03-09,261723.86349275257,183206.70444492673
2020-03-10,265182.36485196516,183206.70444492673
2020-03-11,261119.11397871215,183206.70444492673
2020-03-12,252644.2843784503,183206.70444492673
2020-03-13,260977.4712583573,183206.70444492673
2020-03-16,249744.58275120918,183206.70444492673
2020-03-17,251311.0048354677,183206.70444492673
2020-03-18,242761.04871981908,183206.70444492673
2020-03-19,245065.5701264777,183206.70444492673
2020-03-20,245372.08452889905,183206.70444492673
2020-03-23,240571.3948569114,183206.70444492673
2020-03-24,250311.4504617411,183206.70444492673
2020-03-25,252806.06669353938,183206.70444492673
2020-03-26,257418.95521026367,183206.70444492673
2020-03-27,254191.3395142844,183206.70444492673
2020-03-30,256111.28320568762,183206.70444492673
2020-03-31,256132.3395803093,183206.70444492673
2020-04-01,251669.84075966734,183206.70444492673
2020-04-02,253978.52942746802,183206.70444492673
2020-04-03,252482.04938909362,183206.70444492673
2020-04-06,258244.92255510253,183206.70444492673
2020-04-07,258942.22904761788,181259.56033333248
2020-04-08,264521.44581806683,181259.56033333248
2020-04-09,268905.98241309833,181259.56033333248
2020-04-13,262791.9558704108,181259.56033333248
2020-04-14,267122.019827529,181259.56033333248
2020-04-15,262918.5397042297,181259.56033333248
2020-04-16,257505.19491323165,181259.56033333248
2020-04-17,263871.8736174409,181259.56033333248
2020-04-20,260875.02998563118,181259.56033333248
2020-04-21,258311.2703861527,181259.56033333248
2020-04-22,259636.07239085803,181259.56033333248
2020-04-23,265943.0582606967,181259.56033333248
2020-04-24,266269.8474378034,181259.56033333248
2020-04-27,271556.07314172643,181259.56033333248
2020-04-28,277721.7916643815,181259.56033333248
2020-04-29,293471.84007216693,181259.56033333248
2020-04-30,292657.72853937943,181259.56033333248
2020-05-01,280053.23491783126,181259.56033333248
2020-05-04,281861.1439777036,181259.56033333248
2020-05-05,275793.21478383243,181259.56033333248
2020-05-06,273489.90146615414,181259.56033333248
2020-05-07,281015.64288170805,196710.9500171956
2020-05-08,286330.1821121156,196710.9500171956
2020-05-11,283248.58762722334,196710.9500171956
2020-05-12,278872.3052517654,196710.9500171956
2020-05-13,273760.55978070776,196710.9500171956
2020-05-14,274786.9552701753,196710.9500171956
2020-05-15,273554.79582676775,196710.9500171956
2020-05-18,284243.208839873,196710.9500171956
2020-05-19,282103.4228309993,196710.9500171956
2020-05-20,284582.43228013284,196710.9500171956
2020-05-21,287762.93841287977,196710.9500171956
2020-05-22,286546.2202301691,196710.9500171956
2020-05-26,297935.8265796142,196710.9500171956
2020-05-27,303720.66957266943,196710.9500171956
2020-05-28,297984.34901874536,196710.9500171956
2020-05-29,295050.6575415165,196710.9500171956
2020-06-01,300758.4461598139,196710.9500171956
2020-06-02,302015.0634701706,196710.9500171956
2020-06-03,311080.9707267357,196710.9500171956
2020-06-04,328369.47309410636,196710.9500171956
2020-06-05,342794.49888831365,196710.9500171956
2020-06-08,362556.7091921437,181278.35459607182
2020-06-09,350179.7600925359,181278.35459607182
2020-06-10,336514.7525461156,181278.35459607182
2020-06-11,318116.0582063314,181278.35459607182
2020-06-12,328425.7197340659,181278.35459607182
2020-06-15,329610.4391485345,181278.35459607182
2020-06-16,333842.5148556576,181278.35459607182
2020-06-17,326542.0654817686,181278.35459607182
2020-06-18,326727.29506674677,181278.35459607182
2020-06-19,323669.6474100521,181278.35459607182
2020-06-22,321375.1831441421,181278.35459607182
2020-06-23,323252.0199351373,181278.35459607182
2020-06-24,312487.9227036305,181278.35459607182
2020-06-25,316098.6838211342,181278.35459607182
2020-06-26,308799.8857368481,181278.35459607182
2020-06-29,311322.44217700936,181278.35459607182
2020-06-30,312866.64265514736,181278.35459607182
2020-07-01,310594.35204230266,181278.35459607182
2020-07-02,312250.9731299183,181278.35459607182
2020-07-06,314150.34761317086,181278.35459607182
2020-07-07,307987.77331952227,215591.44132366558
2020-07-08,311034.7848103629,215591.44132366558
2020-07-09,312807.85567109415,215591.44132366558
2020-07-10,311922.04165371327,215591.44132366558
2020-07-13,304064.960029229,215591.44132366558
2020-07-14,304907.0628115589,215591.44132366558
2020-07-15,303923.61131934164,215591.44132366558
2020-07-16,302749.3927745661,215591.44132366558
2020-07-17,305709.3622184279,215591.44132366558
2020-07-20,310469.7629635994,215591.44132366558
2020-07-21,309465.3591877743,215591.44132366558
2020-07-22,309475.3513825653,215591.44132366558
2020-07-23,306395.8446794475,215591.44132366558
2020-07-24,304646.309976345,215591.44132366558
2020-07-27,307636.18859652744,215591.44132366558
2020-07-28,307093.2723371571,215591.44132366558
2020-07-29,311347.47709005227,215591.44132366558
2020-07-30,314350.91082793404,215591.44132366558
2020-07-31,316863.269648408,215591.44132366558
2020-08-03,320614.192484516,215591.44132366558
2020-08-04,320670.24052754627,215591.44132366558
2020-08-05,321117.83998722734,215591.44132366558
2020-08-06,316515.8126988386,215591.44132366558
2020-08-07,311659.6456406056,62331.92912812112
2020-08-10,322320.30152831133,62331.92912812112
2020-08-11,325954.797287278,62331.92912812112
2020-08-12,324497.02368011454,62331.92912812112
2020-08-13,319531.8625884785,62331.92912812112
2020-08-14,321904.8462938081,62331.92912812112
2020-08-17,319184.6842499686,62331.92912812112
2020-08-18,312626.96692486166,62331.92912812112
2020-08-19,314842.67927116033,62331.92912812112
2020-08-20,311308.9127297463,62331.92912812112
2020-08-21,306086.4668875106,62331.92912812112
2020-08-24,314511.0334050503,62331.92912812112
2020-08-25,319953.71505828924,62331.92912812112
2020-08-26,314388.2855332258,62331.92912812112
2020-08-27,319394.17832933203,62331.92912812112
2020-08-28,327382.0904113128,62331.92912812112
2020-08-31,319620.4555009164,62331.92912812112
2020-09-01,318021.9308867052,62331.92912812112
2020-09-02,323999.9195250072,62331.92912812112
2020-09-03,322703.7122263656,62331.92912812112
2020-09-04,328579.10174311424,62331.92912812112
2020-09-08,329830.0551129003,65966.01102258006
2020-09-09,327833.1459445569,65966.01102258006
2020-09-10,328748.62716466316,65966.01102258006
2020-09-11,331868.93331261235,65966.01102258006
2020-09-14,345236.2751972458,65966.01102258006
2020-09-15,345298.88022715086,65966.01102258006
2020-09-16,355307.2474344946,65966.01102258006
2020-09-17,351714.58936858695,65966.01102258006
2020-09-18,345543.0080450897,65966.01102258006
2020-09-21,333892.8079867346,65966.01102258006
2020-09-22,341780.4097761163,65966.01102258006
2020-09-23,339382.78731199563,65966.01102258006
2020-09-24,335675.90133983555,65966.01102258006
2020-09-25,339835.6890973158,65966.01102258006
2020-09-28,347601.5789688816,65966.01102258006
2020-09-29,339478.7068689642,65966.01102258006
2020-09-30,341942.60849965643,65966.01102258006
2020-10-01,351224.4139598917,65966.01102258006
2020-10-02,354604.06775703287,65966.01102258006
2020-10-05,360109.4387564822,65966.01102258006
2020-10-06,354072.3964657104,65966.01102258006
2020-10-07,362371.4441782521,126830.00546238817
2020-10-08,370326.1339465172,126830.00546238817
2020-10-09,366657.10060179373,126830.00546238817
2020-10-12,368171.72303885507,126830.00546238817
2020-10-13,364712.03203822114,126830.00546238817
2020-10-14,364697.4765390736,126830.00546238817
2020-10-15,366904.77100813884,126830.00546238817
2020-10-16,360073.84633844113,126830.00546238817
2020-10-19,355669.3050088316,126830.00546238817
2020-10-20,359628.3148177095,126830.00546238817
2020-10-21,351583.9390760635,126830.00546238817
2020-10-22,359224.6648499134,126830.00546238817
2020-10-23,359097.1394221724,126830.00546238817
2020-10-26,347836.6153002727,126830.00546238817
2020-10-27,344717.30323832587,126830.00546238817
2020-10-28,337970.0608013236,126830.00546238817
2020-10-29,342192.41783303156,126830.00546238817
2020-10-30,344712.3778765842,126830.00546238817
2020-11-02,349595.8365965644,126830.00546238817
2020-11-03,355120.48650161776,126830.00546238817
2020-11-04,352044.89288251876,126830.00546238817
2020-11-05,362655.3421016092,126830.00546238817
2020-11-06,355711.74895045516,126830.00546238817
2020-11-09,387691.3081238357,193845.6540619179
2020-11-10,385194.77947242535,193845.6540619179
2020-11-11,382472.81758158206,193845.6540619179
2020-11-12,377970.94457776664,193845.6540619179
2020-11-13,387212.2442375452,193845.6540619179
2020-11-16,399834.02556680713,193845.6540619179
2020-11-17,399385.23910005705,193845.6540619179
2020-11-18,398132.57244327245,193845.6540619179
2020-11-19,399912.75714071793,193845.6540619179
2020-11-20,397861.9652663022,193845.6540619179
2020-11-23,411245.4877759296,193845.6540619179
2020-11-24,427929.0941449376,193845.6540619179
2020-11-25,424386.57307988073,193845.6540619179
2020-11-27,425619.54123615543,193845.6540619179
2020-11-30,415428.8969342933,193845.6540619179
2020-12-01,418531.91842413705,193845.6540619179
2020-12-02,425141.5818153563,193845.6540619179
2020-12-03,434843.36288760364,193845.6540619179
2020-12-04,447008.46226769994,193845.6540619179
2020-12-07,444333.9048177339,222166.95240886687
2020-12-08,449035.1017634597,222166.95240886687
2020-12-09,450328.33895022125,222166.95240886687
2020-12-10,456135.67547359527,222166.95240886687
2020-12-11,449026.6937698048,222166.95240886687
2020-12-14,442729.38585121394,222166.95240886687
2020-12-15,447627.8769805752,222166.95240886687
2020-12-16,445880.68984605896,222166.95240886687
2020-12-17,445146.7525830465,222166.95240886687
2020-12-18,440873.1592838323,222166.95240886687
2020-12-21,436039.420675635,222166.95240886687
2020-12-22,432495.6086774508,222166.95240886687
2020-12-23,439781.99301855074,222166.95240886687
2020-12-24,437525.20726698433,222166.95240886687
2020-12-28,438947.45998923335,222166.95240886687
2020-12-29,436064.38431089476,222166.95240886687
2020-12-30,441783.76442922757,222166.95240886687
2020-12-31,439568.9388506905,222166.95240886687
2021-01-04,437683.4523382022,222166.95240886687
2021-01-05,447495.08636510046,222166.95240886687
2021-01-06,449650.096551352,222166.95240886687
2021-01-07,454072.3393548135,158925.31877418468
2021-01-08,450637.2959170801,158925.31877418468
2021-01-11,449750.5132583948,158925.31877418468
2021-01-12,455540.3979001659,158925.31877418468
2021-01-13,457461.9311596725,158925.31877418468
2021-01-14,466719.01484108984,158925.31877418468
2021-01-15,462766.3940214119,158925.31877418468
2021-01-19,464445.47775786236,158925.31877418468
2021-01-20,471006.8064681296,158925.31877418468
2021-01-21,465304.04951313307,158925.31877418468
2021-01-22,468012.80444199266,158925.31877418468
2021-01-25,467311.61663078965,158925.31877418468
2021-01-26,468184.3611906602,158925.31877418468
2021-01-27,469837.8067131416,158925.31877418468
2021-01-28,473975.98046425934,158925.31877418468
2021-01-29,462700.1409134983,158925.31877418468
2021-02-01,462255.419762795,158925.31877418468
2021-02-02,462811.8820214798,158925.31877418468
2021-02-03,470191.98553696246,158925.31877418468
2021-02-04,470291.86531371536,158925.31877418468
2021-02-05,470252.7098120963,158925.31877418468
2021-02-08,478481.93760005286,167468.6781600184
2021-02-09,469668.12646526186,167468.6781600184
2021-02-10,477267.3136105661,167468.6781600184
2021-02-11,473853.9713218679,167468.6781600184
2021-02-12,477424.96205895615,167468.6781600184
2021-02-16,492251.7410566585,167468.6781600184
2021-02-17,492670.4092355121,167468.6781600184
2021-02-18,480239.93043180084,167468.6781600184
2021-02-19,489870.3093268743,167468.6781600184
2021-02-22,505704.70847838384,167468.6781600184
2021-02-23,505813.5317768352,167468.6781600184
2021-02-24,524737.6442742215,167468.6781600184
2021-02-25,518063.32247194956,167468.6781600184
2021-02-26,516902.6461039225,167468.6781600184
2021-03-01,523939.98042504024,167468.6781600184
2021-03-02,526312.5268503611,167468.6781600184
2021-03-03,536993.1542273687,167468.6781600184
2021-03-04,543160.4724116764,167468.6781600184
2021-03-05,556704.585005888,167468.6781600184
2021-03-08,565719.3068520187,198001.75739820645
2021-03-09,556243.9168017653,198001.75739820645
2021-03-10,565367.3937553875,198001.75739820645
2021-03-11,576288.528680703,198001.75739820645
2021-03-12,580583.0906921655,198001.75739820645
2021-03-15,580518.5595054445,198001.75739820645
2021-03-16,570709.7733738427,198001.75739820645
2021-03-17,568869.9148155708,198001.75739820645
2021-03-18,550056.0198828446,198001.75739820645
2021-03-19,556304.5182338166,198001.75739820645
2021-03-22,556532.8549216299,198001.75739820645
2021-03-23,540426.3874238522,198001.75739820645
2021-03-24,522519.83109253034,198001.75739820645
2021-03-25,520004.11106416467,198001.75739820645
2021-03-26,509369.53021452157,198001.75739820645
2021-03-29,498773.46333588695,198001.75739820645
2021-03-30,502277.4576642028,198001.75739820645
2021-03-31,502465.2332622396,198001.75739820645
2021-04-01,520564.462317636,198001.75739820645
2021-04-05,508847.0905323582,198001.75739820645
2021-04-06,513097.6088035229,198001.75739820645
2021-04-07,511260.5494526827,178941.19230843888
2021-04-08,517746.7861147094,178941.19230843888
2021-04-09,519606.4406326122,178941.19230843888
2021-04-12,521072.9185116805,178941.19230843888
2021-04-13,535823.5724567365,178941.19230843888
2021-04-14,538081.6600605948,178941.19230843888
2021-04-15,543377.5844464367,178941.19230843888
2021-04-16,540677.8480817949,178941.19230843888
2021-04-19,530012.7681953597,178941.19230843888
2021-04-20,520610.0634483148,178941.19230843888
2021-04-21,531221.937952612,178941.19230843888
2021-04-22,530274.4625089943,178941.19230843888
2021-04-23,540917.4979591132,178941.19230843888
2021-04-26,547820.605339145,178941.19230843888
2021-04-27,548910.5056596104,178941.19230843888
2021-04-28,546671.7354365962,178941.19230843888
2021-04-29,540246.5918173472,178941.19230843888
2021-04-30,535911.399992849,178941.19230843888
2021-05-03,531689.4129679875,178941.19230843888
2021-05-04,520070.61614751833,178941.19230843888
2021-05-05,512730.9195494832,178941.19230843888
2021-05-06,505622.64102927595,178941.19230843888
2021-05-07,513219.5637186528,51321.956371865206
2021-05-10,504409.2956417486,51321.956371865206
2021-05-11,511916.72476323845,51321.956371865206
2021-05-12,500509.9214139183,51321.956371865206
2021-05-13,496296.6762138495,51321.956371865206
2021-05-14,519278.5647301535,51321.956371865206
2021-05-17,522610.4987889529,51321.956371865206
2021-05-18,531188.9445019709,51321.956371865206
2021-05-19,527228.3093649913,51321.956371865206
2021-05-20,541667.3142358244,51321.956371865206
2021-05-21,540848.21034024,51321.956371865206
2021-05-24,547768.83861812,51321.956371865206
2021-05-25,546936.5702047418,51321.956371865206
2021-05-26,558778.8697338573,51321.956371865206
2021-05-27,561987.6649086071,51321.956371865206
2021-05-28,560872.6067293686,51321.956371865206
2021-06-01,561298.2957697178,51321.956371865206
2021-06-02,564796.9969108115,51321.956371865206
2021-06-03,560436.1235244123,51321.956371865206
2021-06-04,579924.6216405372,51321.956371865206
2021-06-07,583070.8423564923,58307.084235649265
2021-06-08,580401.9651756601,58307.084235649265
2021-06-09,582873.6095692846,58307.084235649265
2021-06-10,586711.0728367982,58307.084235649265
2021-06-11,590182.3988158166,58307.084235649265
2021-06-14,590580.3148375234,58307.084235649265
2021-06-15,577957.0564566326,58307.084235649265
2021-06-16,576935.5516590109,58307.084235649265
2021-06-17,577831.2238782542,58307.084235649265
2021-06-18,577672.9017348117,58307.084235649265
2021-06-21,581417.1554580949,58307.084235649265
2021-06-22,591571.5094207148,58307.084235649265
2021-06-23,590806.3994160775,58307.084235649265
2021-06-24,591451.4695586378,58307.084235649265
2021-06-25,595178.8121652687,58307.084235649265
2021-06-28,613569.6714792813,58307.084235649265
2021-06-29,621443.2040236705,58307.084235649265
2021-06-30,622976.2673383572,58307.084235649265
2021-07-01,618996.9989159747,58307.084235649265
2021-07-02,616098.9000045235,58307.084235649265
2021-07-06,615276.4806552453,58307.084235649265
2021-07-07,607130.3399626536,121426.06799253066
2021-07-08,604702.7414587449,121426.06799253066
2021-07-09,623574.9113723711,121426.06799253066
2021-07-12,624077.0508173151,121426.06799253066
2021-07-13,616949.1059283124,121426.06799253066
2021-07-14,597807.5637259786,121426.06799253066
2021-07-15,587564.4226672726,121426.06799253066
2021-07-16,576338.5176782191,121426.06799253066
2021-07-19,564346.5686683652,121426.06799253066
2021-07-20,573623.5877161112,121426.06799253066
2021-07-21,588293.0849200498,121426.06799253066
2021-07-22,587350.7991058097,121426.06799253066
2021-07-23,583020.1316108251,121426.06799253066
2021-07-26,595332.6914943382,121426.06799253066
2021-07-27,586042.5511725354,121426.06799253066
2021-07-28,596785.8414725699,121426.06799253066
2021-07-29,597585.431847867,121426.06799253066
2021-07-30,589053.5821055364,121426.06799253066
2021-08-02,583057.4334614268,121426.06799253066
2021-08-03,589287.5657016021,121426.06799253066
2021-08-04,571625.4382973488,121426.06799253066
2021-08-05,587624.933246086,121426.06799253066
2021-08-06,592626.401800818,121426.06799253066
2021-08-09,586381.8083747393,117276.36167494788
2021-08-10,583596.4638115554,117276.36167494788
2021-08-11,562683.9567659779,117276.36167494788
2021-08-12,574701.0096232572,117276.36167494788
2021-08-13,572196.5543204854,117276.36167494788
2021-08-16,564945.1871715051,117276.36167494788
2021-08-17,565186.603300176,117276.36167494788
2021-08-18,571095.374358483,117276.36167494788
2021-08-19,561000.9074714528,117276.36167494788
2021-08-20,563368.7248195126,117276.36167494788
2021-08-23,576933.0283107843,117276.36167494788
2021-08-24,575536.1709494867,117276.36167494788
2021-08-25,573070.7078528594,117276.36167494788
2021-08-26,571538.3390687826,117276.36167494788
2021-08-27,576175.2566469518,117276.36167494788
2021-08-30,572496.052378916,117276.36167494788
2021-08-31,576834.9794490552,117276.36167494788
2021-09-01,583386.8738420724,117276.36167494788
2021-09-02,587783.2395750913,117276.36167494788
2021-09-03,592787.9429788968,117276.36167494788
2021-09-07,598276.7905264549,119655.35810529109
2021-09-08,587428.7025462268,119655.35810529109
2021-09-09,590316.1653018659,119655.35810529109
2021-09-10,591082.9306287708,119655.35810529109
2021-09-13,596681.3104630808,119655.35810529109
2021-09-14,593930.9185436423,119655.35810529109
2021-09-15,607134.4923011864,119655.35810529109
2021-09-16,610596.1795855584,119655.35810529109
2021-09-17,609598.4517630058,119655.35810529109
2021-09-20,585971.7219486742,119655.35810529109
2021-09-21,586894.7062523104,119655.35810529109
2021-09-22,596637.5833909109,119655.35810529109
2021-09-23,609302.0573476973,119655.35810529109
2021-09-24,608459.8221541536,119655.35810529109
2021-09-27,608592.39447363,119655.35810529109
2021-09-28,591421.2717727488,119655.35810529109
2021-09-29,583938.8219207734,119655.35810529109
2021-09-30,585902.8063389173,119655.35810529109
2021-10-01,595302.3117411189,119655.35810529109
2021-10-04,582708.6763718253,119655.35810529109
2021-10-05,586422.9050293906,119655.35810529109
2021-10-06,586543.5220568054,119655.35810529109
2021-10-07,596190.0338483974,119238.00676967949
2021-10-08,593277.7742712817,119238.00676967949
2021-10-11,592102.4538910303,119238.00676967949
2021-10-12,600385.0256440169,119238.00676967949
2021-10-13,609554.339887679,119238.00676967949
2021-10-14,619910.7534207031,119238.00676967949
2021-10-15,618710.2232951835,119238.00676967949
2021-10-18,623320.2863974072,119238.00676967949
2021-10-19,622105.5925216352,119238.00676967949
2021-10-20,612425.4908143972,119238.00676967949
2021-10-21,620751.0599470793,119238.00676967949
2021-10-22,615635.2166086899,119238.00676967949
2021-10-25,622250.032400087,119238.00676967949
2021-10-26,620890.4393382238,119238.00676967949
2021-10-27,608427.8811436839,119238.00676967949
2021-10-28,616859.5771873859,119238.00676967949
2021-10-29,624976.8711967001,119238.00676967949
2021-11-01,627319.4563735479,119238.00676967949
2021-11-02,630342.2456732378,119238.00676967949
2021-11-03,629558.7881336132,119238.00676967949
2021-11-04,604226.281909342,119238.00676967949
2021-11-05,586728.541781371,119238.00676967949
2021-11-08,591533.9811068316,207036.89338739112
2021-11-09,581342.3961048003,207036.89338739112
2021-11-10,573758.2227745964,207036.89338739112
2021-11-11,571851.8098403958,207036.89338739112
2021-11-12,574441.2246226119,207036.89338739112
2021-11-15,573834.5485548015,207036.89338739112
2021-11-16,575524.6632085666,207036.89338739112
2021-11-17,571897.8682518189,207036.89338739112
2021-11-18,572816.4484502731,207036.89338739112
2021-11-19,576988.0245564969,207036.89338739112
2021-11-22,571624.792284686,207036.89338739112
2021-11-23,558749.9467908733,207036.89338739112
2021-11-24,563255.5103033272,207036.89338739112
2021-11-26,557513.0559589013,207036.89338739112
2021-11-29,564417.1956409612,207036.89338739112
2021-11-30,559903.6427211614,207036.89338739112
2021-12-01,543733.061707777,207036.89338739112
2021-12-02,542956.7057138736,207036.89338739112
2021-12-03,528057.7287945299,207036.89338739112
2021-12-06,529961.606635048,207036.89338739112
2021-12-07,542438.9470404658,108487.78940809314
2021-12-08,566146.2446110024,108487.78940809314
2021-12-09,550469.9161745416,108487.78940809314
2021-12-10,550505.7504760198,108487.78940809314
2021-12-13,530123.8932539235,108487.78940809314
2021-12-14,522776.58229485014,108487.78940809314
2021-12-15,514914.6487094434,108487.78940809314
2021-12-16,516819.07554723555,108487.78940809314
2021-12-17,522391.9897803853,108487.78940809314
2021-12-20,513864.01812145254,108487.78940809314
2021-12-21,527942.5547286086,108487.78940809314
2021-12-22,527557.7042253475,108487.78940809314
2021-12-23,534636.1012455289,108487.78940809314
2021-12-27,534100.4211097367,108487.78940809314
2021-12-28,533669.8827443498,108487.78940809314
2021-12-29,527029.8681448904,108487.78940809314
2021-12-30,533461.0724488174,108487.78940809314
2021-12-31,528070.9296497556,108487.78940809314
2022-01-03,549004.2302857538,108487.78940809314
2022-01-04,554009.9537471604,108487.78940809314
2022-01-05,536422.0827171361,108487.78940809314
2022-01-06,538546.9826283561,108487.78940809314
2022-01-07,547519.8260105462,109503.96520210919
2022-01-10,546427.745029739,109503.96520210919
2022-01-11,562437.967692292,109503.96520210919
2022-01-12,560134.0668930503,109503.96520210919
2022-01-13,536011.6161137456,109503.96520210919
2022-01-14,542317.9496682134,109503.96520210919
2022-01-18,526368.662695304,109503.96520210919
2022-01-19,520378.3542593209,109503.96520210919
2022-01-20,517732.1619656194,109503.96520210919
2022-01-21,492273.89399929345,109503.96520210919
2022-01-24,498186.7536465687,109503.96520210919
2022-01-25,485935.6060183811,109503.96520210919
2022-01-26,472770.10793030204,109503.96520210919
2022-01-27,464115.1882925347,109503.96520210919
2022-01-28,476455.4761067856,109503.96520210919
2022-01-31,500418.41650120914,109503.96520210919
2022-02-01,510552.6203694486,109503.96520210919
2022-02-02,489321.4629717845,109503.96520210919
2022-02-03,454383.1195558255,109503.96520210919
2022-02-04,498935.9373163964,109503.96520210919
2022-02-07,497482.54891957034,49748.254891956996
2022-02-08,503005.31647838466,49748.254891956996
2022-02-09,530861.1999272255,49748.254891956996
2022-02-10,522836.3759678548,49748.254891956996
2022-02-11,511540.15436602454,49748.254891956996
2022-02-14,503344.52436057915,49748.254891956996
2022-02-15,528839.4466002928,49748.254891956996
2022-02-16,490979.2301885125,49748.254891956996
2022-02-17,464310.9866840629,49748.254891956996
2022-02-18,445232.85499764787,49748.254891956996
2022-02-22,435535.84872212284,49748.254891956996
2022-02-23,419738.45665340155,49748.254891956996
2022-02-24,460269.6838341953,49748.254891956996
2022-02-25,469835.8102364087,49748.254891956996
2022-02-28,482352.58868297003,49748.254891956996
2022-03-01,481774.381184126,49748.254891956996
2022-03-02,477829.1084855111,49748.254891956996
2022-03-03,458935.32299689983,49748.254891956996
2022-03-04,438372.8026395434,49748.254891956996
2022-03-07,418341.11081051006,83668.22216210196
2022-03-08,423343.14113454276,83668.22216210196
2022-03-09,440633.701768973,83668.22216210196
2022-03-10,438309.0648198142,83668.22216210196
2022-03-11,426074.52460906585,83668.22216210196
2022-03-14,427632.81910126354,83668.22216210196
2022-03-15,438503.87971072766,83668.22216210196
2022-03-16,460379.2218312575,83668.22216210196
2022-03-17,465857.633290232,83668.22216210196
2022-03-18,472302.5618017462,83668.22216210196
2022-03-21,466362.6188529998,83668.22216210196
2022-03-22,476942.5592867977,83668.22216210196
2022-03-23,471706.6358115346,83668.22216210196
2022-03-24,478510.52850250166,83668.22216210196
2022-03-25,478734.0847518546,83668.22216210196
2022-03-28,481649.6092340313,83668.22216210196
2022-03-29,492029.2084156786,83668.22216210196
2022-03-30,485301.2725163619,83668.22216210196
2022-03-31,484605.1228111846,83668.22216210196
2022-04-01,484059.1242903392,83668.22216210196
2022-04-04,486826.6805667118,83668.22216210196
2022-04-05,480208.60290634196,83668.22216210196
2022-04-06,466728.54650638724,83668.22216210196
2022-04-07,464818.51237354527,92963.70247470902
2022-04-08,456460.42702566506,92963.70247470902
2022-04-11,458576.7971261158,92963.70247470902
2022-04-12,451353.3177192169,92963.70247470902
2022-04-13,462111.8982114623,92963.70247470902
2022-04-14,446884.4788948146,92963.70247470902
2022-04-18,438491.3673564588,92963.70247470902
2022-04-19,454579.11038708506,92963.70247470902
2022-04-20,406120.8461683301,92963.70247470902
2022-04-21,388437.9465814242,92963.70247470902
2022-04-22,382562.4052483921,92963.70247470902
2022-04-25,386699.0704394545,92963.70247470902
2022-04-26,366535.73583741515,92963.70247470902
2022-04-27,355200.2684371302,92963.70247470902
2022-04-28,377526.4363221914,92963.70247470902
2022-04-29,368763.807192135,92963.70247470902
2022-05-02,387519.96352414414,92963.70247470902
2022-05-03,386244.4975674893,92963.70247470902
2022-05-04,403161.2341273549,92963.70247470902
2022-05-05,374466.4130887563,92963.70247470902
2022-05-06,367686.55055574636,92963.70247470902
2022-05-09,346081.985151964,173040.99257598206
2022-05-10,343271.94868597056,173040.99257598206
2022-05-11,341619.0709300325,173040.99257598206
2022-05-12,353603.1214566723,173040.99257598206
2022-05-13,363339.15504393727,173040.99257598206
2022-05-16,363023.7093733212,173040.99257598206
2022-05-17,368779.40771974757,173040.99257598206
2022-05-18,363900.7269931282,173040.99257598206
2022-05-19,366142.89296293113,173040.99257598206
2022-05-20,363193.5017379405,173040.99257598206
2022-05-23,364767.5508524184,173040.99257598206
2022-05-24,359603.01619792526,173040.99257598206
2022-05-25,364891.5962264055,173040.99257598206
2022-05-26,372181.22949149704,173040.99257598206
2022-05-27,377845.8071786426,173040.99257598206
2022-05-31,374156.6395387165,173040.99257598206
2022-06-01,373547.57509624236,173040.99257598206
2022-06-02,382768.5924553854,173040.99257598206
2022-06-03,375749.4111341571,173040.99257598206
2022-06-06,378095.1518273306,173040.99257598206
2022-06-07,380147.44795434305,190073.72397717158
2022-06-08,380102.0999946506,190073.72397717158
2022-06-09,368226.0033185323,190073.72397717158
2022-06-10,357860.9760816656,190073.72397717158
2022-06-13,342927.97589583043,190073.72397717158
2022-06-14,341238.0522196422,190073.72397717158
2022-06-15,348648.69428282185,190073.72397717158
2022-06-16,335274.03685866145,190073.72397717158
2022-06-17,342125.77978816937,190073.72397717158
2022-06-21,346974.25605791796,190073.72397717158
2022-06-22,347661.4374901455,190073.72397717158
2022-06-23,349583.29110555956,190073.72397717158
2022-06-24,362108.58948332805,190073.72397717158
2022-06-27,357687.41706993594,190073.72397717158
2022-06-28,352351.52820325375,190073.72397717158
2022-06-29,344063.8038872647,190073.72397717158
2022-06-30,338025.40184453095,190073.72397717158
2022-07-01,340534.6662914925,190073.72397717158
2022-07-05,348984.81108377397,190073.72397717158
2022-07-06,341979.6426446519,190073.72397717158
2022-07-07,349578.7261308094,174789.36306540464
2022-07-08,345290.907618368,174789.36306540464
2022-07-11,336588.21139095357,174789.36306540464
2022-07-12,341160.1654634225,174789.36306540464
2022-07-13,338073.5825736822,174789.36306540464
2022-07-14,332450.1957893829,174789.36306540464
2022-07-15,340686.2514085706,174789.36306540464
2022-07-18,346062.3697643806,174789.36306540464
2022-07-19,353856.8755187592,174789.36306540464
2022-07-20,365147.2743538083,174789.36306540464
2022-07-21,357480.19379970187,174789.36306540464
2022-07-22,337181.9321698939,174789.36306540464
2022-07-25,335595.0065695698,174789.36306540464
2022-07-26,329093.73938163475,174789.36306540464
2022-07-27,334292.14937967795,174789.36306540464
2022-07-28,341354.82916920265,174789.36306540464
2022-07-29,343153.10670146317,174789.36306540464
2022-08-01,338277.81732576987,174789.36306540464
2022-08-02,343570.3526252981,174789.36306540464
2022-08-03,350631.2991425281,174789.36306540464
2022-08-04,351267.34954776557,174789.36306540464
2022-08-05,352003.9546515863,174789.36306540464
2022-08-08,354610.3986092486,70922.07972184967
2022-08-09,345769.7931667982,70922.07972184967
2022-08-10,361864.81227494794,70922.07972184967
2022-08-11,360967.398610775,70922.07972184967
2022-08-12,367570.1497210205,70922.07972184967
2022-08-15,373010.402510159,70922.07972184967
2022-08-16,377650.08121094696,70922.07972184967
2022-08-17,366604.3109407646,70922.07972184967
2022-08-18,367843.52380080125,70922.07972184967
2022-08-19,354625.36828751303,70922.07972184967
2022-08-22,342569.3726316584,70922.07972184967
2022-08-23,341617.64137082244,70922.07972184967
2022-08-24,349595.1270736165,70922.07972184967
2022-08-25,358558.0600017394,70922.07972184967
2022-08-26,346371.79298690276,70922.07972184967
2022-08-29,341229.9908274367,70922.07972184967
2022-08-30,339437.2234308477,70922.07972184967
2022-08-31,340417.66616620985,70922.07972184967
2022-09-01,338351.02305159986,70922.07972184967
2022-09-02,335586.15416441346,70922.07972184967
2022-09-06,332625.9272448141,70922.07972184967
2022-09-07,337681.84799967665,67536.36959993528
2022-09-08,344710.08781111566,67536.36959993528
2022-09-09,352933.38248628087,67536.36959993528
2022-09-12,358428.94480160094,67536.36959993528
2022-09-13,342137.3422937393,67536.36959993528
2022-09-14,344532.3628959823,67536.36959993528
2022-09-15,348293.1219576785,67536.36959993528
2022-09-16,343814.3318000575,67536.36959993528
2022-09-19,342317.55949220905,67536.36959993528
2022-09-20,333579.07858669123,67536.36959993528
2022-09-21,329509.6948147863,67536.36959993528
2022-09-22,320186.35774740763,67536.36959993528
2022-09-23,320072.1648929922,67536.36959993528
2022-09-26,314874.5807507792,67536.36959993528
2022-09-27,314988.0823769591,67536.36959993528
2022-09-28,322966.3511208581,67536.36959993528
2022-09-29,320205.56093861663,67536.36959993528
2022-09-30,317483.4290374408,67536.36959993528
2022-10-03,322123.6525309343,67536.36959993528
2022-10-04,335606.5174735942,67536.36959993528
2022-10-05,335183.7814568141,67536.36959993528
2022-10-06,334140.3079093206,67536.36959993528
2022-10-07,321696.50384040363,160848.25192020176
2022-10-10,319237.3034308183,160848.25192020176
2022-10-11,317968.63444033114,160848.25192020176
2022-10-12,317915.00401050533,160848.25192020176
2022-10-13,320212.3702488786,160848.25192020176
2022-10-14,314403.19056698453,160848.25192020176
2022-10-17,320145.94423643104,160848.25192020176
2022-10-18,321448.2419207125,160848.25192020176
2022-10-19,316547.5565463158,160848.25192020176
2022-10-20,319144.58951572026,160848.25192020176
2022-10-21,323520.97300037625,160848.25192020176
2022-10-24,323648.5942819379,160848.25192020176
2022-10-25,330339.57405026717,160848.25192020176
2022-10-26,328025.68747378566,160848.25192020176
2022-10-27,327035.7051372431,160848.25192020176
2022-10-28,328188.34375877364,160848.25192020176
2022-10-31,327180.1408897089,160848.25192020176
2022-11-01,326602.89212167414,160848.25192020176
2022-11-02,319308.60930912115,160848.25192020176
2022-11-03,319014.6602187684,160848.25192020176
2022-11-04,319758.98141643376,160848.25192020176
2022-11-07,316762.2431788568,110866.78511259994
2022-11-08,317879.2090541861,110866.78511259994
2022-11-09,311452.0094466795,110866.78511259994
2022-11-10,323133.6710916145,110866.78511259994
2022-11-11,329302.626999088,110866.78511259994
2022-11-14,327264.04474665335,110866.78511259994
2022-11-15,325592.5626578308,110866.78511259994
2022-11-16,319125.6133891522,110866.78511259994
2022-11-17,316132.61916994746,110866.78511259994
2022-11-18,317335.1757253838,110866.78511259994
2022-11-21,316166.4542946786,110866.78511259994
2022-11-22,317285.98338535574,110866.78511259994
2022-11-23,318633.7695230196,110866.78511259994
2022-11-25,320482.53501802613,110866.78511259994
2022-11-28,313971.3065879096,110866.78511259994
2022-11-29,315285.3354613735,110866.78511259994
2022-11-30,318047.7630033335,110866.78511259994
2022-12-01,318588.8228707369,110866.78511259994
2022-12-02,317919.7674584185,110866.78511259994
2022-12-05,311660.1706379198,110866.78511259994
2022-12-06,311233.0100274289,110866.78511259994
2022-12-07,309112.5920311017,108189.40721088555
2022-12-08,310636.2430314976,108189.40721088555
2022-12-09,309096.79657459096,108189.40721088555
2022-12-12,312404.8065004881,108189.40721088555
2022-12-13,312625.7852017132,108189.40721088555
2022-12-14,312002.11405177217,108189.40721088555
2022-12-15,305737.40718026157,108189.40721088555
2022-12-16,302767.88697892334,108189.40721088555
2022-12-19,299979.3480342413,108189.40721088555
2022-12-20,298726.50184138195,108189.40721088555
2022-12-21,300608.55830986355,108189.40721088555
2022-12-22,297558.9712740654,108189.40721088555
2022-12-23,299178.11271389003,108189.40721088555
2022-12-27,299312.938043636,108189.40721088555
2022-12-28,295738.76795453473,108189.40721088555
2022-12-29,299920.6923930192,108189.40721088555
2022-12-30,298683.73084842664,108189.40721088555
2023-01-03,300788.25230544124,108189.40721088555
2023-01-04,305003.5155085848,108189.40721088555
2023-01-05,306596.3968276273,108189.40721088555
2023-01-06,309957.2952847501,108189.40721088555
2023-01-09,311175.50162240426,62235.100324480874
2023-01-10,313066.40478471306,62235.100324480874
2023-01-11,320732.58616402524,62235.100324480874
2023-01-12,328412.6746789453,62235.100324480874
2023-01-13,324025.97485256544,62235.100324480874
2023-01-17,324370.1448212795,62235.100324480874
2023-01-18,319123.9854398321,62235.100324480874
2023-01-19,308425.13229923515,62235.100324480874
2023-01-20,313160.7684568242,62235.100324480874
2023-01-23,315858.55577319517,62235.100324480874
2023-01-24,315408.376557605,62235.100324480874
2023-01-25,315276.41398445296,62235.100324480874
2023-01-26,311499.53254825587,62235.100324480874
2023-01-27,314301.4583637168,62235.100324480874
2023-01-30,311193.35495739855,62235.100324480874
2023-01-31,316786.5568417014,62235.100324480874
2023-02-01,321940.53204371704,62235.100324480874
2023-02-02,334114.3306922954,62235.100324480874
2023-02-03,322887.93086968805,62235.100324480874
2023-02-06,317431.0884910424,62235.100324480874
2023-02-07,321899.1001683915,32189.91001683916
2023-02-08,305079.22831592587,32189.91001683916
2023-02-09,304284.48250098707,32189.91001683916
2023-02-10,303655.50501752144,32189.91001683916
2023-02-13,305800.52701057796,32189.91001683916
2023-02-14,304320.7794388506,32189.91001683916
2023-02-15,306580.6348576951,32189.91001683916
2023-02-16,303061.6144496983,32189.91001683916
2023-02-17,302084.06217220455,32189.91001683916
2023-02-21,293819.86717229476,32189.91001683916
2023-02-22,299254.9295157744,32189.91001683916
2023-02-23,299219.2487888607,32189.91001683916
2023-02-24,298019.23900080606,32189.91001683916
2023-02-27,292666.33908424666,32189.91001683916
2023-02-28,291705.81548803643,32189.91001683916
2023-03-01,288108.65917811595,32189.91001683916
2023-03-02,289940.9787674119,32189.91001683916
2023-03-03,292514.3977838377,32189.91001683916
2023-03-06,288311.29070304875,32189.91001683916
2023-03-07,281714.61757588503,14085.730878794253
2023-03-08,277453.1076835382,14085.730878794253
2023-03-09,269778.3444255928,14085.730878794253
2023-03-10,252197.2791204809,14085.730878794253
2023-03-13,248107.10654848034,14085.730878794253
2023-03-14,252107.82502945862,14085.730878794253
2023-03-15,257378.06285644873,14085.730878794253
2023-03-16,255850.49924775015,14085.730878794253
2023-03-17,257132.46166833176,14085.730878794253
2023-03-20,260966.60799193342,14085.730878794253
2023-03-21,266489.05888860737,14085.730878794253
2023-03-22,271001.1741110976,14085.730878794253
2023-03-23,266527.8618489825,14085.730878794253
2023-03-24,266652.1793014697,14085.730878794253
2023-03-27,270133.99278279825,14085.730878794253
2023-03-28,273682.42907371966,14085.730878794253
2023-03-29,276381.9817153396,14085.730878794253
2023-03-30,274316.2116050881,14085.730878794253
2023-03-31,278567.36669568176,14085.730878794253
2023-04-03,276189.80300272466,14085.730878794253
2023-04-04,269448.06601388543,14085.730878794253
2023-04-05,264663.1582531688,14085.730878794253
2023-04-06,262308.02246208873,14085.730878794253
2023-04-10,265364.6484919033,53072.92969838061
2023-04-11,268871.601606761,53072.92969838061
2023-04-12,263378.83220051136,53072.92969838061
2023-04-13,264502.3668870435,53072.92969838061
2023-04-14,262020.4575578862,53072.92969838061
2023-04-17,266063.43686022615,53072.92969838061
2023-04-18,261735.29954876786,53072.92969838061
2023-04-19,263057.78542897257,53072.92969838061
2023-04-20,255843.24144563422,53072.92969838061
2023-04-21,256747.644452005,53072.92969838061
2023-04-24,260218.98383804617,53072.92969838061
2023-04-25,255457.57932578947,53072.92969838061
2023-04-26,249554.23488720757,53072.92969838061
2023-04-27,257055.89736311013,53072.92969838061
2023-04-28,257347.12736727728,53072.92969838061
2023-05-01,256185.94527433417,53072.92969838061
2023-05-02,248798.07138649139,53072.92969838061
2023-05-03,245716.3339950514,53072.92969838061
2023-05-04,238787.2967890356,53072.92969838061
2023-05-05,246137.60991730887,53072.92969838061
2023-05-08,246528.9422125986,24652.894221259885
2023-05-09,247681.43034574646,24652.894221259885
2023-05-10,245648.96010645485,24652.894221259885
2023-05-11,243328.71865593048,24652.894221259885
2023-05-12,242121.44419542086,24652.894221259885
2023-05-15,250332.54141933832,24652.894221259885
2023-05-16,246493.96320176084,24652.894221259885
2023-05-17,262030.17621188707,24652.894221259885
2023-05-18,262606.8239891997,24652.894221259885
2023-05-19,257987.44689460547,24652.894221259885
2023-05-22,260319.5431437516,24652.894221259885
2023-05-23,259791.85204391723,24652.894221259885
2023-05-24,253332.5875629064,24652.894221259885
2023-05-25,249665.70319728996,24652.894221259885
2023-05-26,254411.6837815105,24652.894221259885
2023-05-30,256868.4522597629,24652.894221259885
2023-05-31,253005.3505151937,24652.894221259885
2023-06-01,253867.71557273195,24652.894221259885
2023-06-02,262930.73675184185,24652.894221259885
2023-06-05,259427.28203771656,24652.894221259885
2023-06-06,265094.5324300591,24652.894221259885
2023-06-07,269903.30504706205,26990.330504706202
2023-06-08,268862.2090564733,26990.330504706202
2023-06-09,267480.07524942193,26990.330504706202
2023-06-12,270631.6115336961,26990.330504706202
2023-06-13,283662.21831216954,26990.330504706202
2023-06-14,284720.80225542,26990.330504706202
2023-06-15,289312.2538687495,26990.330504706202
2023-06-16,285757.33113183023,26990.330504706202
2023-06-20,277782.8728691665,26990.330504706202
2023-06-21,266474.2183785777,26990.330504706202
2023-06-22,261063.71915197143,26990.330504706202
2023-06-23,256725.97375213428,26990.330504706202
2023-06-26,260935.72408161202,26990.330504706202
2023-06-27,267737.89775246306,26990.330504706202
2023-06-28,272501.6321279162,26990.330504706202
2023-06-29,271059.0564803929,26990.330504706202
2023-06-30,274178.80394209235,26990.330504706202
2023-07-03,277165.3629387687,26990.330504706202
2023-07-05,276601.489809261,26990.330504706202
2023-07-06,268085.4197493069,26990.330504706202
2023-07-07,272396.4917830925,27239.649178309235
2023-07-10,269532.7689392227,27239.649178309235
2023-07-11,276880.8300565361,27239.649178309235
2023-07-12,278233.69735861477,27239.649178309235
2023-07-13,280269.4308088164,27239.649178309235
2023-07-14,269330.2128916923,27239.649178309235
2023-07-17,264811.34875942057,27239.649178309235
2023-07-18,267797.1657397117,27239.649178309235
2023-07-19,283466.3286626795,27239.649178309235
2023-07-20,282220.0796833418,27239.649178309235
2023-07-21,278684.02854207944,27239.649178309235
2023-07-24,281049.7407715833,27239.649178309235
2023-07-25,274792.7712862915,27239.649178309235
2023-07-26,283374.9014106674,27239.649178309235
2023-07-27,277444.74715271924,27239.649178309235
2023-07-28,281730.1112588358,27239.649178309235
2023-07-31,284842.09432734223,27239.649178309235
2023-08-01,287195.4652922848,27239.649178309235
2023-08-02,275475.9932564215,27239.649178309235
2023-08-03,274900.7144469913,27239.649178309235
2023-08-04,274810.62660428206,27239.649178309235
2023-08-07,278122.0860500601,27812.20860500606
2023-08-08,274264.6728217306,27812.20860500606
2023-08-09,271739.26655780757,27812.20860500606
2023-08-10,277288.294321712,27812.20860500606
2023-08-11,275236.8793597146,27812.20860500606
2023-08-14,273773.014259561,27812.20860500606
2023-08-15,267573.7771258688,27812.20860500606
2023-08-16,268210.207063596,27812.20860500606
2023-08-17,263185.4789905161,27812.20860500606
2023-08-18,263980.23592726205,27812.20860500606
2023-08-21,256531.89640289062,27812.20860500606
2023-08-22,250493.15619244613,27812.20860500606
2023-08-23,252097.45741640154,27812.20860500606
2023-08-24,245905.96667577286,27812.20860500606
2023-08-25,246571.656909927,27812.20860500606
2023-08-28,252169.05778803874,27812.20860500606
2023-08-29,257575.82484372394,27812.20860500606
2023-08-30,263136.1269997001,27812.20860500606
2023-08-31,258902.96988229908,27812.20860500606
2023-09-01,260493.51171097794,27812.20860500606
2023-09-05,255014.5015030105,27812.20860500606
2023-09-06,253038.6261510678,27812.20860500606
2023-09-07,246397.62892467872,12319.881446233936
2023-09-08,247112.93225308813,12319.881446233936
2023-09-11,244639.62021497477,12319.881446233936
2023-09-12,244996.1707928267,12319.881446233936
2023-09-13,243620.84889559218,12319.881446233936
2023-09-14,247930.09103194575,12319.881446233936
2023-09-15,250029.5219078673,12319.881446233936
2023-09-18,246980.44891630532,12319.881446233936
2023-09-19,250168.93195414165,12319.881446233936
2023-09-20,248999.57611603258,12319.881446233936
2023-09-21,242006.9720773506,12319.881446233936
2023-09-22,238891.6771449152,12319.881446233936
2023-09-25,234249.11769662026,12319.881446233936
2023-09-26,230178.7302985543,12319.881446233936
2023-09-27,233123.0106952837,12319.881446233936
2023-09-28,236138.57342944288,12319.881446233936
2023-09-29,236329.83674308384,12319.881446233936
2023-10-02,233993.78255459835,12319.881446233936
2023-10-03,227163.1237720773,12319.881446233936
2023-10-04,226932.3597130338,12319.881446233936
2023-10-05,223940.57598983392,12319.881446233936
2023-10-06,220709.70000933166,12319.881446233936
2023-10-09,220670.4146388355,11033.520731941811
2023-10-10,226342.913983729,11033.520731941811
2023-10-11,220140.48248606018,11033.520731941811
2023-10-12,216572.14164609293,11033.520731941811
2023-10-13,218258.21432078167,11033.520731941811
2023-10-16,222571.5004667868,11033.520731941811
2023-10-17,228260.50673261198,11033.520731941811
2023-10-18,225723.0144162678,11033.520731941811
2023-10-19,223900.1966908225,11033.520731941811
2023-10-20,220751.73252253988,11033.520731941811
2023-10-23,217483.6448122781,11033.520731941811
2023-10-24,217355.9931478407,11033.520731941811
2023-10-25,215265.3584565552,11033.520731941811
2023-10-26,217219.19498107984,11033.520731941811
2023-10-27,212755.29624202743,11033.520731941811
2023-10-30,218810.856805471,11033.520731941811
2023-10-31,218529.67293259155,11033.520731941811
2023-11-01,204092.1157474597,11033.520731941811
2023-11-02,214816.9018459098,11033.520731941811
2023-11-03,231248.90970222128,11033.520731941811
2023-11-06,232345.14130805974,11033.520731941811
2023-11-07,233209.31219395535,11660.465609697756
2023-11-08,228901.51429212053,11660.465609697756
2023-11-09,220928.1371666798,11660.465609697756
2023-11-10,223629.85501097236,11660.465609697756
2023-11-13,221060.38725224213,11660.465609697756
2023-11-14,237820.55897893163,11660.465609697756
2023-11-15,246525.03122836136,11660.465609697756
2023-11-16,244078.16241639567,11660.465609697756
2023-11-17,247263.00932269765,11660.465609697756
2023-11-20,251468.13854093762,11660.465609697756
2023-11-21,247984.40266055625,11660.465609697756
2023-11-22,248030.34559638638,11660.465609697756
2023-11-24,247644.67250847607,11660.465609697756
2023-11-27,244737.8147714123,11660.465609697756
2023-11-28,242617.3907471313,11660.465609697756
2023-11-29,253820.16779863808,11660.465609697756
2023-11-30,252977.52477215245,11660.465609697756
2023-12-01,272189.62430190155,11660.465609697756
2023-12-04,279748.9212655821,11660.465609697756
2023-12-05,275273.4870122948,11660.465609697756
2023-12-06,274258.6289979471,11660.465609697756
2023-12-07,274721.8433100601,13736.092165502996
2023-12-08,281852.43971813546,13736.092165502996
2023-12-11,279886.8859423513,13736.092165502996
2023-12-12,282825.0852631833,13736.092165502996
2023-12-13,292165.76378252107,13736.092165502996
2023-12-14,307722.35294434516,13736.092165502996
2023-12-15,304058.00427908974,13736.092165502996
2023-12-18,298356.36927198083,13736.092165502996
2023-12-19,302214.63182045845,13736.092165502996
2023-12-20,293868.44013336115,13736.092165502996
2023-12-21,299599.75600031693,13736.092165502996
2023-12-22,298980.49973511003,13736.092165502996
2023-12-26,302211.2064251748,13736.092165502996
2023-12-27,302944.03148722684,13736.092165502996
2023-12-28,306993.21666717436,13736.092165502996
2023-12-29,303980.7233636474,13736.092165502996
2024-01-02,304877.1170900343,13736.092165502996
2024-01-03,299078.4439445175,13736.092165502996
2024-01-04,299377.16592893586,13736.092165502996
2024-01-05,298962.87805277616,13736.092165502996
2024-01-08,302732.3672639058,15136.618363195317
2024-01-09,297199.2197053575,15136.618363195317
2024-01-10,298583.7085399654,15136.618363195317
2024-01-11,292081.680800417,15136.618363195317
2024-01-12,289320.0283717088,15136.618363195317
2024-01-16,282928.57502871205,15136.618363195317
2024-01-17,276984.85188849206,15136.618363195317
2024-01-18,277444.83804468263,15136.618363195317
2024-01-19,273434.5750511468,15136.618363195317
2024-01-22,278589.1877233698,15136.618363195317
2024-01-23,278950.92400471476,15136.618363195317
2024-01-24,275136.45792648656,15136.618363195317
2024-01-25,277425.16936641815,15136.618363195317
2024-01-26,278637.50077891024,15136.618363195317
2024-01-29,281920.6130331596,15136.618363195317
2024-01-30,279036.29319759615,15136.618363195317
2024-01-31,272500.546957325,15136.618363195317
2024-02-01,277818.6798318892,15136.618363195317
2024-02-02,278982.1742269001,15136.618363195317
2024-02-05,274058.8102660168,15136.618363195317
2024-02-06,278665.7318293066,15136.618363195317
2024-02-07,275850.6290657092,27585.06290657093
2024-02-08,274038.59204603237,27585.06290657093
2024-02-09,274396.52796566335,27585.06290657093
2024-02-12,288320.0834355324,27585.06290657093
2024-02-13,273876.1089281253,27585.06290657093
2024-02-14,276341.84655010223,27585.06290657093
2024-02-15,281199.3654777449,27585.06290657093
2024-02-16,279401.51471568254,27585.06290657093
2024-02-20,275841.2999651728,27585.06290657093
2024-02-21,278376.8636307611,27585.06290657093
2024-02-22,287891.9440683648,27585.06290657093
2024-02-23,285081.70900835254,27585.06290657093
2024-02-26,284458.6647233235,27585.06290657093
2024-02-27,292289.37648899155,27585.06290657093
2024-02-28,296993.8445451808,27585.06290657093
2024-02-29,297398.4523962834,27585.06290657093
2024-03-01,301261.88355544204,27585.06290657093
2024-03-04,299043.0194593056,27585.06290657093
2024-03-05,287715.8849875145,27585.06290657093
2024-03-06,293747.0979880556,27585.06290657093
2024-03-07,296715.85700573656,29671.585700573603
2024-03-08,300435.0400861263,29671.585700573603
2024-03-11,304908.0859574999,29671.585700573603
2024-03-12,302561.71940489934,29671.585700573603
2024-03-13,299088.0515615161,29671.585700573603
2024-03-14,290182.58491469355,29671.585700573603
2024-03-15,290028.08196628484,29671.585700573603
2024-03-18,294276.86467547505,29671.585700573603
2024-03-19,295202.010666554,29671.585700573603
2024-03-20,303501.38274089945,29671.585700573603
2024-03-21,299329.22123545624,29671.585700573603
2024-03-22,292289.2829989738,29671.585700573603
2024-03-25,293412.90542896994,29671.585700573603
2024-03-26,290985.6008669983,29671.585700573603
2024-03-27,295525.6401676069,29671.585700573603
2024-03-28,294174.19702269114,29671.585700573603
2024-04-01,289491.656831609,29671.585700573603
2024-04-02,283078.6583562331,29671.585700573603
2024-04-03,291229.11263605295,29671.585700573603
2024-04-04,286149.0436027316,29671.585700573603
2024-04-05,281701.0457061853,29671.585700573603
2024-04-08,278863.77651094215,27886.377651094153
2024-04-09,284984.35580000177,27886.377651094153
2024-04-10,275294.67042634316,27886.377651094153
2024-04-11,283824.47275487863,27886.377651094153
2024-04-12,274293.3460089997,27886.377651094153
2024-04-15,270113.009582404,27886.377651094153
2024-04-16,265461.2197196922,27886.377651094153
2024-04-17,268101.0253748172,27886.377651094153
2024-04-18,272438.72071920655,27886.377651094153
2024-04-19,275589.3346456819,27886.377651094153
2024-04-22,279030.2435962923,27886.377651094153
2024-04-23,284854.07732764294,27886.377651094153
2024-04-24,280690.68280642404,27886.377651094153
2024-04-25,275665.4053006018,27886.377651094153
2024-04-26,283342.9711135262,27886.377651094153
2024-04-29,289114.499234555,27886.377651094153
2024-04-30,282401.7780336922,27886.377651094153
2024-05-01,293588.8334981631,27886.377651094153
2024-05-02,306441.7375124741,27886.377651094153
2024-05-03,303263.4577855758,27886.377651094153
2024-05-06,309641.9184714323,27886.377651094153
2024-05-07,307549.8872114097,61509.977442281874
2024-05-08,305302.5645643025,61509.977442281874
2024-05-09,309883.5474153324,61509.977442281874
2024-05-10,305423.4427039092,61509.977442281874
2024-05-13,306903.46062493476,61509.977442281874
2024-05-14,312045.08020179387,61509.977442281874
2024-05-15,314397.36154206813,61509.977442281874
2024-05-16,312879.5904280388,61509.977442281874
2024-05-17,314678.74526398507,61509.977442281874
2024-05-20,310939.92835217353,61509.977442281874
2024-05-21,303850.71984827775,61509.977442281874
2024-05-22,303933.4689788377,61509.977442281874
2024-05-23,299275.5331394719,61509.977442281874
2024-05-24,298399.8150632109,61509.977442281874
2024-05-28,297451.70371616614,61509.977442281874
2024-05-29,293204.10324164736,61509.977442281874
2024-05-30,296693.3851588876,61509.977442281874
2024-05-31,300224.62028098997,61509.977442281874
2024-06-03,297772.09549040825,61509.977442281874
2024-06-04,293902.90047262807,61509.977442281874
2024-06-05,296670.73599502334,61509.977442281874
2024-06-06,296175.17652589217,61509.977442281874
2024-06-07,294235.2475611629,14711.762378058142
2024-06-10,290215.7947665651,14711.762378058142
2024-06-11,290176.4208725937,14711.762378058142
2024-06-12,292431.3065199816,14711.762378058142
2024-06-13,287496.09969293553,14711.762378058142
2024-06-14,280659.0580737998,14711.762378058142
2024-06-17,276090.68121704255,14711.762378058142
2024-06-18,275116.5636550807,14711.762378058142
2024-06-20,277895.59451529954,14711.762378058142
2024-06-21,277654.8836088362,14711.762378058142
2024-06-24,271855.79933426366,14711.762378058142
2024-06-25,265809.14008693775,14711.762378058142
2024-06-26,272302.59693137417,14711.762378058142
2024-06-27,271099.29926645634,14711.762378058142
2024-06-28,273586.49756832997,14711.762378058142
2024-07-01,274954.137612476,14711.762378058142
2024-07-02,278295.475101131,14711.762378058142
2024-07-03,288897.51050427876,14711.762378058142
2024-07-05,291550.3637838151,14711.762378058142
2024-07-08,284452.5252897903,14222.626264489561
2024-07-09,277904.6524533989,14222.626264489561
2024-07-10,282182.6197281041,14222.626264489561
2024-07-11,288875.58053318853,14222.626264489561
2024-07-12,293098.6609882531,14222.626264489561
2024-07-15,293493.10046394926,14222.626264489561
2024-07-16,304555.2472089006,14222.626264489561
2024-07-17,303905.7962732619,14222.626264489561
2024-07-18,299662.7377038801,14222.626264489561
2024-07-19,300045.04955644615,14222.626264489561
2024-07-22,306452.430225088,14222.626264489561
2024-07-23,309682.7489707857,14222.626264489561
2024-07-24,308095.43383252394,14222.626264489561
2024-07-25,315474.2720805805,14222.626264489561
2024-07-26,320915.48376056174,14222.626264489561
2024-07-29,330205.0047521752,14222.626264489561
2024-07-30,370044.74910668295,14222.626264489561
2024-07-31,393011.82286886673,14222.626264489561
2024-08-01,414910.40682908316,14222.626264489561
2024-08-02,395940.6828431385,14222.626264489561
2024-08-05,364488.4537655343,14222.626264489561
2024-08-06,486246.41598853434,14222.626264489561
2024-08-07,568107.5542287523,56810.75542287523
2024-08-08,552052.4380214203,56810.75542287523
2024-08-09,556392.1699369012,56810.75542287523
2024-08-12,536085.2409077904,56810.75542287523
2024-08-13,544842.3895313112,56810.75542287523
2024-08-14,550835.653336265,56810.75542287523
2024-08-15,567620.2332466384,56810.75542287523
2024-08-16,571691.3153931244,56810.75542287523
2024-08-19,574308.5255810581,56810.75542287523
2024-08-20,584381.178398647,56810.75542287523
2024-08-21,590460.0891135447,56810.75542287523
2024-08-22,583858.5315328022,56810.75542287523
2024-08-23,592824.5559282415,56810.75542287523
2024-08-26,587839.8485217501,56810.75542287523
2024-08-27,568648.5357490438,56810.75542287523
2024-08-28,572395.5591440634,56810.75542287523
2024-08-29,567014.0425626198,56810.75542287523
2024-08-30,570369.3381258016,56810.75542287523
2024-09-03,552421.9529124813,56810.75542287523
2024-09-04,558369.1183460624,56810.75542287523
2024-09-05,559853.0914978411,56810.75542287523
2024-09-06,556008.119731106,56810.75542287523
2024-09-09,554873.8167487341,55487.38167487345
2024-09-10,544669.2319032577,55487.38167487345
2024-09-11,550505.8519289735,55487.38167487345
2024-09-12,568293.6735964369,55487.38167487345
2024-09-13,581208.0624919535,55487.38167487345
2024-09-16,580978.3549232038,55487.38167487345
2024-09-17,579056.1674287006,55487.38167487345
2024-09-18,585862.6390316609,55487.38167487345
2024-09-19,602116.6234002621,55487.38167487345
2024-09-20,593509.3540509641,55487.38167487345
2024-09-23,604341.9441261924,55487.38167487345
2024-09-24,608284.7315550474,55487.38167487345
2024-09-25,604053.9578369065,55487.38167487345
2024-09-26,606924.7773589265,55487.38167487345
2024-09-27,619401.5310714867,55487.38167487345
2024-09-30,611284.3032068644,55487.38167487345
2024-10-01,600540.3099438491,55487.38167487345
2024-10-02,606406.5511219271,55487.38167487345
2024-10-03,600811.8144653493,55487.38167487345
2024-10-04,607990.4554203423,55487.38167487345
2024-10-07,590560.2952336682,59056.029523366786
2024-10-08,591032.9380890981,59056.029523366786
2024-10-09,597194.4645951582,59056.029523366786
2024-10-10,598548.0439842981,59056.029523366786
2024-10-11,602597.5286600763,59056.029523366786
2024-10-14,613590.2939167552,59056.029523366786
2024-10-15,607537.1417211627,59056.029523366786
2024-10-16,605716.979630921,59056.029523366786
2024-10-17,607839.3939386759,59056.029523366786
2024-10-18,620862.1362789964,59056.029523366786
2024-10-21,617398.4554007525,59056.029523366786
2024-10-22,602821.081477199,59056.029523366786
2024-10-23,593320.6920757378,59056.029523366786
2024-10-24,594840.7823245265,59056.029523366786
2024-10-25,597404.9744007568,59056.029523366786
2024-10-28,596561.3252888815,59056.029523366786
2024-10-29,599756.5807944278,59056.029523366786
2024-10-30,600999.3799792266,59056.029523366786
2024-10-31,591295.9998535884,59056.029523366786
2024-11-01,606609.3873446287,59056.029523366786
2024-11-04,612646.6178671535,59056.029523366786
