date,value,cash,stocks_value,year
2015-01-02,99910.0,9910.000000000007,90000.0,2015
2015-01-05,98480.9441186919,9910.000000000007,88570.94411869188,2015
2015-01-06,97629.42619567108,9910.000000000007,87719.42619567107,2015
2015-01-07,98556.80561402653,9910.000000000007,88646.80561402651,2015
2015-01-08,100214.81170848093,9910.000000000007,90304.81170848092,2015
2015-01-09,99551.42518501304,9910.000000000007,89641.42518501304,2015
2015-01-12,97876.61411041586,9910.000000000007,87966.61411041586,2015
2015-01-13,97338.93622974842,9910.000000000007,87428.93622974842,2015
2015-01-14,96787.48877978104,9910.000000000007,86877.48877978102,2015
2015-01-15,95413.15419731507,9910.000000000007,85503.15419731506,2015
2015-01-16,97502.88353937474,9910.000000000007,87592.88353937474,2015
2015-01-20,98288.43053695804,9910.000000000007,88378.43053695804,2015
2015-01-21,99729.36223479256,9910.000000000007,89819.36223479254,2015
2015-01-22,101574.45816176996,9910.000000000007,91664.45816176996,2015
2015-01-23,101875.15141886519,9910.000000000007,91965.15141886518,2015
2015-01-26,102579.09883024369,9910.000000000007,92669.09883024367,2015
2015-01-27,101101.04636852941,9910.000000000007,91191.0463685294,2015
2015-01-28,98692.09774714048,9910.000000000007,88782.09774714048,2015
2015-01-29,100423.7012232152,9910.000000000007,90513.7012232152,2015
2015-01-30,102582.63338280658,9910.000000000007,92672.63338280657,2015
2015-02-02,105091.31793497517,9910.000000000007,95181.31793497516,2015
2015-02-03,107097.57485665192,9910.000000000007,97187.57485665192,2015
2015-02-04,105144.51597520692,9910.000000000007,95234.51597520692,2015
2015-02-05,106889.48151675865,9910.000000000007,96979.48151675865,2015
2015-02-06,106079.4226911806,9910.000000000007,96169.4226911806,2015
2015-02-09,105717.49525425263,10486.041216791557,95231.45403746108,2015
2015-02-10,109284.66269450376,10486.041216791557,98798.62147771221,2015
2015-02-11,109364.0578145505,10486.041216791557,98878.01659775895,2015
2015-02-12,110849.09701812573,10486.041216791557,100363.05580133418,2015
2015-02-13,111627.63638901897,10486.041216791557,101141.5951722274,2015
2015-02-17,112537.58652197791,10486.041216791557,102051.54530518636,2015
2015-02-18,112081.47986656695,10486.041216791557,101595.43864977539,2015
2015-02-19,111678.37069742888,10486.041216791557,101192.32948063732,2015
2015-02-20,112234.5405905921,10486.041216791557,101748.49937380056,2015
2015-02-23,111775.5048316046,10486.041216791557,101289.46361481305,2015
2015-02-24,111860.41382240955,10486.041216791557,101374.372605618,2015
2015-02-25,111389.15786885389,10486.041216791557,100903.11665206232,2015
2015-02-26,111387.8747454175,10486.041216791557,100901.83352862594,2015
2015-02-27,111107.19254737833,10486.041216791557,100621.15133058678,2015
2015-03-02,112193.89575393844,10486.041216791557,101707.85453714688,2015
2015-03-03,110322.594323172,10486.041216791557,99836.55310638045,2015
2015-03-04,109865.74237181744,10486.041216791557,99379.70115502589,2015
2015-03-05,109763.12917312852,10486.041216791557,99277.08795633697,2015
2015-03-06,108436.26042593678,10486.041216791557,97950.21920914523,2015
2015-03-09,108651.99682171317,10777.112286089286,97874.88453562389,2015
2015-03-10,107414.64803007123,10777.112286089286,96637.53574398195,2015
2015-03-11,108315.95034482074,10777.112286089286,97538.83805873145,2015
2015-03-12,108444.74335409337,10777.112286089286,97667.63106800408,2015
2015-03-13,108470.31902181637,10777.112286089286,97693.20673572709,2015
2015-03-16,109547.79986226957,10777.112286089286,98770.6875761803,2015
2015-03-17,108954.77238701636,10777.112286089286,98177.66010092708,2015
2015-03-18,109641.89533495493,10777.112286089286,98864.78304886565,2015
2015-03-19,108825.16748007256,10777.112286089286,98048.05519398327,2015
2015-03-20,110281.56757669579,10777.112286089286,99504.45529060651,2015
2015-03-23,109064.9138173257,10777.112286089286,98287.80153123642,2015
2015-03-24,108634.9148899418,10777.112286089286,97857.80260385251,2015
2015-03-25,105198.69009264087,10777.112286089286,94421.57780655158,2015
2015-03-26,104416.43101897175,10777.112286089286,93639.31873288246,2015
2015-03-27,103973.07821799978,10777.112286089286,93195.96593191048,2015
2015-03-30,104895.89335519366,10777.112286089286,94118.78106910439,2015
2015-03-31,104474.26462059948,10777.112286089286,93697.1523345102,2015
2015-04-01,104644.31685054975,10777.112286089286,93867.20456446045,2015
2015-04-02,105109.31833109021,10777.112286089286,94332.20604500092,2015
2015-04-06,107303.02572343888,10777.112286089286,96525.91343734959,2015
2015-04-07,106621.36865779036,5234.7511462535695,101386.61751153678,2015
2015-04-08,108014.97876089433,5234.7511462535695,102780.22761464075,2015
2015-04-09,108564.92288515429,5234.7511462535695,103330.17173890072,2015
2015-04-10,109385.03241938015,5234.7511462535695,104150.28127312659,2015
2015-04-13,109079.166796215,5234.7511462535695,103844.41564996143,2015
2015-04-14,108343.45859875195,5234.7511462535695,103108.70745249838,2015
2015-04-15,110014.85066798003,5234.7511462535695,104780.09952172646,2015
2015-04-16,109865.61334878168,5234.7511462535695,104630.86220252811,2015
2015-04-17,108922.06814709507,5234.7511462535695,103687.3170008415,2015
2015-04-20,109359.31530557986,5234.7511462535695,104124.56415932628,2015
2015-04-21,111165.76522881974,5234.7511462535695,105931.01408256618,2015
2015-04-22,112380.94862855852,5234.7511462535695,107146.19748230494,2015
2015-04-23,112219.59579478044,5234.7511462535695,106984.84464852687,2015
2015-04-24,112078.89320002691,5234.7511462535695,106844.14205377335,2015
2015-04-27,113303.19980430102,5234.7511462535695,108068.44865804746,2015
2015-04-28,113505.77144571109,5234.7511462535695,108271.02029945751,2015
2015-04-29,112186.52133521897,5234.7511462535695,106951.7701889654,2015
2015-04-30,110801.64101125798,5234.7511462535695,105566.88986500441,2015
2015-05-01,113269.29618143267,5234.7511462535695,108034.54503517911,2015
2015-05-04,113538.21397417816,5234.7511462535695,108303.46282792458,2015
2015-05-05,111505.81424254284,5234.7511462535695,106271.06309628928,2015
2015-05-06,110914.10440721287,5234.7511462535695,105679.3532609593,2015
2015-05-07,112584.21989717137,11167.146623771092,101417.07327340028,2015
2015-05-08,114108.58040569336,11167.146623771092,102941.43378192226,2015
2015-05-11,113730.67759745478,11167.146623771092,102563.53097368368,2015
2015-05-12,112865.81328663579,11167.146623771092,101698.6666628647,2015
2015-05-13,112472.03657214643,11167.146623771092,101304.88994837533,2015
2015-05-14,113992.52520544085,11167.146623771092,102825.37858166975,2015
2015-05-15,113399.66380953073,11167.146623771092,102232.51718575963,2015
2015-05-18,114053.94279828886,11167.146623771092,102886.79617451776,2015
2015-05-19,114197.39207503307,11167.146623771092,103030.24545126197,2015
2015-05-20,114399.31268940453,11167.146623771092,103232.16606563343,2015
2015-05-21,114267.92440829979,11167.146623771092,103100.7777845287,2015
2015-05-22,114139.28523214883,11167.146623771092,102972.13860837775,2015
2015-05-26,113925.34847920653,11167.146623771092,102758.20185543544,2015
2015-05-27,115578.93628941124,11167.146623771092,104411.78966564014,2015
2015-05-28,115486.68443129584,11167.146623771092,104319.53780752476,2015
2015-05-29,115047.05366033828,11167.146623771092,103879.90703656718,2015
2015-06-01,115335.03895419696,11167.146623771092,104167.89233042586,2015
2015-06-02,114742.64456811963,11167.146623771092,103575.49794434855,2015
2015-06-03,115410.94950126173,11167.146623771092,104243.80287749063,2015
2015-06-04,115459.1585254694,11167.146623771092,104292.01190169831,2015
2015-06-05,115443.82913049805,11167.146623771092,104276.68250672697,2015
2015-06-08,114381.24340109035,5615.734937013687,108765.50846407667,2015
2015-06-09,114408.09818987927,5615.734937013687,108792.36325286557,2015
2015-06-10,115778.957888503,5615.734937013687,110163.22295148933,2015
2015-06-11,115626.1455695664,5615.734937013687,110010.41063255271,2015
2015-06-12,115081.47238760022,5615.734937013687,109465.73745058654,2015
2015-06-15,114440.66099011741,5615.734937013687,108824.92605310371,2015
2015-06-16,114419.65574294151,5615.734937013687,108803.92080592783,2015
2015-06-17,114713.07472536233,5615.734937013687,109097.33978834865,2015
2015-06-18,115879.30823329865,5615.734937013687,110263.57329628497,2015
2015-06-19,115786.35243103487,5615.734937013687,110170.6174940212,2015
2015-06-22,116786.85426859741,5615.734937013687,111171.11933158373,2015
2015-06-23,116333.81435114433,5615.734937013687,110718.07941413065,2015
2015-06-24,115266.60862665923,5615.734937013687,109650.87368964555,2015
2015-06-25,115190.78395196208,5615.734937013687,109575.04901494838,2015
2015-06-26,113548.85809933144,5615.734937013687,107933.12316231776,2015
2015-06-29,110482.6878183913,5615.734937013687,104866.95288137763,2015
2015-06-30,111321.32908599029,5615.734937013687,105705.59414897661,2015
2015-07-01,110743.3375152188,5615.734937013687,105127.60257820511,2015
2015-07-02,111041.00668549543,5615.734937013687,105425.27174848174,2015
2015-07-06,111026.22963542017,5615.734937013687,105410.49469840647,2015
2015-07-07,111259.9778517778,5462.491280346032,105797.48657143177,2015
2015-07-08,110073.24559163098,5462.491280346032,104610.75431128495,2015
2015-07-09,109642.26423121124,5462.491280346032,104179.77295086521,2015
2015-07-10,110755.18701297799,5462.491280346032,105292.69573263195,2015
2015-07-13,111373.58198270464,5462.491280346032,105911.0907023586,2015
2015-07-14,113854.77101871234,5462.491280346032,108392.27973836631,2015
2015-07-15,113091.6828568628,5462.491280346032,107629.19157651677,2015
2015-07-16,114798.77817593908,5462.491280346032,109336.28689559305,2015
2015-07-17,115064.60998925634,5462.491280346032,109602.1187089103,2015
2015-07-20,112989.89458300656,5462.491280346032,107527.40330266053,2015
2015-07-21,113021.7016655806,5462.491280346032,107559.21038523456,2015
2015-07-22,110710.469361828,5462.491280346032,105247.97808148197,2015
2015-07-23,111676.92684377111,5462.491280346032,106214.43556342508,2015
2015-07-24,110595.39460299595,5462.491280346032,105132.90332264992,2015
2015-07-27,109925.16716287084,5462.491280346032,104462.67588252481,2015
2015-07-28,112739.19367442199,5462.491280346032,107276.70239407595,2015
2015-07-29,113845.35060569955,5462.491280346032,108382.85932535352,2015
2015-07-30,114061.42927737704,5462.491280346032,108598.93799703101,2015
2015-07-31,112255.3100046573,5462.491280346032,106792.81872431126,2015
2015-08-03,113154.92477971244,5462.491280346032,107692.43349936641,2015
2015-08-04,113566.50748952366,5462.491280346032,108104.01620917763,2015
2015-08-05,114046.37462364124,5462.491280346032,108583.88334329521,2015
2015-08-06,112943.99657238982,5462.491280346032,107481.50529204379,2015
2015-08-07,115351.37972368108,11441.619187885895,103909.76053579518,2015
2015-08-10,116925.2301182784,11441.619187885895,105483.6109303925,2015
2015-08-11,114671.99207484431,11441.619187885895,103230.37288695842,2015
2015-08-12,115208.91589853792,11441.619187885895,103767.29671065202,2015
2015-08-13,115556.97120242653,11441.619187885895,104115.35201454064,2015
2015-08-14,115333.16314512605,11441.619187885895,103891.54395724015,2015
2015-08-17,117696.81594255817,11441.619187885895,106255.19675467227,2015
2015-08-18,117148.06403372342,11441.619187885895,105706.44484583753,2015
2015-08-19,116647.5775700218,11441.619187885895,105205.9583821359,2015
2015-08-20,112935.16520575687,11441.619187885895,101493.54601787098,2015
2015-08-21,108972.78836673454,11441.619187885895,97531.16917884865,2015
2015-08-24,104816.50194204788,30197.735633776643,74618.76630827124,2015
2015-08-25,105059.57603456236,30197.735633776643,74861.84040078572,2015
2015-08-26,108422.09786879671,30197.735633776643,78224.36223502007,2015
2015-08-27,110465.62965208928,30197.735633776643,80267.89401831264,2015
2015-08-28,110540.84309172994,30197.735633776643,80343.1074579533,2015
2015-08-31,109742.70807296006,30197.735633776643,79544.97243918342,2015
2015-09-01,107599.93358959965,30197.735633776643,77402.19795582301,2015
2015-09-02,109974.79936379813,30197.735633776643,79777.06373002149,2015
2015-09-03,109582.4792164169,30197.735633776643,79384.74358264027,2015
2015-09-04,109081.1824775162,30197.735633776643,78883.44684373956,2015
2015-09-08,111046.54825116212,46046.29237454447,65000.25587661765,2015
2015-09-09,109881.83683371387,46046.29237454447,63835.54445916939,2015
2015-09-10,110329.57935488924,46046.29237454447,64283.28698034477,2015
2015-09-11,110542.6170698338,46046.29237454447,64496.32469528933,2015
2015-09-14,110314.9539867322,46046.29237454447,64268.66161218773,2015
2015-09-15,111525.19548288209,46046.29237454447,65478.90310833762,2015
2015-09-16,112437.75916725295,46046.29237454447,66391.46679270848,2015
2015-09-17,111532.83782639496,46046.29237454447,65486.545451850485,2015
2015-09-18,110095.92921694208,46046.29237454447,64049.63684239761,2015
2015-09-21,110723.29694098787,46046.29237454447,64677.0045664434,2015
2015-09-22,110207.04481558039,46046.29237454447,64160.75244103591,2015
2015-09-23,109989.1604217698,46046.29237454447,63942.86804722533,2015
2015-09-24,109868.34511173263,46046.29237454447,63822.05273718817,2015
2015-09-25,110505.18342415249,46046.29237454447,64458.89104960803,2015
2015-09-28,109088.55083656275,46046.29237454447,63042.258462018275,2015
2015-09-29,109448.74712334301,46046.29237454447,63402.45474879854,2015
2015-09-30,110821.28537961573,46046.29237454447,64774.99300507126,2015
2015-10-01,110932.66880037838,46046.29237454447,64886.37642583391,2015
2015-10-02,111826.73744314146,46046.29237454447,65780.445068597,2015
2015-10-05,113797.96046469716,46046.29237454447,67751.66809015269,2015
2015-10-06,114492.41163255129,46046.29237454447,68446.11925800682,2015
2015-10-07,114929.96674119124,40176.8988652976,74753.06787589364,2015
2015-10-08,115662.95518974354,40176.8988652976,75486.05632444595,2015
2015-10-09,114579.79539235609,40176.8988652976,74402.89652705849,2015
2015-10-12,114021.69619898313,40176.8988652976,73844.79733368554,2015
2015-10-13,113062.2309421627,40176.8988652976,72885.3320768651,2015
2015-10-14,113040.51351197515,40176.8988652976,72863.61464667755,2015
2015-10-15,113474.47992597087,40176.8988652976,73297.58106067327,2015
2015-10-16,114196.53060981173,40176.8988652976,74019.63174451413,2015
2015-10-19,114941.78254851262,40176.8988652976,74764.88368321503,2015
2015-10-20,112682.42512044661,40176.8988652976,72505.52625514902,2015
2015-10-21,112942.48987207157,40176.8988652976,72765.59100677398,2015
2015-10-22,114274.72585741623,53636.600337191245,60638.12552022498,2015
2015-10-23,114579.67573100413,53636.600337191245,60943.07539381289,2015
2015-10-26,115200.46314466035,53636.600337191245,61563.86280746911,2015
2015-10-27,116078.33484159868,53636.600337191245,62441.73450440744,2015
2015-10-28,116069.33111855332,53636.600337191245,62432.73078136207,2015
2015-10-29,116256.27206355022,53636.600337191245,62619.67172635898,2015
2015-10-30,115149.59823565168,53636.600337191245,61512.99789846044,2015
2015-11-02,116700.75066926835,53636.600337191245,63064.15033207711,2015
2015-11-03,115946.50382808974,53636.600337191245,62309.90349089849,2015
2015-11-04,117511.54042770111,53636.600337191245,63874.94009050987,2015
2015-11-05,117939.45558165092,53636.600337191245,64302.855244459686,2015
2015-11-06,117909.14528611011,53636.600337191245,64272.54494891886,2015
2015-11-09,117124.86636804986,23349.953343190093,93774.91302485976,2015
2015-11-10,118237.5241310978,23349.953343190093,94887.57078790771,2015
2015-11-11,117822.53023215232,23349.953343190093,94472.57688896223,2015
2015-11-12,116054.96525149063,23349.953343190093,92705.01190830054,2015
2015-11-13,114152.97595052434,23349.953343190093,90803.02260733425,2015
2015-11-16,115095.85369784947,23349.953343190093,91745.90035465937,2015
2015-11-17,115666.92758154694,23349.953343190093,92316.97423835685,2015
2015-11-18,118219.6591909585,23349.953343190093,94869.7058477684,2015
2015-11-19,117225.73218286275,23349.953343190093,93875.77883967265,2015
2015-11-20,117789.01709972443,23349.953343190093,94439.06375653433,2015
2015-11-23,117502.46026545017,23349.953343190093,94152.50692226007,2015
2015-11-24,116930.65439400171,23349.953343190093,93580.70105081162,2015
2015-11-25,118068.3296930045,23349.953343190093,94718.37634981441,2015
2015-11-27,118327.72106325318,23349.953343190093,94977.76772006309,2015
2015-11-30,117251.7607687675,23349.953343190093,93901.80742557741,2015
2015-12-01,118739.30609281492,23349.953343190093,95389.35274962483,2015
2015-12-02,118275.4407673095,23349.953343190093,94925.4874241194,2015
2015-12-03,116556.24139464459,23349.953343190093,93206.2880514545,2015
2015-12-04,118822.52795502418,23349.953343190093,95472.57461183409,2015
2015-12-07,117328.28347810908,5760.424708073922,111567.85877003516,2015
2015-12-08,116258.0639885088,5760.424708073922,110497.63928043487,2015
2015-12-09,115930.32004326751,5760.424708073922,110169.89533519358,2015
2015-12-10,117614.84683074086,5760.424708073922,111854.42212266693,2015
2015-12-11,115464.45698555547,5760.424708073922,109704.03227748156,2015
2015-12-14,115769.44423109823,5760.424708073922,110009.01952302431,2015
2015-12-15,117406.05863794932,5760.424708073922,111645.63392987539,2015
2015-12-16,118535.14441899667,5760.424708073922,112774.71971092274,2015
2015-12-17,116807.01658433338,5760.424708073922,111046.59187625947,2015
2015-12-18,114981.88495816817,5760.424708073922,109221.46025009424,2015
2015-12-21,114511.91206347896,5760.424708073922,108751.48735540503,2015
2015-12-22,113930.24912573124,5760.424708073922,108169.8244176573,2015
2015-12-23,115051.88685343726,5760.424708073922,109291.46214536334,2015
2015-12-24,114708.36500030849,5760.424708073922,108947.94029223456,2015
2015-12-28,114028.46636413809,5760.424708073922,108268.04165606418,2015
2015-12-29,115160.32928551282,5760.424708073922,109399.90457743891,2015
2015-12-30,114220.87365992668,25406.479063513136,88814.39459641355,2015
2015-12-31,113595.5921195428,25406.479063513136,88189.11305602966,2015
2016-01-04,112386.4651447791,25406.479063513136,86979.98608126596,2016
2016-01-05,112262.21028310184,25406.479063513136,86855.7312195887,2016
2016-01-06,111294.95077530472,25406.479063513136,85888.47171179159,2016
2016-01-07,109641.40319046438,20759.87256638273,88881.53062408164,2016
2016-01-08,108781.33866133615,20759.87256638273,88021.46609495342,2016
2016-01-11,109282.20893339186,20759.87256638273,88522.33636700912,2016
2016-01-12,109788.87270903267,20759.87256638273,89029.00014264994,2016
2016-01-13,107148.33993817796,20759.87256638273,86388.46737179522,2016
2016-01-14,109302.8926470878,20759.87256638273,88543.02008070507,2016
2016-01-15,109002.47151111027,20759.87256638273,88242.59894472754,2016
2016-01-19,108856.22961568595,20759.87256638273,88096.35704930322,2016
2016-01-20,108311.08261891363,20759.87256638273,87551.21005253089,2016
2016-01-21,106995.066653485,20759.87256638273,86235.19408710227,2016
2016-01-22,107999.02088972142,20759.87256638273,87239.14832333868,2016
2016-01-25,106284.8404843366,20759.87256638273,85524.96791795387,2016
2016-01-26,106504.6214848354,35940.180682666505,70564.44080216889,2016
2016-01-27,104129.22710806405,35940.180682666505,68189.04642539754,2016
2016-01-28,104445.35272241701,35940.180682666505,68505.17203975051,2016
2016-01-29,104326.64839031798,35940.180682666505,68386.46770765148,2016
2016-02-01,105666.54010457124,35940.180682666505,69726.35942190472,2016
2016-02-02,104021.90957381949,51006.97006977061,53014.93950404889,2016
2016-02-03,104450.96466130432,51006.97006977061,53443.99459153371,2016
2016-02-04,105038.62852256763,51006.97006977061,54031.65845279702,2016
2016-02-05,103816.32549571796,51006.97006977061,52809.355425947346,2016
2016-02-08,103324.60319470457,52929.291422797294,50395.311771907276,2016
2016-02-09,103585.64374053947,52929.291422797294,50656.35231774218,2016
2016-02-10,103677.38846311634,52929.291422797294,50748.097040319044,2016
2016-02-11,103462.22323106349,52929.291422797294,50532.9318082662,2016
2016-02-12,104549.64632858156,52929.291422797294,51620.35490578426,2016
2016-02-16,106183.46124076052,52929.291422797294,53254.16981796322,2016
2016-02-17,108567.75811910011,52929.291422797294,55638.466696302814,2016
2016-02-18,108455.1332989524,52929.291422797294,55525.84187615509,2016
2016-02-19,108672.72662373308,52929.291422797294,55743.43520093578,2016
2016-02-22,110840.28450794186,52929.291422797294,57910.99308514457,2016
2016-02-23,110014.23698796342,52929.291422797294,57084.94556516613,2016
2016-02-24,110513.34127692826,52929.291422797294,57584.04985413096,2016
2016-02-25,111632.8783705179,52929.291422797294,58703.58694772061,2016
2016-02-26,112014.83202413186,52929.291422797294,59085.540601334564,2016
2016-02-29,112071.15017935721,52929.291422797294,59141.858756559915,2016
2016-03-01,114051.81528293021,52929.291422797294,61122.52386013292,2016
2016-03-02,114460.07297527249,52929.291422797294,61530.781552475186,2016
2016-03-03,114988.95224146596,52929.291422797294,62059.660818668664,2016
2016-03-04,115701.45389724559,52929.291422797294,62772.1624744483,2016
2016-03-07,114761.7798412856,22878.849624083374,91882.93021720223,2016
2016-03-08,113211.7594630623,22878.849624083374,90332.90983897893,2016
2016-03-09,113932.0631557673,22878.849624083374,91053.21353168393,2016
2016-03-10,113689.78799411554,22878.849624083374,90810.93837003216,2016
2016-03-11,115306.10687947902,22878.849624083374,92427.25725539564,2016
2016-03-14,115935.57569392413,22878.849624083374,93056.72606984075,2016
2016-03-15,115871.04897792559,22878.849624083374,92992.19935384221,2016
2016-03-16,116693.13160407614,22878.849624083374,93814.28197999277,2016
2016-03-17,117551.32739374487,22878.849624083374,94672.47776966149,2016
2016-03-18,119804.98486533653,22878.849624083374,96926.13524125316,2016
2016-03-21,120220.65474850289,22878.849624083374,97341.80512441951,2016
2016-03-22,119244.45237580396,22878.849624083374,96365.60275172058,2016
2016-03-23,118032.38271946757,22878.849624083374,95153.53309538419,2016
2016-03-24,117973.68278595392,22878.849624083374,95094.83316187054,2016
2016-03-28,119036.45416997906,22878.849624083374,96157.60454589568,2016
2016-03-29,119959.4720244478,22878.849624083374,97080.62240036442,2016
2016-03-30,119749.24930536957,22878.849624083374,96870.39968128619,2016
2016-03-31,119941.5911327296,22878.849624083374,97062.74150864623,2016
2016-04-01,122251.33141146174,22878.849624083374,99372.48178737836,2016
2016-04-04,122214.77322179811,22878.849624083374,99335.92359771473,2016
2016-04-05,122535.525091525,22878.849624083374,99656.67546744163,2016
2016-04-06,123565.46472694878,22878.849624083374,100686.6151028654,2016
2016-04-07,121179.88174895785,5949.525248772719,115230.35650018514,2016
2016-04-08,120911.37965128181,5949.525248772719,114961.85440250908,2016
2016-04-11,121256.2205923447,5949.525248772719,115306.69534357198,2016
2016-04-12,122507.67745748512,5949.525248772719,116558.15220871239,2016
2016-04-13,126397.60591581068,5949.525248772719,120448.08066703795,2016
2016-04-14,128106.0077365757,5949.525248772719,122156.48248780299,2016
2016-04-15,128447.75415658733,5949.525248772719,122498.2289078146,2016
2016-04-18,128496.75556903568,5949.525248772719,122547.23032026297,2016
2016-04-19,128882.69282298948,5949.525248772719,122933.16757421676,2016
2016-04-20,131125.89010753256,5949.525248772719,125176.36485875984,2016
2016-04-21,130079.82682789388,5949.525248772719,124130.30157912117,2016
2016-04-22,131029.5089949489,5949.525248772719,125079.98374617618,2016
2016-04-25,130297.47842692846,5949.525248772719,124347.95317815573,2016
2016-04-26,131214.20677032357,5949.525248772719,125264.68152155084,2016
2016-04-27,129621.39828525757,5949.525248772719,123671.87303648486,2016
2016-04-28,128667.92040816922,5949.525248772719,122718.3951593965,2016
2016-04-29,127089.7684346514,5949.525248772719,121140.24318587869,2016
2016-05-02,128666.81859389754,5949.525248772719,122717.29334512481,2016
2016-05-03,126179.19544062437,5949.525248772719,120229.67019185165,2016
2016-05-04,123734.96199495436,5949.525248772719,117785.43674618163,2016
2016-05-05,122311.07932980369,24903.395048485672,97407.68428131801,2016
2016-05-06,122605.69392639039,24903.395048485672,97702.29887790472,2016
2016-05-09,122820.84435810994,17719.160492220642,105101.6838658893,2016
2016-05-10,124066.13217166964,17719.160492220642,106346.971679449,2016
2016-05-11,122484.2009880647,17719.160492220642,104765.04049584405,2016
2016-05-12,120789.43053837401,17719.160492220642,103070.27004615337,2016
2016-05-13,120454.94277171834,17719.160492220642,102735.7822794977,2016
2016-05-16,121814.84347108564,17719.160492220642,104095.68297886499,2016
2016-05-17,121302.35977296584,17719.160492220642,103583.19928074519,2016
2016-05-18,123702.63120433416,17719.160492220642,105983.47071211351,2016
2016-05-19,123237.49271588273,17719.160492220642,105518.33222366209,2016
2016-05-20,124707.29668734354,17719.160492220642,106988.13619512289,2016
2016-05-23,125399.9880759258,17719.160492220642,107680.82758370515,2016
2016-05-24,127667.84509615567,17719.160492220642,109948.68460393502,2016
2016-05-25,129350.214556244,17719.160492220642,111631.05406402335,2016
2016-05-26,129995.67670625262,17719.160492220642,112276.51621403197,2016
2016-05-27,130241.7110955209,17719.160492220642,112522.55060330026,2016
2016-05-31,130279.8026025575,17719.160492220642,112560.64211033685,2016
2016-06-01,129406.73332937376,17719.160492220642,111687.57283715311,2016
2016-06-02,129167.08474062302,17719.160492220642,111447.92424840237,2016
2016-06-03,127933.43296266414,17719.160492220642,110214.2724704435,2016
2016-06-06,129054.71557199965,17719.160492220642,111335.555079779,2016
2016-06-07,129877.31996317723,6376.5402574384425,123500.7797057388,2016
2016-06-08,129805.31327431471,6376.5402574384425,123428.77301687628,2016
2016-06-09,129628.29069488592,6376.5402574384425,123251.75043744748,2016
2016-06-10,127562.56864244124,6376.5402574384425,121186.02838500279,2016
2016-06-13,126947.5080147277,6376.5402574384425,120570.96775728925,2016
2016-06-14,125475.43538713892,6376.5402574384425,119098.89512970048,2016
2016-06-15,126108.77305041591,6376.5402574384425,119732.23279297748,2016
2016-06-16,126403.52098619964,6376.5402574384425,120026.9807287612,2016
2016-06-17,126425.07105076002,6376.5402574384425,120048.53079332158,2016
2016-06-20,127521.83620237472,6376.5402574384425,121145.29594493628,2016
2016-06-21,127404.48692692738,6376.5402574384425,121027.94666948894,2016
2016-06-22,127201.62878332089,6376.5402574384425,120825.08852588246,2016
2016-06-23,129767.90551754922,6376.5402574384425,123391.36526011079,2016
2016-06-24,123061.91432147735,6376.5402574384425,116685.3740640389,2016
2016-06-27,119736.66804576613,48212.48144251114,71524.18660325499,2016
2016-06-28,121051.68501579878,48212.48144251114,72839.20357328764,2016
2016-06-29,121654.68619666599,48212.48144251114,73442.20475415485,2016
2016-06-30,122118.41537637006,48212.48144251114,73905.93393385892,2016
2016-07-01,122351.47629194491,48212.48144251114,74138.99484943377,2016
2016-07-05,122575.08842842528,48212.48144251114,74362.60698591414,2016
2016-07-06,123355.50316719347,48212.48144251114,75143.02172468233,2016
2016-07-07,124007.60706770432,23480.01799571552,100527.5890719888,2016
2016-07-08,125598.82864115886,23480.01799571552,102118.81064544334,2016
2016-07-11,126078.15203134676,23480.01799571552,102598.13403563124,2016
2016-07-12,127669.88648599279,23480.01799571552,104189.86849027727,2016
2016-07-13,127356.24199309124,23480.01799571552,103876.22399737572,2016
2016-07-14,128652.6717839363,23480.01799571552,105172.65378822078,2016
2016-07-15,128625.89345189149,23480.01799571552,105145.87545617597,2016
2016-07-18,130074.35218833639,23480.01799571552,106594.33419262087,2016
2016-07-19,127475.44028580867,23480.01799571552,103995.42229009315,2016
2016-07-20,128649.17292487792,23480.01799571552,105169.1549291624,2016
2016-07-21,126991.17979825355,23480.01799571552,103511.16180253803,2016
2016-07-22,127689.8173830212,23480.01799571552,104209.79938730568,2016
2016-07-25,128380.88762315467,23480.01799571552,104900.86962743916,2016
2016-07-26,129306.53036257162,23480.01799571552,105826.5123668561,2016
2016-07-27,129578.25400856619,23480.01799571552,106098.23601285067,2016
2016-07-28,129924.11897596857,23480.01799571552,106444.10098025305,2016
2016-07-29,129495.55385049288,23480.01799571552,106015.53585477736,2016
2016-08-01,129328.9168259497,23480.01799571552,105848.89883023417,2016
2016-08-02,128382.23016399049,23480.01799571552,104902.21216827497,2016
2016-08-03,129250.4390499061,23480.01799571552,105770.42105419058,2016
2016-08-04,129954.42575795566,23480.01799571552,106474.40776224014,2016
2016-08-05,132637.1287898685,23480.01799571552,109157.11079415298,2016
2016-08-08,131935.07941601105,6477.569336224777,125457.51007978627,2016
2016-08-09,131927.30337006986,6477.569336224777,125449.73403384507,2016
2016-08-10,130511.74181049239,6477.569336224777,124034.1724742676,2016
2016-08-11,131695.68123731707,6477.569336224777,125218.11190109228,2016
2016-08-12,132265.12087635233,6477.569336224777,125787.55154012755,2016
2016-08-15,131866.64808953772,6477.569336224777,125389.07875331295,2016
2016-08-16,131504.80847380924,6477.569336224777,125027.23913758446,2016
2016-08-17,132336.06424226446,6477.569336224777,125858.49490603969,2016
2016-08-18,132469.31647810616,6477.569336224777,125991.74714188138,2016
2016-08-19,132644.45308032996,6477.569336224777,126166.88374410519,2016
2016-08-22,132282.9759464366,6477.569336224777,125805.40661021184,2016
2016-08-23,132879.01402455088,6477.569336224777,126401.4446883261,2016
2016-08-24,131505.4995754948,6477.569336224777,125027.93023927,2016
2016-08-25,131395.3826942726,6477.569336224777,124917.8133580478,2016
2016-08-26,131310.12470388855,6477.569336224777,124832.55536766378,2016
2016-08-29,130200.99302199224,6477.569336224777,123723.42368576746,2016
2016-08-30,129780.6235230089,6477.569336224777,123303.05418678412,2016
2016-08-31,129712.76887153272,6477.569336224777,123235.19953530795,2016
2016-09-01,128091.4917635314,6477.569336224777,121613.92242730662,2016
2016-09-02,128363.46250868955,6477.569336224777,121885.89317246478,2016
2016-09-06,130045.09585334265,6477.569336224777,123567.52651711786,2016
2016-09-07,129692.64098163726,6367.473139631977,123325.16784200528,2016
2016-09-08,128739.22668050326,6367.473139631977,122371.75354087127,2016
2016-09-09,126869.36446301837,6367.473139631977,120501.89132338639,2016
2016-09-12,128460.15815005291,6367.473139631977,122092.68501042094,2016
2016-09-13,127160.77966606017,6367.473139631977,120793.30652642819,2016
2016-09-14,127251.36192770413,6367.473139631977,120883.88878807216,2016
2016-09-15,128326.24809932572,6367.473139631977,121958.77495969374,2016
2016-09-16,128741.40230795738,6367.473139631977,122373.92916832541,2016
2016-09-19,129018.06868552975,6367.473139631977,122650.59554589777,2016
2016-09-20,129883.48381904422,6367.473139631977,123516.01067941225,2016
2016-09-21,130985.80699292073,6367.473139631977,124618.33385328876,2016
2016-09-22,131849.87190033813,6367.473139631977,125482.39876070616,2016
2016-09-23,131752.68257051468,6367.473139631977,125385.20943088269,2016
2016-09-26,131125.76132724303,6367.473139631977,124758.28818761105,2016
2016-09-27,130406.09263530979,6367.473139631977,124038.6194956778,2016
2016-09-28,130599.74050912514,6367.473139631977,124232.26736949316,2016
2016-09-29,128691.55073908766,6367.473139631977,122324.07759945568,2016
2016-09-30,129344.44506502719,6367.473139631977,122976.9719253952,2016
2016-10-03,130010.75413583397,6367.473139631977,123643.280996202,2016
2016-10-04,129084.16596699599,6367.473139631977,122716.69282736402,2016
2016-10-05,128710.85680736948,6367.473139631977,122343.38366773751,2016
2016-10-06,127371.97885810604,6367.473139631977,121004.50571847407,2016
2016-10-07,126089.82247231249,6190.586849774227,119899.23562253825,2016
2016-10-10,127683.89110074041,6190.586849774227,121493.30425096619,2016
2016-10-11,126052.59581057107,6190.586849774227,119862.00896079684,2016
2016-10-12,125900.05110149557,6190.586849774227,119709.46425172134,2016
2016-10-13,125018.49927969516,6190.586849774227,118827.91242992092,2016
2016-10-14,125845.28101481692,6190.586849774227,119654.69416504269,2016
2016-10-17,124819.40338202554,6190.586849774227,118628.81653225131,2016
2016-10-18,125677.37005150435,6190.586849774227,119486.78320173011,2016
2016-10-19,125948.97815148116,6190.586849774227,119758.39130170693,2016
2016-10-20,125480.83892151239,6190.586849774227,119290.25207173816,2016
2016-10-21,125836.71577025877,6190.586849774227,119646.12892048454,2016
2016-10-24,126364.99031927105,6190.586849774227,120174.40346949681,2016
2016-10-25,126944.57157066115,6190.586849774227,120753.98472088693,2016
2016-10-26,127501.19252539481,6190.586849774227,121310.60567562058,2016
2016-10-27,127371.39725322649,6190.586849774227,121180.81040345225,2016
2016-10-28,126945.38375851841,6190.586849774227,120754.79690874419,2016
2016-10-31,126492.95770455286,6190.586849774227,120302.37085477864,2016
2016-11-01,125716.81851419786,6190.586849774227,119526.23166442363,2016
2016-11-02,124378.47533966071,6190.586849774227,118187.88848988648,2016
2016-11-03,123564.6749961969,6190.586849774227,117374.08814642267,2016
2016-11-04,123962.78763127694,6190.586849774227,117772.2007815027,2016
2016-11-07,126445.64579120948,18242.10461201717,108203.54117919231,2016
2016-11-08,126917.76197916894,18242.10461201717,108675.65736715177,2016
2016-11-09,125825.1921666149,18242.10461201717,107583.08755459773,2016
2016-11-10,123665.62774975476,18242.10461201717,105423.52313773759,2016
2016-11-11,124215.5022963624,18242.10461201717,105973.39768434524,2016
2016-11-14,122347.86712572844,18242.10461201717,104105.76251371128,2016
2016-11-15,124150.96861163151,18242.10461201717,105908.86399961435,2016
2016-11-16,124444.7992403385,18242.10461201717,106202.69462832133,2016
2016-11-17,125563.3832923946,18242.10461201717,107321.27868037744,2016
2016-11-18,125483.61350922428,18242.10461201717,107241.50889720711,2016
2016-11-21,126035.55928992433,18242.10461201717,107793.45467790717,2016
2016-11-22,127770.28237560505,18242.10461201717,109528.17776358788,2016
2016-11-23,127885.85343758734,18242.10461201717,109643.74882557018,2016
2016-11-25,128757.26006638622,18242.10461201717,110515.15545436906,2016
2016-11-28,128461.97557447717,18242.10461201717,110219.87096246,2016
2016-11-29,127405.08045125617,18242.10461201717,109162.975839239,2016
2016-11-30,126242.08971856616,18242.10461201717,107999.985106549,2016
2016-12-01,124462.68601723955,18242.10461201717,106220.58140522239,2016
2016-12-02,124464.53313699111,18242.10461201717,106222.42852497395,2016
2016-12-05,125703.877853007,18242.10461201717,107461.77324098983,2016
2016-12-06,126376.60544756084,18242.10461201717,108134.50083554367,2016
2016-12-07,128489.6427682862,6308.409967253356,122181.23280103283,2016
2016-12-08,128448.27877356534,6308.409967253356,122139.86880631199,2016
2016-12-09,128872.27448235947,6308.409967253356,122563.8645151061,2016
2016-12-12,128721.97296895835,6308.409967253356,122413.56300170498,2016
2016-12-13,130755.15157313988,6308.409967253356,124446.74160588652,2016
2016-12-14,130408.13480563008,6308.409967253356,124099.72483837671,2016
2016-12-15,130406.21074811736,6308.409967253356,124097.80078086401,2016
2016-12-16,130423.3986509844,6308.409967253356,124114.98868373105,2016
2016-12-19,130538.03847308198,6308.409967253356,124229.62850582863,2016
2016-12-20,131440.14342645663,6308.409967253356,125131.73345920329,2016
2016-12-21,131127.44515494426,6308.409967253356,124819.0351876909,2016
2016-12-22,130702.09320859748,6308.409967253356,124393.68324134412,2016
2016-12-23,131302.83707971012,6308.409967253356,124994.42711245676,2016
2016-12-27,132632.76894805123,6308.409967253356,126324.35898079789,2016
2016-12-28,132263.11007490946,6308.409967253356,125954.7001076561,2016
2016-12-29,131378.48585287368,6308.409967253356,125070.07588562032,2016
2016-12-30,130342.16494068547,6308.409967253356,124033.75497343212,2016
2017-01-03,131849.7424366815,6308.409967253356,125541.33246942813,2017
2017-01-04,133763.83369384138,6308.409967253356,127455.42372658804,2017
2017-01-05,135437.5156245027,6308.409967253356,129129.10565724935,2017
2017-01-06,137005.90710969616,6308.409967253356,130697.49714244281,2017
2017-01-09,137354.54265597372,6743.646781718184,130610.89587425554,2017
2017-01-10,136773.19466560832,6743.646781718184,130029.54788389013,2017
2017-01-11,136872.23631099338,6743.646781718184,130128.58952927518,2017
2017-01-12,136085.65536009258,6743.646781718184,129342.0085783744,2017
2017-01-13,137373.05158199425,6743.646781718184,130629.40480027607,2017
2017-01-17,136054.59030401614,6743.646781718184,129310.94352229797,2017
2017-01-18,136695.24761379635,6743.646781718184,129951.60083207817,2017
2017-01-19,137510.807065779,6743.646781718184,130767.1602840608,2017
2017-01-20,137359.8242094714,6743.646781718184,130616.17742775324,2017
2017-01-23,136777.37026878772,6743.646781718184,130033.72348706955,2017
2017-01-24,138425.7710076769,6743.646781718184,131682.12422595872,2017
2017-01-25,139828.89991338,6743.646781718184,133085.25313166183,2017
2017-01-26,140366.6522206896,6743.646781718184,133623.00543897142,2017
2017-01-27,140363.99488318746,6743.646781718184,133620.34810146928,2017
2017-01-30,139193.62885285873,6743.646781718184,132449.98207114055,2017
2017-01-31,138749.31675090568,6743.646781718184,132005.6699691875,2017
2017-02-01,139294.1580687106,6743.646781718184,132550.5112869924,2017
2017-02-02,139972.88208143515,6743.646781718184,133229.23529971697,2017
2017-02-03,140482.72992529595,6743.646781718184,133739.08314357777,2017
2017-02-06,141472.19192058843,6743.646781718184,134728.54513887025,2017
2017-02-07,141401.2153386474,6942.324820940594,134458.8905177068,2017
2017-02-08,140973.68954087055,6942.324820940594,134031.36471992996,2017
2017-02-09,140473.77025541777,6942.324820940594,133531.44543447718,2017
2017-02-10,140830.23612089737,6942.324820940594,133887.9112999568,2017
2017-02-13,140763.18108489178,6942.324820940594,133820.8562639512,2017
2017-02-14,142164.95528197708,6942.324820940594,135222.6304610365,2017
2017-02-15,143586.7804470804,6942.324820940594,136644.45562613982,2017
2017-02-16,142807.21886222833,6942.324820940594,135864.89404128774,2017
2017-02-17,142502.214724529,6942.324820940594,135559.88990358842,2017
2017-02-21,143793.43364920476,6942.324820940594,136851.10882826417,2017
2017-02-22,144028.42452901695,6942.324820940594,137086.09970807636,2017
2017-02-23,141959.4472643389,6942.324820940594,135017.12244339832,2017
2017-02-24,142495.763855304,6942.324820940594,135553.4390343634,2017
2017-02-27,143176.05596283692,6942.324820940594,136233.73114189634,2017
2017-02-28,142266.32512051484,6942.324820940594,135324.00029957425,2017
2017-03-01,143984.1503074232,6942.324820940594,137041.82548648262,2017
2017-03-02,142716.80456773113,29575.342742612756,113141.46182511839,2017
2017-03-03,142621.5197649754,29575.342742612756,113046.17702236265,2017
2017-03-06,142487.6169576293,29575.342742612756,112912.27421501654,2017
2017-03-07,141932.9535789778,6968.4313828626255,134964.52219611517,2017
2017-03-08,142260.33461966785,6968.4313828626255,135291.90323680523,2017
2017-03-09,141629.5950375706,6968.4313828626255,134661.16365470798,2017
2017-03-10,143338.7100890912,6968.4313828626255,136370.2787062286,2017
2017-03-13,144704.7444168015,6968.4313828626255,137736.31303393887,2017
2017-03-14,145383.4461242426,6968.4313828626255,138415.01474137997,2017
2017-03-15,145573.9959074293,6968.4313828626255,138605.56452456667,2017
2017-03-16,145940.66682150538,6968.4313828626255,138972.23543864276,2017
2017-03-17,146490.26440657114,6968.4313828626255,139521.83302370852,2017
2017-03-20,149077.64412701048,6968.4313828626255,142109.21274414787,2017
2017-03-21,144991.06288230454,6968.4313828626255,138022.63149944192,2017
2017-03-22,146792.91676053076,6968.4313828626255,139824.48537766814,2017
2017-03-23,145806.18952974974,6968.4313828626255,138837.75814688712,2017
2017-03-24,146732.13022301355,6968.4313828626255,139763.69884015093,2017
2017-03-27,147454.8959835377,6968.4313828626255,140486.46460067507,2017
2017-03-28,148071.27906781193,6968.4313828626255,141102.84768494932,2017
2017-03-29,148126.65557955593,6968.4313828626255,141158.2241966933,2017
2017-03-30,149729.85314971927,6968.4313828626255,142761.42176685666,2017
2017-03-31,150767.27328448958,6968.4313828626255,143798.84190162696,2017
2017-04-03,152747.79135514182,6968.4313828626255,145779.3599722792,2017
2017-04-04,150319.04584694924,6968.4313828626255,143350.61446408663,2017
2017-04-05,148943.83726813886,6968.4313828626255,141975.40588527624,2017
2017-04-06,147651.35705893103,6968.4313828626255,140682.9256760684,2017
2017-04-07,148420.38549688668,7286.942504001101,141133.44299288557,2017
2017-04-10,146675.85407705535,7286.942504001101,139388.91157305424,2017
2017-04-11,146565.2725273939,7286.942504001101,139278.3300233928,2017
2017-04-12,145041.61969131787,7286.942504001101,137754.67718731676,2017
2017-04-13,142662.48917912945,7286.942504001101,135375.54667512834,2017
2017-04-17,145740.2065056003,7286.942504001101,138453.2640015992,2017
2017-04-18,144499.0063987818,7286.942504001101,137212.0638947807,2017
2017-04-19,144231.57218574116,7286.942504001101,136944.62968174004,2017
2017-04-20,146268.47681082552,7286.942504001101,138981.5343068244,2017
2017-04-21,145287.98953013596,7286.942504001101,138001.04702613485,2017
2017-04-24,148297.39722478783,7286.942504001101,141010.4547207867,2017
2017-04-25,150671.06714950004,7286.942504001101,143384.12464549893,2017
2017-04-26,150122.97722506884,7286.942504001101,142836.03472106773,2017
2017-04-27,150349.83291764685,7286.942504001101,143062.89041364574,2017
2017-04-28,148781.63574310837,7286.942504001101,141494.69323910726,2017
2017-05-01,150442.79063286135,7286.942504001101,143155.84812886023,2017
2017-05-02,142753.8227756343,28832.7566948534,113921.06608078089,2017
2017-05-03,143465.62427489966,28832.7566948534,114632.86758004627,2017
2017-05-04,143568.1960457774,28832.7566948534,114735.439350924,2017
2017-05-05,143388.71362021985,28832.7566948534,114555.95692536645,2017
2017-05-08,142865.24111509373,20610.932527846486,122254.30858724724,2017
2017-05-09,143758.9110457599,20610.932527846486,123147.9785179134,2017
2017-05-10,144478.34380847687,20610.932527846486,123867.41128063039,2017
2017-05-11,143739.86453767965,20610.932527846486,123128.93200983315,2017
2017-05-12,143880.9832255281,20610.932527846486,123270.05069768161,2017
2017-05-15,143237.53204168376,20610.932527846486,122626.59951383727,2017
2017-05-16,143594.26045314097,20610.932527846486,122983.32792529449,2017
2017-05-17,139590.27001304546,20610.932527846486,118979.33748519898,2017
2017-05-18,140960.48268675565,20610.932527846486,120349.55015890917,2017
2017-05-19,141405.34874050855,20610.932527846486,120794.41621266206,2017
2017-05-22,141594.41118283724,20610.932527846486,120983.47865499076,2017
2017-05-23,141497.22223535975,20610.932527846486,120886.28970751326,2017
2017-05-24,142273.42413423868,20610.932527846486,121662.4916063922,2017
2017-05-25,143732.28419384098,20610.932527846486,123121.3516659945,2017
2017-05-26,144303.75249683243,20610.932527846486,123692.81996898595,2017
2017-05-30,145084.70679871767,20610.932527846486,124473.77427087119,2017
2017-05-31,145125.5886297917,20610.932527846486,124514.6561019452,2017
2017-06-01,145409.19602037861,20610.932527846486,124798.26349253213,2017
2017-06-02,145389.12722465894,20610.932527846486,124778.19469681244,2017
2017-06-05,146059.88727437606,20610.932527846486,125448.95474652958,2017
2017-06-06,146606.44175661463,20610.932527846486,125995.50922876813,2017
2017-06-07,147022.326393864,7218.302496991182,139804.02389687282,2017
2017-06-08,147640.46697122883,7218.302496991182,140422.16447423765,2017
2017-06-09,145132.98691621085,7218.302496991182,137914.68441921967,2017
2017-06-12,146498.90946957387,7218.302496991182,139280.6069725827,2017
2017-06-13,146274.1914295873,7218.302496991182,139055.88893259614,2017
2017-06-14,145475.21050025264,7218.302496991182,138256.90800326146,2017
2017-06-15,144676.98717834856,7218.302496991182,137458.68468135738,2017
2017-06-16,143970.9800440504,7218.302496991182,136752.67754705923,2017
2017-06-19,146309.28483809586,7218.302496991182,139090.98234110468,2017
2017-06-20,146414.0881066941,7218.302496991182,139195.78560970293,2017
2017-06-21,150319.14139690483,7218.302496991182,143100.83889991365,2017
2017-06-22,150741.94038321814,7218.302496991182,143523.63788622696,2017
2017-06-23,150399.50530368736,7218.302496991182,143181.20280669618,2017
2017-06-26,151351.33911215284,7218.302496991182,144133.03661516166,2017
2017-06-27,148220.5812242587,7218.302496991182,141002.27872726752,2017
2017-06-28,148869.6890308729,7218.302496991182,141651.3865338817,2017
2017-06-29,145827.29655173665,7218.302496991182,138608.99405474548,2017
2017-06-30,144206.2507287697,7218.302496991182,136987.94823177852,2017
2017-07-03,143633.42189577682,34659.64048267684,108973.78141309996,2017
2017-07-05,144290.12915417907,34659.64048267684,109630.48867150221,2017
2017-07-06,142136.14122089394,34659.64048267684,107476.50073821712,2017
2017-07-07,142091.13311439822,20499.253244298827,121591.8798700994,2017
2017-07-10,144924.70811737198,20499.253244298827,124425.45487307316,2017
2017-07-11,147268.16350605388,20499.253244298827,126768.91026175507,2017
2017-07-12,150053.57354538265,20499.253244298827,129554.32030108382,2017
2017-07-13,147539.17239191922,20499.253244298827,127039.9191476204,2017
2017-07-14,150306.85919855037,20499.253244298827,129807.60595425154,2017
2017-07-17,149372.55790421186,20499.253244298827,128873.30465991305,2017
2017-07-18,153437.74449122543,20499.253244298827,132938.4912469266,2017
2017-07-19,153168.97371011064,20499.253244298827,132669.7204658118,2017
2017-07-20,154486.36124920155,20499.253244298827,133987.10800490272,2017
2017-07-21,155421.36585497815,20499.253244298827,134922.11261067932,2017
2017-07-24,156328.39598181195,20499.253244298827,135829.14273751312,2017
2017-07-25,154300.6147475023,20499.253244298827,133801.36150320346,2017
2017-07-26,156399.42980639156,20499.253244298827,135900.17656209273,2017
2017-07-27,152900.67377977242,20499.253244298827,132401.4205354736,2017
2017-07-28,152524.89105411898,20499.253244298827,132025.63780982015,2017
2017-07-31,149374.40186610923,20499.253244298827,128875.1486218104,2017
2017-08-01,149818.78533928416,20499.253244298827,129319.53209498533,2017
2017-08-02,149698.64829599624,20499.253244298827,129199.39505169743,2017
2017-08-03,150565.6036496494,20499.253244298827,130066.35040535056,2017
2017-08-04,151471.43620733256,20499.253244298827,130972.18296303375,2017
2017-08-07,153317.68845053556,7527.383632950081,145790.30481758548,2017
2017-08-08,152878.56874839563,7527.383632950081,145351.18511544555,2017
2017-08-09,151758.09749970923,7527.383632950081,144230.71386675915,2017
2017-08-10,146122.936845921,7527.383632950081,138595.55321297093,2017
2017-08-11,145972.8775992494,7527.383632950081,138445.4939662993,2017
2017-08-14,150905.11147267767,7527.383632950081,143377.7278397276,2017
2017-08-15,151155.42218382497,7527.383632950081,143628.0385508749,2017
2017-08-16,151314.76212787096,7527.383632950081,143787.37849492088,2017
2017-08-17,147443.54317403468,7527.383632950081,139916.1595410846,2017
2017-08-18,147995.06312654068,7527.383632950081,140467.6794935906,2017
2017-08-21,145313.70161002397,7527.383632950081,137786.3179770739,2017
2017-08-22,148002.57219963722,7527.383632950081,140475.18856668714,2017
2017-08-23,150122.84228880826,7527.383632950081,142595.45865585818,2017
2017-08-24,149691.16453532278,7527.383632950081,142163.7809023727,2017
2017-08-25,148623.86413164026,7527.383632950081,141096.4804986902,2017
2017-08-28,149185.25319064443,7527.383632950081,141657.86955769436,2017
2017-08-29,149784.7482306298,7527.383632950081,142257.36459767973,2017
2017-08-30,152636.89314118004,7527.383632950081,145109.50950822997,2017
2017-08-31,154588.7808494283,7527.383632950081,147061.39721647822,2017
2017-09-01,155781.67566077504,7527.383632950081,148254.29202782497,2017
2017-09-05,153365.99998387683,7527.383632950081,145838.61635092675,2017
2017-09-06,153747.42392172106,7527.383632950081,146220.04028877098,2017
2017-09-07,154242.50213301863,7572.788879059706,146669.71325395894,2017
2017-09-08,152790.61748816364,7572.788879059706,145217.82860910392,2017
2017-09-11,156392.76752397866,7572.788879059706,148819.97864491894,2017
2017-09-12,157555.35917031858,7572.788879059706,149982.5702912589,2017
2017-09-13,158245.79477532045,7572.788879059706,150673.00589626073,2017
2017-09-14,159052.76938726928,7572.788879059706,151479.98050820956,2017
2017-09-15,161209.26317630196,7572.788879059706,153636.47429724227,2017
2017-09-18,164652.90104360785,7572.788879059706,157080.11216454816,2017
2017-09-19,164193.01684896124,7572.788879059706,156620.22796990152,2017
2017-09-20,164423.34831574146,7572.788879059706,156850.55943668174,2017
2017-09-21,163758.84414300031,7572.788879059706,156186.0552639406,2017
2017-09-22,162354.0742927667,7572.788879059706,154781.28541370697,2017
2017-09-25,160363.47509156814,7572.788879059706,152790.68621250844,2017
2017-09-26,160059.05747383984,7572.788879059706,152486.26859478012,2017
2017-09-27,160412.06292102725,7572.788879059706,152839.27404196752,2017
2017-09-28,160219.4568894754,7572.788879059706,152646.66801041568,2017
2017-09-29,161390.15985579806,7572.788879059706,153817.37097673837,2017
2017-10-02,162573.4874145094,7572.788879059706,155000.69853544972,2017
2017-10-03,163707.0563331566,7572.788879059706,156134.2674540969,2017
2017-10-04,163460.2966844433,7572.788879059706,155887.5078053836,2017
2017-10-05,164226.70192159613,7572.788879059706,156653.91304253644,2017
2017-10-06,164321.7025502497,7572.788879059706,156748.91367118998,2017
2017-10-09,162116.9964485101,7959.400105900058,154157.59634261005,2017
2017-10-10,164289.19288527832,7959.400105900058,156329.79277937827,2017
2017-10-11,164693.45931914478,7959.400105900058,156734.0592132447,2017
2017-10-12,165402.85791196232,7959.400105900058,157443.45780606224,2017
2017-10-13,166134.5388596888,7959.400105900058,158175.13875378875,2017
2017-10-16,167406.5419964966,7959.400105900058,159447.14189059654,2017
2017-10-17,167503.728130283,7959.400105900058,159544.32802438294,2017
2017-10-18,167387.50429429777,7959.400105900058,159428.1041883977,2017
2017-10-19,166302.05785587977,7959.400105900058,158342.6577499797,2017
2017-10-20,165611.07342459372,7959.400105900058,157651.67331869365,2017
2017-10-23,163499.03703528974,7959.400105900058,155539.63692938967,2017
2017-10-24,163831.8896263485,7959.400105900058,155872.48952044846,2017
2017-10-25,156918.7295000289,7959.400105900058,148959.32939412884,2017
2017-10-26,156514.5351774446,35449.12142224575,121065.41375519885,2017
2017-10-27,157482.55116809934,35449.12142224575,122033.42974585359,2017
2017-10-30,157966.85775383713,35449.12142224575,122517.73633159137,2017
2017-10-31,159620.20309879124,61977.65404101293,97642.54905777832,2017
2017-11-01,158320.19990254715,61977.65404101293,96342.5458615342,2017
2017-11-02,156390.33711180364,88882.1859632857,67508.15114851797,2017
2017-11-03,157716.1896543877,88882.1859632857,68834.00369110203,2017
2017-11-06,158218.73676256556,88882.1859632857,69336.55079927985,2017
2017-11-07,158592.9538524852,22879.943684917092,135713.0101675681,2017
2017-11-08,158812.77550304908,22879.943684917092,135932.831818132,2017
2017-11-09,158857.9030383771,22879.943684917092,135977.95935346,2017
2017-11-10,159478.892543691,22879.943684917092,136598.94885877392,2017
2017-11-13,159795.02738851192,22879.943684917092,136915.08370359484,2017
2017-11-14,156573.0177273575,22879.943684917092,133693.07404244042,2017
2017-11-15,156990.86481827125,22879.943684917092,134110.92113335416,2017
2017-11-16,158385.54875611575,22879.943684917092,135505.60507119866,2017
2017-11-17,158880.08354390453,22879.943684917092,136000.13985898744,2017
2017-11-20,157761.55770049206,22879.943684917092,134881.61401557497,2017
2017-11-21,158198.7058046562,22879.943684917092,135318.7621197391,2017
2017-11-22,158899.45678591635,22879.943684917092,136019.51310099926,2017
2017-11-24,159077.25309572474,22879.943684917092,136197.30941080765,2017
2017-11-27,158097.24040189906,22879.943684917092,135217.29671698197,2017
2017-11-28,159826.07334362104,22879.943684917092,136946.12965870395,2017
2017-11-29,159565.4598028968,22879.943684917092,136685.5161179797,2017
2017-11-30,158835.47113389266,22879.943684917092,135955.52744897557,2017
2017-12-01,158610.6577351832,22879.943684917092,135730.7140502661,2017
2017-12-04,158641.9531409679,22879.943684917092,135762.00945605082,2017
2017-12-05,157476.97516767748,22879.943684917092,134597.0314827604,2017
2017-12-06,157329.1200036427,22879.943684917092,134449.1763187256,2017
2017-12-07,157442.6602481282,22713.99272524654,134728.66752288167,2017
2017-12-08,158033.55233262826,22713.99272524654,135319.55960738173,2017
2017-12-11,158118.75761116028,22713.99272524654,135404.76488591376,2017
2017-12-12,156983.20495992113,22713.99272524654,134269.2122346746,2017
2017-12-13,156535.6336184269,22713.99272524654,133821.64089318036,2017
2017-12-14,156709.5607921034,22713.99272524654,133995.56806685688,2017
2017-12-15,158692.2188492988,22713.99272524654,135978.22612405228,2017
2017-12-18,161414.81419236804,22713.99272524654,138700.8214671215,2017
2017-12-19,161066.55089130136,22713.99272524654,138352.55816605483,2017
2017-12-20,162641.539736037,22713.99272524654,139927.54701079047,2017
2017-12-21,161185.1846739186,22713.99272524654,138471.19194867206,2017
2017-12-22,161111.2207378195,22713.99272524654,138397.22801257297,2017
2017-12-26,159474.42858669182,22713.99272524654,136760.4358614453,2017
2017-12-27,159301.425568534,22713.99272524654,136587.43284328748,2017
2017-12-28,159895.48234913076,22713.99272524654,137181.48962388423,2017
2017-12-29,158908.20924499194,22713.99272524654,136194.21651974542,2017
2018-01-02,163884.3489607907,22713.99272524654,141170.35623554417,2018
2018-01-03,166386.40927498371,22713.99272524654,143672.4165497372,2018
2018-01-04,167872.92177328045,22713.99272524654,145158.92904803393,2018
2018-01-05,168296.811829881,22713.99272524654,145582.81910463446,2018
2018-01-08,168810.246474746,8288.016204981046,160522.23026976496,2018
2018-01-09,169566.47654068607,8288.016204981046,161278.46033570502,2018
2018-01-10,170345.7237967847,8288.016204981046,162057.70759180366,2018
2018-01-11,171171.40670231057,8288.016204981046,162883.39049732953,2018
2018-01-12,171610.38098153027,8288.016204981046,163322.36477654922,2018
2018-01-16,169986.07950107148,8288.016204981046,161698.06329609043,2018
2018-01-17,170546.6180991071,8288.016204981046,162258.60189412604,2018
2018-01-18,169115.0658076678,8288.016204981046,160827.04960268675,2018
2018-01-19,168491.67645272557,8288.016204981046,160203.66024774453,2018
2018-01-22,168563.05506545323,8288.016204981046,160275.03886047218,2018
2018-01-23,169779.16954969254,8288.016204981046,161491.1533447115,2018
2018-01-24,169225.29176659873,8288.016204981046,160937.2755616177,2018
2018-01-25,168397.27657775243,8288.016204981046,160109.2603727714,2018
2018-01-26,169763.26492936927,36616.49691237595,133146.7680169933,2018
2018-01-29,168330.0025922394,36616.49691237595,131713.50567986348,2018
2018-01-30,166806.12574634422,36616.49691237595,130189.62883396827,2018
2018-01-31,167143.9164164515,36616.49691237595,130527.41950407554,2018
2018-02-01,167828.24423127715,36616.49691237595,131211.7473189012,2018
2018-02-02,164228.7572337633,36616.49691237595,127612.26032138732,2018
2018-02-05,157904.2353445135,36616.49691237595,121287.73843213753,2018
2018-02-06,159941.3609225942,36616.49691237595,123324.86401021824,2018
2018-02-07,158559.63005890494,44314.43987956423,114245.1901793407,2018
2018-02-08,153302.06700673854,44314.43987956423,108987.6271271743,2018
2018-02-09,155576.96434120683,44314.43987956423,111262.5244616426,2018
2018-02-12,157096.85383670923,44314.43987956423,112782.41395714499,2018
2018-02-13,157901.89188952712,44314.43987956423,113587.45200996289,2018
2018-02-14,159863.0738573556,44314.43987956423,115548.63397779138,2018
2018-02-15,160557.45494803434,44314.43987956423,116243.01506847012,2018
2018-02-16,161003.01012994998,44314.43987956423,116688.57025038576,2018
2018-02-20,160409.35898930306,44314.43987956423,116094.91910973884,2018
2018-02-21,159535.85431111805,44314.43987956423,115221.41443155383,2018
2018-02-22,159744.97719450062,44314.43987956423,115430.5373149364,2018
2018-02-23,161861.4506590671,44314.43987956423,117547.01077950287,2018
2018-02-26,163553.12069448447,44314.43987956423,119238.68081492024,2018
2018-02-27,162922.813953912,44314.43987956423,118608.37407434777,2018
2018-02-28,160850.19236545276,44314.43987956423,116535.75248588853,2018
2018-03-01,158524.75006747906,44314.43987956423,114210.31018791483,2018
2018-03-02,159224.4358876629,44314.43987956423,114909.99600809868,2018
2018-03-05,162205.7689317136,44314.43987956423,117891.32905214938,2018
2018-03-06,163374.1568269801,44314.43987956423,119059.71694741586,2018
2018-03-07,162799.02211459755,32455.52962893099,130343.49248566655,2018
2018-03-08,162809.88567396475,32455.52962893099,130354.35604503374,2018
2018-03-09,165522.62081807622,32455.52962893099,133067.09118914523,2018
2018-03-12,166132.43364611632,32455.52962893099,133676.90401718533,2018
2018-03-13,164058.55732680662,32455.52962893099,131603.02769787563,2018
2018-03-14,162419.21124222502,32455.52962893099,129963.68161329404,2018
2018-03-15,162506.48955873802,32455.52962893099,130050.95992980701,2018
2018-03-16,161942.76454839163,32455.52962893099,129487.23491946064,2018
2018-03-19,159783.30291219457,32455.52962893099,127327.77328326357,2018
2018-03-20,158985.04703967622,32455.52962893099,126529.51741074523,2018
2018-03-21,159821.47594165156,32455.52962893099,127365.94631272057,2018
2018-03-22,156137.0609080214,32455.52962893099,123681.53127909041,2018
2018-03-23,153339.20890559576,32455.52962893099,120883.67927666477,2018
2018-03-26,156030.98911263474,32455.52962893099,123575.45948370374,2018
2018-03-27,152475.36678100078,54357.00103093249,98118.36575006827,2018
2018-03-28,152390.79666131455,54357.00103093249,98033.79563038207,2018
2018-03-29,153600.42465264632,54357.00103093249,99243.42362171384,2018
2018-04-02,150208.47806629416,77108.26408112203,73100.21398517213,2018
2018-04-03,150940.7800762077,77108.26408112203,73832.51599508566,2018
2018-04-04,151719.59275250512,77108.26408112203,74611.32867138309,2018
2018-04-05,152328.75817062572,77108.26408112203,75220.49408950367,2018
2018-04-06,150850.83777141254,77108.26408112203,73742.5736902905,2018
2018-04-09,150232.61813784516,60038.93104288107,90193.68709496409,2018
2018-04-10,154056.95384286516,60038.93104288107,94018.02279998409,2018
2018-04-11,153913.10060131302,60038.93104288107,93874.16955843195,2018
2018-04-12,155602.56480542116,60038.93104288107,95563.63376254008,2018
2018-04-13,155519.52561046192,60038.93104288107,95480.59456758085,2018
2018-04-16,154628.58124941395,60038.93104288107,94589.6502065329,2018
2018-04-17,157704.5862859949,60038.93104288107,97665.65524311384,2018
2018-04-18,158829.5104986031,60038.93104288107,98790.57945572204,2018
2018-04-19,157920.35642825952,60038.93104288107,97881.42538537845,2018
2018-04-20,156294.87139559272,60038.93104288107,96255.94035271165,2018
2018-04-23,154172.29678607412,60038.93104288107,94133.36574319303,2018
2018-04-24,151767.86779523946,60038.93104288107,91728.9367523584,2018
2018-04-25,151322.11225620512,60038.93104288107,91283.18121332405,2018
2018-04-26,154545.40805721685,60038.93104288107,94506.47701433576,2018
2018-04-27,154751.60530132725,60038.93104288107,94712.67425844616,2018
2018-04-30,154001.71097917308,60038.93104288107,93962.77993629202,2018
2018-05-01,155128.04629783827,60038.93104288107,95089.1152549572,2018
2018-05-02,154638.97815569828,77299.0992028011,77339.8789528972,2018
2018-05-03,154085.25145948678,77299.0992028011,76786.15225668569,2018
2018-05-04,155830.322044231,77299.0992028011,78531.22284142992,2018
2018-05-07,157692.91723976113,44072.20991786136,113620.70732189977,2018
2018-05-08,158276.55339910265,44072.20991786136,114204.34348124127,2018
2018-05-09,161320.96728216443,44072.20991786136,117248.75736430308,2018
2018-05-10,162834.03469371912,44072.20991786136,118761.82477585775,2018
2018-05-11,161672.43213231763,44072.20991786136,117600.22221445628,2018
2018-05-14,161752.10172830918,44072.20991786136,117679.89181044782,2018
2018-05-15,160449.10544591653,44072.20991786136,116376.89552805516,2018
2018-05-16,162203.80940309423,44072.20991786136,118131.59948523287,2018
2018-05-17,161441.3332887643,44072.20991786136,117369.12337090295,2018
2018-05-18,159851.32780333108,44072.20991786136,115779.1178854697,2018
2018-05-21,161950.78373016114,44072.20991786136,117878.57381229979,2018
2018-05-22,162722.90299524958,44072.20991786136,118650.69307738822,2018
2018-05-23,162654.26384401566,44072.20991786136,118582.05392615432,2018
2018-05-24,163843.438989504,44072.20991786136,119771.22907164267,2018
2018-05-25,163918.5517926889,44072.20991786136,119846.34187482753,2018
2018-05-29,164196.83791546355,44072.20991786136,120124.62799760219,2018
2018-05-30,165405.67743610422,44072.20991786136,121333.46751824286,2018
2018-05-31,162852.63114942558,44072.20991786136,118780.4212315642,2018
2018-06-01,164737.57417923573,44072.20991786136,120665.36426137436,2018
2018-06-04,165219.82167802274,44072.20991786136,121147.61176016137,2018
2018-06-05,165066.24445945537,44072.20991786136,120994.03454159402,2018
2018-06-06,166744.86670893093,44072.20991786136,122672.65679106957,2018
2018-06-07,166045.21658953629,8152.2625231137645,157892.9540664225,2018
2018-06-08,167513.38624725112,8152.2625231137645,159361.12372413737,2018
2018-06-11,168410.05462040147,8152.2625231137645,160257.7920972877,2018
2018-06-12,168000.99763967027,8152.2625231137645,159848.7351165565,2018
2018-06-13,166583.73386941163,8152.2625231137645,158431.47134629788,2018
2018-06-14,166731.81715676322,8152.2625231137645,158579.55463364947,2018
2018-06-15,165670.91046472418,8152.2625231137645,157518.64794161043,2018
2018-06-18,166562.0495954983,8152.2625231137645,158409.78707238456,2018
2018-06-19,163952.404545957,8152.2625231137645,155800.1420228432,2018
2018-06-20,165909.30583101057,8152.2625231137645,157757.04330789682,2018
2018-06-21,164518.01835662755,8152.2625231137645,156365.75583351377,2018
2018-06-22,162946.00849188195,8152.2625231137645,154793.74596876817,2018
2018-06-25,158143.30735377816,8152.2625231137645,149991.0448306644,2018
2018-06-26,162235.1283654477,8152.2625231137645,154082.86584233394,2018
2018-06-27,161253.42297249852,8152.2625231137645,153101.16044938474,2018
2018-06-28,162852.654937464,8152.2625231137645,154700.3924143502,2018
2018-06-29,161040.2989275498,8152.2625231137645,152888.03640443602,2018
2018-07-02,160769.53839239758,8152.2625231137645,152617.27586928383,2018
2018-07-03,155747.0768841765,66470.90785904709,89276.1690251294,2018
2018-07-05,156065.5220153736,66470.90785904709,89594.61415632651,2018
2018-07-06,157505.0522719655,66470.90785904709,91034.14441291842,2018
2018-07-09,158410.29904122974,29993.93956665925,128416.35947457049,2018
2018-07-10,160018.3330234208,29993.93956665925,130024.39345676155,2018
2018-07-11,158261.90574504828,29993.93956665925,128267.96617838902,2018
2018-07-12,158746.6156404922,29993.93956665925,128752.67607383296,2018
2018-07-13,157880.45496101733,29993.93956665925,127886.51539435808,2018
2018-07-16,157268.6000730652,29993.93956665925,127274.66050640594,2018
2018-07-17,157558.59593081087,29993.93956665925,127564.65636415163,2018
2018-07-18,157522.61504640852,29993.93956665925,127528.67547974926,2018
2018-07-19,155978.0449216011,29993.93956665925,125984.10535494184,2018
2018-07-20,153438.85739219264,29993.93956665925,123444.9178255334,2018
2018-07-23,151963.4866090005,29993.93956665925,121969.54704234126,2018
2018-07-24,150808.43880343522,29993.93956665925,120814.49923677597,2018
2018-07-25,152471.88831779035,29993.93956665925,122477.9487511311,2018
2018-07-26,152871.5023311517,29993.93956665925,122877.56276449247,2018
2018-07-27,151263.1328003471,51768.66034320749,99494.47245713961,2018
2018-07-30,149619.72684384615,51768.66034320749,97851.06650063867,2018
2018-07-31,151098.88073850784,51768.66034320749,99330.22039530033,2018
2018-08-01,150528.02581664288,51768.66034320749,98759.36547343539,2018
2018-08-02,155278.6503188974,51768.66034320749,103509.9899756899,2018
2018-08-03,154986.4394560762,51768.66034320749,103217.77911286868,2018
2018-08-06,154547.13022056292,51768.66034320749,102778.46987735544,2018
2018-08-07,158035.6290668903,29922.998291781292,128112.630775109,2018
2018-08-08,157491.4879009053,29922.998291781292,127568.48960912402,2018
2018-08-09,154945.29565219925,29922.998291781292,125022.29736041794,2018
2018-08-10,154019.51065971333,29922.998291781292,124096.51236793202,2018
2018-08-13,154583.42672827383,29922.998291781292,124660.42843649254,2018
2018-08-14,153893.04567647935,29922.998291781292,123970.04738469806,2018
2018-08-15,150329.77141496938,29922.998291781292,120406.77312318808,2018
2018-08-16,148476.29639708562,29922.998291781292,118553.29810530432,2018
2018-08-17,146498.1038948363,50545.497000472795,95952.6068943635,2018
2018-08-20,147853.18101327078,50545.497000472795,97307.68401279798,2018
2018-08-21,150072.82525764062,50545.497000472795,99527.32825716783,2018
2018-08-22,151482.4551594274,50545.497000472795,100936.9581589546,2018
2018-08-23,152555.46838605168,50545.497000472795,102009.97138557889,2018
2018-08-24,156927.33670951013,50545.497000472795,106381.83970903735,2018
2018-08-27,160077.0710989915,50545.497000472795,109531.5740985187,2018
2018-08-28,160049.88674086652,50545.497000472795,109504.38974039374,2018
2018-08-29,159917.05738143687,50545.497000472795,109371.56038096407,2018
2018-08-30,160416.89575963595,50545.497000472795,109871.39875916317,2018
2018-08-31,160161.16630056483,50545.497000472795,109615.66930009203,2018
2018-09-04,162727.71689352932,50545.497000472795,112182.21989305652,2018
2018-09-05,159975.06336736307,50545.497000472795,109429.56636689026,2018
2018-09-06,156471.47181640536,72114.98818016994,84356.48363623543,2018
2018-09-07,155968.19522820183,22501.274090516567,133466.92113768528,2018
2018-09-10,158886.82638815587,22501.274090516567,136385.5522976393,2018
2018-09-11,158992.3586109474,22501.274090516567,136491.08452043086,2018
2018-09-12,159919.2519045829,22501.274090516567,137417.97781406634,2018
2018-09-13,159417.03492305914,22501.274090516567,136915.76083254258,2018
2018-09-14,162387.60205458442,22501.274090516567,139886.32796406787,2018
2018-09-17,160058.24819341997,22501.274090516567,137556.97410290342,2018
2018-09-18,161604.94774766464,22501.274090516567,139103.6736571481,2018
2018-09-19,161235.65112695235,22501.274090516567,138734.3770364358,2018
2018-09-20,161603.90049371385,22501.274090516567,139102.6264031973,2018
2018-09-21,159559.4532537933,22501.274090516567,137058.17916327674,2018
2018-09-24,162631.0490474338,22501.274090516567,140129.77495691724,2018
2018-09-25,162453.0763555347,22501.274090516567,139951.80226501814,2018
2018-09-26,162744.63120147886,22501.274090516567,140243.3571109623,2018
2018-09-27,164088.64735571275,22501.274090516567,141587.3732651962,2018
2018-09-28,162690.56706845737,22501.274090516567,140189.29297794082,2018
2018-10-01,164206.69615819133,22501.274090516567,141705.42206767478,2018
2018-10-02,161109.47140727358,22501.274090516567,138608.19731675702,2018
2018-10-03,160696.4921183325,22501.274090516567,138195.21802781595,2018
2018-10-04,157131.21798217553,49584.62890786966,107546.58907430588,2018
2018-10-05,154669.69025406893,49584.62890786966,105085.06134619928,2018
2018-10-08,153647.80366374127,22166.51502946015,131481.2886342811,2018
2018-10-09,155211.89105591012,22166.51502946015,133045.37602644996,2018
2018-10-10,150349.50416108753,22166.51502946015,128182.98913162737,2018
2018-10-11,149626.86751665588,22166.51502946015,127460.35248719573,2018
2018-10-12,150945.4981198739,22166.51502946015,128778.98309041373,2018
2018-10-15,150506.37940940427,22166.51502946015,128339.86437994412,2018
2018-10-16,155512.82112730123,22166.51502946015,133346.30609784106,2018
2018-10-17,153889.30609096674,22166.51502946015,131722.79106150658,2018
2018-10-18,151361.07264068266,22166.51502946015,129194.55761122251,2018
2018-10-19,147692.36322597676,45680.10064292418,102012.26258305258,2018
2018-10-22,147145.08417946234,45680.10064292418,101464.98353653817,2018
2018-10-23,150502.72039756516,45680.10064292418,104822.619754641,2018
2018-10-24,145525.48637553392,67311.77990665674,78213.70646887716,2018
2018-10-25,148398.16060104824,67311.77990665674,81086.3806943915,2018
2018-10-26,148182.3661538831,89144.8174725668,59037.5486813163,2018
2018-10-29,148048.4194644504,89144.8174725668,58903.60199188357,2018
2018-10-30,148219.56076955303,89144.8174725668,59074.74329698623,2018
2018-10-31,149929.7363364666,89144.8174725668,60784.918863899795,2018
2018-11-01,150653.49811219552,89144.8174725668,61508.68063962873,2018
2018-11-02,150642.92669144383,89144.8174725668,61498.10921887704,2018
2018-11-05,149837.8587295832,89144.8174725668,60693.04125701642,2018
2018-11-06,150012.8814800834,89144.8174725668,60868.0640075166,2018
2018-11-07,150933.30016230448,60318.951455697825,90614.34870660666,2018
2018-11-08,149589.06887632606,60318.951455697825,89270.11742062823,2018
2018-11-09,147554.3534093995,60318.951455697825,87235.4019537017,2018
2018-11-12,142876.53895739492,60318.951455697825,82557.5875016971,2018
2018-11-13,145568.34421491035,60318.951455697825,85249.39275921253,2018
2018-11-14,145417.76612123862,60318.951455697825,85098.81466554079,2018
2018-11-15,146582.37175919427,60318.951455697825,86263.42030349644,2018
2018-11-16,142649.8204934118,74257.6003792647,68392.22011414709,2018
2018-11-19,140141.4727848855,74257.6003792647,65883.87240562079,2018
2018-11-20,139246.78874648517,89327.15956821524,49919.629178269926,2018
2018-11-21,139163.65949230065,89327.15956821524,49836.49992408541,2018
2018-11-23,138159.57419150643,89327.15956821524,48832.41462329119,2018
2018-11-26,139840.89821504315,89327.15956821524,50513.73864682791,2018
2018-11-27,139757.97311609035,89327.15956821524,50430.8135478751,2018
2018-11-28,140931.22683242115,89327.15956821524,51604.06726420591,2018
2018-11-29,140457.87870635302,89327.15956821524,51130.71913813777,2018
2018-11-30,141461.1278916321,89327.15956821524,52133.96832341685,2018
2018-12-03,142586.36188756188,89327.15956821524,53259.202319346645,2018
2018-12-04,140876.66595307877,89327.15956821524,51549.50638486353,2018
2018-12-06,141604.6785147618,89327.15956821524,52277.51894654654,2018
2018-12-07,139984.95022599588,94475.05068519646,45509.89954079942,2018
2018-12-10,140638.89591418242,94475.05068519646,46163.845228985956,2018
2018-12-11,140225.95804773702,94475.05068519646,45750.907362540565,2018
2018-12-12,140908.7623884075,94475.05068519646,46433.71170321102,2018
2018-12-13,141427.85484866152,94475.05068519646,46952.80416346507,2018
2018-12-14,140643.16261859558,94475.05068519646,46168.11193339913,2018
2018-12-17,139729.4088172665,94475.05068519646,45254.35813207003,2018
2018-12-18,140835.91917759602,94475.05068519646,46360.86849239956,2018
2018-12-19,139592.1618056955,94475.05068519646,45117.111120499045,2018
2018-12-20,138782.3050581353,94475.05068519646,44307.254372938856,2018
2018-12-21,136556.91368494974,102393.68017505117,34163.23350989859,2018
2018-12-24,135559.10369806498,110422.53658205687,25136.56711600811,2018
2018-12-26,137398.40863597833,110422.53658205687,26975.872053921456,2018
2018-12-27,137209.9731783747,110422.53658205687,26787.436596317828,2018
2018-12-28,137438.57459639333,110422.53658205687,27016.038014336475,2018
2018-12-31,137458.3154855679,110422.53658205687,27035.778903511025,2018
2019-01-02,138395.47593580355,110422.53658205687,27972.939353746675,2019
2019-01-03,137297.74920592055,118103.7673293545,19193.981876566053,2019
2019-01-04,137929.86041264565,118103.7673293545,19826.09308329116,2019
2019-01-07,138564.21329318505,103914.49754095072,34649.71575223432,2019
2019-01-08,138756.33349153632,103914.49754095072,34841.83595058561,2019
2019-01-09,139252.32935963577,103914.49754095072,35337.83181868505,2019
2019-01-10,139346.03488329175,103914.49754095072,35431.537342341035,2019
2019-01-11,139628.12786840837,103914.49754095072,35713.63032745764,2019
2019-01-14,139391.87424767984,103914.49754095072,35477.37670672911,2019
2019-01-15,139598.7902333499,103914.49754095072,35684.29269239917,2019
2019-01-16,139263.286852444,103914.49754095072,35348.78931149328,2019
2019-01-17,139720.04776941077,103914.49754095072,35805.55022846004,2019
2019-01-18,140662.5128640288,103914.49754095072,36748.015323078085,2019
2019-01-22,139253.7986012307,103914.49754095072,35339.301060279984,2019
2019-01-23,139232.711064049,103914.49754095072,35318.21352309829,2019
2019-01-24,140498.27224406603,103914.49754095072,36583.77470311531,2019
2019-01-25,141853.48226631372,103914.49754095072,37938.98472536299,2019
2019-01-28,139868.91661878058,103914.49754095072,35954.419077829865,2019
2019-01-29,138864.65313079412,110274.19497200941,28590.458158784713,2019
2019-01-30,141139.48147693466,110274.19497200941,30865.28650492525,2019
2019-01-31,142452.58999629843,110274.19497200941,32178.395024289028,2019
2019-02-01,142722.10730879323,110274.19497200941,32447.912336783804,2019
2019-02-04,142966.87396751755,110274.19497200941,32692.67899550814,2019
2019-02-05,142903.37674306793,110274.19497200941,32629.18177105852,2019
2019-02-06,143293.9275206387,110274.19497200941,33019.7325486293,2019
2019-02-07,142251.82382255077,96004.95084650454,46246.872976046216,2019
2019-02-08,141984.7314523518,96004.95084650454,45979.78060584728,2019
2019-02-11,142254.12179302744,96004.95084650454,46249.17094652291,2019
2019-02-12,142843.66113280362,96004.95084650454,46838.71028629909,2019
2019-02-13,143512.91681654175,96004.95084650454,47507.9659700372,2019
2019-02-14,143424.10756789712,96004.95084650454,47419.156721392596,2019
2019-02-15,143938.03650160614,96004.95084650454,47933.085655101604,2019
2019-02-19,143966.63297294363,96004.95084650454,47961.6821264391,2019
2019-02-20,144024.9641618597,96004.95084650454,48020.01331535518,2019
2019-02-21,143273.4403749021,96004.95084650454,47268.489528397564,2019
2019-02-22,144145.19869585626,96004.95084650454,48140.24784935172,2019
2019-02-25,145018.64783257435,96004.95084650454,49013.696986069815,2019
2019-02-26,144981.77110053,96004.95084650454,48976.82025402547,2019
2019-02-27,144910.790763286,96004.95084650454,48905.83991678145,2019
2019-02-28,144542.43786644028,96004.95084650454,48537.48701993574,2019
2019-03-01,144037.47543206037,96004.95084650454,48032.52458555582,2019
2019-03-04,143631.32525885297,96004.95084650454,47626.37441234842,2019
2019-03-05,142682.73753745164,96004.95084650454,46677.7866909471,2019
2019-03-06,140715.9446930964,104715.91170642005,36000.03298667632,2019
2019-03-07,140328.29849609168,77152.13489923187,63176.16359685982,2019
2019-03-08,140728.31377462787,77152.13489923187,63576.17887539601,2019
2019-03-11,142802.1437055017,77152.13489923187,65650.00880626983,2019
2019-03-12,143051.28130507428,77152.13489923187,65899.14640584242,2019
2019-03-13,143907.98160848595,77152.13489923187,66755.84670925408,2019
2019-03-14,143397.34785935274,77152.13489923187,66245.21296012087,2019
2019-03-15,143967.87703863968,77152.13489923187,66815.7421394078,2019
2019-03-18,144303.0006994136,77152.13489923187,67150.86580018174,2019
2019-03-19,146415.98941548556,77152.13489923187,69263.85451625369,2019
2019-03-20,146032.345004735,77152.13489923187,68880.21010550312,2019
2019-03-21,150447.51274709447,77152.13489923187,73295.3778478626,2019
2019-03-22,147530.12108925037,77152.13489923187,70377.98619001852,2019
2019-03-25,146417.62652105422,77152.13489923187,69265.49162182235,2019
2019-03-26,146811.39967441617,77152.13489923187,69659.26477518432,2019
2019-03-27,145561.16581360187,77152.13489923187,68409.03091436999,2019
2019-03-28,145859.6311931323,77152.13489923187,68707.49629390043,2019
2019-03-29,147044.32386454035,77152.13489923187,69892.18896530848,2019
2019-04-01,148341.90558094205,77152.13489923187,71189.77068171017,2019
2019-04-02,148644.00268046837,77152.13489923187,71491.86778123649,2019
2019-04-03,150631.42297462642,77152.13489923187,73479.28807539455,2019
2019-04-04,149929.01057364474,77152.13489923187,72776.87567441288,2019
2019-04-05,150400.1304078566,77152.13489923187,73247.99550862472,2019
2019-04-08,149089.11959108346,48385.989254124666,100703.1303369588,2019
2019-04-09,147037.52469447177,48385.989254124666,98651.5354403471,2019
2019-04-10,147292.6709800262,48385.989254124666,98906.68172590152,2019
2019-04-11,147253.09030567488,48385.989254124666,98867.10105155023,2019
2019-04-12,146832.40370906983,48385.989254124666,98446.41445494516,2019
2019-04-15,146428.24870983147,48385.989254124666,98042.25945570681,2019
2019-04-16,147339.81192328018,48385.989254124666,98953.8226691555,2019
2019-04-17,146397.2045989274,48385.989254124666,98011.21534480272,2019
2019-04-18,146592.29026609077,48385.989254124666,98206.3010119661,2019
2019-04-22,146592.6702322016,48385.989254124666,98206.68097807694,2019
2019-04-23,146443.82133165095,48385.989254124666,98057.83207752627,2019
2019-04-24,147123.58941320406,48385.989254124666,98737.60015907939,2019
2019-04-25,146870.89543382736,48385.989254124666,98484.90617970271,2019
2019-04-26,147058.12259729725,48385.989254124666,98672.1333431726,2019
2019-04-29,146920.0856921622,48385.989254124666,98534.09643803752,2019
2019-04-30,146433.32621129995,48385.989254124666,98047.33695717528,2019
2019-05-01,145837.87171470668,48385.989254124666,97451.88246058201,2019
2019-05-02,147211.93898768263,48385.989254124666,98825.94973355795,2019
2019-05-03,147458.22847185243,48385.989254124666,99072.23921772778,2019
2019-05-06,145936.9109790742,48385.989254124666,97550.92172494953,2019
2019-05-07,142857.81335932203,40999.04696975254,101858.76638956947,2019
2019-05-08,142801.21964964847,40999.04696975254,101802.17267989594,2019
2019-05-09,141987.85905969416,40999.04696975254,100988.81208994164,2019
2019-05-10,142683.74926507275,40999.04696975254,101684.70229532022,2019
2019-05-13,138114.72794913145,40999.04696975254,97115.6809793789,2019
2019-05-14,140132.3759693735,40999.04696975254,99133.32899962096,2019
2019-05-15,140836.84217339678,40999.04696975254,99837.79520364423,2019
2019-05-16,140350.54365992208,40999.04696975254,99351.49669016954,2019
2019-05-17,137518.74319758863,40999.04696975254,96519.69622783609,2019
2019-05-20,134278.46197682113,57932.35606887975,76346.10590794137,2019
2019-05-21,135619.1464618039,57932.35606887975,77686.79039292416,2019
2019-05-22,133334.74694681237,74504.72857265982,58830.01837415256,2019
2019-05-23,131776.50298447898,91841.49176474803,39935.01121973095,2019
2019-05-24,131721.33366327145,91841.49176474803,39879.84189852341,2019
2019-05-28,133732.13369055314,91841.49176474803,41890.64192580509,2019
2019-05-29,132659.51711233682,91841.49176474803,40818.02534758878,2019
2019-05-30,132639.07175541483,91841.49176474803,40797.57999066681,2019
2019-05-31,131907.65176329264,91841.49176474803,40066.15999854461,2019
2019-06-03,130866.60077643488,91841.49176474803,39025.10901168684,2019
2019-06-04,132659.3963846219,91841.49176474803,40817.904619873865,2019
2019-06-05,132435.69049565605,91841.49176474803,40594.198730908014,2019
2019-06-06,134262.39309568482,91841.49176474803,42420.90133093679,2019
2019-06-07,135042.3757664901,108028.49783760631,27013.877928883794,2019
2019-06-10,135587.9496641374,108028.49783760631,27559.451826531116,2019
2019-06-11,135682.20398000526,108028.49783760631,27653.70614239894,2019
2019-06-12,135385.1491932598,108028.49783760631,27356.651355653492,2019
2019-06-13,135485.3762436001,108028.49783760631,27456.878405993783,2019
2019-06-14,134954.30960702465,108028.49783760631,26925.811769418342,2019
2019-06-17,135169.7203242355,108028.49783760631,27141.22248662918,2019
2019-06-18,135915.259165605,108028.49783760631,27886.76132799869,2019
2019-06-19,136075.9455875469,108028.49783760631,28047.447749940617,2019
2019-06-20,135840.34401003155,108028.49783760631,27811.84617242523,2019
2019-06-21,135535.788802868,108028.49783760631,27507.290965261673,2019
2019-06-24,135542.8036658646,108028.49783760631,27514.30582825829,2019
2019-06-25,134922.23662404704,108028.49783760631,26893.738786440746,2019
2019-06-26,135513.27083319452,108028.49783760631,27484.7729955882,2019
2019-06-27,135978.77771235406,108028.49783760631,27950.27987474775,2019
2019-06-28,135880.40402454213,108028.49783760631,27851.906186935812,2019
2019-07-01,136344.76701018534,108028.49783760631,28316.269172579036,2019
2019-07-02,136184.89942740524,108028.49783760631,28156.40158979894,2019
2019-07-03,136463.8217664215,108028.49783760631,28435.32392881518,2019
2019-07-05,136620.6959015397,108028.49783760631,28592.198063933385,2019
2019-07-08,136765.1221002255,105986.04433517762,30779.077765047878,2019
2019-07-09,136985.21069023685,105986.04433517762,30999.16635505924,2019
2019-07-10,137645.4007714424,105986.04433517762,31659.35643626476,2019
2019-07-11,138192.1669943463,105986.04433517762,32206.12265916867,2019
2019-07-12,138652.2720294792,105986.04433517762,32666.227694301582,2019
2019-07-15,138845.25324730205,105986.04433517762,32859.20891212443,2019
2019-07-16,138522.22441701035,105986.04433517762,32536.180081832725,2019
2019-07-17,138902.11661478417,105986.04433517762,32916.07227960655,2019
2019-07-18,138925.35696623413,105986.04433517762,32939.31263105651,2019
2019-07-19,139346.05667648514,105986.04433517762,33360.01234130753,2019
2019-07-22,139615.60765761483,105986.04433517762,33629.56332243721,2019
2019-07-23,139804.4355291117,105986.04433517762,33818.39119393408,2019
2019-07-24,140143.12883931166,105986.04433517762,34157.08450413403,2019
2019-07-25,138689.17936286516,105986.04433517762,32703.13502768753,2019
2019-07-26,138662.65685150438,105986.04433517762,32676.612516326746,2019
2019-07-29,138521.9399449093,105986.04433517762,32535.895609731684,2019
2019-07-30,138974.8672837691,105986.04433517762,32988.822948591485,2019
2019-07-31,138093.2731499559,105986.04433517762,32107.228814778275,2019
2019-08-01,137271.13826124487,105986.04433517762,31285.09392606723,2019
2019-08-02,137097.84257526378,105986.04433517762,31111.79824008616,2019
2019-08-05,135938.69425841895,111890.47487587693,24048.219382542033,2019
2019-08-06,136130.787681691,111890.47487587693,24240.312805814072,2019
2019-08-07,135973.5223761167,105372.5946327482,30600.927743368517,2019
2019-08-08,137453.62163894405,105372.5946327482,32081.02700619586,2019
2019-08-09,136943.1387547238,105372.5946327482,31570.544121975614,2019
2019-08-12,136347.88743430062,105372.5946327482,30975.292801552416,2019
2019-08-13,137082.2384581851,105372.5946327482,31709.643825436924,2019
2019-08-14,135609.79961172267,105372.5946327482,30237.20497897448,2019
2019-08-15,135341.2886261349,105372.5946327482,29968.693993386703,2019
2019-08-16,136496.55735529252,105372.5946327482,31123.96272254433,2019
2019-08-19,137495.9579445602,105372.5946327482,32123.363311812034,2019
2019-08-20,136998.59565854087,105372.5946327482,31626.001025792666,2019
2019-08-21,137269.04985042085,105372.5946327482,31896.45521767265,2019
2019-08-22,137396.49863038264,105372.5946327482,32023.903997634454,2019
2019-08-23,135755.14192778163,105372.5946327482,30382.54729503343,2019
2019-08-26,136271.87384759478,105372.5946327482,30899.27921484657,2019
2019-08-27,135970.81628201992,105372.5946327482,30598.221649271727,2019
2019-08-28,136277.06490245837,105372.5946327482,30904.470269710175,2019
2019-08-29,137174.43705155933,105372.5946327482,31801.842418811124,2019
2019-08-30,137455.85633553495,105372.5946327482,32083.261702786767,2019
2019-09-03,137093.2881260377,105372.5946327482,31720.69349328948,2019
2019-09-04,137695.48337437015,105372.5946327482,32322.88874162196,2019
2019-09-05,138965.1652957949,105372.5946327482,33592.570663046696,2019
2019-09-06,138767.04728921928,105372.5946327482,33394.45265647109,2019
2019-09-09,139008.58177880716,93816.1051457891,45192.47663301804,2019
2019-09-10,138065.98134331527,93816.1051457891,44249.876197526166,2019
2019-09-11,138759.10475456654,93816.1051457891,44942.999608777434,2019
2019-09-12,138748.47280322434,93816.1051457891,44932.36765743523,2019
2019-09-13,138897.45132868737,93816.1051457891,45081.346182898276,2019
2019-09-16,138875.1093763644,93816.1051457891,45059.0042305753,2019
2019-09-17,139230.15610607347,93816.1051457891,45414.05096028436,2019
2019-09-18,137581.2748529118,101106.17423882495,36475.10061408685,2019
2019-09-19,137359.48614240668,101106.17423882495,36253.31190358173,2019
2019-09-20,136355.6396781175,101106.17423882495,35249.465439292544,2019
2019-09-23,136513.6149839742,101106.17423882495,35407.44074514924,2019
2019-09-24,135015.44043728343,101106.17423882495,33909.26619845847,2019
2019-09-25,135832.86226213153,101106.17423882495,34726.68802330656,2019
2019-09-26,136263.7933132824,101106.17423882495,35157.619074457434,2019
2019-09-27,135738.28872020412,101106.17423882495,34632.11448137916,2019
2019-09-30,136024.2541093086,101106.17423882495,34918.07987048363,2019
2019-10-01,136161.7350505725,101106.17423882495,35055.56081174755,2019
2019-10-02,135871.8806671615,101106.17423882495,34765.70642833655,2019
2019-10-03,136005.48844258673,101106.17423882495,34899.31420376177,2019
2019-10-04,136216.42468040527,101106.17423882495,35110.25044158031,2019
2019-10-07,136576.7134125418,105840.03714255914,30736.67626998266,2019
2019-10-08,136206.07191358457,105840.03714255914,30366.03477102544,2019
2019-10-09,136966.3621005836,105840.03714255914,31126.32495802444,2019
2019-10-10,137298.85606053253,105840.03714255914,31458.818917973396,2019
2019-10-11,138103.73736262775,105840.03714255914,32263.700220068622,2019
2019-10-14,138237.63270403835,105840.03714255914,32397.59556147922,2019
2019-10-15,139576.54672435235,105840.03714255914,33736.50958179321,2019
2019-10-16,139398.59620510915,105840.03714255914,33558.55906254999,2019
2019-10-17,140044.4790806804,105840.03714255914,34204.44193812127,2019
2019-10-18,138572.8271292998,105840.03714255914,32732.78998674067,2019
2019-10-21,139151.6851359405,105840.03714255914,33311.647993381346,2019
2019-10-22,138630.04356810983,105840.03714255914,32790.006425550695,2019
2019-10-23,138674.65309414366,105840.03714255914,32834.61595158451,2019
2019-10-24,140384.50634741993,105840.03714255914,34544.46920486077,2019
2019-10-25,141770.75526560144,105840.03714255914,35930.71812304229,2019
2019-10-28,142799.93640081977,105840.03714255914,36959.89925826063,2019
2019-10-29,142299.27677397395,105840.03714255914,36459.23963141479,2019
2019-10-30,142594.7005841076,105840.03714255914,36754.66344154847,2019
2019-10-31,142260.89335739327,105840.03714255914,36420.856214834144,2019
2019-11-01,142333.219938107,105840.03714255914,36493.18279554786,2019
2019-11-04,142661.97268776092,105840.03714255914,36821.935545201784,2019
2019-11-05,142336.5821949969,105840.03714255914,36496.54505243777,2019
2019-11-06,142471.56037365526,105840.03714255914,36631.523231096115,2019
2019-11-07,141485.50554169802,84868.65658543629,56616.84895626172,2019
2019-11-08,141728.23832374933,84868.65658543629,56859.58173831306,2019
2019-11-11,143067.20330821682,84868.65658543629,58198.54672278054,2019
2019-11-12,144014.68432669848,84868.65658543629,59146.027741262194,2019
2019-11-13,144569.5129250813,84868.65658543629,59700.856339645004,2019
2019-11-14,145379.45286966066,84868.65658543629,60510.796284224365,2019
2019-11-15,146545.2431285977,84868.65658543629,61676.586543161415,2019
2019-11-18,146825.8287275989,84868.65658543629,61957.17214216262,2019
2019-11-19,146540.7867446571,84868.65658543629,61672.1301592208,2019
2019-11-20,146831.03084738704,84868.65658543629,61962.37426195075,2019
2019-11-21,146409.36051785236,84868.65658543629,61540.70393241607,2019
2019-11-22,146200.03138971538,84868.65658543629,61331.3748042791,2019
2019-11-25,146288.44950696058,84868.65658543629,61419.79292152428,2019
2019-11-26,146718.3057206252,84868.65658543629,61849.64913518893,2019
2019-11-27,146685.79735033933,84868.65658543629,61817.14076490305,2019
2019-11-29,146406.11629864882,84868.65658543629,61537.459713212535,2019
2019-12-02,143827.05172441262,97875.33413345682,45951.71759095579,2019
2019-12-03,143599.78150514298,97875.33413345682,45724.44737168614,2019
2019-12-04,143453.81888760073,97875.33413345682,45578.48475414392,2019
2019-12-05,143296.6616992731,97875.33413345682,45421.32756581629,2019
2019-12-06,143917.24318401434,97875.33413345682,46041.9090505575,2019
2019-12-09,143861.74247258992,79094.8132417706,64766.929230819325,2019
2019-12-10,144597.3928494732,79094.8132417706,65502.57960770261,2019
2019-12-11,144602.7507241392,79094.8132417706,65507.937482368594,2019
2019-12-12,145774.8666064642,79094.8132417706,66680.05336469361,2019
2019-12-13,144733.53318244143,79094.8132417706,65638.71994067085,2019
2019-12-16,146693.59735402558,79094.8132417706,67598.784112255,2019
2019-12-17,146787.06686129095,79094.8132417706,67692.25361952037,2019
2019-12-18,147187.36851399913,79094.8132417706,68092.55527222854,2019
2019-12-19,148568.0659158932,79094.8132417706,69473.25267412262,2019
2019-12-20,149288.38958988176,79094.8132417706,70193.57634811118,2019
2019-12-23,150381.49940901823,79094.8132417706,71286.68616724764,2019
2019-12-24,151529.31727260322,79094.8132417706,72434.50403083264,2019
2019-12-26,151733.78398286726,79094.8132417706,72638.97074109668,2019
2019-12-27,150918.06750178826,79094.8132417706,71823.25426001767,2019
2019-12-30,148958.44184728467,79094.8132417706,69863.6286055141,2019
2019-12-31,149660.71103285468,79094.8132417706,70565.8977910841,2019
2020-01-02,151836.74089503905,79094.8132417706,72741.92765326847,2020
2020-01-03,151915.17647366872,79094.8132417706,72820.36323189813,2020
2020-01-06,152814.34451571014,79094.8132417706,73719.53127393956,2020
2020-01-07,152955.15237130434,43896.90230357676,109058.25006772757,2020
2020-01-08,152329.94742985914,43896.90230357676,108433.04512628236,2020
2020-01-09,152830.83279008753,43896.90230357676,108933.93048651077,2020
2020-01-10,151296.4155935027,43896.90230357676,107399.51328992595,2020
2020-01-13,152586.99225033904,43896.90230357676,108690.08994676228,2020
2020-01-14,152623.44775694696,43896.90230357676,108726.5454533702,2020
2020-01-15,152145.5679409315,43896.90230357676,108248.66563735474,2020
2020-01-16,152862.25381244346,43896.90230357676,108965.3515088667,2020
2020-01-17,152233.9477542243,43896.90230357676,108337.04545064752,2020
2020-01-21,152676.59946973197,43896.90230357676,108779.69716615522,2020
2020-01-22,152494.5868465153,43896.90230357676,108597.68454293854,2020
2020-01-23,153410.4828500746,43896.90230357676,109513.58054649783,2020
2020-01-24,154478.69700076408,43896.90230357676,110581.79469718733,2020
2020-01-27,151412.42983740172,43896.90230357676,107515.52753382496,2020
2020-01-28,153356.02717433218,43896.90230357676,109459.1248707554,2020
2020-01-29,153242.4744805456,43896.90230357676,109345.57217696885,2020
2020-01-30,154572.93830896908,43896.90230357676,110676.03600539234,2020
2020-01-31,151499.96267405184,43896.90230357676,107603.06037047508,2020
2020-02-03,153593.40029487293,43896.90230357676,109696.49799129617,2020
2020-02-04,155965.95496133625,43896.90230357676,112069.05265775949,2020
2020-02-05,156075.75590575094,43896.90230357676,112178.85360217417,2020
2020-02-06,157623.903533849,43896.90230357676,113727.00123027222,2020
2020-02-07,156279.60088733456,29590.506001736198,126689.09488559834,2020
2020-02-10,159873.3066316313,29590.506001736198,130282.80062989511,2020
2020-02-11,161368.67640328128,29590.506001736198,131778.17040154507,2020
2020-02-12,162975.2054202734,29590.506001736198,133384.69941853723,2020
2020-02-13,164871.55194256996,29590.506001736198,135281.04594083378,2020
2020-02-14,163164.4358217562,29590.506001736198,133573.92982002,2020
2020-02-18,166040.67842242506,29590.506001736198,136450.17242068885,2020
2020-02-19,169184.25465071184,29590.506001736198,139593.74864897566,2020
2020-02-20,166612.15944166656,29590.506001736198,137021.65343993038,2020
2020-02-21,163088.23879158153,29590.506001736198,133497.73278984532,2020
2020-02-24,155004.9133760295,78474.83994907205,76530.07342695745,2020
2020-02-25,152124.45952188424,78474.83994907205,73649.6195728122,2020
2020-02-26,151426.5847639161,104853.51096866516,46573.07379525093,2020
2020-02-27,149742.08561260367,127098.7892840239,22643.296328579774,2020
2020-02-28,150066.6695053809,127098.7892840239,22967.880221357005,2020
2020-03-02,150540.41872311584,127098.7892840239,23441.629439091943,2020
2020-03-03,149281.46301629965,127098.7892840239,22182.673732275747,2020
2020-03-04,149981.94279962397,127098.7892840239,22883.153515600086,2020
2020-03-05,149195.54364345473,127098.7892840239,22096.754359430848,2020
2020-03-06,148708.66780428888,148708.66780428888,0.0,2020
2020-03-09,148675.20835403292,115215.75809806792,33459.450255965,2020
2020-03-10,150698.08494585677,115215.75809806792,35482.32684778886,2020
2020-03-11,149372.47207141903,115215.75809806792,34156.71397335111,2020
2020-03-12,146143.644858698,121208.85023205931,24934.794626638708,2020
2020-03-13,149201.2731614561,121208.85023205931,27992.422929396802,2020
2020-03-16,145101.90086378707,138773.82473628578,6328.076127501279,2020
2020-03-17,145488.63193501683,138773.82473628578,6714.807198731069,2020
2020-03-18,144781.7738767473,144781.7738767473,0.0,2020
2020-03-19,144781.7738767473,144781.7738767473,0.0,2020
2020-03-20,144781.7738767473,144781.7738767473,0.0,2020
2020-03-23,144781.7738767473,144781.7738767473,0.0,2020
2020-03-24,144781.7738767473,144781.7738767473,0.0,2020
2020-03-25,144781.7738767473,144781.7738767473,0.0,2020
2020-03-26,144781.7738767473,144781.7738767473,0.0,2020
2020-03-27,144781.7738767473,144781.7738767473,0.0,2020
2020-03-30,144781.7738767473,144781.7738767473,0.0,2020
2020-03-31,144781.7738767473,144781.7738767473,0.0,2020
2020-04-01,144781.7738767473,144781.7738767473,0.0,2020
2020-04-02,144781.7738767473,144781.7738767473,0.0,2020
2020-04-03,144781.7738767473,144781.7738767473,0.0,2020
2020-04-06,144781.7738767473,144781.7738767473,0.0,2020
2020-04-07,144760.05661066578,123042.79052915369,21717.266081512098,2020
2020-04-08,145673.3549005293,123042.79052915369,22630.56437137559,2020
2020-04-09,146731.47429987515,123042.79052915369,23688.683770721458,2020
2020-04-13,146504.3040479362,123042.79052915369,23461.5135187825,2020
2020-04-14,146516.9391562277,123042.79052915369,23474.148627073995,2020
2020-04-15,146288.02665910678,123042.79052915369,23245.236129953082,2020
2020-04-16,145470.15721124702,127227.62875040306,18242.528460843947,2020
2020-04-17,146617.05889434545,127227.62875040306,19389.43014394238,2020
2020-04-20,145967.3707703631,127227.62875040306,18739.742019960056,2020
2020-04-21,145261.83413733047,127227.62875040306,18034.2053869274,2020
2020-04-22,145674.15278382285,127227.62875040306,18446.524033419777,2020
2020-04-23,146486.84476175223,127227.62875040306,19259.216011349155,2020
2020-04-24,145910.21978341806,131184.53346883887,14725.686314579183,2020
2020-04-27,146499.15163650806,131184.53346883887,15314.618167669181,2020
2020-04-28,146267.51620399414,131184.53346883887,15082.982735155272,2020
2020-04-29,146322.65811839845,131184.53346883887,15138.124649559573,2020
2020-04-30,145668.4888784949,136345.89226703226,9322.59661146266,2020
2020-05-01,145397.0385488144,136345.89226703226,9051.146281782134,2020
2020-05-04,145382.554567747,136345.89226703226,9036.662300714714,2020
2020-05-05,145388.58271833204,136345.89226703226,9042.690451299768,2020
2020-05-06,145336.526229396,136345.89226703226,8990.633962363732,2020
2020-05-07,145512.3323828698,123682.2080067829,21830.12437608689,2020
2020-05-08,145761.97411716948,123682.2080067829,22079.766110386583,2020
2020-05-11,145418.085397397,123682.2080067829,21735.877390614096,2020
2020-05-12,144846.4822667827,123682.2080067829,21164.2742599998,2020
2020-05-13,143977.37893467507,123682.2080067829,20295.17092789219,2020
2020-05-14,144378.38006301713,127384.59705251614,16993.783010500993,2020
2020-05-15,144140.41527469095,127384.59705251614,16755.818222174814,2020
2020-05-18,145247.96508065087,127384.59705251614,17863.368028134733,2020
2020-05-19,144823.9841772281,127384.59705251614,17439.38712471196,2020
2020-05-20,145225.12148053662,127384.59705251614,17840.52442802048,2020
2020-05-21,145427.83522836608,127384.59705251614,18043.238175849936,2020
2020-05-22,145238.56122986885,127384.59705251614,17853.96417735271,2020
2020-05-26,146107.68263689612,127384.59705251614,18723.085584379973,2020
2020-05-27,146868.48765702493,127384.59705251614,19483.890604508782,2020
2020-05-28,146511.58145220613,127384.59705251614,19126.984399689994,2020
2020-05-29,146276.7134552016,127384.59705251614,18892.11640268546,2020
2020-06-01,146973.32351579893,127384.59705251614,19588.726463282794,2020
2020-06-02,147005.66830742153,127384.59705251614,19621.071254905386,2020
2020-06-03,148162.60255767193,127384.59705251614,20778.005505155783,2020
2020-06-04,148727.2564780605,127384.59705251614,21342.65942554436,2020
2020-06-05,150048.75724536632,127384.59705251614,22664.160192850173,2020
2020-06-08,151414.2002052848,117338.33809011981,34075.862115165,2020
2020-06-09,149680.70894227724,117338.33809011981,32342.37085215743,2020
2020-06-10,148614.20044833358,122897.97383867539,25716.226609658177,2020
2020-06-11,146149.83843402017,132938.48648657234,13211.35194744783,2020
2020-06-12,146112.03429585215,132938.48648657234,13173.547809279826,2020
2020-06-15,146635.54852064716,132938.48648657234,13697.062034074836,2020
2020-06-16,146938.7306168154,132938.48648657234,14000.244130243065,2020
2020-06-17,146715.61793890403,132938.48648657234,13777.131452331712,2020
2020-06-18,146877.18775122188,132938.48648657234,13938.701264649548,2020
2020-06-19,146776.25079580955,132938.48648657234,13837.764309237216,2020
2020-06-22,147085.668777309,132938.48648657234,14147.182290736682,2020
2020-06-23,147081.06600834752,132938.48648657234,14142.57952177518,2020
2020-06-24,147088.215121745,132938.48648657234,14149.728635172663,2020
2020-06-25,147186.46765444882,132938.48648657234,14247.981167876475,2020
2020-06-26,146971.39409879097,138630.6602677396,8340.733831051384,2020
2020-06-29,146703.7633800123,138630.6602677396,8073.103112272718,2020
2020-06-30,146865.51112462927,138630.6602677396,8234.850856889681,2020
2020-07-01,147047.07187640775,138630.6602677396,8416.41160866816,2020
2020-07-02,147131.84288168472,138630.6602677396,8501.18261394514,2020
2020-07-06,147107.80837282224,138630.6602677396,8477.148105082644,2020
2020-07-07,147110.42871957898,114003.13311616295,33107.29560341603,2020
2020-07-08,147374.05191827336,114003.13311616295,33370.918802110406,2020
2020-07-09,147054.9322522089,114003.13311616295,33051.799136045964,2020
2020-07-10,148611.34304019652,114003.13311616295,34608.20992403358,2020
2020-07-13,147416.4707904145,114003.13311616295,33413.337674251525,2020
2020-07-14,147876.4860893884,114003.13311616295,33873.35297322546,2020
2020-07-15,149056.6977215382,114003.13311616295,35053.56460537524,2020
2020-07-16,147860.017521888,114003.13311616295,33856.884405725046,2020
2020-07-17,147626.73453163303,114003.13311616295,33623.601415470075,2020
2020-07-20,148698.88560616603,114003.13311616295,34695.75249000307,2020
2020-07-21,148321.77842716424,114003.13311616295,34318.64531100131,2020
2020-07-22,148286.7636439553,114003.13311616295,34283.630527792324,2020
2020-07-23,147651.05920937934,114003.13311616295,33647.92609321639,2020
2020-07-24,146941.2302365471,114003.13311616295,32938.09712038415,2020
2020-07-27,147598.3555790303,114003.13311616295,33595.22246286733,2020
2020-07-28,147390.6099989091,114003.13311616295,33387.47688274614,2020
2020-07-29,147311.53076643712,114003.13311616295,33308.39765027417,2020
2020-07-30,146976.27202046872,114003.13311616295,32973.138904305786,2020
2020-07-31,146585.837984797,119851.69367357866,26734.144311218326,2020
2020-08-03,147565.16001357784,119851.69367357866,27713.4663399992,2020
2020-08-04,147789.3398197264,119851.69367357866,27937.646146147723,2020
2020-08-05,148252.87523821648,119851.69367357866,28401.181564637838,2020
2020-08-06,148326.11983152313,119851.69367357866,28474.426157944472,2020
2020-08-07,147715.8189106002,59033.11794365992,88682.70096694029,2020
2020-08-10,148629.7831773408,59033.11794365992,89596.66523368088,2020
2020-08-11,146036.34919781447,59033.11794365992,87003.23125415457,2020
2020-08-12,146718.98432498917,59033.11794365992,87685.86638132925,2020
2020-08-13,146113.72332017688,59033.11794365992,87080.60537651696,2020
2020-08-14,146503.5882280092,59033.11794365992,87470.47028434929,2020
2020-08-17,145201.5663578557,59033.11794365992,86168.4484141958,2020
2020-08-18,144456.0925436954,59033.11794365992,85422.97460003551,2020
2020-08-19,144425.36819809646,59033.11794365992,85392.25025443654,2020
2020-08-20,144734.30017494468,59033.11794365992,85701.18223128475,2020
2020-08-21,143687.76132859796,59033.11794365992,84654.64338493804,2020
2020-08-24,146141.95669506377,59033.11794365992,87108.83875140385,2020
2020-08-25,146123.9497106146,59033.11794365992,87090.83176695468,2020
2020-08-26,148148.3052693826,59033.11794365992,89115.18732572268,2020
2020-08-27,147975.37343290166,59033.11794365992,88942.25548924174,2020
2020-08-28,150304.82544081172,59033.11794365992,91271.7074971518,2020
2020-08-31,149748.04508582916,59033.11794365992,90714.92714216924,2020
2020-09-01,150347.57018508745,59033.11794365992,91314.45224142753,2020
2020-09-02,150899.45483262144,59033.11794365992,91866.33688896151,2020
2020-09-03,147664.1530775802,59033.11794365992,88631.03513392029,2020
2020-09-04,146880.78413119286,74017.02363739684,72863.76049379603,2020
2020-09-08,144887.73088151892,57902.90145495164,86984.82942656727,2020
2020-09-09,149908.11686110173,57902.90145495164,92005.21540615009,2020
2020-09-10,147330.46314267328,57902.90145495164,89427.56168772164,2020
2020-09-11,145550.95588079182,57902.90145495164,87648.05442584016,2020
2020-09-14,148888.28128392054,57902.90145495164,90985.3798289689,2020
2020-09-15,149606.8734995099,57902.90145495164,91703.97204455826,2020
2020-09-16,147322.13814259306,57902.90145495164,89419.23668764142,2020
2020-09-17,146886.73352168655,57902.90145495164,88983.8320667349,2020
2020-09-18,146982.2654879268,57902.90145495164,89079.36403297517,2020
2020-09-21,150960.43184237878,57902.90145495164,93057.53038742713,2020
2020-09-22,153148.0244097326,57902.90145495164,95245.12295478096,2020
2020-09-23,151359.16934613016,57902.90145495164,93456.26789117852,2020
2020-09-24,149685.73776599672,57902.90145495164,91782.83631104507,2020
2020-09-25,153857.5524260805,57902.90145495164,95954.65097112888,2020
2020-09-28,154456.3842970778,57902.90145495164,96553.48284212616,2020
2020-09-29,153982.12403110912,57902.90145495164,96079.22257615748,2020
2020-09-30,155165.02762406884,57902.90145495164,97262.12616911718,2020
2020-10-01,157305.83547792837,57902.90145495164,99402.93402297673,2020
2020-10-02,154866.2706243321,57902.90145495164,96963.36916938046,2020
2020-10-05,158014.85405797005,57902.90145495164,100111.9526030184,2020
2020-10-06,156515.54303819788,57902.90145495164,98612.64158324624,2020
2020-10-07,157898.1346571741,65473.657563627545,92424.47709354653,2020
2020-10-08,158444.52687501148,65473.657563627545,92970.86931138393,2020
2020-10-09,159429.2752898091,65473.657563627545,93955.61772618156,2020
2020-10-12,160388.1821799262,65473.657563627545,94914.52461629866,2020
2020-10-13,159590.96635326938,65473.657563627545,94117.30878964183,2020
2020-10-14,158728.21086676436,65473.657563627545,93254.55330313681,2020
2020-10-15,159977.78809524173,65473.657563627545,94504.13053161418,2020
2020-10-16,160689.67989336792,65473.657563627545,95216.02232974037,2020
2020-10-19,160131.8529971047,65473.657563627545,94658.19543347716,2020
2020-10-20,159123.08833864934,65473.657563627545,93649.43077502178,2020
2020-10-21,157580.3105550452,65473.657563627545,92106.65299141765,2020
2020-10-22,159581.70245350135,65473.657563627545,94108.0448898738,2020
2020-10-23,158840.77793731523,65473.657563627545,93367.12037368768,2020
2020-10-26,157781.5155006667,65473.657563627545,92307.85793703914,2020
2020-10-27,157078.8710394166,65473.657563627545,91605.21347578906,2020
2020-10-28,153995.20136099248,65473.657563627545,88521.54379736492,2020
2020-10-29,153478.91320194656,65473.657563627545,88005.25563831901,2020
2020-10-30,151175.46440372546,100066.32273176807,51109.141671957404,2020
2020-11-02,152260.25751905612,100066.32273176807,52193.934787288046,2020
2020-11-03,153831.4591326566,100066.32273176807,53765.13640088853,2020
2020-11-04,152249.07644393266,100066.32273176807,52182.75371216457,2020
2020-11-05,153966.33575150074,100066.32273176807,53900.013019732665,2020
2020-11-06,153666.19149368122,100066.32273176807,53599.86876191315,2020
2020-11-09,160654.49896334799,100386.461337983,60268.03762536499,2020
2020-11-10,159624.8057630104,100386.461337983,59238.34442502741,2020
2020-11-11,160110.03085420025,100386.461337983,59723.56951621725,2020
2020-11-12,159987.16543184684,100386.461337983,59600.70409386384,2020
2020-11-13,161389.23535545118,100386.461337983,61002.774017468175,2020
2020-11-16,161675.07718068123,100386.461337983,61288.615842698215,2020
2020-11-17,163558.15055974768,100386.461337983,63171.68922176468,2020
2020-11-18,165112.17285987717,100386.461337983,64725.71152189416,2020
2020-11-19,166390.61547355025,100386.461337983,66004.15413556725,2020
2020-11-20,166647.3171371638,100386.461337983,66260.8557991808,2020
2020-11-23,168375.097865089,100386.461337983,67988.63652710599,2020
2020-11-24,169176.3365571809,100386.461337983,68789.87521919791,2020
2020-11-25,170707.31170665828,100386.461337983,70320.8503686753,2020
2020-11-27,171813.96994558058,100386.461337983,71427.5086075976,2020
2020-11-30,170845.71041655354,100386.461337983,70459.24907857054,2020
2020-12-01,171493.46263105195,100386.461337983,71107.00129306894,2020
2020-12-02,173051.49447730643,100386.461337983,72665.03313932342,2020
2020-12-03,174908.93764960227,100386.461337983,74522.47631161928,2020
2020-12-04,174395.31814610993,100386.461337983,74008.85680812693,2020
2020-12-07,177248.42558552782,124057.94076442313,53190.4848211047,2020
2020-12-08,177461.49987856747,124057.94076442313,53403.55911414436,2020
2020-12-09,175847.00885443034,124057.94076442313,51789.06809000723,2020
2020-12-10,176422.44256781857,124057.94076442313,52364.50180339545,2020
2020-12-11,176129.1537280602,124057.94076442313,52071.21296363707,2020
2020-12-14,176265.85548682438,124057.94076442313,52207.914722401256,2020
2020-12-15,176412.39789127477,124057.94076442313,52354.45712685166,2020
2020-12-16,176882.4175316369,124057.94076442313,52824.47676721378,2020
2020-12-17,176604.95423406633,124057.94076442313,52547.013469643214,2020
2020-12-18,175931.46597000663,124057.94076442313,51873.52520558351,2020
2020-12-21,175726.32309113946,124057.94076442313,51668.38232671634,2020
2020-12-22,175883.89687770483,124057.94076442313,51825.95611328171,2020
2020-12-23,175107.77961788754,124057.94076442313,51049.838853464425,2020
2020-12-24,174753.63394724918,124057.94076442313,50695.69318282605,2020
2020-12-28,174407.59103564796,124057.94076442313,50349.65027122482,2020
2020-12-29,174994.22889215732,124057.94076442313,50936.288127734195,2020
2020-12-30,174743.6541192506,124057.94076442313,50685.71335482746,2020
2020-12-31,174343.05744788938,132856.37865135545,41486.678796533924,2020
2021-01-04,173464.22647649917,132856.37865135545,40607.847825143705,2021
2021-01-05,174225.3247635316,132856.37865135545,41368.946112176134,2021
2021-01-06,173781.54803807347,132856.37865135545,40925.169386718,2021
2021-01-07,174139.9124185128,60875.347379203944,113264.56503930887,2021
2021-01-08,174173.63418703811,60875.347379203944,113298.28680783419,2021
2021-01-11,172644.73002447822,60875.347379203944,111769.3826452743,2021
2021-01-12,174747.01150874177,60875.347379203944,113871.66412953782,2021
2021-01-13,175362.77622377028,60875.347379203944,114487.42884456634,2021
2021-01-14,177221.3499721071,60875.347379203944,116346.00259290315,2021
2021-01-15,176924.0830345332,60875.347379203944,116048.73565532925,2021
2021-01-19,178506.2755675695,60875.347379203944,117630.92818836556,2021
2021-01-20,179110.48978917877,60875.347379203944,118235.14240997481,2021
2021-01-21,180546.39211162168,60875.347379203944,119671.04473241774,2021
2021-01-22,180543.9508152253,60875.347379203944,119668.60343602137,2021
2021-01-25,184294.16306644498,60875.347379203944,123418.81568724103,2021
2021-01-26,184348.47404094128,60875.347379203944,123473.12666173732,2021
2021-01-27,183010.693858291,60875.347379203944,122135.34647908705,2021
2021-01-28,184199.45756314407,60875.347379203944,123324.11018394012,2021
2021-01-29,185463.38101256161,60875.347379203944,124588.03363335767,2021
2021-02-01,183816.55157871995,60875.347379203944,122941.20419951601,2021
2021-02-02,186255.51871227962,60875.347379203944,125380.17133307568,2021
2021-02-03,187651.50542783475,60875.347379203944,126776.15804863082,2021
2021-02-04,190407.88242224182,60875.347379203944,129532.53504303787,2021
2021-02-05,192884.66649452283,60875.347379203944,132009.31911531888,2021
2021-02-08,194398.76425433485,67957.38058963516,126441.38366469971,2021
2021-02-09,194422.29353020305,67957.38058963516,126464.91294056788,2021
2021-02-10,191216.69856845855,67957.38058963516,123259.31797882341,2021
2021-02-11,190975.74695779453,67957.38058963516,123018.36636815936,2021
2021-02-12,191380.17921723594,67957.38058963516,123422.7986276008,2021
2021-02-16,192016.36162568486,67957.38058963516,124058.9810360497,2021
2021-02-17,190358.71919677468,67957.38058963516,122401.33860713952,2021
2021-02-18,187786.38413433114,67957.38058963516,119829.003544696,2021
2021-02-19,189140.30239722462,67957.38058963516,121182.92180758946,2021
2021-02-22,184832.81313332252,88884.01401317967,95948.79912014284,2021
2021-02-23,183737.92676334648,88884.01401317967,94853.91275016681,2021
2021-02-24,187405.98656074746,88884.01401317967,98521.9725475678,2021
2021-02-25,182939.3457740442,111335.73988510166,71603.60588894253,2021
2021-02-26,183025.806723313,111335.73988510166,71690.06683821135,2021
2021-03-01,186116.9589370009,111335.73988510166,74781.21905189924,2021
2021-03-02,186481.44557703723,111335.73988510166,75145.70569193558,2021
2021-03-03,187024.28577860567,111335.73988510166,75688.545893504,2021
2021-03-04,185547.8275089594,111335.73988510166,74212.08762385775,2021
2021-03-05,186682.93414739467,111335.73988510166,75347.194262293,2021
2021-03-08,187596.63198545302,65579.51006566072,122017.12191979229,2021
2021-03-09,199186.87535236473,65579.51006566072,133607.365286704,2021
2021-03-10,199768.1902325005,65579.51006566072,134188.68016683977,2021
2021-03-11,204701.54234298808,65579.51006566072,139122.03227732735,2021
2021-03-12,205717.677221794,65579.51006566072,140138.16715613328,2021
2021-03-15,207353.16442303042,65579.51006566072,141773.6543573697,2021
2021-03-16,204468.9064545968,65579.51006566072,138889.3963889361,2021
2021-03-17,207656.8190235146,65579.51006566072,142077.30895785388,2021
2021-03-18,199936.8911792943,65579.51006566072,134357.38111363357,2021
2021-03-19,200970.04962207828,65579.51006566072,135390.53955641756,2021
2021-03-22,202911.3390536432,65579.51006566072,137331.82898798247,2021
2021-03-23,199556.76471266942,65579.51006566072,133977.2546470087,2021
2021-03-24,194650.73210926598,65579.51006566072,129071.22204360526,2021
2021-03-25,195580.08190921115,65579.51006566072,130000.57184355042,2021
2021-03-26,194616.8952505082,88463.64097538502,106153.25427512321,2021
2021-03-29,195051.8720205694,88463.64097538502,106588.2310451844,2021
2021-03-30,195731.03281799995,88463.64097538502,107267.39184261495,2021
2021-03-31,199258.09497296286,88463.64097538502,110794.45399757786,2021
2021-04-01,200632.11881564668,88463.64097538502,112168.47784026168,2021
2021-04-05,203082.69645042758,88463.64097538502,114619.05547504257,2021
2021-04-06,202388.1450367485,88463.64097538502,113924.50406136348,2021
2021-04-07,201926.02039319745,70588.73790400114,131337.2824891963,2021
2021-04-08,203733.29735627267,70588.73790400114,133144.55945227153,2021
2021-04-09,203390.51772375323,70588.73790400114,132801.7798197521,2021
2021-04-12,205534.3726635726,70588.73790400114,134945.63475957146,2021
2021-04-13,208244.33207038374,70588.73790400114,137655.5941663826,2021
2021-04-14,205159.34138230127,70588.73790400114,134570.60347830012,2021
2021-04-15,207208.87124020726,70588.73790400114,136620.1333362061,2021
2021-04-16,206503.491452425,70588.73790400114,135914.75354842385,2021
2021-04-19,203827.3043846882,70588.73790400114,133238.56648068706,2021
2021-04-20,202101.01178312342,70588.73790400114,131512.27387912228,2021
2021-04-21,202238.58883041784,70588.73790400114,131649.8509264167,2021
2021-04-22,198827.13759296748,70588.73790400114,128238.39968896634,2021
2021-04-23,200613.10602095388,70588.73790400114,130024.36811695274,2021
2021-04-26,202405.06947580134,70588.73790400114,131816.3315718002,2021
2021-04-27,201248.30546802044,70588.73790400114,130659.5675640193,2021
2021-04-28,199007.17788342666,70588.73790400114,128418.4399794255,2021
2021-04-29,199151.6602640852,70588.73790400114,128562.92236008405,2021
2021-04-30,199324.96801511082,70588.73790400114,128736.23011110966,2021
2021-05-03,197632.03701987228,70588.73790400114,127043.29911587112,2021
2021-05-04,195670.4493815435,70588.73790400114,125081.71147754237,2021
2021-05-05,195064.63703856088,70588.73790400114,124475.89913455972,2021
2021-05-06,195133.03221636036,70588.73790400114,124544.29431235921,2021
2021-05-07,196980.74552563112,37296.99781422368,159683.74771140743,2021
2021-05-10,191674.86701218731,37296.99781422368,154377.86919796365,2021
2021-05-11,190756.43393232476,37296.99781422368,153459.43611810106,2021
2021-05-12,185343.72117131145,37296.99781422368,148046.7233570878,2021
2021-05-13,183880.3854551172,37296.99781422368,146583.38764089355,2021
2021-05-14,189038.19057333953,37296.99781422368,151741.19275911583,2021
2021-05-17,188023.46255550097,37296.99781422368,150726.4647412773,2021
2021-05-18,188696.35604694864,37296.99781422368,151399.35823272495,2021
2021-05-19,187294.87052648576,64060.65669420055,123234.2138322852,2021
2021-05-20,191224.5114332027,64060.65669420055,127163.85473900213,2021
2021-05-21,191670.68801036154,64060.65669420055,127610.03131616098,2021
2021-05-24,192873.64958856365,64060.65669420055,128812.9928943631,2021
2021-05-25,193178.38802654456,64060.65669420055,129117.73133234402,2021
2021-05-26,196142.91273971376,64060.65669420055,132082.2560455132,2021
2021-05-27,199368.73780266035,64060.65669420055,135308.0811084598,2021
2021-05-28,199426.50692936213,64060.65669420055,135365.85023516158,2021
2021-06-01,200553.3569913158,64060.65669420055,136492.70029711525,2021
2021-06-02,202086.93826583136,64060.65669420055,138026.2815716308,2021
2021-06-03,200407.90134009087,64060.65669420055,136347.2446458903,2021
2021-06-04,203217.4384126524,64060.65669420055,139156.78171845185,2021
2021-06-07,206182.4058435397,20451.082393248755,185731.32345029092,2021
2021-06-08,204896.9993645482,20451.082393248755,184445.91697129945,2021
2021-06-09,203813.04211770673,20451.082393248755,183361.95972445796,2021
2021-06-10,205230.94786531164,20451.082393248755,184779.8654720629,2021
2021-06-11,205697.8834886275,20451.082393248755,185246.80109537873,2021
2021-06-14,205961.5256581856,20451.082393248755,185510.44326493685,2021
2021-06-15,204315.94857852347,20451.082393248755,183864.86618527473,2021
2021-06-16,204225.92534578755,20451.082393248755,183774.8429525388,2021
2021-06-17,206302.60271632223,20451.082393248755,185851.5203230735,2021
2021-06-18,205798.4621909379,20451.082393248755,185347.37979768915,2021
2021-06-21,205936.59867831192,20451.082393248755,185485.51628506315,2021
2021-06-22,206464.24014695466,20451.082393248755,186013.15775370592,2021
2021-06-23,209419.78975830285,20451.082393248755,188968.70736505408,2021
2021-06-24,211993.71893600933,20451.082393248755,191542.6365427606,2021
2021-06-25,210954.14403035742,20451.082393248755,190503.06163710865,2021
2021-06-28,212397.79697897722,20451.082393248755,191946.71458572845,2021
2021-06-29,213180.42446510418,20451.082393248755,192729.34207185544,2021
2021-06-30,214691.2487679629,20451.082393248755,194240.16637471417,2021
2021-07-01,214948.11907614552,20451.082393248755,194497.03668289675,2021
2021-07-02,216345.32943809277,20451.082393248755,195894.24704484403,2021
2021-07-06,214100.0052439249,20451.082393248755,193648.92285067617,2021
2021-07-07,210191.81715947224,41903.73296453848,168288.08419493376,2021
2021-07-08,210955.7617160647,41903.73296453848,169052.02875152623,2021
2021-07-09,214004.1446713984,41903.73296453848,172100.41170685992,2021
2021-07-12,217630.3490940054,41903.73296453848,175726.61612946691,2021
2021-07-13,214411.48180377847,41903.73296453848,172507.74883924,2021
2021-07-14,213285.75720238045,41903.73296453848,171382.02423784198,2021
2021-07-15,214665.76076512923,41903.73296453848,172762.02780059076,2021
2021-07-16,216369.5599779472,41903.73296453848,174465.82701340874,2021
2021-07-19,219472.87836551256,41903.73296453848,177569.14540097408,2021
2021-07-20,221275.07551300092,41903.73296453848,179371.34254846245,2021
2021-07-21,224933.94659163718,41903.73296453848,183030.2136270987,2021
2021-07-22,223960.69684430727,41903.73296453848,182056.9638797688,2021
2021-07-23,231426.91683635284,41903.73296453848,189523.18387181437,2021
2021-07-26,231563.84232083353,41903.73296453848,189660.10935629506,2021
2021-07-27,228135.6521371281,41903.73296453848,186231.91917258964,2021
2021-07-28,232316.27468954553,41903.73296453848,190412.54172500706,2021
2021-07-29,232655.1015460734,41903.73296453848,190751.36858153492,2021
2021-07-30,232056.1973081345,41903.73296453848,190152.46434359602,2021
2021-08-02,231327.87394495477,41903.73296453848,189424.1409804163,2021
2021-08-03,238170.3963084424,41903.73296453848,196266.66334390393,2021
2021-08-04,242953.2747169922,41903.73296453848,201049.54175245372,2021
2021-08-05,242590.18447947004,74313.87901227639,168276.30546719366,2021
2021-08-06,243039.75739097726,74313.87901227639,168725.87837870087,2021
2021-08-09,254997.2341936688,50836.11794573542,204161.11624793336,2021
2021-08-10,248397.95527332844,50836.11794573542,197561.837327593,2021
2021-08-11,241705.94722737378,83312.59739097423,158393.34983639955,2021
2021-08-12,241040.80757705838,83312.59739097423,157728.21018608415,2021
2021-08-13,241588.20963628564,83312.59739097423,158275.6122453114,2021
2021-08-16,238701.43730604375,83312.59739097423,155388.83991506952,2021
2021-08-17,237459.9850907033,83312.59739097423,154147.38769972906,2021
2021-08-18,233868.80719001614,83312.59739097423,150556.2097990419,2021
2021-08-19,234777.15329774044,83312.59739097423,151464.5559067662,2021
2021-08-20,238963.6082248616,83312.59739097423,155651.01083388735,2021
2021-08-23,244975.60827053353,83312.59739097423,161663.0108795593,2021
2021-08-24,243642.83516524133,83312.59739097423,160330.2377742671,2021
2021-08-25,244421.9871397614,83312.59739097423,161109.38974878716,2021
2021-08-26,241979.14777982474,83312.59739097423,158666.5503888505,2021
2021-08-27,245994.8264622719,83312.59739097423,162682.22907129768,2021
2021-08-30,246679.3266110481,83312.59739097423,163366.72922007387,2021
2021-08-31,246318.63507716125,83312.59739097423,163006.03768618702,2021
2021-09-01,246752.4189317614,83312.59739097423,163439.82154078718,2021
2021-09-02,244012.8611159655,83312.59739097423,160700.26372499127,2021
2021-09-03,245358.32125874842,83312.59739097423,162045.72386777418,2021
2021-09-07,245489.47951985436,48940.656845831676,196548.82267402267,2021
2021-09-08,242871.50276995724,48940.656845831676,193930.84592412555,2021
2021-09-09,245966.5243516598,48940.656845831676,197025.86750582812,2021
2021-09-10,245224.5317699178,48940.656845831676,196283.87492408615,2021
2021-09-13,240072.51887051872,48940.656845831676,191131.86202468706,2021
2021-09-14,240183.88955310255,48940.656845831676,191243.2327072709,2021
2021-09-15,241099.10827836505,48940.656845831676,192158.4514325334,2021
2021-09-16,241439.3483406895,48940.656845831676,192498.69149485783,2021
2021-09-17,240303.233209382,48940.656845831676,191362.57636355032,2021
2021-09-20,236599.39707066555,48940.656845831676,187658.74022483386,2021
2021-09-21,237995.9757393605,48940.656845831676,189055.3188935288,2021
2021-09-22,239252.4246210446,48940.656845831676,190311.76777521294,2021
2021-09-23,241915.1682966461,48940.656845831676,192974.51145081443,2021
2021-09-24,238240.89132686198,48940.656845831676,189300.2344810303,2021
2021-09-27,236266.2322754074,48940.656845831676,187325.57542957575,2021
2021-09-28,228109.82583665504,83550.07454340608,144559.75129324896,2021
2021-09-29,226985.03019143804,83550.07454340608,143434.95564803196,2021
2021-09-30,229087.76231262408,83550.07454340608,145537.687769218,2021
2021-10-01,229808.31709282048,83550.07454340608,146258.2425494144,2021
2021-10-04,226443.1584914032,83550.07454340608,142893.08394799713,2021
2021-10-05,227270.55923815462,83550.07454340608,143720.48469474853,2021
2021-10-06,228397.55150036234,116790.91271638172,111606.63878398063,2021
2021-10-07,231188.2212773021,92392.01078462525,138796.21049267685,2021
2021-10-08,230167.76983315122,92392.01078462525,137775.75904852597,2021
2021-10-11,229471.20090925923,92392.01078462525,137079.19012463398,2021
2021-10-12,230391.53215104947,92392.01078462525,137999.52136642422,2021
2021-10-13,232754.76293282834,92392.01078462525,140362.7521482031,2021
2021-10-14,236128.75930785228,92392.01078462525,143736.74852322703,2021
2021-10-15,234989.70572067975,92392.01078462525,142597.6949360545,2021
2021-10-18,238224.80233218425,92392.01078462525,145832.791547559,2021
2021-10-19,239733.90600338418,92392.01078462525,147341.89521875893,2021
2021-10-20,238773.1627442983,92392.01078462525,146381.15195967304,2021
2021-10-21,241187.0288956141,92392.01078462525,148795.01811098884,2021
2021-10-22,238432.90966288885,92392.01078462525,146040.8988782636,2021
2021-10-25,242731.02974092533,92392.01078462525,150339.01895630007,2021
2021-10-26,243259.5149739726,92392.01078462525,150867.50418934735,2021
2021-10-27,241516.2190930515,92392.01078462525,149124.20830842626,2021
2021-10-28,243829.75879602635,92392.01078462525,151437.7480114011,2021
2021-10-29,245783.8434194496,92392.01078462525,153391.83263482436,2021
2021-11-01,246253.6733110338,92392.01078462525,153861.66252640856,2021
2021-11-02,247139.65686737894,92392.01078462525,154747.6460827537,2021
2021-11-03,248396.16831446032,92392.01078462525,156004.15752983507,2021
2021-11-04,248732.97207416254,117877.46465447253,130855.50741969001,2021
2021-11-05,248019.15124510572,117877.46465447253,130141.6865906332,2021
2021-11-08,250066.0931458596,87417.41095762851,162648.6821882311,2021
2021-11-09,244429.87716129993,87417.41095762851,157012.4662036714,2021
2021-11-10,243764.0102225876,87417.41095762851,156346.59926495908,2021
2021-11-11,243727.77880120682,87417.41095762851,156310.3678435783,2021
2021-11-12,244257.35598041824,87417.41095762851,156839.94502278973,2021
2021-11-15,243989.73271933763,87417.41095762851,156572.3217617091,2021
2021-11-16,245500.80653743225,87417.41095762851,158083.39557980374,2021
2021-11-17,243519.06743235808,87417.41095762851,156101.65647472956,2021
2021-11-18,245471.8948229901,87417.41095762851,158054.4838653616,2021
2021-11-19,248162.1635727178,87417.41095762851,160744.7526150893,2021
2021-11-22,246632.79112767923,87417.41095762851,159215.38017005072,2021
2021-11-23,244681.06422279603,87417.41095762851,157263.65326516752,2021
2021-11-24,247342.00494846184,87417.41095762851,159924.59399083332,2021
2021-11-26,242943.3004529124,87417.41095762851,155525.8894952839,2021
2021-11-29,247502.1916265125,87417.41095762851,160084.780668884,2021
2021-11-30,244799.44120598625,87417.41095762851,157382.03024835774,2021
2021-12-01,239853.4090464507,87417.41095762851,152435.99808882218,2021
2021-12-02,242041.52795117948,87417.41095762851,154624.11699355097,2021
2021-12-03,237790.6164840853,87417.41095762851,150373.2055264568,2021
2021-12-06,240028.7188645348,87417.41095762851,152611.3079069063,2021
2021-12-07,245735.824713284,68678.54968169672,177057.27503158728,2021
2021-12-08,246540.8941429735,68678.54968169672,177862.34446127678,2021
2021-12-09,242766.99297460302,68678.54968169672,174088.4432929063,2021
2021-12-10,241343.04294876786,68678.54968169672,172664.49326707114,2021
2021-12-13,240238.73051212545,68678.54968169672,171560.18083042873,2021
2021-12-14,239159.65479984536,68678.54968169672,170481.10511814864,2021
2021-12-15,243775.22021594297,68678.54968169672,175096.67053424625,2021
2021-12-16,240676.296396133,68678.54968169672,171997.74671443627,2021
2021-12-17,241971.8268526522,68678.54968169672,173293.27717095547,2021
2021-12-20,236440.69319725354,68678.54968169672,167762.14351555682,2021
2021-12-21,241484.36547131982,68678.54968169672,172805.8157896231,2021
2021-12-22,240393.53885374978,68678.54968169672,171714.98917205306,2021
2021-12-23,241571.65676466998,100031.51458407647,141540.1421805935,2021
2021-12-27,244059.37052931535,100031.51458407647,144027.85594523887,2021
2021-12-28,243936.51298417084,100031.51458407647,143904.99840009437,2021
2021-12-29,242254.71462211432,100031.51458407647,142223.20003803784,2021
2021-12-30,241406.81015029957,100031.51458407647,141375.2955662231,2021
2021-12-31,240532.18042794953,100031.51458407647,140500.66584387305,2021
2022-01-03,244580.54127673467,100031.51458407647,144549.0266926582,2022
2022-01-04,243640.3156277472,100031.51458407647,143608.8010436707,2022
2022-01-05,238641.26181643453,100031.51458407647,138609.74723235806,2022
2022-01-06,238207.6230738507,100031.51458407647,138176.10848977423,2022
2022-01-07,237559.8006849346,66393.50445849865,171166.29622643595,2022
2022-01-10,241140.17168640517,66393.50445849865,174746.66722790652,2022
2022-01-11,241980.39405531783,66393.50445849865,175586.88959681918,2022
2022-01-12,244052.8009885746,66393.50445849865,177659.29653007595,2022
2022-01-13,237282.49136685842,66393.50445849865,170888.98690835977,2022
2022-01-14,238786.2791317127,66393.50445849865,172392.77467321407,2022
2022-01-18,231525.33392442449,96264.76841821712,135260.56550620735,2022
2022-01-19,225660.3846283045,96264.76841821712,129395.61621008738,2022
2022-01-20,221753.75248969413,96264.76841821712,125488.98407147701,2022
2022-01-21,216833.57078630777,154556.55481514143,62277.015971166344,2022
2022-01-24,215778.91918832326,215778.91918832326,0.0,2022
2022-01-25,215778.91918832326,215778.91918832326,0.0,2022
2022-01-26,215778.91918832326,215778.91918832326,0.0,2022
2022-01-27,215778.91918832326,215778.91918832326,0.0,2022
2022-01-28,215778.91918832326,215778.91918832326,0.0,2022
2022-01-31,215778.91918832326,215778.91918832326,0.0,2022
2022-02-01,215778.91918832326,215778.91918832326,0.0,2022
2022-02-02,215778.91918832326,215778.91918832326,0.0,2022
2022-02-03,215778.91918832326,215778.91918832326,0.0,2022
2022-02-04,215778.91918832326,215778.91918832326,0.0,2022
2022-02-07,215681.8186746885,118581.30503994302,97100.51363474547,2022
2022-02-08,217029.33296402308,118581.30503994302,98448.02792408006,2022
2022-02-09,220216.12294451127,118581.30503994302,101634.81790456825,2022
2022-02-10,217216.78806434595,118581.30503994302,98635.48302440291,2022
2022-02-11,211375.92995214858,118581.30503994302,92794.62491220557,2022
2022-02-14,212204.78297357116,118581.30503994302,93623.47793362814,2022
2022-02-15,216534.20194304225,118581.30503994302,97952.89690309923,2022
2022-02-16,215784.1401761518,118581.30503994302,97202.83513620877,2022
2022-02-17,211181.6723752917,136226.9509449832,74954.7214303085,2022
2022-02-18,209701.73177235038,136226.9509449832,73474.7808273672,2022
2022-02-22,208097.1797293526,136226.9509449832,71870.22878436939,2022
2022-02-23,205105.19186553088,170161.55606861232,34943.63579691856,2022
2022-02-24,206698.3266131853,170161.55606861232,36536.770544572966,2022
2022-02-25,207245.8617537815,170161.55606861232,37084.30568516917,2022
2022-02-28,207265.62508059863,170161.55606861232,37104.06901198633,2022
2022-03-01,206316.88380635765,170161.55606861232,36155.32773774533,2022
2022-03-02,206827.76039210678,170161.55606861232,36666.20432349447,2022
2022-03-03,205873.155472992,170161.55606861232,35711.59940437967,2022
2022-03-04,205344.3017146929,170161.55606861232,35182.74564608057,2022
2022-03-07,203169.08917410584,121868.93344217072,81300.15573193513,2022
2022-03-08,203628.07925374387,121868.93344217072,81759.14581157315,2022
2022-03-09,207017.3457549715,121868.93344217072,85148.41231280078,2022
2022-03-10,205182.3390171377,121868.93344217072,83313.405574967,2022
2022-03-11,202338.03301450892,121868.93344217072,80469.09957233821,2022
2022-03-14,200933.4611632966,121868.93344217072,79064.52772112587,2022
2022-03-15,204086.89327588398,121868.93344217072,82217.95983371325,2022
2022-03-16,207956.183464723,121868.93344217072,86087.25002255227,2022
2022-03-17,209161.38839392617,121868.93344217072,87292.45495175546,2022
2022-03-18,211318.71929250535,121868.93344217072,89449.78585033462,2022
2022-03-21,211204.98276658013,121868.93344217072,89336.04932440941,2022
2022-03-22,213483.0313358757,121868.93344217072,91614.097893705,2022
2022-03-23,212446.2351216502,121868.93344217072,90577.30167947948,2022
2022-03-24,214396.59510748973,121868.93344217072,92527.66166531903,2022
2022-03-25,214396.95385283598,121868.93344217072,92528.02041066528,2022
2022-03-28,216257.80306475272,121868.93344217072,94388.86962258202,2022
2022-03-29,218208.96809389145,121868.93344217072,96340.03465172074,2022
2022-03-30,216368.97964316292,121868.93344217072,94500.0462009922,2022
2022-03-31,213222.17765084642,121868.93344217072,91353.24420867572,2022
2022-04-01,213032.58444035967,121868.93344217072,91163.65099818894,2022
2022-04-04,216390.75741634634,121868.93344217072,94521.82397417564,2022
2022-04-05,213647.8420526849,121868.93344217072,91778.90861051418,2022
2022-04-06,210634.9609075868,138242.68234106974,72392.27856651707,2022
2022-04-07,210318.67386103084,126157.53986301932,84161.13399801153,2022
2022-04-08,209066.8974680815,126157.53986301932,82909.35760506219,2022
2022-04-11,206392.4128710578,126157.53986301932,80234.8730080385,2022
2022-04-12,205727.960342013,126157.53986301932,79570.42047899368,2022
2022-04-13,207268.74782727123,126157.53986301932,81111.20796425191,2022
2022-04-14,205048.72432564778,126157.53986301932,78891.18446262846,2022
2022-04-18,205672.7049762123,126157.53986301932,79515.16511319298,2022
2022-04-19,207240.5013852502,126157.53986301932,81082.96152223086,2022
2022-04-20,199375.84857567187,136670.53581790705,62705.312757764834,2022
2022-04-21,196062.69162979667,164902.97865466325,31159.712975133403,2022
2022-04-22,195419.52831841767,179206.80089128733,16212.727427130321,2022
2022-04-25,195070.99834373602,179206.80089128733,15864.197452448676,2022
2022-04-26,194974.29547032653,179206.80089128733,15767.494579039185,2022
2022-04-27,194945.0840245799,179206.80089128733,15738.283133292585,2022
2022-04-28,195504.14237200093,179206.80089128733,16297.341480713609,2022
2022-04-29,194988.3978125904,179206.80089128733,15781.596921303068,2022
2022-05-02,195298.65087943582,179206.80089128733,16091.849988148479,2022
2022-05-03,195574.65562036037,179206.80089128733,16367.854729073042,2022
2022-05-04,196088.3851202932,179206.80089128733,16881.58422900588,2022
2022-05-05,195954.41210026632,179206.80089128733,16747.611208978993,2022
2022-05-06,196400.65324661633,179206.80089128733,17193.852355328996,2022
2022-05-09,195223.87911612942,170817.84347215775,24406.035643971674,2022
2022-05-10,195325.31948181152,170817.84347215775,24507.476009653765,2022
2022-05-11,195060.56726779338,170817.84347215775,24242.723795635615,2022
2022-05-12,194928.77758533595,170817.84347215775,24110.934113178195,2022
2022-05-13,196033.55976103427,170817.84347215775,25215.716288876512,2022
2022-05-16,196244.7703946863,170817.84347215775,25426.92692252855,2022
2022-05-17,197108.08005970667,170817.84347215775,26290.23658754892,2022
2022-05-18,195960.10833758628,170817.84347215775,25142.26486542853,2022
2022-05-19,195800.81478092872,170817.84347215775,24982.971308770964,2022
2022-05-20,195500.50350829744,170817.84347215775,24682.660036139678,2022
2022-05-23,196399.0155276865,170817.84347215775,25581.172055528765,2022
2022-05-24,195817.53392381885,170817.84347215775,24999.69045166109,2022
2022-05-25,196137.33414776993,170817.84347215775,25319.490675612167,2022
2022-05-26,197067.24627305815,170817.84347215775,26249.40280090039,2022
2022-05-27,197658.6455505141,170817.84347215775,26840.802078356362,2022
2022-05-31,197530.77317650628,170817.84347215775,26712.92970434853,2022
2022-06-01,197299.82595638544,170817.84347215775,26481.982484227698,2022
2022-06-02,197963.86283751795,170817.84347215775,27146.019365360193,2022
2022-06-03,197574.81633867265,170817.84347215775,26756.972866514887,2022
2022-06-06,197544.42341029528,170817.84347215775,26726.579938137525,2022
2022-06-07,197653.4180365274,172943.65206121455,24709.765975312843,2022
2022-06-08,197699.36214879365,172943.65206121455,24755.71008757908,2022
2022-06-09,196726.3119347075,172943.65206121455,23782.659873492965,2022
2022-06-10,195572.50471119344,172943.65206121455,22628.85264997887,2022
2022-06-13,194029.14923286176,189566.11041291486,4463.038819946889,2022
2022-06-14,194135.75854209924,189566.11041291486,4569.64812918438,2022
2022-06-15,194386.28342682205,189566.11041291486,4820.173013907197,2022
2022-06-16,193974.60354031238,189566.11041291486,4408.493127397532,2022
2022-06-17,194050.31932285702,189566.11041291486,4484.208909942158,2022
2022-06-21,194469.79172172965,189566.11041291486,4903.681308814803,2022
2022-06-22,194450.13871892617,189566.11041291486,4884.028306011321,2022
2022-06-23,194429.10657464518,189566.11041291486,4862.996161730328,2022
2022-06-24,194649.15176981795,189566.11041291486,5083.041356903107,2022
2022-06-27,194632.87764785113,189566.11041291486,5066.767234936267,2022
2022-06-28,194379.31858874473,189566.11041291486,4813.208175829875,2022
2022-06-29,194292.98319585758,189566.11041291486,4726.872782942733,2022
2022-06-30,194209.88842242755,189566.11041291486,4643.7780095127055,2022
2022-07-01,194267.60655074002,189566.11041291486,4701.496137825164,2022
2022-07-05,194387.66256829957,189566.11041291486,4821.552155384708,2022
2022-07-06,194360.07942308407,189566.11041291486,4793.969010169221,2022
2022-07-07,194600.75731547194,170272.62163407778,24328.135681394175,2022
2022-07-08,194589.44936100033,170272.62163407778,24316.827726922536,2022
2022-07-11,193419.8643154711,170272.62163407778,23147.242681393298,2022
2022-07-12,193203.95743447045,170272.62163407778,22931.335800392677,2022
2022-07-13,193417.92088281113,170272.62163407778,23145.29924873337,2022
2022-07-14,193317.21691988205,170272.62163407778,23044.595285804262,2022
2022-07-15,194150.19373593564,170272.62163407778,23877.572101857855,2022
2022-07-18,194390.56224975735,170272.62163407778,24117.940615679563,2022
2022-07-19,195466.1475030322,170272.62163407778,25193.525868954435,2022
2022-07-20,196533.41920892286,170272.62163407778,26260.79757484508,2022
2022-07-21,197360.9323265467,170272.62163407778,27088.310692468905,2022
2022-07-22,196573.67660110642,170272.62163407778,26301.054967028645,2022
2022-07-25,196230.16880745866,170272.62163407778,25957.54717338088,2022
2022-07-26,195294.09700341083,170272.62163407778,25021.475369333068,2022
2022-07-27,196879.78376978092,170272.62163407778,26607.162135703147,2022
2022-07-28,196845.94545639327,170272.62163407778,26573.32382231549,2022
2022-07-29,197679.55724786385,170272.62163407778,27406.935613786074,2022
2022-08-01,197842.90869377955,170272.62163407778,27570.287059701786,2022
2022-08-02,197767.60978067518,170272.62163407778,27494.9881465974,2022
2022-08-03,198619.70088758395,170272.62163407778,28347.079253506177,2022
2022-08-04,199002.43899994125,170272.62163407778,28729.817365863477,2022
2022-08-05,198273.6754287333,170272.62163407778,28001.05379465552,2022
2022-08-08,198115.00183179762,158484.07528012776,39630.92655166987,2022
2022-08-09,197421.57081531978,158484.07528012776,38937.49553519203,2022
2022-08-10,198839.18947803706,158484.07528012776,40355.11419790932,2022
2022-08-11,198797.55428376156,158484.07528012776,40313.47900363381,2022
2022-08-12,199695.76311593511,158484.07528012776,41211.68783580736,2022
2022-08-15,199730.42643442564,158484.07528012776,41246.351154297896,2022
2022-08-16,199486.51298684877,158484.07528012776,41002.437706721,2022
2022-08-17,198795.94052806988,158484.07528012776,40311.86524794213,2022
2022-08-18,199258.51801566314,158484.07528012776,40774.44273553539,2022
2022-08-19,197926.79651008622,158484.07528012776,39442.72122995845,2022
2022-08-22,196843.37191424938,158484.07528012776,38359.296634121616,2022
2022-08-23,197033.6703786111,158484.07528012776,38549.59509848334,2022
2022-08-24,197228.34356446174,158484.07528012776,38744.26828433397,2022
2022-08-25,198420.77672504043,158484.07528012776,39936.701444912665,2022
2022-08-26,196391.38791296992,158484.07528012776,37907.31263284218,2022
2022-08-29,195850.96665400092,165522.89146636878,30328.07518763215,2022
2022-08-30,195398.5867459634,165522.89146636878,29875.695279594624,2022
2022-08-31,195320.0017790082,172245.1396037669,23074.862175241287,2022
2022-09-01,195396.861503367,172245.1396037669,23151.721899600085,2022
2022-09-02,195156.1082675152,172245.1396037669,22910.968663748303,2022
2022-09-06,194955.01086611085,172245.1396037669,22709.871262343964,2022
2022-09-07,195099.5369703951,156071.82403372874,39027.71293666635,2022
2022-09-08,194952.28478329378,156071.82403372874,38880.46074956504,2022
2022-09-09,195953.22617273137,156071.82403372874,39881.40213900262,2022
2022-09-12,196298.9800286363,156071.82403372874,40227.15599490755,2022
2022-09-13,193844.0120284526,156071.82403372874,37772.187994723834,2022
2022-09-14,194177.46814170928,156071.82403372874,38105.64410798052,2022
2022-09-15,193407.2370372636,156071.82403372874,37335.413003534864,2022
2022-09-16,192974.7635779386,156071.82403372874,36902.93954420985,2022
2022-09-19,193194.08526473434,156071.82403372874,37122.261231005614,2022
2022-09-20,192623.1846940381,156071.82403372874,36551.36066030935,2022
2022-09-21,191757.83809392012,162988.23826541557,28769.599828504543,2022
2022-09-22,191689.14842177613,162988.23826541557,28700.91015636055,2022
2022-09-23,190901.80959024688,169847.3258107022,21054.48377954467,2022
2022-09-26,190734.32350330075,169847.3258107022,20886.997692598554,2022
2022-09-27,190713.21511702944,169847.3258107022,20865.889306327226,2022
2022-09-28,191425.8698623989,169847.3258107022,21578.544051696677,2022
2022-09-29,191134.5898884543,169847.3258107022,21287.264077752086,2022
2022-09-30,190792.5623837008,169847.3258107022,20945.236572998594,2022
2022-10-03,191539.71096412395,169847.3258107022,21692.38515342175,2022
2022-10-04,192225.0991604202,169847.3258107022,22377.77334971801,2022
2022-10-05,192383.99376644904,169847.3258107022,22536.66795574684,2022
2022-10-06,192713.95067710849,169847.3258107022,22866.624866406295,2022
2022-10-07,192222.3686110097,168191.5686846427,24030.799926367,2022
2022-10-10,192076.32260638394,168191.5686846427,23884.753921741227,2022
2022-10-11,191369.6027818978,168191.5686846427,23178.034097255084,2022
2022-10-12,191593.92680109444,168191.5686846427,23402.35811645175,2022
2022-10-13,192557.63530549683,168191.5686846427,24366.066620854137,2022
2022-10-14,192060.13478276704,168191.5686846427,23868.566098124345,2022
2022-10-17,193447.04555451596,168191.5686846427,25255.47686987327,2022
2022-10-18,193827.71417777266,168191.5686846427,25636.145493129978,2022
2022-10-19,194225.35343992547,168191.5686846427,26033.784755282762,2022
2022-10-20,194147.95749965234,168191.5686846427,25956.388815009643,2022
2022-10-21,195356.80816407644,168191.5686846427,27165.239479433738,2022
2022-10-24,195304.01837154123,168191.5686846427,27112.449686898515,2022
2022-10-25,195848.00446562358,168191.5686846427,27656.435780980893,2022
2022-10-26,195770.40646317706,168191.5686846427,27578.837778534373,2022
2022-10-27,195697.52986930945,168191.5686846427,27505.961184666754,2022
2022-10-28,195732.14366619935,168191.5686846427,27540.574981556663,2022
2022-10-31,195444.25745327663,172489.25593252675,22955.001520749887,2022
2022-11-01,195480.814140633,172489.25593252675,22991.558208106253,2022
2022-11-02,194987.12271617493,172489.25593252675,22497.866783648165,2022
2022-11-03,194962.43277657958,172489.25593252675,22473.176844052832,2022
2022-11-04,195376.59336518554,172489.25593252675,22887.3374326588,2022
2022-11-07,195421.38545290765,163660.24913215803,31761.136320749614,2022
2022-11-08,195693.42647133168,163660.24913215803,32033.177339173664,2022
2022-11-09,194396.2202636568,163660.24913215803,30735.971131498776,2022
2022-11-10,197668.68664315884,163660.24913215803,34008.43751100081,2022
2022-11-11,198780.36100987176,163660.24913215803,35120.11187771373,2022
2022-11-14,198749.98357488235,163660.24913215803,35089.73444272432,2022
2022-11-15,199554.48849952852,163660.24913215803,35894.239367370494,2022
2022-11-16,198547.46607038472,163660.24913215803,34887.21693822669,2022
2022-11-17,198698.4467255054,163660.24913215803,35038.19759334738,2022
2022-11-18,198517.60837969647,163660.24913215803,34857.35924753843,2022
2022-11-21,197865.88427713173,163660.24913215803,34205.6351449737,2022
2022-11-22,198870.56232553642,163660.24913215803,35210.31319337839,2022
2022-11-23,199313.94323237948,163660.24913215803,35653.694100221444,2022
2022-11-25,198779.90612299615,163660.24913215803,35119.65699083813,2022
2022-11-28,197975.7684313643,163660.24913215803,34315.51929920627,2022
2022-11-29,197752.90874726436,163660.24913215803,34092.65961510633,2022
2022-11-30,199756.13711740472,163660.24913215803,36095.88798524669,2022
2022-12-01,199782.15889066376,163660.24913215803,36121.909758505724,2022
2022-12-02,199266.34711379913,163660.24913215803,35606.097981641105,2022
2022-12-05,198834.8351748747,163660.24913215803,35174.58604271668,2022
2022-12-06,197739.77672456013,163660.24913215803,34079.527592402104,2022
2022-12-07,197448.4470562923,165357.85968919765,32090.58736709464,2022
2022-12-08,197400.17454157994,165357.85968919765,32042.314852382282,2022
2022-12-09,196848.70820875542,165357.85968919765,31490.848519557752,2022
2022-12-12,197327.5399204487,165357.85968919765,31969.680231251055,2022
2022-12-13,197940.97009928196,165357.85968919765,32583.11041008431,2022
2022-12-14,197524.2365511913,165357.85968919765,32166.376861993645,2022
2022-12-15,196631.6415533556,165357.85968919765,31273.781864157965,2022
2022-12-16,196333.53180545627,165357.85968919765,30975.67211625862,2022
2022-12-19,196092.37592736472,165357.85968919765,30734.516238167063,2022
2022-12-20,196403.9682537481,165357.85968919765,31046.108564550454,2022
2022-12-21,196884.65461073234,165357.85968919765,31526.794921534678,2022
2022-12-22,196045.3845992355,165357.85968919765,30687.52491003785,2022
2022-12-23,196680.99751800142,165357.85968919765,31323.137828803763,2022
2022-12-27,196491.88116758765,165357.85968919765,31134.021478390016,2022
2022-12-28,196025.39439322182,165357.85968919765,30667.53470402416,2022
2022-12-29,196664.1351871186,165357.85968919765,31306.27549792097,2022
2022-12-30,196741.4885772003,165357.85968919765,31383.62888800265,2022
2023-01-03,196359.16172964434,165357.85968919765,31001.302040446695,2023
2023-01-04,196231.0124076238,165357.85968919765,30873.15271842618,2023
2023-01-05,196023.17522241728,165357.85968919765,30665.315533219647,2023
2023-01-06,196473.99511649643,165357.85968919765,31116.135427298774,2023
2023-01-09,196645.03502254357,157308.16064315898,39336.87437938458,2023
2023-01-10,196839.2339945797,157308.16064315898,39531.07335142071,2023
2023-01-11,197443.29932701262,157308.16064315898,40135.13868385365,2023
2023-01-12,198063.8228051173,157308.16064315898,40755.662161958324,2023
2023-01-13,198284.68261449772,157308.16064315898,40976.521971338756,2023
2023-01-17,199340.52768354755,157308.16064315898,42032.36704038857,2023
2023-01-18,198635.99385988122,157308.16064315898,41327.83321672225,2023
2023-01-19,198142.71492874663,157308.16064315898,40834.55428558767,2023
2023-01-20,199797.11725374172,157308.16064315898,42488.956610582725,2023
2023-01-23,201681.9875193262,157308.16064315898,44373.82687616722,2023
2023-01-24,201740.54223951485,157308.16064315898,44432.38159635588,2023
2023-01-25,201785.2392133008,157308.16064315898,44477.078570141835,2023
2023-01-26,203926.86337372594,157308.16064315898,46618.702730566954,2023
2023-01-27,205462.4937799825,157308.16064315898,48154.33313682352,2023
2023-01-30,203764.96106151913,157308.16064315898,46456.80041836016,2023
2023-01-31,204811.5070928773,157308.16064315898,47503.34644971833,2023
2023-02-01,206503.23090890617,157308.16064315898,49195.07026574719,2023
2023-02-02,208226.58332790236,157308.16064315898,50918.42268474339,2023
2023-02-03,207845.7406699927,157308.16064315898,50537.580026833704,2023
2023-02-06,207825.5837447479,157308.16064315898,50517.42310158892,2023
2023-02-07,209081.35587835018,114952.38769741119,94128.96818093899,2023
2023-02-08,207827.7111138157,114952.38769741119,92875.3234164045,2023
2023-02-09,207311.0403215554,114952.38769741119,92358.6526241442,2023
2023-02-10,204962.01489981223,114952.38769741119,90009.62720240105,2023
2023-02-13,206551.44287389822,114952.38769741119,91599.05517648703,2023
2023-02-14,209046.109005147,114952.38769741119,94093.72130773583,2023
2023-02-15,209525.01434730983,114952.38769741119,94572.62664989862,2023
2023-02-16,206271.16054795065,114952.38769741119,91318.77285053948,2023
2023-02-17,205835.33363159155,114952.38769741119,90882.94593418036,2023
2023-02-21,202600.4098181284,114952.38769741119,87648.02212071719,2023
2023-02-22,202764.71950261964,114952.38769741119,87812.33180520844,2023
2023-02-23,205537.8164241524,114952.38769741119,90585.42872674121,2023
2023-02-24,203826.00972681917,114952.38769741119,88873.62202940797,2023
2023-02-27,204845.73675902432,114952.38769741119,89893.34906161312,2023
2023-02-28,205056.72465731,114952.38769741119,90104.3369598988,2023
2023-03-01,204065.78347440757,114952.38769741119,89113.39577699639,2023
2023-03-02,204118.850381613,114952.38769741119,89166.46268420183,2023
2023-03-03,206960.45870539203,114952.38769741119,92008.07100798082,2023
2023-03-06,205782.36761120468,114952.38769741119,90829.97991379348,2023
2023-03-07,204502.55440725415,107317.67824763263,97184.8761596215,2023
2023-03-08,205629.50522568173,107317.67824763263,98311.8269780491,2023
2023-03-09,202812.37771796502,107317.67824763263,95494.69947033239,2023
2023-03-10,201053.21833933855,107317.67824763263,93735.54009170592,2023
2023-03-13,201410.62048615006,107317.67824763263,94092.94223851743,2023
2023-03-14,204456.59266727712,107317.67824763263,97138.91441964448,2023
2023-03-15,205768.12836972842,107317.67824763263,98450.45012209579,2023
2023-03-16,209046.78541486745,107317.67824763263,101729.10716723482,2023
2023-03-17,207364.8584706889,107317.67824763263,100047.18022305626,2023
2023-03-20,207787.88667578917,107317.67824763263,100470.20842815653,2023
2023-03-21,209595.028655951,107317.67824763263,102277.35040831837,2023
2023-03-22,208104.15272142825,107317.67824763263,100786.47447379564,2023
2023-03-23,211030.93626070928,107317.67824763263,103713.25801307664,2023
2023-03-24,210910.77679801543,107317.67824763263,103593.0985503828,2023
2023-03-27,210607.32125947461,107317.67824763263,103289.64301184198,2023
2023-03-28,209694.7318803386,107317.67824763263,102377.05363270597,2023
2023-03-29,212229.6226718784,107317.67824763263,104911.94442424577,2023
2023-03-30,213833.15824074176,107317.67824763263,106515.47999310913,2023
2023-03-31,215704.48255628062,107317.67824763263,108386.80430864799,2023
2023-04-03,215901.42622904177,107317.67824763263,108583.74798140913,2023
2023-04-04,215834.18701532437,107317.67824763263,108516.50876769172,2023
2023-04-05,214212.78176820397,107317.67824763263,106895.10352057134,2023
2023-04-06,214850.61228099512,107317.67824763263,107532.93403336247,2023
2023-04-10,215240.88931082108,129110.08126327365,86130.80804754744,2023
2023-04-11,214730.1805183445,129110.08126327365,85620.09925507085,2023
2023-04-12,213286.04546341434,129110.08126327365,84175.96420014068,2023
2023-04-13,214710.91057621193,129110.08126327365,85600.82931293828,2023
2023-04-14,215045.80526369307,129110.08126327365,85935.72400041942,2023
2023-04-17,214348.8752584267,129110.08126327365,85238.79399515306,2023
2023-04-18,214205.93061224252,129110.08126327365,85095.84934896887,2023
2023-04-19,213860.61109902692,129110.08126327365,84750.52983575327,2023
2023-04-20,211662.33909330127,129110.08126327365,82552.25783002764,2023
2023-04-21,211550.90546566894,129110.08126327365,82440.8242023953,2023
2023-04-24,211243.55332521757,129110.08126327365,82133.4720619439,2023
2023-04-25,209117.70775562865,129110.08126327365,80007.626492355,2023
2023-04-26,209426.95910222287,143464.4383513064,65962.52075091646,2023
2023-04-27,212836.6828109377,143464.4383513064,69372.2444596313,2023
2023-04-28,213628.57760150093,143464.4383513064,70164.13925019454,2023
2023-05-01,214558.753210831,143464.4383513064,71094.3148595246,2023
2023-05-02,213566.5246323555,143464.4383513064,70102.0862810491,2023
2023-05-03,211661.30508967658,143464.4383513064,68196.86673837017,2023
2023-05-04,211983.55007345244,143464.4383513064,68519.11172214604,2023
2023-05-05,213367.1229089662,143464.4383513064,69902.68455765981,2023
2023-05-08,214868.2137851301,118133.98717984918,96734.22660528091,2023
2023-05-09,214352.44845025748,118133.98717984918,96218.46127040828,2023
2023-05-10,215445.22652537905,118133.98717984918,97311.23934552989,2023
2023-05-11,216071.63215099386,118133.98717984918,97937.64497114468,2023
2023-05-12,214656.45650372776,118133.98717984918,96522.46932387858,2023
2023-05-15,215381.15081007572,118133.98717984918,97247.16363022654,2023
2023-05-16,216143.3440174034,118133.98717984918,98009.35683755422,2023
2023-05-17,217958.64075984777,118133.98717984918,99824.65357999859,2023
2023-05-18,221974.58920387877,118133.98717984918,103840.6020240296,2023
2023-05-19,221374.5391548103,118133.98717984918,103240.55197496114,2023
2023-05-22,222657.58847544156,118133.98717984918,104523.6012955924,2023
2023-05-23,221435.04074518482,118133.98717984918,103301.05356533563,2023
2023-05-24,221660.9738704018,118133.98717984918,103526.98669055261,2023
2023-05-25,222629.21206842302,118133.98717984918,104495.22488857384,2023
2023-05-26,228070.2312011376,118133.98717984918,109936.2440212884,2023
2023-05-30,230341.22798126595,118133.98717984918,112207.24080141677,2023
2023-05-31,230061.7017714005,118133.98717984918,111927.71459155131,2023
2023-06-01,231389.39675631287,118133.98717984918,113255.40957646367,2023
2023-06-02,232016.40867321956,118133.98717984918,113882.42149337038,2023
2023-06-05,231900.17417628263,118133.98717984918,113766.18699643345,2023
2023-06-06,234282.18591288972,118133.98717984918,116148.19873304054,2023
2023-06-07,232403.8272172877,44004.12341120178,188399.70380608592,2023
2023-06-08,238133.70094022746,44004.12341120178,194129.57752902567,2023
2023-06-09,240219.1109839398,44004.12341120178,196214.98757273803,2023
2023-06-12,246911.47137563393,44004.12341120178,202907.34796443215,2023
2023-06-13,250369.2739200855,44004.12341120178,206365.15050888373,2023
2023-06-14,254709.1561947365,44004.12341120178,210705.03278353473,2023
2023-06-15,255284.76936671132,44004.12341120178,211280.64595550954,2023
2023-06-16,254665.2509015124,44004.12341120178,210661.1274903106,2023
2023-06-20,254795.06556904936,44004.12341120178,210790.94215784757,2023
2023-06-21,243852.42835653792,44004.12341120178,199848.30494533613,2023
2023-06-22,242503.2992272394,80042.46173688376,162460.83749035563,2023
2023-06-23,240467.55146029292,80042.46173688376,160425.08972340915,2023
2023-06-26,235882.9474564333,114422.24998079639,121460.6974756369,2023
2023-06-27,239586.1753916152,114422.24998079639,125163.9254108188,2023
2023-06-28,239196.34151065766,114422.24998079639,124774.09152986127,2023
2023-06-29,238316.1026470903,114422.24998079639,123893.85266629391,2023
2023-06-30,241159.08227415915,114422.24998079639,126736.83229336276,2023
2023-07-03,244516.07749840207,114422.24998079639,130093.82751760568,2023
2023-07-05,243528.76126621928,114422.24998079639,129106.5112854229,2023
2023-07-06,241666.4510091205,114422.24998079639,127244.20102832411,2023
2023-07-07,241374.3802083752,45702.6381285066,195671.7420798686,2023
2023-07-10,240632.5243693208,45702.6381285066,194929.8862408142,2023
2023-07-11,240997.9260058792,45702.6381285066,195295.2878773726,2023
2023-07-12,245239.13273967677,45702.6381285066,199536.49461117017,2023
2023-07-13,250158.16323460915,45702.6381285066,204455.52510610255,2023
2023-07-14,249597.16808105656,45702.6381285066,203894.52995254996,2023
2023-07-17,253863.78623607784,45702.6381285066,208161.14810757124,2023
2023-07-18,254970.37804286816,45702.6381285066,209267.73991436156,2023
2023-07-19,253155.32241547748,45702.6381285066,207452.68428697088,2023
2023-07-20,243274.24187284292,45702.6381285066,197571.60374433632,2023
2023-07-21,243057.82810752466,45702.6381285066,197355.18997901806,2023
2023-07-24,244523.758483365,45702.6381285066,198821.1203548584,2023
2023-07-25,246593.83756030496,45702.6381285066,200891.19943179836,2023
2023-07-26,247877.81819057793,45702.6381285066,202175.18006207133,2023
2023-07-27,247683.51875606485,45702.6381285066,201980.88062755825,2023
2023-07-28,254482.49565977795,45702.6381285066,208779.85753127135,2023
2023-07-31,253845.71308016632,45702.6381285066,208143.0749516597,2023
2023-08-01,253494.56280773552,45702.6381285066,207791.92467922892,2023
2023-08-02,244817.78982167633,45702.6381285066,199115.15169316973,2023
2023-08-03,247714.00101867126,45702.6381285066,202011.36289016466,2023
2023-08-04,248230.9938705779,45702.6381285066,202528.3557420713,2023
2023-08-07,249913.8930201025,24788.776697319787,225125.1163227827,2023
2023-08-08,246669.05003859638,24788.776697319787,221880.2733412766,2023
2023-08-09,240687.39070568938,24788.776697319787,215898.6140083696,2023
2023-08-10,241200.15780202442,24788.776697319787,216411.38110470463,2023
2023-08-11,237061.6102089043,24788.776697319787,212272.83351158453,2023
2023-08-14,242155.41915460938,24788.776697319787,217366.6424572896,2023
2023-08-15,240166.22498172848,24788.776697319787,215377.4482844087,2023
2023-08-16,235752.8619180504,24788.776697319787,210964.0852207306,2023
2023-08-17,231657.76045359825,24788.776697319787,206868.98375627847,2023
2023-08-18,231436.29317073393,24788.776697319787,206647.51647341414,2023
2023-08-21,240088.35208849236,24788.776697319787,215299.57539117258,2023
2023-08-22,238733.4218006803,24788.776697319787,213944.64510336053,2023
2023-08-23,244367.4365464041,24788.776697319787,219578.6598490843,2023
2023-08-24,237186.55759050566,24788.776697319787,212397.78089318587,2023
2023-08-25,239096.0149174317,24788.776697319787,214307.2382201119,2023
2023-08-28,240391.48611124253,24788.776697319787,215602.70941392274,2023
2023-08-29,248748.1903336745,24788.776697319787,223959.4136363547,2023
2023-08-30,249962.07396292902,24788.776697319787,225173.29726560923,2023
2023-08-31,249686.6159309975,24788.776697319787,224897.83923367772,2023
2023-09-01,248701.43474933144,24788.776697319787,223912.65805201165,2023
2023-09-05,252874.29244492803,24788.776697319787,228085.51574760824,2023
2023-09-06,249613.9669075001,24788.776697319787,224825.1902101803,2023
2023-09-07,246779.77884321794,12116.058407747201,234663.72043547075,2023
2023-09-08,245412.6701124595,12116.058407747201,233296.61170471233,2023
2023-09-11,251570.90876711946,12116.058407747201,239454.85035937224,2023
2023-09-12,247262.13602158142,12116.058407747201,235146.07761383423,2023
2023-09-13,247216.36593732063,12116.058407747201,235100.30752957342,2023
2023-09-14,249025.08934994327,12116.058407747201,236909.03094219606,2023
2023-09-15,243749.03518549097,12116.058407747201,231632.97677774378,2023
2023-09-18,242106.90015990858,12116.058407747201,229990.8417521614,2023
2023-09-19,242424.7262178316,12116.058407747201,230308.66781008441,2023
2023-09-20,237477.60709595797,12116.058407747201,225361.54868821078,2023
2023-09-21,232888.42411647568,12116.058407747201,220772.36570872847,2023
2023-09-22,232672.51911988197,12116.058407747201,220556.46071213475,2023
2023-09-25,234754.32750844,12116.058407747201,222638.26910069282,2023
2023-09-26,232052.1437603003,12116.058407747201,219936.0853525531,2023
2023-09-27,231608.3469764897,52106.43183866418,179501.91513782553,2023
2023-09-28,235145.19802247983,52106.43183866418,183038.76618381566,2023
2023-09-29,235610.91356257006,52106.43183866418,183504.4817239059,2023
2023-10-02,238448.64694514096,52106.43183866418,186342.2151064768,2023
2023-10-03,234192.76924386434,52106.43183866418,182086.33740520017,2023
2023-10-04,238675.72673448874,52106.43183866418,186569.29489582454,2023
2023-10-05,239003.8594675687,52106.43183866418,186897.4276289045,2023
2023-10-06,243027.37224019063,52106.43183866418,190920.94040152643,2023
2023-10-09,243181.31127622304,11939.385734546566,231241.92554167646,2023
2023-10-10,245635.28964218457,11939.385734546566,233695.903907638,2023
2023-10-11,249479.34641509113,11939.385734546566,237539.96068054458,2023
2023-10-12,249865.8588600288,11939.385734546566,237926.4731254822,2023
2023-10-13,243988.08354489802,11939.385734546566,232048.69781035144,2023
2023-10-16,247059.3570867565,11939.385734546566,235119.97135220995,2023
2023-10-17,244807.81125837011,11939.385734546566,232868.42552382353,2023
2023-10-18,238923.74877727567,11939.385734546566,226984.3630427291,2023
2023-10-19,234756.6008449232,51141.9564898196,183614.6443551036,2023
2023-10-20,230609.1842178906,51141.9564898196,179467.227728071,2023
2023-10-23,231312.22522090914,51141.9564898196,180170.26873108954,2023
2023-10-24,233611.02603187916,51141.9564898196,182469.06954205956,2023
2023-10-25,225234.28511919474,51141.9564898196,174092.32862937514,2023
2023-10-26,222096.7186911975,51141.9564898196,170954.7622013779,2023
2023-10-27,228555.44857556125,51141.9564898196,177413.49208574166,2023
2023-10-30,232859.62561565143,51141.9564898196,181717.66912583183,2023
2023-10-31,234093.6691630416,51141.9564898196,182951.712673222,2023
2023-11-01,239182.03083407675,51141.9564898196,188040.07434425715,2023
2023-11-02,242541.78793721282,51141.9564898196,191399.83144739323,2023
2023-11-03,245261.02573376964,51141.9564898196,194119.06924395004,2023
2023-11-06,246346.89034760487,51141.9564898196,195204.93385778528,2023
2023-11-07,250165.73753348133,12282.297608745619,237883.43992473572,2023
2023-11-08,250377.19481018023,12282.297608745619,238094.8972014346,2023
2023-11-09,246540.98374575836,12282.297608745619,234258.68613701273,2023
2023-11-10,251198.2305333914,12282.297608745619,238915.93292464578,2023
2023-11-13,252766.32961423974,12282.297608745619,240484.03200549414,2023
2023-11-14,260327.50205319736,12282.297608745619,248045.20444445175,2023
2023-11-15,263446.9651886383,12282.297608745619,251164.66757989267,2023
2023-11-16,262939.4904243949,12282.297608745619,250657.1928156493,2023
2023-11-17,263259.4204266418,12282.297608745619,250977.1228178962,2023
2023-11-20,265602.7049269802,12282.297608745619,253320.40731823456,2023
2023-11-21,266078.4418859261,12282.297608745619,253796.14427718052,2023
2023-11-22,266090.00538220094,12282.297608745619,253807.7077734553,2023
2023-11-24,265554.9016833704,12282.297608745619,253272.6040746248,2023
2023-11-27,264731.41332184314,12282.297608745619,252449.11571309753,2023
2023-11-28,267867.6818044691,12282.297608745619,255585.38419572345,2023
2023-11-29,266618.8277800379,12282.297608745619,254336.53017129228,2023
2023-11-30,264053.8237101427,12282.297608745619,251771.5261013971,2023
2023-12-01,263088.2018150137,12282.297608745619,250805.9042062681,2023
2023-12-04,259202.46031130198,12282.297608745619,246920.16270255638,2023
2023-12-05,259972.85512867832,12282.297608745619,247690.55751993268,2023
2023-12-06,258628.11646777863,12282.297608745619,246345.81885903302,2023
2023-12-07,263748.168937525,12949.149378295042,250799.01955922996,2023
2023-12-08,266704.2499098498,12949.149378295042,253755.10053155475,2023
2023-12-11,270750.0585262247,12949.149378295042,257800.90914792963,2023
2023-12-12,273384.0103797712,12949.149378295042,260434.86100147615,2023
2023-12-13,276530.1986829344,12949.149378295042,263581.04930463934,2023
2023-12-14,276189.1841612768,12949.149378295042,263240.03478298173,2023
2023-12-15,279304.01886923634,12949.149378295042,266354.8694909413,2023
2023-12-18,282791.6978126425,12949.149378295042,269842.54843434744,2023
2023-12-19,283348.92510526796,12949.149378295042,270399.7757269729,2023
2023-12-20,278883.09923546796,12949.149378295042,265933.9498571729,2023
2023-12-21,283234.43688571954,12949.149378295042,270285.2875074245,2023
2023-12-22,284122.91110067174,12949.149378295042,271173.7617223767,2023
2023-12-26,288155.17453159404,12949.149378295042,275206.025153299,2023
2023-12-27,288805.0579718577,12949.149378295042,275855.90859356266,2023
2023-12-28,288165.7166809021,12949.149378295042,275216.56730260706,2023
2023-12-29,287642.7786991957,12949.149378295042,274693.62932090065,2023
2024-01-02,281825.16315551585,12949.149378295042,268876.0137772208,2024
2024-01-03,281279.26822752855,12949.149378295042,268330.1188492335,2024
2024-01-04,279806.745434799,12949.149378295042,266857.59605650394,2024
2024-01-05,281131.8435319327,12949.149378295042,268182.6941536376,2024
2024-01-08,289278.33937937615,14202.595011819598,275075.74436755653,2024
2024-01-09,290793.6515452439,14202.595011819598,276591.0565334243,2024
2024-01-10,291991.5017561546,14202.595011819598,277788.90674433496,2024
2024-01-11,290563.15091725555,14202.595011819598,276360.55590543593,2024
2024-01-12,289172.0965669895,14202.595011819598,274969.5015551699,2024
2024-01-16,290790.39442232694,14202.595011819598,276587.7994105073,2024
2024-01-17,291126.4878247395,14202.595011819598,276923.89281291986,2024
2024-01-18,294892.11900366814,14202.595011819598,280689.5239918485,2024
2024-01-19,304616.9041092114,14202.595011819598,290414.3090973918,2024
2024-01-22,301791.44021412067,14202.595011819598,287588.84520230105,2024
2024-01-23,300904.0682275562,14202.595011819598,286701.47321573657,2024
2024-01-24,307513.518996956,14202.595011819598,293310.9239851364,2024
2024-01-25,305533.017501483,14202.595011819598,291330.42248966335,2024
2024-01-26,303799.62734701094,14202.595011819598,289597.0323351913,2024
2024-01-29,307023.69865526224,14202.595011819598,292821.1036434426,2024
2024-01-30,302965.6820176013,14202.595011819598,288763.0870057817,2024
2024-01-31,301701.55652861187,14202.595011819598,287498.96151679225,2024
2024-02-01,305385.9011917156,14202.595011819598,291183.306179896,2024
2024-02-02,311263.00685231,14202.595011819598,297060.41184049036,2024
2024-02-05,311577.87454850506,14202.595011819598,297375.27953668544,2024
2024-02-06,308004.8905475853,14202.595011819598,293802.2955357657,2024
2024-02-07,312589.4944093975,31005.523867452,281583.9705419455,2024
2024-02-08,314361.82565913355,31005.523867452,283356.30179168156,2024
2024-02-09,315239.6746005096,31005.523867452,284234.1507330576,2024
2024-02-12,315953.88831892743,31005.523867452,284948.36445147544,2024
2024-02-13,310405.00397446554,31005.523867452,279399.48010701354,2024
2024-02-14,317344.51481427654,31005.523867452,286338.99094682455,2024
2024-02-15,319165.46681348863,31005.523867452,288159.94294603664,2024
2024-02-16,313353.89141698036,31005.523867452,282348.36754952837,2024
2024-02-20,307002.6578487487,31005.523867452,275997.13398129673,2024
2024-02-21,304082.3116839834,31005.523867452,273076.78781653143,2024
2024-02-22,317521.05157445814,31005.523867452,286515.52770700614,2024
2024-02-23,313470.2092101227,31005.523867452,282464.6853426707,2024
2024-02-26,314930.05476403167,31005.523867452,283924.5308965797,2024
2024-02-27,318187.8220723947,31005.523867452,287182.2982049427,2024
2024-02-28,318264.0282385012,31005.523867452,287258.50437104923,2024
2024-02-29,325464.00588747306,31005.523867452,294458.48202002107,2024
2024-03-01,333328.6886289098,31005.523867452,302323.1647614578,2024
2024-03-04,331890.0220968309,31005.523867452,300884.4982293789,2024
2024-03-05,327802.94783190824,31005.523867452,296797.42396445625,2024
2024-03-06,336214.33542460436,31005.523867452,305208.81155715237,2024
2024-03-07,341893.70440174954,33912.18707458049,307981.5173271691,2024
2024-03-08,334728.22898388654,33912.18707458049,300816.041909306,2024
2024-03-11,333120.87464996974,33912.18707458049,299208.6875753893,2024
2024-03-12,335083.06714474165,33912.18707458049,301170.8800701612,2024
2024-03-13,333146.9419849372,33912.18707458049,299234.75491035666,2024
2024-03-14,327329.83723696077,33912.18707458049,293417.65016238025,2024
2024-03-15,324611.58171165024,33912.18707458049,290699.3946370697,2024
2024-03-18,330086.3123688671,33912.18707458049,296174.12529428664,2024
2024-03-19,330353.97294337105,33912.18707458049,296441.7858687906,2024
2024-03-20,336185.6443440401,33912.18707458049,302273.45726945956,2024
2024-03-21,334313.1806261947,33912.18707458049,300400.9935516142,2024
2024-03-22,335036.4745752334,33912.18707458049,301124.28750065295,2024
2024-03-25,337239.23723124457,33912.18707458049,303327.05015666405,2024
2024-03-26,337701.80406787037,33912.18707458049,303789.6169932899,2024
2024-03-27,337441.47441081563,33912.18707458049,303529.2873362351,2024
2024-03-28,333926.18590830953,33912.18707458049,300013.99883372907,2024
2024-04-01,333420.4449057479,33912.18707458049,299508.2578311674,2024
2024-04-02,329257.5889437706,33912.18707458049,295345.40186919016,2024
2024-04-03,328342.2879766424,33912.18707458049,294430.1009020619,2024
2024-04-04,326364.71367318067,86243.43883637543,240121.27483680524,2024
2024-04-05,327489.5394444727,86243.43883637543,241246.10060809727,2024
2024-04-08,329292.45594978303,32662.278435215187,296630.17751456785,2024
2024-04-09,329481.93753840955,32662.278435215187,296819.65910319437,2024
2024-04-10,326874.7585989681,32662.278435215187,294212.4801637529,2024
2024-04-11,336687.8282315147,32662.278435215187,304025.54979629954,2024
2024-04-12,327182.30340967944,32662.278435215187,294520.02497446426,2024
2024-04-15,319341.81092826463,32662.278435215187,286679.53249304945,2024
2024-04-16,320910.9162136135,32662.278435215187,288248.63777839835,2024
2024-04-17,310057.46252479847,32662.278435215187,277395.1840895833,2024
2024-04-18,305794.68780667376,84082.9761351105,221711.71167156324,2024
2024-04-19,292179.984593321,187483.91734418337,104696.06724913759,2024
2024-04-22,293755.2953335555,187483.91734418337,106271.37798937211,2024
2024-04-23,296120.8989879899,187483.91734418337,108636.9816438065,2024
2024-04-24,296274.6233685041,187483.91734418337,108790.70602432071,2024
2024-04-25,298649.498228028,187483.91734418337,111165.58088384462,2024
2024-04-26,302125.09794414736,187483.91734418337,114641.18059996398,2024
2024-04-29,302860.81665028393,187483.91734418337,115376.89930610056,2024
2024-04-30,300522.4733176038,187483.91734418337,113038.55597342044,2024
2024-05-01,293046.3770557395,237860.4194215658,55185.95763417368,2024
2024-05-02,292855.89041695406,237860.4194215658,54995.47099538826,2024
2024-05-03,294611.55864465557,237860.4194215658,56751.13922308974,2024
2024-05-06,296041.3195793755,237860.4194215658,58180.900157809694,2024
2024-05-07,295544.188845739,118111.21575444087,177432.97309129816,2024
2024-05-08,294031.64690856694,118111.21575444087,175920.43115412607,2024
2024-05-09,293300.2884026418,118111.21575444087,175189.0726482009,2024
2024-05-10,291617.74634237017,118111.21575444087,173506.5305879293,2024
2024-05-13,292981.1995318251,118111.21575444087,174869.98377738422,2024
2024-05-14,295447.8075230435,118111.21575444087,177336.59176860258,2024
2024-05-15,297530.7542939652,118111.21575444087,179419.5385395243,2024
2024-05-16,298356.20850874856,118111.21575444087,180244.99275430772,2024
2024-05-17,299641.3293944274,118111.21575444087,181530.11363998655,2024
2024-05-20,301636.2333096762,118111.21575444087,183525.01755523527,2024
2024-05-21,304646.4987697202,118111.21575444087,186535.28301527933,2024
2024-05-22,302573.0868774606,118111.21575444087,184461.87112301972,2024
2024-05-23,298553.9041300631,118111.21575444087,180442.6883756222,2024
2024-05-24,302356.79264755663,118111.21575444087,184245.57689311577,2024
2024-05-28,303610.89285908913,118111.21575444087,185499.67710464826,2024
2024-05-29,301433.2312668639,118111.21575444087,183322.01551242304,2024
2024-05-30,302144.9804174143,118111.21575444087,184033.7646629734,2024
2024-05-31,302688.3651085145,118111.21575444087,184577.14935407363,2024
2024-06-03,300953.3115954163,118111.21575444087,182842.09584097544,2024
2024-06-04,299464.78151445196,118111.21575444087,181353.5657600111,2024
2024-06-05,302852.5416483452,118111.21575444087,184741.32589390432,2024
2024-06-06,303312.89943919505,118111.21575444087,185201.68368475419,2024
2024-06-07,303791.7017995485,87185.78254990483,216605.9192496437,2024
2024-06-10,305744.4498366717,87185.78254990483,218558.66728676687,2024
2024-06-11,305654.5189810754,87185.78254990483,218468.73643117058,2024
2024-06-12,311853.28108293517,87185.78254990483,224667.49853303033,2024
2024-06-13,321355.62000110134,87185.78254990483,234169.8374511965,2024
2024-06-14,323306.39817278506,87185.78254990483,236120.6156228802,2024
2024-06-17,330751.56973239226,87185.78254990483,243565.78718248743,2024
2024-06-18,333482.64524139033,87185.78254990483,246296.8626914855,2024
2024-06-20,325354.3896899866,87185.78254990483,238168.6071400818,2024
2024-06-21,320799.1007641074,87185.78254990483,233613.3182142026,2024
2024-06-24,314286.669564055,87185.78254990483,227100.88701415015,2024
2024-06-25,318885.9958821604,87185.78254990483,231700.21333225555,2024
2024-06-26,322310.8602196764,87185.78254990483,235125.07766977156,2024
2024-06-27,318636.67020915076,87185.78254990483,231450.88765924593,2024
2024-06-28,318298.3751397397,87185.78254990483,231112.59258983488,2024
2024-07-01,322492.08990682906,87185.78254990483,235306.30735692423,2024
2024-07-02,328402.390283403,87185.78254990483,241216.60773349812,2024
2024-07-03,337912.65441258374,87185.78254990483,250726.8718626789,2024
2024-07-05,336311.60102741723,87185.78254990483,249125.81847751242,2024
2024-07-08,337864.01273163396,16587.98841347944,321276.02431815455,2024
2024-07-09,341042.102042884,16587.98841347944,324454.1136294046,2024
2024-07-10,343998.9321445399,16587.98841347944,327410.9437310604,2024
2024-07-11,328172.6036590864,16587.98841347944,311584.615245607,2024
2024-07-12,331020.7541955282,16587.98841347944,314432.7657820488,2024
2024-07-15,332980.7993165635,16587.98841347944,316392.81090308406,2024
2024-07-16,331331.5686882755,16587.98841347944,314743.5802747961,2024
2024-07-17,310579.9249543592,16587.98841347944,293991.9365408798,2024
2024-07-18,314021.60106921114,16587.98841347944,297433.6126557317,2024
2024-07-19,307298.5316358565,16587.98841347944,290710.5432223771,2024
2024-07-22,318609.0504458137,16587.98841347944,302021.0620323343,2024
2024-07-23,316054.23124038486,16587.98841347944,299466.24282690545,2024
2024-07-24,291500.65399408084,179835.37522868052,111665.27876540032,2024
2024-07-25,288979.53102394874,234045.39194377567,54934.13908017308,2024
2024-07-26,289851.7974342854,234045.39194377567,55806.40549050976,2024
2024-07-29,289332.85505100456,234045.39194377567,55287.46310722887,2024
2024-07-30,286866.96614750056,286866.96614750056,0.0,2024
2024-07-31,286866.96614750056,286866.96614750056,0.0,2024
2024-08-01,286866.96614750056,286866.96614750056,0.0,2024
2024-08-02,286866.96614750056,286866.96614750056,0.0,2024
2024-08-05,286866.96614750056,286866.96614750056,0.0,2024
2024-08-06,286866.96614750056,286866.96614750056,0.0,2024
2024-08-07,286737.87601273425,157647.741246359,129090.13476637525,2024
2024-08-08,292219.35591697885,157647.741246359,134571.61467061986,2024
2024-08-09,291007.2165845791,157647.741246359,133359.47533822007,2024
2024-08-12,290921.73013514874,157647.741246359,133273.98888878973,2024
2024-08-13,294536.89120689465,157647.741246359,136889.1499605357,2024
2024-08-14,295018.57729709026,157647.741246359,137370.83605073128,2024
2024-08-15,298608.1098748731,157647.741246359,140960.36862851412,2024
2024-08-16,299693.21628829744,157647.741246359,142045.47504193845,2024
2024-08-19,302498.9662420816,157647.741246359,144851.2249957226,2024
2024-08-20,302013.351491187,157647.741246359,144365.61024482804,2024
2024-08-21,303641.3652072997,157647.741246359,145993.62396094072,2024
2024-08-22,300246.2871940832,157647.741246359,142598.5459477242,2024
2024-08-23,302105.2613385606,157647.741246359,144457.52009220162,2024
2024-08-26,300100.2529386784,157647.741246359,142452.51169231936,2024
2024-08-27,300946.9846743931,157647.741246359,143299.24342803407,2024
2024-08-28,298849.75733584026,157647.741246359,141202.01608948124,2024
2024-08-29,300853.096519829,157647.741246359,143205.35527347,2024
2024-08-30,305233.7658720099,157647.741246359,147586.02462565096,2024
2024-09-03,298707.9213181997,157647.741246359,141060.1800718407,2024
2024-09-04,297842.05128635117,157647.741246359,140194.3100399922,2024
2024-09-05,296783.6380591488,157647.741246359,139135.89681278984,2024
2024-09-06,293354.6223559434,157647.741246359,135706.88110958438,2024
2024-09-09,295372.03582538094,95861.24185732039,199510.79396806052,2024
2024-09-10,298817.6918028222,95861.24185732039,202956.44994550184,2024
2024-09-11,304449.2998721511,95861.24185732039,208588.05801483072,2024
2024-09-12,302914.33252974943,95861.24185732039,207053.09067242904,2024
2024-09-13,306714.34878466185,95861.24185732039,210853.10692734146,2024
2024-09-16,307577.5530046213,95861.24185732039,211716.31114730093,2024
2024-09-17,309464.8483085351,95861.24185732039,213603.60645121473,2024
2024-09-18,306426.78686769673,95861.24185732039,210565.54501037634,2024
2024-09-19,314124.23693749995,95861.24185732039,218262.99508017953,2024
2024-09-20,315504.48596248357,95861.24185732039,219643.24410516318,2024
2024-09-23,321509.85231816146,95861.24185732039,225648.61046084107,2024
2024-09-24,322262.2283530709,95861.24185732039,226400.9864957505,2024
2024-09-25,326438.12198396283,95861.24185732039,230576.88012664244,2024
2024-09-26,334799.72774054104,95861.24185732039,238938.48588322065,2024
2024-09-27,333622.50588921446,95861.24185732039,237761.26403189407,2024
2024-09-30,331480.99742508645,95861.24185732039,235619.75556776606,2024
2024-10-01,325527.1598858603,95861.24185732039,229665.91802853992,2024
2024-10-02,324222.6693186563,95861.24185732039,228361.42746133596,2024
2024-10-03,326224.2924857654,95861.24185732039,230363.050628445,2024
2024-10-04,332064.7644554172,95861.24185732039,236203.52259809675,2024
2024-10-07,328656.5205269421,32599.200464638132,296057.320062304,2024
2024-10-08,335872.03779461916,32599.200464638132,303272.83732998103,2024
2024-10-09,336796.7827105526,32599.200464638132,304197.5822459145,2024
2024-10-10,337002.1207665705,32599.200464638132,304402.9203019324,2024
2024-10-11,338465.804670185,32599.200464638132,305866.6042055469,2024
2024-10-14,339854.6617403112,32599.200464638132,307255.46127567306,2024
2024-10-15,327348.89663600735,32599.200464638132,294749.6961713692,2024
2024-10-16,331271.2248314467,32599.200464638132,298672.0243668086,2024
2024-10-17,335427.3862788382,32599.200464638132,302828.1858142001,2024
2024-10-18,335627.0884112954,32599.200464638132,303027.88794665725,2024
2024-10-21,337970.6801208437,32599.200464638132,305371.47965620557,2024
2024-10-22,334500.1468543002,32599.200464638132,301900.9463896621,2024
2024-10-23,327532.96006877784,32599.200464638132,294933.7596041397,2024
2024-10-24,329368.20856877306,32599.200464638132,296769.00810413493,2024
2024-10-25,332925.7928668221,32599.200464638132,300326.592402184,2024
2024-10-28,333159.84510829696,32599.200464638132,300560.64464365883,2024
2024-10-29,339109.30132795306,32599.200464638132,306510.10086331493,2024
2024-10-30,327285.37915469677,32599.200464638132,294686.17869005864,2024
2024-10-31,315730.0354489963,82494.48029762413,233235.55515137216,2024
2024-11-01,321157.3398542604,82494.48029762413,238662.85955663625,2024
2024-11-04,321668.7048208048,82494.48029762413,239174.2245231807,2024
