date,value,cash,equity_exposure,drawdown
2015-01-02,100000.0,100000.0,1.0,0.0
2015-01-05,100000.0,100000.0,1.0,0.0
2015-01-06,100000.0,100000.0,1.0,0.0
2015-01-07,100000.0,100000.0,1.0,0.0
2015-01-08,100000.0,100000.0,1.0,0.0
2015-01-09,100000.0,100000.0,1.0,0.0
2015-01-12,100000.0,100000.0,1.0,0.0
2015-01-13,100000.0,100000.0,1.0,0.0
2015-01-14,100000.0,100000.0,1.0,0.0
2015-01-15,100000.0,100000.0,1.0,0.0
2015-01-16,100000.0,100000.0,1.0,0.0
2015-01-20,100000.0,100000.0,1.0,0.0
2015-01-21,100000.0,100000.0,1.0,0.0
2015-01-22,100000.0,100000.0,1.0,0.0
2015-01-23,100000.0,100000.0,1.0,0.0
2015-01-26,100000.0,100000.0,1.0,0.0
2015-01-27,100000.0,100000.0,1.0,0.0
2015-01-28,100000.0,100000.0,1.0,0.0
2015-01-29,100000.0,100000.0,1.0,0.0
2015-01-30,100000.0,100000.0,1.0,0.0
2015-02-02,100000.0,100000.0,1.0,0.0
2015-02-03,100000.0,100000.0,1.0,0.0
2015-02-04,100000.0,100000.0,1.0,0.0
2015-02-05,100000.0,100000.0,1.0,0.0
2015-02-06,100000.0,100000.0,1.0,0.0
2015-02-09,100000.0,100000.0,1.0,0.0
2015-02-10,99700.0,7.275957614183426e-12,1.0,0.0
2015-02-11,100324.08060142277,7.275957614183426e-12,1.0,0.0
2015-02-12,101575.19666900329,7.275957614183426e-12,1.0,0.0
2015-02-13,103073.92347604013,7.275957614183426e-12,1.0,0.0
2015-02-17,104155.33705896435,7.275957614183426e-12,1.0,0.0
2015-02-18,104934.71107606709,7.275957614183426e-12,1.0,0.0
2015-02-19,105311.33776695149,7.275957614183426e-12,1.0,0.0
2015-02-20,105883.9323492324,7.275957614183426e-12,1.0,0.0
2015-02-23,105403.96932607003,7.275957614183426e-12,1.0,-0.45329164917990844
2015-02-24,105898.96614035504,7.275957614183426e-12,1.0,0.0
2015-02-25,106460.98715201984,7.275957614183426e-12,1.0,0.0
2015-02-26,106548.79346627995,7.275957614183426e-12,1.0,0.0
2015-02-27,105979.73378579397,7.275957614183426e-12,1.0,-0.5340836455985537
2015-03-02,106084.8188882003,7.275957614183426e-12,1.0,-0.43545737402130935
2015-03-03,105167.92231030801,7.275957614183426e-12,1.0,-1.2959988668561968
2015-03-04,105254.37411582674,7.275957614183426e-12,1.0,-1.2148606364678052
2015-03-05,104849.59911689343,7.275957614183426e-12,1.0,-1.5947570067269494
2015-03-06,102639.68361404903,7.275957614183426e-12,1.0,-3.668844784683606
2015-03-09,102492.90133545091,7.275957614183426e-12,1.0,-3.8066054047929074
2015-03-10,99286.08944403086,0.0,1.0,-6.2546893128594725
2015-03-11,99774.29895682757,0.0,1.0,-6.358114708822438
2015-03-12,100781.945081178,0.0,1.0,-5.412401396104987
2015-03-13,100406.44556830241,0.0,1.0,-5.76482163537726
2015-03-16,102019.23385397253,0.0,1.0,-4.251159928658332
2015-03-17,102548.63949893003,0.0,1.0,-3.754293068194968
2015-03-18,103252.13006082481,0.0,1.0,-3.0940410474929045
2015-03-19,102583.89032602159,0.0,1.0,-3.7212088577175275
2015-03-20,102915.60418312524,0.0,1.0,-3.4098830826315547
2015-03-23,102908.30749363065,0.0,1.0,-3.4167312967287846
2015-03-24,102789.30965966111,0.0,1.0,-3.5284151836112736
2015-03-25,100294.97317091734,0.0,1.0,-5.869442620522771
2015-03-26,99780.172225888,0.0,1.0,-6.352602427669956
2015-03-27,99296.5280395192,0.0,1.0,-6.806520459620145
2015-03-30,101326.35401622608,0.0,1.0,-4.9014533906539715
2015-03-31,100591.93274667102,0.0,1.0,-5.59073502929353
2015-04-01,99621.3123322788,0.0,1.0,-6.501698338042211
2015-04-02,100304.85197830088,0.0,1.0,-5.860170992884235
2015-04-06,102009.40398648963,0.0,1.0,-4.260385624382432
2015-04-07,101426.52812445455,0.0,1.0,-4.807436269512029
2015-04-08,102911.58633752816,0.0,1.0,-3.4136539799513317
2015-04-09,103286.78604420074,0.0,1.0,-3.0615151199356943
2015-04-10,102898.98495576036,-3.637978807091713e-12,1.0,-2.843415748518076
2015-04-13,102746.25766974103,-3.637978807091713e-12,1.0,-3.56882107514651
2015-04-14,102335.39099772833,-3.637978807091713e-12,1.0,-3.954434706841666
2015-04-15,104349.75396863796,-3.637978807091713e-12,1.0,-2.0638802431281715
2015-04-16,104299.24329259565,-3.637978807091713e-12,1.0,-2.1112863886123936
2015-04-17,103061.32066559744,-3.637978807091713e-12,1.0,-3.273122751771202
2015-04-20,104123.70810712349,-3.637978807091713e-12,1.0,-2.2760326797355486
2015-04-21,104211.37321282351,-3.637978807091713e-12,1.0,-2.1937557220637833
2015-04-22,105895.89672200572,-3.637978807091713e-12,1.0,-0.6127678437586948
2015-04-23,106027.18255873371,-3.637978807091713e-12,1.0,-0.48955120989832834
2015-04-24,105795.35088891083,-3.637978807091713e-12,1.0,-0.7071338424940158
2015-04-27,107057.43524355501,-3.637978807091713e-12,1.0,0.0
2015-04-28,107137.99414893857,-3.637978807091713e-12,1.0,0.0
2015-04-29,107381.08051167408,-3.637978807091713e-12,1.0,0.0
2015-04-30,105638.0637697123,-3.637978807091713e-12,1.0,-1.6232065589731934
2015-05-01,105305.55487940012,-3.637978807091713e-12,1.0,-1.9328597015265787
2015-05-04,105802.50090298214,-3.637978807091713e-12,1.0,-1.4700723825556272
2015-05-05,105168.5782762097,-3.637978807091713e-12,1.0,-2.060420909271678
2015-05-06,104239.69326852789,-3.637978807091713e-12,1.0,-2.925456913058975
2015-05-07,105191.14219803296,-3.637978807091713e-12,1.0,-2.0394079694542073
2015-05-08,106885.28332629464,-3.637978807091713e-12,1.0,-0.4617174487507071
2015-05-11,106282.66396759127,-3.637978807091713e-12,1.0,-1.0229144080584955
2015-05-12,106455.15370741821,-3.637978807091713e-12,1.0,-0.862281139139036
2015-05-13,106277.11625792952,-3.637978807091713e-12,1.0,-1.0280807833969807
2015-05-14,107149.91851478333,-3.637978807091713e-12,1.0,-0.2152725561982178
2015-05-15,107299.37576477094,-3.637978807091713e-12,1.0,-0.07608858703396633
2015-05-18,107366.00066353462,-3.637978807091713e-12,1.0,-0.014043300800852039
2015-05-19,106926.78588404754,-3.637978807091713e-12,1.0,-0.4230676628152886
2015-05-20,106942.28077609271,-3.637978807091713e-12,1.0,-0.40863784708672835
2015-05-21,107456.20249756827,-3.637978807091713e-12,1.0,0.0
2015-05-22,106949.8956961227,-3.637978807091713e-12,1.0,-0.4711750365987819
2015-05-26,105293.98047179492,-3.637978807091713e-12,1.0,-2.012189129633804
2015-05-27,106402.29422671584,-3.637978807091713e-12,1.0,-0.9807793746259427
2015-05-28,106346.84923268677,-3.637978807091713e-12,1.0,-1.0323771351463926
2015-05-29,105744.01847423133,-3.637978807091713e-12,1.0,-1.5933784961139779
2015-06-01,105681.22246075928,-3.637978807091713e-12,1.0,-1.651817201384127
2015-06-02,106434.71117512953,-3.637978807091713e-12,1.0,-0.9506117829372002
2015-06-03,106165.64490162495,-3.637978807091713e-12,1.0,-1.2010080069342894
2015-06-04,105150.00500039998,-3.637978807091713e-12,1.0,-2.1461743887892215
2015-06-05,105852.03152690029,-3.637978807091713e-12,1.0,-1.492860284825611
2015-06-08,106358.84158338998,-3.637978807091713e-12,1.0,-1.0212169131913327
2015-06-09,106449.73239792403,-3.637978807091713e-12,1.0,-0.9366328571559348
2015-06-10,106701.23775172429,0.0,1.0,-0.10410270995113104
2015-06-11,107088.66283763807,0.0,1.0,-0.3420367102015552
2015-06-12,106062.99823444786,0.0,1.0,-1.2965321970613448
2015-06-15,105105.02368960688,0.0,1.0,-2.1880345231952503
2015-06-16,105400.53917671242,0.0,1.0,-1.9130243513885279
2015-06-17,105874.36180245597,0.0,1.0,-1.472079468980025
2015-06-18,107146.91375021475,0.0,1.0,-0.2878277290326932
2015-06-19,106043.4653875874,0.0,1.0,-1.3147096930145434
2015-06-22,106773.68984780097,0.0,1.0,-0.635154261833094
2015-06-23,107568.41738827377,0.0,1.0,0.0
2015-06-24,106825.61315927618,0.0,1.0,-0.6905411895355821
2015-06-25,106772.20117135897,0.0,1.0,-0.7401951578787375
2015-06-26,103745.25766486386,0.0,1.0,-3.5541656335892813
2015-06-29,101470.84523751897,0.0,1.0,-5.668552442066056
2015-06-30,101859.74400394174,0.0,1.0,-5.3070162441139885
2015-07-01,102537.99884203465,0.0,1.0,-4.67648280822201
2015-07-02,102580.10959047885,0.0,1.0,-4.637334934276629
2015-07-06,101813.69221779775,0.0,1.0,-5.34982786788062
2015-07-07,101947.559232192,0.0,1.0,-5.225379616577412
2015-07-08,100223.7064038701,0.0,1.0,-6.827943705718516
2015-07-09,99941.24647451742,0.0,1.0,-7.0905300077305
2015-07-10,100862.14161091612,1.0913936421275139e-11,1.0,-5.669292961472363
2015-07-13,102482.16024290337,1.0913936421275139e-11,1.0,-4.728392653590219
2015-07-14,102931.01371620574,1.0913936421275139e-11,1.0,-4.31112010817179
2015-07-15,103289.61411838101,1.0913936421275139e-11,1.0,-3.9777505087280356
2015-07-16,103927.96852798521,1.0913936421275139e-11,1.0,-3.3843101429559623
2015-07-17,104303.06851231038,1.0913936421275139e-11,1.0,-3.0356018571668164
2015-07-20,104942.50161010314,1.0913936421275139e-11,1.0,-2.4411586987398466
2015-07-21,105223.35051575185,1.0913936421275139e-11,1.0,-2.1800700702486626
2015-07-22,105006.94143496858,1.0913936421275139e-11,1.0,-2.381252802167205
2015-07-23,104665.78120388719,1.0913936421275139e-11,1.0,-2.6984093053162237
2015-07-24,102307.23500785355,1.0913936421275139e-11,1.0,-4.891010305961557
2015-07-27,100871.83247922244,1.0913936421275139e-11,1.0,-6.22541919983786
2015-07-28,101562.7606103233,1.0913936421275139e-11,1.0,-5.583104152469531
2015-07-29,103747.83744615786,1.0913936421275139e-11,1.0,-3.5517673633937754
2015-07-30,105888.64545964051,1.0913936421275139e-11,1.0,-1.5615846820261694
2015-07-31,105623.25553984208,1.0913936421275139e-11,1.0,-1.8083020050490506
2015-08-03,104400.51707613088,1.0913936421275139e-11,1.0,-2.945009686912268
2015-08-04,102921.59662610426,1.0913936421275139e-11,1.0,-4.319874620258253
2015-08-05,102923.6519284574,1.0913936421275139e-11,1.0,-4.317963927135642
2015-08-06,103620.39263652122,1.0913936421275139e-11,1.0,-3.670245270507181
2015-08-07,103421.82796356577,1.0913936421275139e-11,1.0,-3.8548391111311706
2015-08-10,105329.78907540778,-3.637978807091713e-12,1.0,-1.4909527300095968
2015-08-11,102145.65849819867,-3.637978807091713e-12,1.0,-5.041218437286635
2015-08-12,102744.26024772809,-3.637978807091713e-12,1.0,-4.484733770073639
2015-08-13,101842.22636099084,-3.637978807091713e-12,1.0,-5.323301361415353
2015-08-14,102154.87834284327,-3.637978807091713e-12,1.0,-5.032647292643576
2015-08-17,102948.2013376705,-3.637978807091713e-12,1.0,-4.295141792340737
2015-08-18,102635.84169356017,-3.637978807091713e-12,1.0,-4.585524091991806
2015-08-19,101518.01451169456,-3.637978807091713e-12,1.0,-5.62470195572364
2015-08-20,97414.07637097263,-3.637978807091713e-12,1.0,-9.43989068896358
2015-08-21,93357.03882541762,-3.637978807091713e-12,0.75,-13.211478710855658
2015-08-24,88214.9688875557,-3.637978807091713e-12,0.5,-17.991757218906354
2015-08-25,88007.33699295949,-3.637978807091713e-12,0.5,-18.184780319587247
2015-08-26,91667.49963099178,-3.637978807091713e-12,0.75,-14.782143442611789
2015-08-27,97798.5251598237,-3.637978807091713e-12,1.0,-9.082491372151681
2015-08-28,99024.8004553437,-3.637978807091713e-12,1.0,-7.942495706794155
2015-08-31,98473.70670348182,-3.637978807091713e-12,1.0,-8.454814996453951
2015-09-01,94448.18415382855,-3.637978807091713e-12,0.75,-12.197105389295684
2015-09-02,96838.58777820459,-3.637978807091713e-12,1.0,-9.97488842039881
2015-09-03,96232.93771729116,-3.637978807091713e-12,0.75,-10.537925486127218
2015-09-04,95014.10516725296,-3.637978807091713e-12,0.75,-11.67100207090095
2015-09-08,97956.84727821717,-3.637978807091713e-12,1.0,-8.935308656037147
2015-09-09,98010.7283174817,-3.637978807091713e-12,1.0,-8.885218638378861
2015-09-10,99054.71676106096,-1.0913936421275139e-11,1.0,-7.359676105065947
2015-09-11,98604.47440474073,-1.0913936421275139e-11,1.0,-8.3332479933931
2015-09-14,98464.4027606062,-1.0913936421275139e-11,1.0,-8.463464322251907
2015-09-15,100601.15959581514,-1.0913936421275139e-11,1.0,-6.4770477818874514
2015-09-16,103276.79680158822,-1.0913936421275139e-11,1.0,-3.9896660106048776
2015-09-17,103252.38016412547,-1.0913936421275139e-11,1.0,-4.012364715350732
2015-09-18,101018.12099552678,-1.0913936421275139e-11,1.0,-6.089423412360293
2015-09-21,100791.34127387352,-1.0913936421275139e-11,1.0,-6.300247116156816
2015-09-22,98395.49293694254,-1.0913936421275139e-11,1.0,-8.527525712515677
2015-09-23,97149.45760482043,-1.0913936421275139e-11,1.0,-9.685891116019269
2015-09-24,98718.25358462894,-1.0913936421275139e-11,1.0,-8.22747421457332
2015-09-25,97283.02738696447,-1.0913936421275139e-11,1.0,-9.561719183971674
2015-09-28,93645.19114748795,-1.0913936421275139e-11,0.75,-12.943600527773144
2015-09-29,93282.11115359135,-1.0913936421275139e-11,0.75,-13.28113453888166
2015-09-30,95887.82865235243,-1.0913936421275139e-11,0.75,-10.858752986724392
2015-10-01,96365.43135313872,-1.0913936421275139e-11,0.75,-10.414753983687696
2015-10-02,101366.48363372026,-1.0913936421275139e-11,1.0,-5.765571257005027
2015-10-05,105294.64532462116,-1.0913936421275139e-11,1.0,-2.113791500199644
2015-10-06,106504.63618558779,-1.0913936421275139e-11,1.0,-0.988934511182964
2015-10-07,107161.32858340899,-1.0913936421275139e-11,1.0,-0.37844640160072973
2015-10-08,110360.44365493218,-1.0913936421275139e-11,1.0,0.0
2015-10-09,109610.78585291418,-1.0913936421275139e-11,1.0,-0.6792812507731333
2015-10-12,108416.13786797784,-1.0913936421275139e-11,1.0,-1.7617777915370374
2015-10-13,107445.86679296914,-1.0913936421275139e-11,1.0,-2.6409615306333385
2015-10-14,108176.24418072237,-1.0913936421275139e-11,1.0,-1.979150682865348
2015-10-15,107706.1143958618,-1.0913936421275139e-11,1.0,-2.4051455133415027
2015-10-16,106984.76905562099,-1.0913936421275139e-11,1.0,-3.0587722262752375
2015-10-19,105937.95662248634,-1.0913936421275139e-11,1.0,-4.007311755898508
2015-10-20,104008.0539025914,-1.0913936421275139e-11,1.0,-5.75603861488906
2015-10-21,102134.23717899225,-1.0913936421275139e-11,1.0,-7.453944731919618
2015-10-22,102839.72417276367,-1.0913936421275139e-11,1.0,-6.814687611880037
2015-10-23,107459.17734485476,-1.0913936421275139e-11,1.0,-2.628900549864508
2015-10-26,108017.70604591204,-1.0913936421275139e-11,1.0,-2.1228055374127184
2015-10-27,107054.8044254083,-1.0913936421275139e-11,1.0,-2.9953116533852775
2015-10-28,109150.24420665423,-1.0913936421275139e-11,1.0,-1.096588060176641
2015-10-29,109846.98539951038,-1.0913936421275139e-11,1.0,-0.4652557006994775
2015-10-30,110946.21509394445,-1.0913936421275139e-11,1.0,0.0
2015-11-02,112627.4312161431,-1.0913936421275139e-11,1.0,0.0
2015-11-03,114278.91309730771,-1.0913936421275139e-11,1.0,0.0
2015-11-04,115177.66107677795,-1.0913936421275139e-11,1.0,0.0
2015-11-05,114983.67288937158,-1.0913936421275139e-11,1.0,-0.16842518383582972
2015-11-06,114751.32347287635,-1.0913936421275139e-11,1.0,-0.3701565042351413
2015-11-09,112125.96067001947,-1.0913936421275139e-11,1.0,-2.6495592793156315
2015-11-10,112582.06630158846,0.0,1.0,-1.6644290559853196
2015-11-11,112129.38323505876,0.0,1.0,-2.646587726492546
2015-11-12,110263.62552818678,0.0,1.0,-4.266483190100077
2015-11-13,109063.09978161368,0.0,1.0,-5.308808355717759
2015-11-16,112165.97353617905,0.0,1.0,-2.6148191519458734
2015-11-17,113601.7978245587,0.0,1.0,-1.3682021648006655
2015-11-18,116690.35111816964,0.0,1.0,0.0
2015-11-19,116557.34406481689,0.0,1.0,-0.11398290610853822
2015-11-20,117432.1386568593,0.0,1.0,0.0
2015-11-23,117936.02544238207,0.0,1.0,0.0
2015-11-24,116902.25237551068,0.0,1.0,-0.8765541004062787
2015-11-25,116122.29672292108,0.0,1.0,-1.5378920161652367
2015-11-27,117231.66573466027,0.0,1.0,-0.5972388039021348
2015-11-30,116290.4125015422,0.0,1.0,-1.3953437337464272
2015-12-01,117156.49231391559,0.0,1.0,-0.660979650231921
2015-12-02,117301.02791598836,0.0,1.0,-0.5384254081921203
2015-12-03,114239.91713406348,0.0,1.0,-3.1339942943255603
2015-12-04,117538.64396959775,0.0,1.0,-0.33694663805545066
2015-12-07,114903.25010016216,0.0,1.0,-2.571542775707315
2015-12-08,115800.8376195777,0.0,1.0,-1.8104627613108177
2015-12-09,113183.219912222,0.0,1.0,-4.0299861830446915
2015-12-10,112852.74055203621,-7.275957614183426e-12,1.0,-3.7334725946173575
2015-12-11,108497.94884550627,-7.275957614183426e-12,1.0,-8.002708724050397
2015-12-14,109668.99427442433,-7.275957614183426e-12,1.0,-7.009759008706479
2015-12-15,110094.88857439831,-7.275957614183426e-12,1.0,-6.64863585030222
2015-12-16,113325.74877545932,-7.275957614183426e-12,1.0,-3.9091334896436023
2015-12-17,112023.51567788089,-7.275957614183426e-12,1.0,-5.013319502945056
2015-12-18,110056.30678318805,-7.275957614183426e-12,1.0,-6.6813500197559925
2015-12-21,110761.842478828,-7.275957614183426e-12,1.0,-6.083114075316233
2015-12-22,111572.87503090907,-7.275957614183426e-12,1.0,-5.395425517864121
2015-12-23,113270.99745573291,-7.275957614183426e-12,1.0,-3.955558082571023
2015-12-24,112064.72989132474,-7.275957614183426e-12,1.0,-4.978373257055177
2015-12-28,112555.13338691714,-7.275957614183426e-12,1.0,-4.5625516336344445
2015-12-29,114749.57071055275,-7.275957614183426e-12,1.0,-2.7018501936764596
2015-12-30,112896.37293288458,-7.275957614183426e-12,1.0,-4.273208708359964
2015-12-31,111711.31622423283,-7.275957614183426e-12,1.0,-5.278038830628852
2016-01-04,107961.26493244788,-7.275957614183426e-12,1.0,-8.457772315557117
2016-01-05,106157.35642509026,-7.275957614183426e-12,1.0,-9.987337603679306
2016-01-06,105712.82329843196,-7.275957614183426e-12,0.75,-10.36426494627105
2016-01-07,102576.12198961218,-7.275957614183426e-12,0.75,-13.023928350268182
2016-01-08,101756.49919590555,-7.275957614183426e-12,0.75,-13.718900722477773
2016-01-11,100594.66082830142,-7.275957614183426e-12,0.75,-14.704043610959925
2016-01-12,102174.10921736175,-7.275957614183426e-12,0.75,-13.364801947409058
2016-01-13,93874.50765793821,-7.275957614183426e-12,0.3,-20.40217795553842
2016-01-14,96232.95749299599,-7.275957614183426e-12,0.5,-18.402407464536072
2016-01-15,92265.45643531872,-7.275957614183426e-12,0.3,-21.76652037473043
2016-01-19,92275.62367085723,-7.275957614183426e-12,0.3,-21.757899399502232
2016-01-20,92228.54196349079,-7.275957614183426e-12,0.3,-21.797820795182503
2016-01-21,93015.3946422855,-7.275957614183426e-12,0.3,-21.13063477136731
2016-01-22,95089.42495350503,-7.275957614183426e-12,0.5,-19.37202852409063
2016-01-25,94355.83776743335,-7.275957614183426e-12,0.5,-19.99404981344643
2016-01-26,95851.32558992907,-7.275957614183426e-12,0.5,-18.72599976946191
2016-01-27,93107.59916753236,-7.275957614183426e-12,0.3,-21.052452956352763
2016-01-28,96789.44229831341,-7.275957614183426e-12,0.5,-17.93055435330053
2016-01-29,95318.63977425745,-7.275957614183426e-12,0.5,-19.177673304900715
2016-02-01,94929.31445600692,-7.275957614183426e-12,0.5,-19.50778898990041
2016-02-02,93314.31914264201,-7.275957614183426e-12,0.3,-20.877171506656428
2016-02-03,92054.8552915786,-7.275957614183426e-12,0.3,-21.945092734575645
2016-02-04,92454.78883868842,-7.275957614183426e-12,0.3,-21.605982148467923
2016-02-05,87596.72186123572,-7.275957614183426e-12,0.2,-25.72522133702792
2016-02-08,84913.08948952619,-7.275957614183426e-12,0.2,-28.00071973681131
2016-02-09,83143.71316184456,-7.275957614183426e-12,0.2,-29.501004591286133
2016-02-10,151471.2563894636,134686.01212801033,0.2,-28.408598284940812
2016-02-11,151582.32061908676,134686.01212801033,1.0,0.0
2016-02-12,151963.51856397412,134686.01212801033,1.0,0.0
2016-02-16,152054.8139209216,134686.01212801033,1.0,0.0
2016-02-17,152459.55086764524,134686.01212801033,1.0,0.0
2016-02-18,152315.95166120367,134686.01212801033,1.0,-0.09418839661035054
2016-02-19,152315.7682564422,134686.01212801033,1.0,-0.09430869393538535
2016-02-22,152646.3621731483,134686.01212801033,1.0,0.0
2016-02-23,152413.44336915616,134686.01212801033,1.0,-0.15258719610229243
2016-02-24,152504.26073398508,134686.01212801033,1.0,-0.09309192642406192
2016-02-25,152705.15500324947,134686.01212801033,1.0,0.0
2016-02-26,152610.29228829208,134686.01212801033,1.0,-0.06212148827285433
2016-02-29,152568.69414514845,134686.01212801033,1.0,-0.08936231268559429
2016-03-01,153042.76701468785,134686.01212801033,1.0,0.0
2016-03-02,153186.7631060696,134686.01212801033,1.0,0.0
2016-03-03,153245.93781384962,134686.01212801033,1.0,0.0
2016-03-04,153041.91279282834,134686.01212801033,1.0,-0.13313567976536905
2016-03-07,152751.99753426533,134686.01212801033,1.0,-0.3223186771738695
2016-03-08,152621.68696904826,134686.01212801033,1.0,-0.40735229507985815
2016-03-09,152936.83948834243,134686.01212801033,1.0,-0.20170082803934308
2016-03-10,152554.676749224,7.275957614183426e-12,1.0,-0.11554717236166821
2016-03-11,154220.41117909976,7.275957614183426e-12,1.0,0.0
2016-03-14,154749.3781732219,7.275957614183426e-12,1.0,0.0
2016-03-15,153946.00216961943,7.275957614183426e-12,1.0,-0.5191465148914434
2016-03-16,155894.23467388118,7.275957614183426e-12,1.0,0.0
2016-03-17,155580.8995621841,7.275957614183426e-12,1.0,-0.20099211003701392
2016-03-18,156707.8386875238,7.275957614183426e-12,1.0,0.0
2016-03-21,157755.71180469033,7.275957614183426e-12,1.0,0.0
2016-03-22,157556.67110913084,7.275957614183426e-12,1.0,-0.12617019902640225
2016-03-23,156439.60868186443,7.275957614183426e-12,1.0,-0.8342665427260803
2016-03-24,156336.78611450375,7.275957614183426e-12,1.0,-0.8994448910625126
2016-03-28,157794.9428110002,7.275957614183426e-12,1.0,0.0
2016-03-29,160950.2533411533,7.275957614183426e-12,1.0,0.0
2016-03-30,160184.64021042487,7.275957614183426e-12,1.0,-0.475683085198763
2016-03-31,159661.50601279092,7.275957614183426e-12,1.0,-0.8007115873441437
2016-04-01,162136.01140609127,7.275957614183426e-12,1.0,0.0
2016-04-04,160342.5005724698,7.275957614183426e-12,1.0,-1.10617673277368
2016-04-05,159134.61046257758,7.275957614183426e-12,1.0,-1.851162439167378
2016-04-06,161227.07760856394,7.275957614183426e-12,1.0,-0.5605995791094129
2016-04-07,159239.11565087203,7.275957614183426e-12,1.0,-1.7867071788040856
2016-04-08,158215.4026071041,7.275957614183426e-12,1.0,-2.418098709217341
2016-04-11,156466.17653424377,7.275957614183426e-12,1.0,-3.4969621015572194
2016-04-12,157650.86366307634,7.275957614183426e-12,1.0,-2.766287207954862
2016-04-13,160385.73749027582,7.275957614183426e-12,1.0,-1.0795096663822965
2016-04-14,160507.11621347105,7.275957614183426e-12,1.0,-1.0046473812288639
2016-04-15,161052.60864678564,7.275957614183426e-12,1.0,-0.6682061251600123
2016-04-18,161758.85316082224,7.275957614183426e-12,1.0,-0.23261843066090443
2016-04-19,156123.04065040583,7.275957614183426e-12,1.0,-3.708596692085359
2016-04-20,157169.0962638287,7.275957614183426e-12,1.0,-3.0634250214915464
2016-04-21,158131.12801348988,7.275957614183426e-12,1.0,-2.4700764240281115
2016-04-22,154452.8031983162,7.275957614183426e-12,1.0,-4.738742578619047
2016-04-25,153217.19826757084,7.275957614183426e-12,1.0,-5.500821847764637
2016-04-26,151987.12853131292,7.275957614183426e-12,1.0,-6.25948719643727
2016-04-27,151323.4923909712,7.275957614183426e-12,1.0,-6.668795489262829
2016-04-28,152707.41076999687,7.275957614183426e-12,1.0,-5.815241508858395
2016-04-29,152436.06377294892,7.275957614183426e-12,1.0,-5.982599145631835
2016-05-02,156033.91893085832,7.275957614183426e-12,1.0,-3.7635639499910076
2016-05-03,152824.8804673949,7.275957614183426e-12,1.0,-5.742790178411021
2016-05-04,152683.8363092222,7.275957614183426e-12,1.0,-5.82978143775526
2016-05-05,150909.92724549453,7.275957614183426e-12,1.0,-6.923868462805291
2016-05-06,152553.03717372083,7.275957614183426e-12,1.0,-5.9104539141329955
2016-05-09,151103.3622198302,7.275957614183426e-12,1.0,-6.804564322621914
2016-05-10,153519.39496767768,1.4551915228366852e-11,1.0,-4.7437570073096
2016-05-11,154697.9253582255,1.4551915228366852e-11,1.0,-4.587559533110809
2016-05-12,153070.38453745653,1.4551915228366852e-11,1.0,-5.591371583656807
2016-05-13,151035.63852517022,1.4551915228366852e-11,1.0,-6.846334003566114
2016-05-16,152370.7519470548,1.4551915228366852e-11,1.0,-6.022881267615536
2016-05-17,152308.91939058626,1.4551915228366852e-11,1.0,-6.061017494066601
2016-05-18,150074.6055579533,1.4551915228366852e-11,1.0,-7.4390665858484555
2016-05-19,149848.13697097183,1.4551915228366852e-11,1.0,-7.578744739404515
2016-05-20,152380.51768372147,1.4551915228366852e-11,1.0,-6.016858092022426
2016-05-23,153401.44394067267,1.4551915228366852e-11,1.0,-5.387185357324296
2016-05-24,154863.50467528537,1.4551915228366852e-11,1.0,-4.485435818814454
2016-05-25,157506.63245554542,1.4551915228366852e-11,1.0,-2.8552441313922285
2016-05-26,157673.95236794668,1.4551915228366852e-11,1.0,-2.752046876846361
2016-05-27,157744.67803428974,1.4551915228366852e-11,1.0,-2.708425681450159
2016-05-31,157817.13164759087,1.4551915228366852e-11,1.0,-2.663738746898859
2016-06-01,155322.1654675898,1.4551915228366852e-11,1.0,-4.202549377778442
2016-06-02,155987.51284223568,1.4551915228366852e-11,1.0,-3.7921856535966336
2016-06-03,155493.96715781378,1.4551915228366852e-11,1.0,-4.096587914477315
2016-06-06,157561.43769468332,1.4551915228366852e-11,1.0,-2.8214421162429626
2016-06-07,156535.98093377482,1.4551915228366852e-11,1.0,-3.4539091123257224
2016-06-08,157116.17213580577,1.4551915228366852e-11,1.0,-3.096066831021671
2016-06-09,156642.8497817612,1.4551915228366852e-11,1.0,-3.3879960267258027
2016-06-10,151946.34712975813,7.275957614183426e-12,1.0,-5.719807148202494
2016-06-13,151272.69017438922,7.275957614183426e-12,1.0,-6.700128575689095
2016-06-14,158240.88944130673,7.275957614183426e-12,1.0,-2.4023792931655943
2016-06-15,159584.57176466472,7.275957614183426e-12,1.0,-1.5736415490301716
2016-06-16,166324.0147182505,7.275957614183426e-12,1.0,0.0
2016-06-17,165581.36897774358,7.275957614183426e-12,1.0,-0.44650542001702853
2016-06-20,165783.45962309916,7.275957614183426e-12,1.0,-0.32500123092087335
2016-06-21,163120.6118004814,7.275957614183426e-12,1.0,-1.9260014395369163
2016-06-22,163477.4829341157,7.275957614183426e-12,1.0,-1.7114376351224851
2016-06-23,168135.30435162925,7.275957614183426e-12,1.0,0.0
2016-06-24,163054.39853979024,7.275957614183426e-12,1.0,-3.0219148984992903
2016-06-27,157298.3015276882,7.275957614183426e-12,1.0,-6.44540589838118
2016-06-28,161992.03689008826,7.275957614183426e-12,1.0,-3.6537641426534004
2016-06-29,165813.5403801596,7.275957614183426e-12,1.0,-1.380890218400558
2016-06-30,170551.92105098558,7.275957614183426e-12,1.0,0.0
2016-07-01,173744.3329412911,7.275957614183426e-12,1.0,0.0
2016-07-05,170800.39744645674,7.275957614183426e-12,1.0,-1.6944066289800201
2016-07-06,172439.59322277107,7.275957614183426e-12,1.0,-0.7509538276341371
2016-07-07,171856.6548106296,7.275957614183426e-12,1.0,-1.0864688929447504
2016-07-08,175512.2405544189,7.275957614183426e-12,1.0,0.0
2016-07-11,176780.67246014762,7.275957614183426e-12,1.0,0.0
2016-07-12,182995.61569930793,7.275957614183426e-12,1.0,0.0
2016-07-13,182205.17452880077,7.275957614183426e-12,1.0,-0.43194541436773787
2016-07-14,182263.75057710634,7.275957614183426e-12,1.0,-0.39993587791970164
2016-07-15,182757.81859784742,7.275957614183426e-12,1.0,-0.12994688454790831
2016-07-18,182310.24528882344,7.275957614183426e-12,1.0,-0.37452832291385146
2016-07-19,174722.9159051309,7.275957614183426e-12,1.0,-4.520709287248957
2016-07-20,177389.58872842096,7.275957614183426e-12,1.0,-3.063476110869565
2016-07-21,177022.26430424277,7.275957614183426e-12,1.0,-3.2642046489684065
2016-07-22,178625.0027398022,7.275957614183426e-12,1.0,-2.3883703130283562
2016-07-25,178260.41786153195,7.275957614183426e-12,1.0,-2.5876017956390243
2016-07-26,192156.84778501742,7.275957614183426e-12,1.0,0.0
2016-07-27,194786.30508137992,7.275957614183426e-12,1.0,0.0
2016-07-28,196031.60523265402,7.275957614183426e-12,1.0,0.0
2016-07-29,195978.9244742441,7.275957614183426e-12,1.0,-0.026873604563614716
2016-08-01,198593.48412975346,7.275957614183426e-12,1.0,0.0
2016-08-02,196904.01331092868,7.275957614183426e-12,1.0,-0.8507181523241412
2016-08-03,198946.7700552555,7.275957614183426e-12,1.0,0.0
2016-08-04,201506.6284326271,7.275957614183426e-12,1.0,0.0
2016-08-05,203525.05896236058,7.275957614183426e-12,1.0,0.0
2016-08-08,203778.30379309354,7.275957614183426e-12,1.0,0.0
2016-08-09,205754.38248100676,7.275957614183426e-12,1.0,0.0
2016-08-10,204410.17927519005,7.275957614183426e-12,1.0,-0.054531473200067175
2016-08-11,209372.67027416,7.275957614183426e-12,1.0,0.0
2016-08-12,210242.88509312048,7.275957614183426e-12,1.0,0.0
2016-08-15,209527.98949219726,7.275957614183426e-12,1.0,-0.3400331957043779
2016-08-16,206428.1291176155,7.275957614183426e-12,1.0,-1.8144518773205387
2016-08-17,206743.23289282867,7.275957614183426e-12,1.0,-1.664575806568553
2016-08-18,208099.94907987298,7.275957614183426e-12,1.0,-1.0192668409674608
2016-08-19,206745.71130648736,7.275957614183426e-12,1.0,-1.6633969730220175
2016-08-22,206838.66445710135,7.275957614183426e-12,1.0,-1.6191847036875189
2016-08-23,206846.7689159507,7.275957614183426e-12,1.0,-1.6153298960226776
2016-08-24,202806.8705530147,7.275957614183426e-12,1.0,-3.536868577888958
2016-08-25,204031.4685276409,7.275957614183426e-12,1.0,-2.954400365428972
2016-08-26,205110.53695522094,7.275957614183426e-12,1.0,-2.441151878041591
2016-08-29,206447.37418337294,7.275957614183426e-12,1.0,-1.8052981474576104
2016-08-30,204993.88301102113,7.275957614183426e-12,1.0,-2.4966372011944524
2016-08-31,204451.46749050546,7.275957614183426e-12,1.0,-2.7546319106351196
2016-09-01,204812.01089023033,7.275957614183426e-12,1.0,-2.583142920857803
2016-09-02,205948.7034019534,7.275957614183426e-12,1.0,-2.04248609376965
2016-09-06,210885.2922974435,7.275957614183426e-12,1.0,0.0
2016-09-07,211664.29516616813,7.275957614183426e-12,1.0,0.0
2016-09-08,211887.72939116668,7.275957614183426e-12,1.0,0.0
2016-09-09,204751.63169389873,7.275957614183426e-12,1.0,-3.367867369088643
2016-09-12,208248.21853350571,7.275957614183426e-12,1.0,-1.7176600401158908
2016-09-13,204539.2729990482,7.275957614183426e-12,1.0,-3.468089640317238
2016-09-14,205436.70257250697,7.275957614183426e-12,1.0,-3.044549506097376
2016-09-15,206903.85618742456,7.275957614183426e-12,1.0,-2.3521292233687436
2016-09-16,208900.66685327404,7.275957614183426e-12,1.0,-1.409738330046573
2016-09-19,208774.24693100533,7.275957614183426e-12,1.0,-1.4694019654217636
2016-09-20,210448.5045981456,7.275957614183426e-12,1.0,-0.6792393297887083
2016-09-21,212999.21994779835,7.275957614183426e-12,1.0,0.0
2016-09-22,215070.73856593698,7.275957614183426e-12,1.0,0.0
2016-09-23,213227.36765051176,7.275957614183426e-12,1.0,-0.8570998210712277
2016-09-26,209855.47695235972,7.275957614183426e-12,1.0,-2.424905242038933
2016-09-27,212284.31238640953,7.275957614183426e-12,1.0,-1.2955859072726346
2016-09-28,212921.17996525692,7.275957614183426e-12,1.0,-0.9994658571468295
2016-09-29,209437.43543835517,7.275957614183426e-12,1.0,-2.6192792032723378
2016-09-30,212042.67736492562,7.275957614183426e-12,1.0,-1.407937323878675
2016-10-03,215690.4421361253,7.275957614183426e-12,1.0,0.0
2016-10-04,216536.72234151993,7.275957614183426e-12,1.0,0.0
2016-10-05,219272.406324054,7.275957614183426e-12,1.0,0.0
2016-10-06,218718.85023749823,7.275957614183426e-12,1.0,-0.25245132109221485
2016-10-07,219422.3609058348,7.275957614183426e-12,1.0,0.0
2016-10-10,219562.66058494817,1.4551915228366852e-11,1.0,0.0
2016-10-11,216735.48013656825,1.4551915228366852e-11,1.0,-1.8790274716505864
2016-10-12,216064.80582240617,1.4551915228366852e-11,1.0,-2.1826566509335596
2016-10-13,213525.90377409122,1.4551915228366852e-11,1.0,-3.3320740789333843
2016-10-14,213338.90607794918,1.4551915228366852e-11,1.0,-3.4167320952141305
2016-10-17,214771.72146849116,1.4551915228366852e-11,1.0,-2.7680646989715862
2016-10-18,216659.60884447146,1.4551915228366852e-11,1.0,-1.9133760931260786
2016-10-19,217080.10496087655,1.4551915228366852e-11,1.0,-1.7230081484773145
2016-10-20,217821.59858884892,1.4551915228366852e-11,1.0,-1.3873174906561814
2016-10-21,216708.73485280393,1.4551915228366852e-11,1.0,-1.8911356564842292
2016-10-24,218743.68726729212,1.4551915228366852e-11,1.0,-0.9698674366584873
2016-10-25,220495.0094055842,1.4551915228366852e-11,1.0,-0.17700495142364264
2016-10-26,216167.9502498287,1.4551915228366852e-11,1.0,-2.135960874482005
2016-10-27,213616.1939386938,1.4551915228366852e-11,1.0,-3.2911977131673056
2016-10-28,214828.43761653893,1.4551915228366852e-11,1.0,-2.7423880372593366
2016-10-31,214924.5995719577,1.4551915228366852e-11,1.0,-2.6988533811893136
2016-11-01,214938.0458358802,1.4551915228366852e-11,1.0,-2.6927659584373047
2016-11-02,211486.41870919662,1.4551915228366852e-11,1.0,-4.255394330414156
2016-11-03,211232.7962816588,1.4551915228366852e-11,1.0,-4.370214844477332
2016-11-04,210446.7419966063,1.4551915228366852e-11,1.0,-4.726079102885002
2016-11-07,215764.20819449303,1.4551915228366852e-11,1.0,-2.318743883037723
2016-11-08,220802.03914282026,1.4551915228366852e-11,1.0,-0.03800576036483005
2016-11-09,225187.13412608928,1.4551915228366852e-11,1.0,0.0
2016-11-10,227413.1187237037,2.9103830456733704e-11,1.0,0.0
2016-11-11,228859.74699804615,2.9103830456733704e-11,1.0,0.0
2016-11-14,224838.23475350306,2.9103830456733704e-11,1.0,-1.7571950931927853
2016-11-15,229654.28455967392,2.9103830456733704e-11,1.0,0.0
2016-11-16,228202.4117744923,2.9103830456733704e-11,1.0,-0.6321993025148042
2016-11-17,234275.08381016675,2.9103830456733704e-11,1.0,0.0
2016-11-18,234597.22565803287,2.9103830456733704e-11,1.0,0.0
2016-11-21,241020.75200799655,2.9103830456733704e-11,1.0,0.0
2016-11-22,239335.9383326822,2.9103830456733704e-11,1.0,-0.6990326190910047
2016-11-23,239906.28604477344,2.9103830456733704e-11,1.0,-0.46239419383528
2016-11-25,240500.13882730086,2.9103830456733704e-11,1.0,-0.21600346707009313
2016-11-28,239092.9656303656,2.9103830456733704e-11,1.0,-0.7998424872423406
2016-11-29,239654.13567527002,2.9103830456733704e-11,1.0,-0.5670118947604904
2016-11-30,235951.33326307975,2.9103830456733704e-11,1.0,-2.1033121433247386
2016-12-01,228237.48574479122,2.9103830456733704e-11,1.0,-5.303803160808827
2016-12-02,229744.55434631696,2.9103830456733704e-11,1.0,-4.678517334186007
2016-12-05,233485.69776087345,2.9103830456733704e-11,1.0,-3.126309325793285
2016-12-06,239176.00123612615,2.9103830456733704e-11,1.0,-0.7653908456020397
2016-12-07,240685.9417115271,2.9103830456733704e-11,1.0,-0.13891347266991644
2016-12-08,245930.23610893596,2.9103830456733704e-11,1.0,0.0
2016-12-09,246961.60783212076,2.9103830456733704e-11,1.0,0.0
2016-12-12,246340.31519677647,2.9103830456733704e-11,1.0,-0.2515745831095457
2016-12-13,248189.66766908264,2.9103830456733704e-11,1.0,0.0
2016-12-14,247377.02493561007,2.9103830456733704e-11,1.0,-0.3274281081499696
2016-12-15,249700.63462364158,2.9103830456733704e-11,1.0,0.0
2016-12-16,248005.26848052017,2.9103830456733704e-11,1.0,-0.6789594850957165
2016-12-19,249469.1315908612,2.9103830456733704e-11,1.0,-0.0927122324415908
2016-12-20,252863.8470916386,2.9103830456733704e-11,1.0,0.0
2016-12-21,252134.23644352186,2.9103830456733704e-11,1.0,-0.2885389337022639
2016-12-22,250750.65440893843,2.9103830456733704e-11,1.0,-0.835703761927796
2016-12-23,251647.08643490708,2.9103830456733704e-11,1.0,-0.48119202121075283
2016-12-27,255155.0973664201,2.9103830456733704e-11,1.0,0.0
2016-12-28,250984.59989633065,2.9103830456733704e-11,1.0,-1.6344950632517914
2016-12-29,249858.31766049267,2.9103830456733704e-11,1.0,-2.0759058943356634
2016-12-30,245740.95402415068,2.9103830456733704e-11,1.0,-3.689576825796296
2017-01-03,248390.57125808083,2.9103830456733704e-11,1.0,-2.6511428453357273
2017-01-04,252552.41137465165,2.9103830456733704e-11,1.0,-1.0200407589862097
2017-01-05,255008.23719233164,2.9103830456733704e-11,1.0,-0.0575572173961105
2017-01-06,258441.15145003828,2.9103830456733704e-11,1.0,0.0
2017-01-09,265829.17503855255,2.9103830456733704e-11,1.0,0.0
2017-01-10,262717.94222420664,2.9103830456733704e-11,1.0,-0.5747312333253438
2017-01-11,264671.50439808134,2.9103830456733704e-11,1.0,-0.43549420047792825
2017-01-12,263749.19324689213,2.9103830456733704e-11,1.0,-0.7824505310069023
2017-01-13,263940.30124789156,2.9103830456733704e-11,1.0,-0.7105592493326027
2017-01-17,258317.1986336161,2.9103830456733704e-11,1.0,-2.825866048693495
2017-01-18,261863.55705181672,2.9103830456733704e-11,1.0,-1.4917918569926367
2017-01-19,261396.34272712818,2.9103830456733704e-11,1.0,-1.6675492111734862
2017-01-20,260518.1847131843,2.9103830456733704e-11,1.0,-1.9978959512619343
2017-01-23,260092.87496834924,2.9103830456733704e-11,1.0,-2.1578895805441203
2017-01-24,262964.7546271293,2.9103830456733704e-11,1.0,-1.0775417750921568
2017-01-25,263842.00290880346,2.9103830456733704e-11,1.0,-0.7475372593925753
2017-01-26,266574.5217714521,2.9103830456733704e-11,1.0,0.0
2017-01-27,270767.6383677838,2.9103830456733704e-11,1.0,0.0
2017-01-30,267014.24368959566,2.9103830456733704e-11,1.0,-1.3862050505052974
2017-01-31,267379.4534715685,2.9103830456733704e-11,1.0,-1.2513256446153131
2017-02-01,270234.3791952137,2.9103830456733704e-11,1.0,-0.19694346628150247
2017-02-02,270969.1826352997,2.9103830456733704e-11,1.0,0.0
2017-02-03,272121.2921071483,2.9103830456733704e-11,1.0,0.0
2017-02-06,272775.155861181,2.9103830456733704e-11,1.0,0.0
2017-02-07,272188.7482949566,2.9103830456733704e-11,1.0,-0.21497836354379368
2017-02-08,271212.91644279053,2.9103830456733704e-11,1.0,-0.5727205666726792
2017-02-09,272126.0245024711,2.9103830456733704e-11,1.0,-0.2379730502437094
2017-02-10,268660.88552364876,-1.4551915228366852e-11,1.0,-0.9146808286215551
2017-02-13,266940.45674001484,-1.4551915228366852e-11,1.0,-2.139014127861225
2017-02-14,268583.671824827,-1.4551915228366852e-11,1.0,-1.5366076954922914
2017-02-15,270034.72484078334,-1.4551915228366852e-11,1.0,-1.0046483198756846
2017-02-16,267725.69202077383,-1.4551915228366852e-11,1.0,-1.851145066516573
2017-02-17,268084.57828913693,-1.4551915228366852e-11,1.0,-1.7195765344667762
2017-02-21,273261.80032183876,-1.4551915228366852e-11,1.0,0.0
2017-02-22,274560.32818973204,-1.4551915228366852e-11,1.0,0.0
2017-02-23,268899.6129946072,-1.4551915228366852e-11,1.0,-2.061738209758066
2017-02-24,268180.9691487474,-1.4551915228366852e-11,1.0,-2.3234817218663366
2017-02-27,273867.0400957731,-1.4551915228366852e-11,1.0,-0.2525084736494901
2017-02-28,269853.40769284527,-1.4551915228366852e-11,1.0,-1.7143483648643159
2017-03-01,276081.208673279,-1.4551915228366852e-11,1.0,0.0
2017-03-02,269236.66998631397,-1.4551915228366852e-11,1.0,-2.4791758627313887
2017-03-03,266679.3517987991,-1.4551915228366852e-11,1.0,-3.405467876521156
2017-03-06,265756.06460784015,-1.4551915228366852e-11,1.0,-3.7398938214798414
2017-03-07,266104.0920587057,-1.4551915228366852e-11,1.0,-3.61383401011564
2017-03-08,267878.6140554543,-1.4551915228366852e-11,1.0,-2.971080377850633
2017-03-09,267803.2248292264,-1.4551915228366852e-11,1.0,-2.998387280261785
2017-03-10,268631.34807531146,2.9103830456733704e-11,1.0,-2.111983778165635
2017-03-13,271828.07350353984,2.9103830456733704e-11,1.0,-1.540537724453531
2017-03-14,273927.50987114606,2.9103830456733704e-11,1.0,-0.7800961218920387
2017-03-15,273326.73753688857,2.9103830456733704e-11,1.0,-0.9977032300123376
2017-03-16,273883.46353329363,2.9103830456733704e-11,1.0,-0.7960502457036868
2017-03-17,275549.9728881959,2.9103830456733704e-11,1.0,-0.1924201171227722
2017-03-20,281339.82950034435,2.9103830456733704e-11,1.0,0.0
2017-03-21,271462.2201716773,2.9103830456733704e-11,1.0,-3.5109175072045606
2017-03-22,275600.6035495258,2.9103830456733704e-11,1.0,-2.039962120191568
2017-03-23,274143.397545523,2.9103830456733704e-11,1.0,-2.557914379774134
2017-03-24,277260.7951381219,2.9103830456733704e-11,1.0,-1.44986025244516
2017-03-27,283260.39503982116,2.9103830456733704e-11,1.0,0.0
2017-03-28,284959.42443681194,2.9103830456733704e-11,1.0,0.0
2017-03-29,287237.57013845764,2.9103830456733704e-11,1.0,0.0
2017-03-30,290227.3984032249,2.9103830456733704e-11,1.0,0.0
2017-03-31,292339.48434772517,2.9103830456733704e-11,1.0,0.0
2017-04-03,296536.52026213723,2.9103830456733704e-11,1.0,0.0
2017-04-04,292327.46851123456,2.9103830456733704e-11,1.0,-1.419404175641463
2017-04-05,289541.71496920125,2.9103830456733704e-11,1.0,-2.358834347537565
2017-04-06,287407.08800376346,2.9103830456733704e-11,1.0,-3.0786873233365593
2017-04-07,289200.4490847549,2.9103830456733704e-11,1.0,-2.4739182785638856
2017-04-10,288112.6879765534,4.3655745685100555e-11,1.0,-2.255150858302416
2017-04-11,286590.3468493016,4.3655745685100555e-11,1.0,-3.3541141590395855
2017-04-12,281262.1684675743,4.3655745685100555e-11,1.0,-5.150917593914055
2017-04-13,279117.89285023336,4.3655745685100555e-11,1.0,-5.874024351707462
2017-04-17,283985.1754096602,4.3655745685100555e-11,1.0,-4.232647244049966
2017-04-18,283765.19361763407,4.3655745685100555e-11,1.0,-4.306830953979414
2017-04-19,285089.3175928935,4.3655745685100555e-11,1.0,-3.860301139004548
2017-04-20,287820.4780735632,4.3655745685100555e-11,1.0,-2.9392811991147285
2017-04-21,286483.87149941816,4.3655745685100555e-11,1.0,-3.390020478365552
2017-04-24,291981.3078111261,4.3655745685100555e-11,1.0,-1.536138768669817
2017-04-25,296858.5664710858,4.3655745685100555e-11,1.0,0.0
2017-04-26,295451.97827691963,4.3655745685100555e-11,1.0,-0.4738243571297432
2017-04-27,300519.600806285,4.3655745685100555e-11,1.0,0.0
2017-04-28,298413.6676410242,4.3655745685100555e-11,1.0,-0.7007639966280437
2017-05-01,303051.0286414945,4.3655745685100555e-11,1.0,0.0
2017-05-02,288647.17246367,4.3655745685100555e-11,1.0,-4.752947463136338
2017-05-03,286859.59050147963,4.3655745685100555e-11,1.0,-5.3428091673528515
2017-05-04,282688.180864686,4.3655745685100555e-11,1.0,-6.719280204423107
2017-05-05,285817.0661479001,4.3655745685100555e-11,1.0,-5.686818675669946
2017-05-08,284834.12151092145,4.3655745685100555e-11,1.0,-6.01116822214236
2017-05-09,290382.93426926713,4.3655745685100555e-11,1.0,-4.180185241084786
2017-05-10,304068.70343838056,0.0,1.0,0.0
2017-05-11,301350.8532158723,0.0,1.0,-1.4875727534521288
2017-05-12,300971.0882763568,0.0,1.0,-1.6117189623497383
2017-05-15,297765.041653835,0.0,1.0,-2.659784468983541
2017-05-16,298788.7109025081,0.0,1.0,-2.3251441608235344
2017-05-17,287205.0692120054,0.0,1.0,-6.111868661876389
2017-05-18,290704.9402418695,0.0,1.0,-4.9677511439651285
2017-05-19,290635.15250896383,0.0,1.0,-4.9905649468371065
2017-05-22,292668.744447875,0.0,1.0,-4.3257781184830995
2017-05-23,292489.66390707693,0.0,1.0,-4.3843200424842435
2017-05-24,295277.54836764204,0.0,1.0,-3.4729529029445287
2017-05-25,297903.7175976492,0.0,1.0,-2.614450919467893
2017-05-26,300068.75163336983,0.0,1.0,-1.9066953061879677
2017-05-30,300467.4650388864,0.0,1.0,-1.776354791356113
2017-05-31,303814.1527151863,0.0,1.0,-0.6823133353253323
2017-06-01,308344.63925765466,0.0,1.0,0.0
2017-06-02,309194.5085514218,0.0,1.0,0.0
2017-06-05,309875.1549117039,0.0,1.0,0.0
2017-06-06,311093.1040638926,0.0,1.0,0.0
2017-06-07,310738.0865465582,0.0,1.0,-0.11411937863512348
2017-06-08,314519.19429253705,0.0,1.0,0.0
2017-06-09,310000.32261800533,0.0,1.0,-1.4367554529370565
2017-06-12,308119.3759758392,0.0,1.0,-2.03479419788457
2017-06-13,313136.50302328344,0.0,1.0,-0.43962063185484324
2017-06-14,314202.01295431255,0.0,1.0,-0.10084641700102051
2017-06-15,311648.586814578,0.0,1.0,-0.9126970722458019
2017-06-16,310881.6701431218,0.0,1.0,-1.156534868276422
2017-06-19,315687.7551795707,0.0,1.0,0.0
2017-06-20,313067.83921492315,0.0,1.0,-0.8299073757730245
2017-06-21,315594.24978236493,0.0,1.0,-0.029619583170901517
2017-06-22,317036.00120121706,0.0,1.0,0.0
2017-06-23,318945.01825001044,0.0,1.0,0.0
2017-06-26,316242.9079559051,0.0,1.0,-0.8472025394631729
2017-06-27,311038.72432044474,0.0,1.0,-2.4788892997752408
2017-06-28,318800.7687587456,0.0,1.0,-0.04522707144207426
2017-06-29,314628.0135496166,0.0,1.0,-1.3535262986957415
2017-06-30,314453.58511042234,0.0,1.0,-1.4082154862401444
2017-07-03,311376.1572292683,0.0,1.0,-2.3730927237149
2017-07-05,309995.64843735046,0.0,1.0,-2.805928702621987
2017-07-06,304728.26967968873,0.0,1.0,-4.457429261107841
2017-07-07,308827.69090936554,0.0,1.0,-3.172122705084631
2017-07-10,308634.32288281224,4.3655745685100555e-11,1.0,-2.649523385439467
2017-07-11,311461.2922624646,4.3655745685100555e-11,1.0,-2.346400024871876
2017-07-12,318479.97659731127,4.3655745685100555e-11,1.0,-0.14580621301149937
2017-07-13,316006.9839435031,4.3655745685100555e-11,1.0,-0.9211726593592056
2017-07-14,321334.19624512503,4.3655745685100555e-11,1.0,0.0
2017-07-17,319865.55984668975,4.3655745685100555e-11,1.0,-0.45704329498593166
2017-07-18,321370.68756510905,4.3655745685100555e-11,1.0,0.0
2017-07-19,323843.99501639185,4.3655745685100555e-11,1.0,0.0
2017-07-20,324756.0318228108,4.3655745685100555e-11,1.0,0.0
2017-07-21,325753.4192960085,4.3655745685100555e-11,1.0,0.0
2017-07-24,326349.62851605105,4.3655745685100555e-11,1.0,0.0
2017-07-25,323222.7089254709,4.3655745685100555e-11,1.0,-0.9581501914981857
2017-07-26,325805.6508193999,4.3655745685100555e-11,1.0,-0.16668555718131373
2017-07-27,319788.9787563761,4.3655745685100555e-11,1.0,-2.0103132304783036
2017-07-28,321073.43277228967,4.3655745685100555e-11,1.0,-1.6167310401892712
2017-07-31,317381.77063403046,4.3655745685100555e-11,1.0,-2.747929551137674
2017-08-01,318236.68346696824,4.3655745685100555e-11,1.0,-2.4859673001539138
2017-08-02,317751.73541621096,4.3655745685100555e-11,1.0,-2.6345650028577294
2017-08-03,315457.1848491022,4.3655745685100555e-11,1.0,-3.3376608137959294
2017-08-04,318311.3237345241,4.3655745685100555e-11,1.0,-2.4630960415300778
2017-08-07,319902.30209863884,4.3655745685100555e-11,1.0,-1.975588710405135
2017-08-08,317146.78631718236,4.3655745685100555e-11,1.0,-2.8199334072218996
2017-08-09,316349.9514196792,4.3655745685100555e-11,1.0,-3.0640994266920116
2017-08-10,305712.8940138108,0.0,1.0,-5.758906432412577
2017-08-11,303098.14829079236,0.0,1.0,-7.124714782420869
2017-08-14,312360.7354746598,0.0,1.0,-4.286474326629483
2017-08-15,310923.3753205325,0.0,1.0,-4.726909990878035
2017-08-16,309350.9513339536,0.0,1.0,-5.20873189266137
2017-08-17,302059.2046083363,0.0,1.0,-7.443067736331138
2017-08-18,300486.0923291607,0.0,1.0,-7.925100544619822
2017-08-21,298704.13786212646,0.0,1.0,-8.47112674208694
2017-08-22,304406.76381032553,0.0,1.0,-6.723729028129194
2017-08-23,307419.2910623224,0.0,1.0,-5.800630918382551
2017-08-24,307769.9746068714,0.0,1.0,-5.693174523796297
2017-08-25,304691.6690365698,0.0,1.0,-6.636428415121072
2017-08-28,306793.3657670382,0.0,1.0,-5.992426845385854
2017-08-29,306105.69836764084,0.0,1.0,-6.203141777872297
2017-08-30,308839.0463590137,0.0,1.0,-5.36558973168131
2017-08-31,313451.9787080305,0.0,1.0,-3.952095752848762
2017-09-01,314083.43101724994,0.0,1.0,-3.7586062391358936
2017-09-05,309614.07573315245,0.0,1.0,-5.128105357127894
2017-09-06,310641.2528284338,0.0,1.0,-4.813357918942638
2017-09-07,313183.0380987429,0.0,1.0,-4.03450449053003
2017-09-08,308630.9805971054,0.0,1.0,-5.429345208546539
2017-09-11,317070.72591842583,0.0,1.0,-2.8432398222168795
2017-09-12,316779.9504839006,0.0,1.0,-2.9323391834900656
2017-09-13,317374.91360505694,0.0,1.0,-2.750030680838572
2017-09-14,319304.51536327857,0.0,1.0,-2.158762424460972
2017-09-15,326577.6396362116,0.0,1.0,0.0
2017-09-18,329578.9061431447,0.0,1.0,0.0
2017-09-19,330498.9834105576,0.0,1.0,0.0
2017-09-20,330135.26406200574,0.0,1.0,-0.11005157861561558
2017-09-21,327760.522500333,0.0,1.0,-0.8285837620331724
2017-09-22,325091.7172216976,0.0,1.0,-1.6360916251723832
2017-09-25,316611.71444126364,0.0,1.0,-4.201909738415962
2017-09-26,318856.95816846815,0.0,1.0,-3.5225600762672635
2017-09-27,324226.4231970887,0.0,1.0,-1.8979060536706442
2017-09-28,322694.8051312915,0.0,1.0,-2.361332007357942
2017-09-29,326278.57630078594,0.0,1.0,-1.2769803604899264
2017-10-02,327208.6355008739,0.0,1.0,-0.9955697520546752
2017-10-03,329787.4720398416,0.0,1.0,-0.2152839816248904
2017-10-04,329695.721230046,0.0,1.0,-0.24304528026755412
2017-10-05,331172.4345611352,0.0,1.0,0.0
2017-10-06,332623.7856262406,0.0,1.0,0.0
2017-10-09,330752.7082415405,0.0,1.0,-0.5625206210606355
2017-10-10,333459.5658011876,0.0,1.0,0.0
2017-10-11,334285.31256447313,0.0,1.0,-0.352953300787897
2017-10-12,333517.1239876094,0.0,1.0,-0.5819424909060769
2017-10-13,335100.0864841622,0.0,1.0,-0.11007749448427111
2017-10-16,336012.34491179517,0.0,1.0,0.0
2017-10-17,337226.3805474526,0.0,1.0,0.0
2017-10-18,337512.41953891615,0.0,1.0,0.0
2017-10-19,334092.7897629827,0.0,1.0,-1.0131863534399992
2017-10-20,337284.9965010337,0.0,1.0,-0.06738212424689934
2017-10-23,332291.800557789,0.0,1.0,-1.5467931486074422
2017-10-24,332118.5481934713,0.0,1.0,-1.5981252935265526
2017-10-25,325348.3002737365,0.0,1.0,-3.6040508618312086
2017-10-26,328041.4248624734,0.0,1.0,-2.806117383585858
2017-10-27,332161.73338849936,0.0,1.0,-1.585330151028662
2017-10-30,335563.7132825666,0.0,1.0,-0.5773731997808393
2017-10-31,329004.84039152914,0.0,1.0,-2.520671434553257
2017-11-01,323724.81513154996,0.0,1.0,-4.085065795860718
2017-11-02,316416.96592818905,0.0,1.0,-6.250274771976126
2017-11-03,320574.31926586863,0.0,1.0,-5.018511702824762
2017-11-06,321767.9309828098,0.0,1.0,-4.664861985705672
2017-11-07,321000.35219721345,0.0,1.0,-4.892284368160506
2017-11-08,319579.93780475925,0.0,1.0,-5.313132405217828
2017-11-09,314673.48039264505,0.0,1.0,-6.766844069759542
2017-11-10,317846.5368328546,1.4551915228366852e-11,1.0,-5.259121189140226
2017-11-13,320451.44412003923,1.4551915228366852e-11,1.0,-5.054917813745736
2017-11-14,319152.4805185786,1.4551915228366852e-11,1.0,-5.439781755414954
2017-11-15,318283.98230364703,1.4551915228366852e-11,1.0,-5.697105090691935
2017-11-16,321259.20737902116,1.4551915228366852e-11,1.0,-4.815589358785343
2017-11-17,322428.04597762413,1.4551915228366852e-11,1.0,-4.4692795547787965
2017-11-20,320982.07654972444,1.4551915228366852e-11,1.0,-4.897699175566399
2017-11-21,326789.49282259453,1.4551915228366852e-11,1.0,-3.1770465605296727
2017-11-22,325031.97094857716,1.4551915228366852e-11,1.0,-3.6977746203795485
2017-11-24,327882.9876744727,1.4551915228366852e-11,1.0,-2.853060008161616
2017-11-27,326702.1989850106,1.4551915228366852e-11,1.0,-3.2029104495394956
2017-11-28,327240.68138820183,1.4551915228366852e-11,1.0,-3.043365978871765
2017-11-29,314113.16075137095,1.4551915228366852e-11,1.0,-6.932858595103402
2017-11-30,315966.38664405857,1.4551915228366852e-11,1.0,-6.383774832431984
2017-12-01,313393.0732854151,1.4551915228366852e-11,1.0,-7.146209993235519
2017-12-04,305135.75676358,1.4551915228366852e-11,1.0,-9.592732267324166
2017-12-05,306447.52009488526,1.4551915228366852e-11,1.0,-9.20407595266254
2017-12-06,311616.95270447654,1.4551915228366852e-11,1.0,-7.6724485782822525
2017-12-07,315151.0070378365,1.4551915228366852e-11,1.0,-6.6253598998306895
2017-12-08,317777.7575276131,1.4551915228366852e-11,1.0,-5.8470920976072716
2017-12-11,319960.02497840626,1.4551915228366852e-11,1.0,-5.200518127448061
2017-12-12,318113.52120761824,1.4551915228366852e-11,1.0,-5.747610223587983
2017-12-13,318227.7694456982,1.4551915228366852e-11,1.0,-5.7137601394233695
2017-12-14,317322.7914690081,1.4551915228366852e-11,1.0,-5.981891895264063
2017-12-15,321524.00139325485,1.4551915228366852e-11,1.0,-4.737134760108521
2017-12-18,323890.31097128865,1.4551915228366852e-11,1.0,-4.036031795877908
2017-12-19,320682.78085676243,1.4551915228366852e-11,1.0,-4.986376117698155
2017-12-20,318221.58487204416,1.4551915228366852e-11,1.0,-5.715592538261456
2017-12-21,317204.6844863418,1.4551915228366852e-11,1.0,-6.016885269086469
2017-12-22,315535.3001247591,1.4551915228366852e-11,1.0,-6.511499471391462
2017-12-26,314825.8492843136,1.4551915228366852e-11,1.0,-6.721699392749814
2017-12-27,313652.1336963972,1.4551915228366852e-11,1.0,-7.069454177453699
2017-12-28,315098.6985830754,1.4551915228366852e-11,1.0,-6.640858130927639
2017-12-29,311746.0913617693,1.4551915228366852e-11,1.0,-7.634186680403301
2018-01-02,320040.7100224987,1.4551915228366852e-11,1.0,-5.176612327417756
2018-01-03,328245.3420604909,1.4551915228366852e-11,1.0,-2.7456996963504947
2018-01-04,323461.06229802483,1.4551915228366852e-11,1.0,-4.1632119079017045
2018-01-05,326808.1867659486,1.4551915228366852e-11,1.0,-3.1715078181688416
2018-01-08,336621.62689246127,1.4551915228366852e-11,1.0,-0.26392884969146124
2018-01-09,335712.39668037364,1.4551915228366852e-11,1.0,-0.5333204807697332
2018-01-10,336782.0948377338,2.9103830456733704e-11,1.0,0.0
2018-01-11,338760.7717373839,2.9103830456733704e-11,1.0,-0.015095482986741708
2018-01-12,335329.17935199325,2.9103830456733704e-11,1.0,-1.0279265591320645
2018-01-16,334617.3271167176,2.9103830456733704e-11,1.0,-1.2380290376723972
2018-01-17,336566.11373979686,2.9103830456733704e-11,1.0,-0.662846606031033
2018-01-18,335451.06543953647,2.9103830456733704e-11,1.0,-0.9919520017402537
2018-01-19,337014.2472211387,2.9103830456733704e-11,1.0,-0.5305804551628505
2018-01-22,339574.2383423734,2.9103830456733704e-11,1.0,0.0
2018-01-23,345925.4353366621,2.9103830456733704e-11,1.0,0.0
2018-01-24,341277.4149289641,2.9103830456733704e-11,1.0,-1.343648061951399
2018-01-25,338694.2760806541,2.9103830456733704e-11,1.0,-2.090380907946381
2018-01-26,342663.9614211094,2.9103830456733704e-11,1.0,-0.9428257024172227
2018-01-29,344796.7281255362,2.9103830456733704e-11,1.0,-0.3262862732332622
2018-01-30,337922.6636907759,2.9103830456733704e-11,1.0,-2.3134383391315856
2018-01-31,345871.68155926396,2.9103830456733704e-11,1.0,-0.015539122570108619
2018-02-01,340357.8578846704,2.9103830456733704e-11,1.0,-1.6094732804406955
2018-02-02,329190.7677635173,2.9103830456733704e-11,1.0,-4.837651662375822
2018-02-05,314579.26158975065,2.9103830456733704e-11,1.0,-9.061540593684498
2018-02-06,331239.7516148141,2.9103830456733704e-11,1.0,-4.245332150136801
2018-02-07,328923.2243530129,2.9103830456733704e-11,1.0,-4.914993014925968
2018-02-08,309133.751127301,2.9103830456733704e-11,0.75,-10.63572679284327
2018-02-09,316179.96816165245,2.9103830456733704e-11,1.0,-8.59880891558631
2018-02-12,320759.14511845476,2.9103830456733704e-11,1.0,-7.275062093573712
2018-02-13,325667.83077967213,2.9103830456733704e-11,1.0,-5.856061014211006
2018-02-14,334758.399072029,2.9103830456733704e-11,1.0,-3.228162813111767
2018-02-15,339450.2204044556,2.9103830456733704e-11,1.0,-1.8718527956479047
2018-02-16,338865.2963838694,2.9103830456733704e-11,1.0,-2.0409424204154285
2018-02-20,340216.584829426,2.9103830456733704e-11,1.0,-1.6503124442642125
2018-02-21,336053.0800780052,2.9103830456733704e-11,1.0,-2.8538968951643895
2018-02-22,338872.87544144667,2.9103830456733704e-11,1.0,-2.0387514691863395
2018-02-23,344283.1243231499,2.9103830456733704e-11,1.0,-0.4747586750635623
2018-02-26,348530.34609636234,2.9103830456733704e-11,1.0,0.0
2018-02-27,348481.1640268563,2.9103830456733704e-11,1.0,-0.014111273252640267
2018-02-28,344557.87638890615,2.9103830456733704e-11,1.0,-1.1397772825089578
2018-03-01,335139.62744771433,2.9103830456733704e-11,1.0,-3.8420524349250536
2018-03-02,341341.7084659906,2.9103830456733704e-11,1.0,-2.0625571663662816
2018-03-05,346902.5329297157,2.9103830456733704e-11,1.0,-0.46705062697656036
2018-03-06,353279.61412233836,2.9103830456733704e-11,1.0,0.0
2018-03-07,354401.8436306332,2.9103830456733704e-11,1.0,0.0
2018-03-08,356601.585194163,2.9103830456733704e-11,1.0,0.0
2018-03-09,359111.5683534322,2.9103830456733704e-11,1.0,0.0
2018-03-12,374965.4636309836,2.9103830456733704e-11,1.0,0.0
2018-03-13,372681.9115305039,2.9103830456733704e-11,1.0,-0.6090033141630988
2018-03-14,370773.73200024286,2.9103830456733704e-11,1.0,-1.1178980565703438
2018-03-15,367763.9648578821,2.9103830456733704e-11,1.0,-1.9205765521351392
2018-03-16,370646.4339470633,2.9103830456733704e-11,1.0,-1.1518473307106563
2018-03-19,360017.8806239389,2.9103830456733704e-11,1.0,-3.9863892696408736
2018-03-20,365859.3936158371,2.9103830456733704e-11,1.0,-2.428508995726633
2018-03-21,368562.58159901935,2.9103830456733704e-11,1.0,-1.7075924726405072
2018-03-22,354745.5315866564,2.9103830456733704e-11,1.0,-5.392478509494499
2018-03-23,338162.9792771748,2.9103830456733704e-11,1.0,-9.814899750348046
2018-03-26,346814.03329865914,2.9103830456733704e-11,1.0,-7.507739528787445
2018-03-27,324015.75508375204,2.9103830456733704e-11,0.75,-13.587840345043864
2018-03-28,312829.410902919,2.9103830456733704e-11,0.5,-16.571140212852995
2018-03-29,322189.30222944915,2.9103830456733704e-11,0.75,-14.074939299869305
2018-04-02,308939.6526950223,2.9103830456733704e-11,0.5,-17.608504606424123
2018-04-03,318815.04542003723,2.9103830456733704e-11,0.75,-14.97482399237865
2018-04-04,327173.2111178758,2.9103830456733704e-11,0.75,-12.745774517554445
2018-04-05,325256.5136174083,2.9103830456733704e-11,0.75,-13.25694092789719
2018-04-06,314215.263523803,2.9103830456733704e-11,0.5,-16.201545475389963
2018-04-09,314064.26992601925,2.9103830456733704e-11,0.5,-16.241814143421838
2018-04-10,409698.3369709286,164174.84951750294,0.75,-12.168521073281296
2018-04-11,411202.81490678433,164174.84951750294,1.0,0.0
2018-04-12,420298.77506098663,164174.84951750294,1.0,0.0
2018-04-13,419838.6813956035,164174.84951750294,1.0,-0.1094682384730612
2018-04-16,417911.0122172501,164174.84951750294,1.0,-0.5681108262544982
2018-04-17,429362.93824091845,164174.84951750294,1.0,0.0
2018-04-18,430499.3866440089,164174.84951750294,1.0,0.0
2018-04-19,425404.2696769156,164174.84951750294,1.0,-1.1835364056642896
2018-04-20,425662.27724331996,164174.84951750294,1.0,-1.123604249101728
2018-04-23,421886.5828190303,164174.84951750294,1.0,-2.0006541454380278
2018-04-24,415670.1303472296,164174.84951750294,1.0,-3.4446637456052907
2018-04-25,411579.6184228608,164174.84951750294,1.0,-4.39484208529044
2018-04-26,420315.1323989721,164174.84951750294,1.0,-2.3656837990941035
2018-04-27,422043.69201945723,164174.84951750294,1.0,-1.9641595056542833
2018-04-30,417397.71040632273,164174.84951750294,1.0,-3.0433669928826874
2018-05-01,418993.98935447045,164174.84951750294,1.0,-2.6725699609538762
2018-05-02,417999.2188631512,164174.84951750294,1.0,-2.9036435750358964
2018-05-03,418782.3844403258,164174.84951750294,1.0,-2.721723321146617
2018-05-04,423966.1256377138,164174.84951750294,1.0,-1.5176005376513164
2018-05-07,429383.7134226397,164174.84951750294,1.0,-0.25915791194652615
2018-05-08,430916.8929830614,164174.84951750294,1.0,0.0
2018-05-09,437218.3454702562,164174.84951750294,1.0,0.0
2018-05-10,438234.2865644011,0.0,1.0,0.0
2018-05-11,438766.69249706174,0.0,1.0,-0.3666986036581014
2018-05-14,433788.46215032274,0.0,1.0,-1.4971342840291315
2018-05-15,432924.26539856737,0.0,1.0,-1.6933724600478346
2018-05-16,435020.4546179411,0.0,1.0,-1.2173785985059733
2018-05-17,435183.87558322214,0.0,1.0,-1.1802696507058061
2018-05-18,436160.1027170372,0.0,1.0,-0.9585920851159015
2018-05-21,440538.23009498545,0.0,1.0,0.0
2018-05-22,436850.5029241023,0.0,1.0,-0.8370958339048202
2018-05-23,443577.11146435665,0.0,1.0,0.0
2018-05-24,446145.26583788055,0.0,1.0,0.0
2018-05-25,447657.8836310656,0.0,1.0,0.0
2018-05-29,446971.24423020845,0.0,1.0,-0.1533848561512302
2018-05-30,451623.8022657436,0.0,1.0,0.0
2018-05-31,452468.48698665306,0.0,1.0,0.0
2018-06-01,463646.15042981476,0.0,1.0,0.0
2018-06-04,464928.64699174283,0.0,1.0,0.0
2018-06-05,468709.50713704206,0.0,1.0,0.0
2018-06-06,469464.9080524844,0.0,1.0,0.0
2018-06-07,459753.2698052924,0.0,1.0,-2.06866116734464
2018-06-08,462750.7817607711,0.0,1.0,-1.4301657432854717
2018-06-11,465712.4915912163,0.0,1.0,-0.7992964749664707
2018-06-12,471947.76941407705,0.0,1.0,0.0
2018-06-13,476507.6935654404,0.0,1.0,0.0
2018-06-14,483923.50472302036,0.0,1.0,0.0
2018-06-15,482960.1704462955,0.0,1.0,-0.1990674698217471
2018-06-18,487847.3800021295,0.0,1.0,0.0
2018-06-19,490484.0823542498,0.0,1.0,0.0
2018-06-20,495757.88267906196,0.0,1.0,0.0
2018-06-21,491894.8363362221,0.0,1.0,-0.7792203569137499
2018-06-22,486050.20448880224,0.0,1.0,-1.9581490339194814
2018-06-25,466954.27629347675,0.0,1.0,-5.810014806003954
2018-06-26,477815.3561304744,0.0,1.0,-3.6192115497239543
2018-06-27,465736.43516467774,0.0,1.0,-6.055667204351679
2018-06-28,471974.05511253694,0.0,1.0,-4.797468360562998
2018-06-29,469067.6941758747,0.0,1.0,-5.3837143968249626
2018-07-02,475969.49779689807,0.0,1.0,-3.9915421566729323
2018-07-03,467464.074266721,0.0,1.0,-5.707182760149364
2018-07-05,475347.7242310995,0.0,1.0,-4.116960952323452
2018-07-06,484946.53623990715,0.0,1.0,-2.1807714646372536
2018-07-09,490987.6668738617,0.0,1.0,-0.9622067488714778
2018-07-10,484110.98757929006,5.820766091346741e-11,1.0,-1.7607598389963774
2018-07-11,477216.8093606327,5.820766091346741e-11,1.0,-3.7399452366211188
2018-07-12,478213.5666469393,5.820766091346741e-11,1.0,-3.538887962267719
2018-07-13,475913.07432927366,5.820766091346741e-11,1.0,-4.0029234114337235
2018-07-16,481008.3365145183,5.820766091346741e-11,1.0,-2.97515111304686
2018-07-17,483738.5236432266,5.820766091346741e-11,1.0,-2.4244413363400463
2018-07-18,486071.8036788708,5.820766091346741e-11,1.0,-1.9537922317740823
2018-07-19,475254.55402748403,5.820766091346741e-11,1.0,-4.135754441417756
2018-07-20,470001.1469419458,5.820766091346741e-11,1.0,-5.195426363757949
2018-07-23,464214.3379795987,5.820766091346741e-11,1.0,-6.362691507596972
2018-07-24,457852.1101705085,5.820766091346741e-11,1.0,-7.646025173359162
2018-07-25,465078.7862711051,5.820766091346741e-11,1.0,-6.188322461393424
2018-07-26,473220.68777018535,5.820766091346741e-11,1.0,-4.5460083835855984
2018-07-27,467269.5225392387,5.820766091346741e-11,1.0,-5.746426054967189
2018-07-30,452207.5343579162,5.820766091346741e-11,1.0,-8.78460027419047
2018-07-31,459672.4891161593,5.820766091346741e-11,1.0,-7.278834048567854
2018-08-01,459275.4569611523,5.820766091346741e-11,1.0,-7.358919947124113
2018-08-02,480845.7009618843,5.820766091346741e-11,1.0,-3.007956552620537
2018-08-03,478015.72369328095,5.820766091346741e-11,1.0,-3.57879513481518
2018-08-06,478966.45070847665,5.820766091346741e-11,1.0,-3.3870226893508737
2018-08-07,494524.3384302161,5.820766091346741e-11,1.0,-0.24881989615168526
2018-08-08,489495.79352196027,5.820766091346741e-11,1.0,-1.2631345614237217
2018-08-09,481853.15506781754,5.820766091346741e-11,1.0,-2.804741608162367
2018-08-10,481292.66611716,-2.9103830456733704e-11,1.0,-2.3326736481696133
2018-08-13,475347.6735316437,-2.9103830456733704e-11,1.0,-4.11697117897996
2018-08-14,475224.34648536367,-2.9103830456733704e-11,1.0,-4.14184764601939
2018-08-15,464408.4997062821,-2.9103830456733704e-11,1.0,-6.323526880373269
2018-08-16,460614.49657222314,-2.9103830456733704e-11,1.0,-7.088820437291875
2018-08-17,450898.3607836572,-2.9103830456733704e-11,1.0,-9.048675464923555
2018-08-20,456123.6756634845,-2.9103830456733704e-11,1.0,-7.99467005978711
2018-08-21,461750.40563069104,-2.9103830456733704e-11,1.0,-6.859694668816048
2018-08-22,466512.08959531155,-2.9103830456733704e-11,1.0,-5.899208889167218
2018-08-23,469290.85330423084,-2.9103830456733704e-11,1.0,-5.338700664083045
2018-08-24,480041.6734114873,-2.9103830456733704e-11,1.0,-3.1701380485661046
2018-08-27,481183.0180359774,-2.9103830456733704e-11,1.0,-2.9399158646398957
2018-08-28,480515.44078366086,-2.9103830456733704e-11,1.0,-3.0745737844916086
2018-08-29,480589.8359765549,-2.9103830456733704e-11,1.0,-3.0595674284671706
2018-08-30,480787.5490730865,-2.9103830456733704e-11,1.0,-3.0196864495782023
2018-08-31,478859.77779269376,-2.9103830456733704e-11,1.0,-3.408539828968793
2018-09-04,478341.7051591107,-2.9103830456733704e-11,1.0,-3.5130409678681667
2018-09-05,456789.2742190248,-2.9103830456733704e-11,1.0,-7.860411265566141
2018-09-06,454957.4831624598,-2.9103830456733704e-11,1.0,-8.229904342845327
2018-09-07,467176.46477107785,-2.9103830456733704e-11,1.0,-5.765196864552292
2018-09-10,474033.9002729252,-2.9103830456733704e-11,1.0,-3.805673971112046
2018-09-11,475584.6466470363,-2.9103830456733704e-11,1.0,-4.069171008035221
2018-09-12,492975.64117730496,-2.9103830456733704e-11,1.0,-0.5612097354300946
2018-09-13,485143.0793213724,-2.9103830456733704e-11,1.0,-2.1411264910862293
2018-09-14,493702.6539372508,-2.9103830456733704e-11,1.0,-0.41456299811205854
2018-09-17,482643.3026105555,-2.9103830456733704e-11,1.0,-2.6453598675296184
2018-09-18,482279.2715253695,-2.9103830456733704e-11,1.0,-2.7187890751942114
2018-09-19,486104.64672887465,-2.9103830456733704e-11,1.0,-1.947167415275677
2018-09-20,487158.03527730575,-2.9103830456733704e-11,1.0,-1.734686971648917
2018-09-21,484281.34008073574,-2.9103830456733704e-11,1.0,-2.31494909093675
2018-09-24,495384.4670309977,-2.9103830456733704e-11,1.0,-0.07532218066737681
2018-09-25,498315.08387114207,-2.9103830456733704e-11,1.0,0.0
2018-09-26,501767.73416033224,-2.9103830456733704e-11,1.0,0.0
2018-09-27,501817.9066854728,-2.9103830456733704e-11,1.0,0.0
2018-09-28,478913.3256117129,-2.9103830456733704e-11,1.0,-4.564321194722924
2018-10-01,502688.4552729953,-2.9103830456733704e-11,1.0,0.0
2018-10-02,483715.45574274164,-2.9103830456733704e-11,1.0,-3.774305801383476
2018-10-03,478353.8890431437,-2.9103830456733704e-11,1.0,-4.840884244424547
2018-10-04,459424.4381326966,-2.9103830456733704e-11,1.0,-8.606526902791762
2018-10-05,445011.6230067253,-2.9103830456733704e-11,0.75,-11.473673537011592
2018-10-08,430344.21780069795,-2.9103830456733704e-11,0.75,-14.391465869851597
2018-10-09,439960.74784622627,-2.9103830456733704e-11,0.75,-12.47844599747242
2018-10-10,617295.7617267958,411942.45026813203,0.5,-17.80555293784981
2018-10-11,616742.9618364238,411942.45026813203,1.0,0.0
2018-10-12,621184.2964448188,411942.45026813203,1.0,0.0
2018-10-15,620384.7978287895,411942.45026813203,1.0,-0.12870554207585527
2018-10-16,630115.5862077347,411942.45026813203,1.0,0.0
2018-10-17,627499.9284402998,411942.45026813203,1.0,-0.4151076127440077
2018-10-18,621248.3787125831,411942.45026813203,1.0,-1.4072350675401701
2018-10-19,612652.510964174,411942.45026813203,1.0,-2.7714082345843485
2018-10-22,615745.8517435865,411942.45026813203,1.0,-2.2804918301784083
2018-10-23,621624.653967643,411942.45026813203,1.0,-1.3475197925499889
2018-10-24,611486.5718433389,411942.45026813203,1.0,-2.956443987762937
2018-10-25,613383.9270496519,411942.45026813203,1.0,-2.655331739813011
2018-10-26,611260.5360068955,411942.45026813203,1.0,-2.992316110495813
2018-10-29,606513.3858737211,411942.45026813203,1.0,-3.7456937823201932
2018-10-30,609960.7929122907,411942.45026813203,1.0,-3.1985866937116865
2018-10-31,616957.2793717519,411942.45026813203,1.0,-2.088237003495534
2018-11-01,624072.1938470043,411942.45026813203,1.0,-0.9590926637923161
2018-11-02,623942.8631504088,411942.45026813203,1.0,-0.9796175800816976
2018-11-05,621937.5038433352,411942.45026813203,1.0,-1.2978701913434856
2018-11-06,623619.4104594192,411942.45026813203,1.0,-1.030949859122159
2018-11-07,628706.5301304644,411942.45026813203,1.0,-0.2236186674496526
2018-11-08,627220.6732462615,411942.45026813203,1.0,-0.45942570297233054
2018-11-09,623681.1487881741,411942.45026813203,1.0,-1.0211519220283527
2018-11-12,611907.8766211949,411942.45026813203,1.0,-2.8895824805922365
2018-11-13,615053.6941988409,411942.45026813203,1.0,-2.390337953635099
2018-11-14,618072.13747451,411942.45026813203,1.0,-1.9113078611031533
2018-11-15,621008.0491561384,411942.45026813203,1.0,-1.4453756185287674
2018-11-16,619624.8305882724,411942.45026813203,1.0,-1.6648938463178515
2018-11-19,611238.0036875681,411942.45026813203,1.0,-2.9958920130477495
2018-11-20,609420.638352371,411942.45026813203,1.0,-3.2843097851163057
2018-11-21,608656.9085694285,411942.45026813203,1.0,-3.4055144973404508
2018-11-23,606447.7736933556,411942.45026813203,1.0,-3.756106503700466
2018-11-26,615140.0214340045,411942.45026813203,1.0,-2.3766377314769387
2018-11-27,615987.0530181484,411942.45026813203,1.0,-2.2422129366164247
2018-11-28,621111.8199870037,411942.45026813203,1.0,-1.4289070795596266
2018-11-29,620543.437182635,411942.45026813203,1.0,-1.5191100227671535
2018-11-30,622940.8811479673,411942.45026813203,1.0,-1.1386331677569417
2018-12-03,631325.9184810964,411942.45026813203,1.0,0.0
2018-12-04,621687.7851729317,411942.45026813203,1.0,-1.5266493939220793
2018-12-06,623522.0582496498,411942.45026813203,1.0,-1.236106423481208
2018-12-07,616475.4032750216,411942.45026813203,1.0,-2.3522739636293695
2018-12-10,617123.9335971964,2.9103830456733704e-11,1.0,-1.8567363831441204
2018-12-11,611978.009175825,2.9103830456733704e-11,1.0,-3.0646467599208305
2018-12-12,620051.134604693,2.9103830456733704e-11,1.0,-1.7858895930535044
2018-12-13,618469.7839586616,2.9103830456733704e-11,1.0,-2.0363704619264316
2018-12-14,606086.6640787582,2.9103830456733704e-11,1.0,-3.9978169220521096
2018-12-17,591271.5129145662,2.9103830456733704e-11,1.0,-6.3444893349059495
2018-12-18,604795.5046240754,2.9103830456733704e-11,1.0,-4.202332437237869
2018-12-19,580580.0883193346,2.9103830456733704e-11,1.0,-8.037976689417562
2018-12-20,567960.9528686153,2.9103830456733704e-11,0.75,-10.03680725875005
2018-12-21,545878.8768629754,2.9103830456733704e-11,0.75,-13.534537251962908
2018-12-24,529902.2445196102,2.9103830456733704e-11,0.5,-16.065184557209513
2018-12-26,568122.6440888722,2.9103830456733704e-11,0.75,-10.011195888216433
2018-12-27,564687.6761752681,2.9103830456733704e-11,0.75,-10.555283785299492
2018-12-28,567608.7659784663,2.9103830456733704e-11,0.75,-10.092592532225968
2018-12-31,578381.9954038021,2.9103830456733704e-11,1.0,-8.38614755508086
2019-01-02,579704.11844179,2.9103830456733704e-11,1.0,-8.17672750764027
2019-01-03,544783.8282099522,2.9103830456733704e-11,0.75,-13.70798944534945
2019-01-04,581646.5541494006,2.9103830456733704e-11,1.0,-7.869051923484964
2019-01-07,606332.3108639596,2.9103830456733704e-11,1.0,-3.9589072593865264
2019-01-08,610101.732739001,2.9103830456733704e-11,1.0,-3.361842927842801
2019-01-09,615272.9786242537,2.9103830456733704e-11,1.0,-2.542734170563506
2019-01-10,615906.3972387926,0.0,1.0,-1.8544124793859647
2019-01-11,613693.5283383804,0.0,1.0,-2.7929140284843164
2019-01-14,607114.6034603053,0.0,1.0,-3.83499462196024
2019-01-15,618322.2717390497,0.0,1.0,-2.0597359242484607
2019-01-16,620542.4527660657,0.0,1.0,-1.7080663725916014
2019-01-17,628340.6720310206,0.0,1.0,-0.47285346010471924
2019-01-18,609882.3253010707,0.0,1.0,-3.396596362084535
2019-01-22,596145.1356683045,0.0,1.0,-5.572523126792122
2019-01-23,590688.1699793399,0.0,1.0,-6.43688898430253
2019-01-24,599779.0444928544,0.0,1.0,-4.996923627678784
2019-01-25,614827.1866075168,0.0,1.0,-2.61334619577694
2019-01-28,609667.5148799394,0.0,1.0,-3.430621643613943
2019-01-29,602701.3270020626,0.0,1.0,-4.534043453799832
2019-01-30,628509.8605227988,0.0,1.0,-0.4460545458156837
2019-01-31,657948.0977629613,0.0,1.0,0.0
2019-02-01,660116.4278470872,0.0,1.0,0.0
2019-02-04,673661.0854676347,0.0,1.0,0.0
2019-02-05,687846.3998216889,0.0,1.0,0.0
2019-02-06,684366.8960975718,0.0,1.0,-0.5058547555121405
2019-02-07,665408.5611571334,0.0,1.0,-3.26204203007707
2019-02-08,666490.776245252,0.0,1.0,-3.104708199675528
2019-02-11,666275.0505678225,0.0,1.0,-3.136070677909824
2019-02-12,671081.8720030204,0.0,1.0,-2.437248755392832
2019-02-13,674240.1867531403,0.0,1.0,-1.9780888686886697
2019-02-14,671230.5465987457,0.0,1.0,-2.415634250212037
2019-02-15,674211.2306815642,0.0,1.0,-1.9822985398570598
2019-02-19,676583.2442571811,0.0,1.0,-1.6374521357424534
2019-02-20,677257.662600468,0.0,1.0,-1.5394043239836375
2019-02-21,663423.6072196607,0.0,1.0,-3.5506172029626635
2019-02-22,699839.0376187393,0.0,1.0,0.0
2019-02-25,713070.8284998578,0.0,1.0,0.0
2019-02-26,715533.2712840708,0.0,1.0,0.0
2019-02-27,729389.0124930255,0.0,1.0,0.0
2019-02-28,720810.1519975495,0.0,1.0,-1.1761707879522088
2019-03-01,718021.5384701557,0.0,1.0,-1.5584926326236004
2019-03-04,716503.9161872959,0.0,1.0,-1.7665602422072126
2019-03-05,715234.6845330227,0.0,1.0,-1.9405732356213912
2019-03-06,714064.1327980068,0.0,1.0,-2.101057108419945
2019-03-07,710115.4101449698,0.0,1.0,-2.6424311331725727
2019-03-08,716591.0566914516,0.0,1.0,-1.7546131875267736
2019-03-11,737494.4670681518,0.0,1.0,0.0
2019-03-12,726755.2515196523,0.0,1.0,-1.4561757447743777
2019-03-13,711120.4217456778,0.0,1.0,-3.5761685680601523
2019-03-14,715737.8314579062,0.0,1.0,-2.950074418420702
2019-03-15,706328.267450343,0.0,1.0,-4.225957076221527
2019-03-18,704611.7204790735,0.0,1.0,-4.458710954103964
2019-03-19,706374.321186475,0.0,1.0,-4.219712454981849
2019-03-20,714752.0448449107,0.0,1.0,-3.0837414026510173
2019-03-21,727137.4078819444,0.0,1.0,-1.4043575441834832
2019-03-22,707570.8905022795,0.0,1.0,-4.057464550863818
2019-03-25,711437.7111905033,0.0,1.0,-3.5331459476889306
2019-03-26,710461.8295292566,0.0,1.0,-3.6654698775383707
2019-03-27,706770.7345976037,0.0,1.0,-4.165961080723464
2019-03-28,712596.8218414332,0.0,1.0,-3.3759772226762803
2019-03-29,716754.8129913206,0.0,1.0,-2.8121775827390216
2019-04-01,735615.7244864942,0.0,1.0,-0.25474666801588153
2019-04-02,747355.7002095359,0.0,1.0,0.0
2019-04-03,744218.578083758,0.0,1.0,-0.41976292211303495
2019-04-04,726791.190355381,0.0,1.0,-2.751636181859485
2019-04-05,727990.2051813218,0.0,1.0,-2.5912018899146103
2019-04-08,717646.7610158708,0.0,1.0,-3.9752074126598034
2019-04-09,713207.9358866038,0.0,1.0,-4.56914482800601
2019-04-10,709414.3023643197,-5.820766091346741e-11,1.0,-4.504639615424377
2019-04-11,706847.0191306039,-5.820766091346741e-11,1.0,-5.420267894869151
2019-04-12,708987.9191240261,-5.820766091346741e-11,1.0,-5.133804569196789
2019-04-15,703418.2394141634,-5.820766091346741e-11,1.0,-5.87905608842667
2019-04-16,708216.3220161584,-5.820766091346741e-11,1.0,-5.2370481930363315
2019-04-17,699347.596657018,-5.820766091346741e-11,1.0,-6.423728826723061
2019-04-18,696047.0951652869,-5.820766091346741e-11,1.0,-6.865352740316773
2019-04-22,692926.771792657,-5.820766091346741e-11,1.0,-7.282867903679426
2019-04-23,700764.3505969665,-5.820766091346741e-11,1.0,-6.234159932078746
2019-04-24,696001.0824223441,-5.820766091346741e-11,1.0,-6.871509479728793
2019-04-25,690124.3039358674,-5.820766091346741e-11,1.0,-7.657852379746694
2019-04-26,676843.9794785012,-5.820766091346741e-11,1.0,-9.434827447126622
2019-04-29,680499.4694476437,-5.820766091346741e-11,1.0,-8.945704266809994
2019-04-30,682092.6154689027,-5.820766091346741e-11,1.0,-8.732533213078506
2019-05-01,672209.0870265905,-5.820766091346741e-11,0.75,-10.054999669083486
2019-05-02,676602.0668800276,-5.820766091346741e-11,1.0,-9.467196585196456
2019-05-03,686147.1451878959,-5.820766091346741e-11,1.0,-8.190016481372792
2019-05-06,683523.2249984549,-5.820766091346741e-11,1.0,-8.541110369959618
2019-05-07,662982.4437290682,-5.820766091346741e-11,0.75,-11.289571546294761
2019-05-08,663133.0301914689,-5.820766091346741e-11,0.75,-11.269422310481277
2019-05-09,658380.9545295836,-5.820766091346741e-11,0.75,-11.90527424290823
2019-05-10,817070.2844069815,327417.46520015295,0.75,-12.116098632086906
2019-05-13,792014.1277052008,327417.46520015295,1.0,0.0
2019-05-14,803320.5057189948,327417.46520015295,1.0,0.0
2019-05-15,803891.345939908,327417.46520015295,1.0,0.0
2019-05-16,797562.7591623383,327417.46520015295,1.0,-0.7872440485312403
2019-05-17,785718.518824339,327417.46520015295,1.0,-2.260607382745399
2019-05-20,771744.065474504,327417.46520015295,1.0,-3.998958395032527
2019-05-21,779793.1547495889,327417.46520015295,1.0,-2.9976925752501375
2019-05-22,760735.0616300385,327417.46520015295,1.0,-5.368422552106363
2019-05-23,758995.6988430615,327417.46520015295,1.0,-5.584790447564105
2019-05-24,758067.6525829362,327417.46520015295,1.0,-5.700234688233242
2019-05-28,745754.1259174324,327417.46520015295,1.0,-7.2319748578088845
2019-05-29,749400.8246114408,327417.46520015295,1.0,-6.778344063992502
2019-05-30,749006.0002743582,327417.46520015295,1.0,-6.827458205981546
2019-05-31,742013.122251057,327417.46520015295,1.0,-7.69733671115754
2019-06-03,738501.5006931741,327417.46520015295,1.0,-8.134164595375786
2019-06-04,757076.0266821727,327417.46520015295,1.0,-5.823587913239557
2019-06-05,766127.367014883,327417.46520015295,1.0,-4.697647152908633
2019-06-06,770554.5992902779,327417.46520015295,1.0,-4.146921946354923
2019-06-07,775469.2725745207,327417.46520015295,1.0,-3.53556155429889
2019-06-10,779093.8100242118,1.1641532182693481e-10,1.0,-2.6231232852594633
2019-06-11,780746.9902110593,1.1641532182693481e-10,1.0,-2.8790402889321163
2019-06-12,772696.6850627124,1.1641532182693481e-10,1.0,-3.88045735717217
2019-06-13,776463.6786659594,1.1641532182693481e-10,1.0,-3.4118624876947994
2019-06-14,769884.2387614237,1.1641532182693481e-10,1.0,-4.230311390990678
2019-06-17,783934.7319337914,1.1641532182693481e-10,1.0,-2.482501411031275
2019-06-18,793795.3521723088,1.1641532182693481e-10,1.0,-1.2558903412245217
2019-06-19,799249.8094822287,1.1641532182693481e-10,1.0,-0.5773835582534305
2019-06-20,791770.3020087929,1.1641532182693481e-10,1.0,-1.5077962951502073
2019-06-21,788404.2972538653,1.1641532182693481e-10,1.0,-1.9265101887538345
2019-06-24,786972.9923984215,1.1641532182693481e-10,1.0,-2.1045572423354715
2019-06-25,774275.6274928227,1.1641532182693481e-10,1.0,-3.684044939239719
2019-06-26,777392.0483456526,1.1641532182693481e-10,1.0,-3.2963780152742386
2019-06-27,789982.056322871,1.1641532182693481e-10,1.0,-1.730244974931808
2019-06-28,789514.3760427656,1.1641532182693481e-10,1.0,-1.7884220261548975
2019-07-01,800801.2979530715,1.1641532182693481e-10,1.0,-0.3843862733991157
2019-07-02,802215.2902641454,1.1641532182693481e-10,1.0,-0.20849281239654952
2019-07-03,815797.0700613485,1.1641532182693481e-10,1.0,0.0
2019-07-05,819203.3555574128,1.1641532182693481e-10,1.0,0.0
2019-07-08,823642.1890943402,1.1641532182693481e-10,1.0,0.0
2019-07-09,835565.2011218719,1.1641532182693481e-10,1.0,0.0
2019-07-10,842074.4050595756,5.820766091346741e-11,1.0,0.0
2019-07-11,832790.2686347073,5.820766091346741e-11,1.0,-1.6950263347867742
2019-07-12,841765.1027981434,5.820766091346741e-11,1.0,-0.6356109341569707
2019-07-15,848994.1683935034,5.820766091346741e-11,1.0,0.0
2019-07-16,833293.7122889671,5.820766091346741e-11,1.0,-1.8493008184314461
2019-07-17,830780.9020246087,5.820766091346741e-11,1.0,-2.145275791865391
2019-07-18,812553.6294111414,5.820766091346741e-11,1.0,-4.292201329405606
2019-07-19,808909.56979389,5.820766091346741e-11,1.0,-4.721422135968601
2019-07-22,813815.721127575,5.820766091346741e-11,1.0,-4.14354404017807
2019-07-23,822193.0267221492,5.820766091346741e-11,1.0,-3.1568110440697428
2019-07-24,840365.38164377,5.820766091346741e-11,1.0,-1.016354065901427
2019-07-25,802917.3225950736,5.820766091346741e-11,1.0,-5.427227596347102
2019-07-26,803977.5729104793,5.820766091346741e-11,1.0,-5.302344487030591
2019-07-29,798716.7317375338,5.820766091346741e-11,1.0,-5.922000236009432
2019-07-30,813416.9244277752,5.820766091346741e-11,1.0,-4.190516883413784
2019-07-31,788021.1921956632,5.820766091346741e-11,1.0,-7.1817897540115485
2019-08-01,769180.8825963149,5.820766091346741e-11,1.0,-9.400922735219021
2019-08-02,761246.2755890297,5.820766091346741e-11,0.75,-10.335511841089957
2019-08-05,736036.0213581929,5.820766091346741e-11,0.75,-13.304937918366846
2019-08-06,742107.3715521174,5.820766091346741e-11,0.75,-12.589815197864192
2019-08-07,740442.6092143764,5.820766091346741e-11,0.75,-12.785901625747567
2019-08-08,785313.9872208303,5.820766091346741e-11,1.0,-7.500661788192374
2019-08-09,774256.1895045984,5.820766091346741e-11,1.0,-8.803120406625037
2019-08-12,760492.7033784969,5.820766091346741e-11,0.75,-10.424272428451665
2019-08-13,768680.8810849946,5.820766091346741e-11,1.0,-9.459816132834032
2019-08-14,731739.9989194107,5.820766091346741e-11,0.75,-13.810951104171318
2019-08-15,722242.3008614947,5.820766091346741e-11,0.75,-14.929651139047634
2019-08-16,745517.354875328,5.820766091346741e-11,0.75,-12.188165404478319
2019-08-19,763042.7605795095,5.820766091346741e-11,0.75,-10.123910270977966
2019-08-20,747527.4919491987,5.820766091346741e-11,0.75,-11.951398516235226
2019-08-21,745439.2659020075,5.820766091346741e-11,0.75,-12.197363226586841
2019-08-22,744515.1539794909,5.820766091346741e-11,0.75,-12.306211079366
2019-08-23,705824.324115731,5.820766091346741e-11,0.5,-16.863466158864597
2019-08-26,714221.9536215256,5.820766091346741e-11,0.5,-15.874339281622932
2019-08-27,702840.0841353044,5.820766091346741e-11,0.5,-17.21496915988915
2019-08-28,712598.3060240726,5.820766091346741e-11,0.5,-16.065582950648988
2019-08-29,732392.5077154528,5.820766091346741e-11,0.75,-13.734094416536259
2019-08-30,734548.897233356,5.820766091346741e-11,0.75,-13.48010097368569
2019-09-03,727833.2029800656,5.820766091346741e-11,0.75,-14.271118686563284
2019-09-04,734508.8304900576,5.820766091346741e-11,0.75,-13.484820292709312
2019-09-05,754584.1562494072,5.820766091346741e-11,0.75,-11.120219155655937
2019-09-06,744708.4430487717,5.820766091346741e-11,0.75,-12.28344424815836
2019-09-09,759770.6407233281,5.820766091346741e-11,0.75,-10.50932161748616
2019-09-10,942166.5516293233,377546.20381860284,0.75,-10.792732231160194
2019-09-11,950136.1659797796,377546.20381860284,1.0,0.0
2019-09-12,948924.9194440257,377546.20381860284,1.0,-0.1274813631059707
2019-09-13,948854.5983951107,377546.20381860284,1.0,-0.13488251795439415
2019-09-16,957065.1754965881,377546.20381860284,1.0,0.0
2019-09-17,965263.5607774977,377546.20381860284,1.0,0.0
2019-09-18,938202.2288786194,377546.20381860284,1.0,-2.8035174017219755
2019-09-19,931755.1039577756,377546.20381860284,1.0,-3.471430827942141
2019-09-20,899837.0445488392,377546.20381860284,1.0,-6.778098634113872
2019-09-23,899483.8594053689,377546.20381860284,1.0,-6.814688137522228
2019-09-24,879592.3337508242,377546.20381860284,1.0,-8.875423304870981
2019-09-25,886713.5981838382,377546.20381860284,1.0,-8.137669936528976
2019-09-26,882197.7358691721,377546.20381860284,1.0,-8.605507167536496
2019-09-27,871775.5364488454,377546.20381860284,1.0,-9.685232938178029
2019-09-30,874712.1052746149,377546.20381860284,1.0,-9.381008377644102
2019-10-01,872029.3994645479,377546.20381860284,1.0,-9.658933072937288
2019-10-02,868805.2405402474,377546.20381860284,1.0,-9.992951578898857
2019-10-03,878822.464656159,377546.20381860284,1.0,-8.955180702326764
2019-10-04,883480.2870134902,377546.20381860284,1.0,-8.472636602808556
2019-10-07,886105.0003933313,377546.20381860284,1.0,-8.200719844889411
2019-10-08,873233.2593119568,377546.20381860284,1.0,-9.534214820189895
2019-10-09,886145.3208110773,377546.20381860284,1.0,-8.196542704118295
2019-10-10,885988.6571396433,1.1641532182693481e-10,1.0,-7.777254188029244
2019-10-11,905240.1072454355,1.1641532182693481e-10,1.0,-6.218348642904817
2019-10-14,906683.2310116175,1.1641532182693481e-10,1.0,-6.068842971622708
2019-10-15,927908.4072507869,1.1641532182693481e-10,1.0,-3.8699434066092877
2019-10-16,926299.3696301611,1.1641532182693481e-10,1.0,-4.036637528920273
2019-10-17,941953.821466591,1.1641532182693481e-10,1.0,-2.4148574812180077
2019-10-18,897965.6897247108,1.1641532182693481e-10,1.0,-6.971968464092858
2019-10-21,903503.9139223138,1.1641532182693481e-10,1.0,-6.398215924098273
2019-10-22,888574.3477487327,1.1641532182693481e-10,1.0,-7.944898797069853
2019-10-23,895630.5546352112,1.1641532182693481e-10,1.0,-7.2138853026005325
2019-10-24,945505.1051017194,1.1641532182693481e-10,1.0,-2.0469492974398977
2019-10-25,976687.1310505061,1.1641532182693481e-10,1.0,0.0
2019-10-28,999494.4781780946,1.1641532182693481e-10,1.0,0.0
2019-10-29,994178.6304054525,1.1641532182693481e-10,1.0,-0.531853640885743
2019-10-30,1002997.2334239725,1.1641532182693481e-10,1.0,0.0
2019-10-31,992849.7028201267,1.1641532182693481e-10,1.0,-1.0117206972949264
2019-11-01,998345.5569203296,1.1641532182693481e-10,1.0,-0.4637776006383697
2019-11-04,1002789.5247916891,1.1641532182693481e-10,1.0,-0.020708794138376133
2019-11-05,1000157.5315347351,1.1641532182693481e-10,1.0,-0.28312160737905356
2019-11-06,1003908.1166907924,1.1641532182693481e-10,1.0,0.0
2019-11-07,971991.8393046646,1.1641532182693481e-10,1.0,-3.1792030421403674
2019-11-08,986272.9640434564,1.1641532182693481e-10,1.0,-1.7566500712701887
2019-11-11,1005907.0464490587,1.1641532182693481e-10,1.0,0.0
2019-11-12,1020272.1377829744,1.1641532182693481e-10,1.0,0.0
2019-11-13,1018337.6783932575,1.1641532182693481e-10,1.0,-0.18960229512102367
2019-11-14,1039949.7110183972,1.1641532182693481e-10,1.0,0.0
2019-11-15,1067655.3122954683,1.1641532182693481e-10,1.0,0.0
2019-11-18,1068854.4478793466,1.1641532182693481e-10,1.0,0.0
2019-11-19,1067677.6377210338,1.1641532182693481e-10,1.0,-0.11010013202898006
2019-11-20,1076337.1839765173,1.1641532182693481e-10,1.0,0.0
2019-11-21,1079895.0401383506,1.1641532182693481e-10,1.0,0.0
2019-11-22,1068181.7033088538,1.1641532182693481e-10,1.0,-1.0846736390229303
2019-11-25,1084757.381729076,1.1641532182693481e-10,1.0,0.0
2019-11-26,1087777.1876125191,1.1641532182693481e-10,1.0,0.0
2019-11-27,1090333.8889628975,1.1641532182693481e-10,1.0,0.0
2019-11-29,1082237.6688048602,1.1641532182693481e-10,1.0,-0.7425450350569418
2019-12-02,1036340.8487698883,1.1641532182693481e-10,1.0,-4.951973036843441
2019-12-03,1052060.688030959,1.1641532182693481e-10,1.0,-3.5102275843542774
2019-12-04,1056582.7285925348,1.1641532182693481e-10,1.0,-3.095488520719656
2019-12-05,1042341.6676778104,1.1641532182693481e-10,1.0,-4.401607780047655
2019-12-06,1045915.8068590207,1.1641532182693481e-10,1.0,-4.073805515311121
2019-12-09,1049443.9442318603,1.1641532182693481e-10,1.0,-3.7502223075842194
2019-12-10,1045288.948449559,-5.820766091346741e-11,1.0,-3.553486789428147
2019-12-11,1038744.9849994495,-5.820766091346741e-11,1.0,-4.731477622191335
2019-12-12,1058422.2969873536,-5.820766091346741e-11,1.0,-2.926772459204906
2019-12-13,1039985.7210454093,-5.820766091346741e-11,1.0,-4.617683484586382
2019-12-16,1066129.32540199,-5.820766091346741e-11,1.0,-2.2199221546649683
2019-12-17,1064510.5002098482,-5.820766091346741e-11,1.0,-2.36839274780425
2019-12-18,1068728.2350757867,-5.820766091346741e-11,1.0,-1.9815630886848437
2019-12-19,1088188.4650205798,-5.820766091346741e-11,1.0,-0.19676761073237872
2019-12-20,1094330.3526284858,-5.820766091346741e-11,1.0,0.0
2019-12-23,1117525.3776709256,-5.820766091346741e-11,1.0,0.0
2019-12-24,1132880.876301254,-5.820766091346741e-11,1.0,0.0
2019-12-26,1131740.5827654058,-5.820766091346741e-11,1.0,-0.10065431941715672
2019-12-27,1116912.6780262282,-5.820766091346741e-11,1.0,-1.4095213900300196
2019-12-30,1098305.1154563574,-5.820766091346741e-11,1.0,-3.0520208759973997
2019-12-31,1109536.2712317298,-5.820766091346741e-11,1.0,-2.0606407573708907
2020-01-02,1134016.6606308192,-5.820766091346741e-11,1.0,0.0
2020-01-03,1128759.641330697,-5.820766091346741e-11,1.0,-0.4635751380581769
2020-01-06,1144251.6164438552,-5.820766091346741e-11,1.0,0.0
2020-01-07,1133514.8015144258,-5.820766091346741e-11,1.0,-0.9383263938745995
2020-01-08,1110001.5426585134,-5.820766091346741e-11,1.0,-2.9932292245114214
2020-01-09,1115795.783231098,-5.820766091346741e-11,1.0,-2.4868510390392347
2020-01-10,1090817.2968910174,-1.1641532182693481e-10,1.0,-4.095239611586768
2020-01-13,1109277.2264711861,-1.1641532182693481e-10,1.0,-3.0565296539727593
2020-01-14,1122847.6434465018,-1.1641532182693481e-10,1.0,-1.8705652401762314
2020-01-15,1110274.7840808926,-1.1641532182693481e-10,1.0,-2.9693497369535757
2020-01-16,1115648.3789826368,-1.1641532182693481e-10,1.0,-2.4997331924347646
2020-01-17,1110488.4873231035,-1.1641532182693481e-10,1.0,-2.950673491349916
2020-01-21,1120517.5341008601,-1.1641532182693481e-10,1.0,-2.074201338404633
2020-01-22,1124201.4908719473,-1.1641532182693481e-10,1.0,-1.7522479569852336
2020-01-23,1118459.0790766436,-1.1641532182693481e-10,1.0,-2.2540966511693115
2020-01-24,1094067.9190943015,-1.1641532182693481e-10,1.0,-4.385722216020662
2020-01-27,1073323.3211656201,-1.1641532182693481e-10,1.0,-6.198662449668939
2020-01-28,1089182.300714838,-1.1641532182693481e-10,1.0,-4.81269284986142
2020-01-29,1067187.771016678,-1.1641532182693481e-10,1.0,-6.734868827773985
2020-01-30,1109764.1169704534,-1.1641532182693481e-10,1.0,-3.013978654501119
2020-01-31,1117851.8485571246,-1.1641532182693481e-10,1.0,-2.307164570042446
2020-02-03,1189362.0392798115,-1.1641532182693481e-10,1.0,0.0
2020-02-04,1259674.4852675889,-1.1641532182693481e-10,1.0,0.0
2020-02-05,1188360.5599096646,-1.1641532182693481e-10,1.0,-5.661297914022232
2020-02-06,1184442.3981912818,-1.1641532182693481e-10,1.0,-5.972343486843406
2020-02-07,1183243.5526111105,-1.1641532182693481e-10,1.0,-6.067514548430532
2020-02-10,1204858.8490657187,-1.1641532182693481e-10,1.0,-3.775088077136256
2020-02-11,1181170.5758731146,-1.1641532182693481e-10,1.0,-6.232079026177774
2020-02-12,1173191.6538695295,-1.1641532182693481e-10,1.0,-6.8654904429288415
2020-02-13,1193558.7629654217,-1.1641532182693481e-10,1.0,-5.248635506666029
2020-02-14,1186959.906632224,-1.1641532182693481e-10,1.0,-5.772489598367806
2020-02-18,1224875.9706540948,-1.1641532182693481e-10,1.0,-2.7625005523630892
2020-02-19,1253761.4411614335,-1.1641532182693481e-10,1.0,-0.4694104846379667
2020-02-20,1242352.6693192236,-1.1641532182693481e-10,1.0,-1.3751025483925423
2020-02-21,1222802.4371599914,-1.1641532182693481e-10,1.0,-2.9271092285214375
2020-02-24,1167661.8091284125,-1.1641532182693481e-10,1.0,-7.3044804205612195
2020-02-25,1165868.8912507296,-1.1641532182693481e-10,1.0,-7.446812260941561
2020-02-26,1194083.1643366404,-1.1641532182693481e-10,1.0,-5.207005595339586
2020-02-27,1125259.612391401,-1.1641532182693481e-10,0.75,-10.670603751066247
2020-02-28,1130127.5494725327,-1.1641532182693481e-10,0.75,-10.284159702380325
2020-03-02,1212206.6160589913,-1.1641532182693481e-10,1.0,-3.7682647194774392
2020-03-03,1179312.8469447282,-1.1641532182693481e-10,1.0,-6.379555929942465
2020-03-04,1185931.6294157004,-1.1641532182693481e-10,1.0,-5.854119990072153
2020-03-05,1161981.8886107067,-1.1641532182693481e-10,1.0,-7.755384251998218
2020-03-06,1164179.7678401258,-1.1641532182693481e-10,1.0,-7.580904316497082
2020-03-09,1068412.0584030396,-1.1641532182693481e-10,0.5,-15.183480264262078
2020-03-10,1345685.2445682208,539244.7383563295,0.75,-14.125856051999472
2020-03-11,1308735.108658039,539244.7383563295,1.0,0.0
2020-03-12,1239560.6339614887,539244.7383563295,1.0,-5.285597844737347
2020-03-13,1337824.3652887912,539244.7383563295,1.0,0.0
2020-03-16,1221375.5791676654,539244.7383563295,1.0,-8.704340356066727
2020-03-17,1251826.209781545,539244.7383563295,1.0,-6.428209691687156
2020-03-18,1190684.2478751892,539244.7383563295,0.75,-10.998462969527354
2020-03-19,1212348.376732926,539244.7383563295,1.0,-9.379107737268585
2020-03-20,1190386.0479809726,539244.7383563295,0.75,-11.020752883058137
2020-03-23,1177405.0512792722,539244.7383563295,0.75,-11.991059377580548
2020-03-24,1272391.9801337551,539244.7383563295,1.0,-4.890954810866481
2020-03-25,1292241.860125844,539244.7383563295,1.0,-3.4072114655429835
2020-03-26,1303091.966854497,539244.7383563295,1.0,-2.5961852194848163
2020-03-27,1280683.3309316193,539244.7383563295,1.0,-4.271191035217627
2020-03-30,1288002.814246638,539244.7383563295,1.0,-3.7240726312678927
2020-03-31,1289427.1402596952,539244.7383563295,1.0,-3.617606786422123
2020-04-01,1251563.7669778701,539244.7383563295,1.0,-6.447826826079696
2020-04-02,1283276.7336845272,539244.7383563295,1.0,-4.077338776266721
2020-04-03,1291531.8364156978,539244.7383563295,1.0,-3.460284479353194
2020-04-06,1360863.50480664,539244.7383563295,1.0,0.0
2020-04-07,1383130.2277101413,539244.7383563295,1.0,0.0
2020-04-08,1410978.3772208309,539244.7383563295,1.0,0.0
2020-04-09,1411410.307982856,539244.7383563295,1.0,0.0
2020-04-13,1477060.3213973758,539244.7383563295,1.0,0.0
2020-04-14,1524693.7278461307,539244.7383563295,1.0,0.0
2020-04-15,1520888.9055880238,539244.7383563295,1.0,-0.24954665901864814
2020-04-16,1527483.7494377412,539244.7383563295,1.0,0.0
2020-04-17,1548505.971385218,539244.7383563295,1.0,0.0
2020-04-20,1572796.7378953097,539244.7383563295,1.0,0.0
2020-04-21,1524033.8521088467,539244.7383563295,1.0,-3.1003933700750625
2020-04-22,1544820.885382373,539244.7383563295,1.0,-1.7787328673108531
2020-04-23,1512660.074160344,539244.7383563295,1.0,-3.823549622530347
2020-04-24,1538277.745861647,539244.7383563295,1.0,-2.1947522653089604
2020-04-27,1576143.9238454392,539244.7383563295,1.0,0.0
2020-04-28,1561068.6872311796,539244.7383563295,1.0,-0.9564632002310707
2020-04-29,1593242.8109793803,539244.7383563295,1.0,0.0
2020-04-30,1585138.8964509743,539244.7383563295,1.0,-0.5086427801563056
2020-05-01,1529152.0619901712,539244.7383563295,1.0,-4.022660485115381
2020-05-04,1573585.0729458262,539244.7383563295,1.0,-1.2338193461842937
2020-05-05,1566123.5058199887,539244.7383563295,1.0,-1.7021451452664098
2020-05-06,1544918.0850927082,539244.7383563295,1.0,-3.033104907403687
2020-05-07,1552287.243455347,539244.7383563295,1.0,-2.570579151011993
2020-05-08,1590366.9308631083,539244.7383563295,1.0,-0.1805048230221852
2020-05-11,1591898.2640619308,539244.7383563295,1.0,-0.08439058429662365
2020-05-12,1563023.46849652,539244.7383563295,1.0,-1.8967192115735394
2020-05-13,1537057.5265301506,539244.7383563295,1.0,-3.526473432802884
2020-05-14,1561960.4160011793,539244.7383563295,1.0,-1.963441778153793
2020-05-15,1576663.65114381,539244.7383563295,1.0,-1.0405921634367146
2020-05-18,1602921.630267624,539244.7383563295,1.0,0.0
2020-05-19,1599249.045094962,539244.7383563295,1.0,-0.229118199125485
2020-05-20,1624318.8475760627,539244.7383563295,1.0,0.0
2020-05-21,1606016.2449099468,539244.7383563295,1.0,-1.1267863260608253
2020-05-22,1621036.9179844349,539244.7383563295,1.0,-0.20204959121944235
2020-05-26,1624096.130832328,539244.7383563295,1.0,-0.013711393182872981
2020-05-27,1607308.1386101933,539244.7383563295,1.0,-1.0472518367470842
2020-05-28,1577567.2665318234,539244.7383563295,1.0,-2.8782268403771614
2020-05-29,1599486.1352751162,539244.7383563295,1.0,-1.5288077422732496
2020-06-01,1614385.5039992086,539244.7383563295,1.0,-0.6115390209057426
2020-06-02,1626576.3303334236,539244.7383563295,1.0,0.0
2020-06-03,1636147.8391583504,539244.7383563295,1.0,0.0
2020-06-04,1639598.3095579615,539244.7383563295,1.0,0.0
2020-06-05,1708907.9310578827,539244.7383563295,1.0,0.0
2020-06-08,1786097.3086126458,539244.7383563295,1.0,0.0
2020-06-09,1782961.131158619,539244.7383563295,1.0,-0.17558827500070043
2020-06-10,1773565.4752180802,1.1641532182693481e-10,1.0,-0.19399637488337487
2020-06-11,1574808.2155360403,1.1641532182693481e-10,0.75,-11.82965183687135
2020-06-12,1680044.8679014714,1.1641532182693481e-10,1.0,-5.9376630937062895
2020-06-15,1702520.2051084728,1.1641532182693481e-10,1.0,-4.679314116938659
2020-06-16,1733383.6607864313,1.1641532182693481e-10,1.0,-2.9513312388987347
2020-06-17,1694185.0585133645,1.1641532182693481e-10,1.0,-5.145982229303862
2020-06-18,1695723.024154019,1.1641532182693481e-10,1.0,-5.059874622890796
2020-06-19,1658842.9536233486,1.1641532182693481e-10,1.0,-7.124715679020997
2020-06-22,1648658.0562042014,1.1641532182693481e-10,1.0,-7.694947623833586
2020-06-23,1669035.7434755703,1.1641532182693481e-10,1.0,-6.554041852736639
2020-06-24,1565698.6338520104,1.1641532182693481e-10,0.75,-12.33967901400795
2020-06-25,1587012.9588623631,1.1641532182693481e-10,0.75,-11.14633277763135
2020-06-26,1538561.9147452072,1.1641532182693481e-10,0.75,-13.85900939852556
2020-06-29,1639793.3836114232,1.1641532182693481e-10,1.0,-8.191262832978818
2020-06-30,1652302.3032396599,1.1641532182693481e-10,1.0,-7.490913553691622
2020-07-01,1662836.456759464,1.1641532182693481e-10,1.0,-6.901127461466526
2020-07-02,1691411.00033423,1.1641532182693481e-10,1.0,-5.301296173609017
2020-07-06,1780231.410364158,1.1641532182693481e-10,1.0,-0.32841985821277553
2020-07-07,1746159.1719891164,1.1641532182693481e-10,1.0,-2.2360560329465753
2020-07-08,1773094.912703198,1.1641532182693481e-10,1.0,-0.7279780248673884
2020-07-09,1763932.2909586043,1.1641532182693481e-10,1.0,-1.2409748084362908
2020-07-10,1858495.7986214266,-1.1641532182693481e-10,1.0,0.0
2020-07-13,1802007.1098788977,-1.1641532182693481e-10,1.0,-3.62037478845652
2020-07-14,1807240.4468926922,-1.1641532182693481e-10,1.0,-3.3404718639729887
2020-07-15,1944671.8011056304,-1.1641532182693481e-10,1.0,0.0
2020-07-16,1837702.8008219614,-1.1641532182693481e-10,1.0,-5.500619704715852
2020-07-17,1822230.2079703365,-1.1641532182693481e-10,1.0,-6.296260020106244
2020-07-20,1854681.4562009005,-1.1641532182693481e-10,1.0,-4.627533800488414
2020-07-21,1841147.8475499556,-1.1641532182693481e-10,1.0,-5.323466586846012
2020-07-22,1834660.5732815773,-1.1641532182693481e-10,1.0,-5.657058829233132
2020-07-23,1781793.31505134,-1.1641532182693481e-10,1.0,-8.375628523110523
2020-07-24,1746477.0548814079,-1.1641532182693481e-10,0.75,-10.191680987585675
2020-07-27,1751968.4007070502,-1.1641532182693481e-10,1.0,-9.909301934085734
2020-07-28,1752318.4303537116,-1.1641532182693481e-10,1.0,-9.891302514005577
2020-07-29,1755495.3353252446,-1.1641532182693481e-10,1.0,-9.727937931368714
2020-07-30,1737848.3614625335,-1.1641532182693481e-10,0.75,-10.635390482111623
2020-07-31,1728672.4980211244,-1.1641532182693481e-10,0.75,-11.107236859283965
2020-08-03,1734284.1030516103,-1.1641532182693481e-10,0.75,-10.818673769754131
2020-08-04,1755750.0784108753,-1.1641532182693481e-10,1.0,-9.714838390074092
2020-08-05,1781193.8888196596,-1.1641532182693481e-10,1.0,-8.406452553743335
2020-08-06,1823307.5936381533,-1.1641532182693481e-10,1.0,-6.240858092274298
2020-08-07,1814385.5956261223,-1.1641532182693481e-10,1.0,-6.699650059482257
2020-08-10,1854252.3991577,2.3283064365386963e-10,1.0,-4.074909796100806
2020-08-11,1801092.988778538,2.3283064365386963e-10,1.0,-7.383189916440476
2020-08-12,1876786.8752806478,2.3283064365386963e-10,1.0,-3.490816588505426
2020-08-13,1882200.853720265,2.3283064365386963e-10,1.0,-3.21241596396101
2020-08-14,1899100.4197094855,2.3283064365386963e-10,1.0,-2.343397038525244
2020-08-17,1945504.9755276032,2.3283064365386963e-10,1.0,0.0
2020-08-18,1941806.394366532,2.3283064365386963e-10,1.0,-0.19010905690786317
2020-08-19,1935407.7512682148,2.3283064365386963e-10,1.0,-0.5190027466596494
2020-08-20,1979275.1146067658,2.3283064365386963e-10,1.0,0.0
2020-08-21,1986849.8106286554,2.3283064365386963e-10,1.0,0.0
2020-08-24,1993855.5931570735,2.3283064365386963e-10,1.0,0.0
2020-08-25,2007177.6272402676,2.3283064365386963e-10,1.0,0.0
2020-08-26,2055277.7363131316,2.3283064365386963e-10,1.0,0.0
2020-08-27,2066539.1245117811,2.3283064365386963e-10,1.0,0.0
2020-08-28,2071729.9254323663,2.3283064365386963e-10,1.0,0.0
2020-08-31,2167255.388602219,2.3283064365386963e-10,1.0,0.0
2020-09-01,2130481.5955887344,2.3283064365386963e-10,1.0,-1.6967909369094754
2020-09-02,2097971.5488618915,2.3283064365386963e-10,1.0,-3.1968470400257014
2020-09-03,1984287.262730769,2.3283064365386963e-10,1.0,-8.442388785082503
2020-09-04,1995700.678418135,2.3283064365386963e-10,1.0,-7.9157588480944545
2020-09-08,1785422.4708208998,2.3283064365386963e-10,0.5,-17.618270545751606
2020-09-09,1866625.7952333698,2.3283064365386963e-10,0.75,-13.87144288346846
2020-09-10,2305383.9247655342,923816.439497309,0.75,-14.491274719638195
2020-09-11,2283093.152521249,923816.439497309,1.0,0.0
2020-09-14,2364802.7056482774,923816.439497309,1.0,0.0
2020-09-15,2401350.0101436162,923816.439497309,1.0,0.0
2020-09-16,2366129.044889214,923816.439497309,1.0,-1.4667151854425342
2020-09-17,2347460.3338702396,923816.439497309,1.0,-2.244140839350351
2020-09-18,2365198.681274363,923816.439497309,1.0,-1.505458542759092
2020-09-21,2418610.9868564894,923816.439497309,1.0,0.0
2020-09-22,2419105.1952381516,923816.439497309,1.0,0.0
2020-09-23,2359100.764654878,923816.439497309,1.0,-2.4804390772831324
2020-09-24,2348992.0988450125,923816.439497309,1.0,-2.898307048868817
2020-09-25,2414424.977839801,923816.439497309,1.0,-0.1934689490793245
2020-09-28,2432595.7824670537,923816.439497309,1.0,0.0
2020-09-29,2432831.89749874,923816.439497309,1.0,0.0
2020-09-30,2455147.5543460506,923816.439497309,1.0,0.0
2020-10-01,2499691.757608858,923816.439497309,1.0,0.0
2020-10-02,2439609.0574226235,923816.439497309,1.0,-2.403604364552053
2020-10-05,2491140.6024830877,923816.439497309,1.0,-0.34208838348733334
2020-10-06,2468041.4937652936,923816.439497309,1.0,-1.2661666682391337
2020-10-07,2496985.5252912114,923816.439497309,1.0,-0.108262641160013
2020-10-08,2488716.345973693,923816.439497309,1.0,-0.4390706014754357
2020-10-09,2492535.5529753123,923816.439497309,1.0,-0.2862834832239892
2020-10-12,2522557.712660767,923816.439497309,1.0,0.0
2020-10-13,2552034.8047418343,923816.439497309,1.0,0.0
2020-10-14,2550120.2638315074,923816.439497309,1.0,-0.07502017240397911
2020-10-15,2549655.410113883,923816.439497309,1.0,-0.09323519505024097
2020-10-16,2543968.1882330407,923816.439497309,1.0,-0.3160856777425328
2020-10-19,2522109.1312605357,923816.439497309,1.0,-1.1726201157482221
2020-10-20,2498968.950451801,923816.439497309,1.0,-2.0793546463956396
2020-10-21,2464197.546562076,923816.439497309,1.0,-3.441851890756008
2020-10-22,2464163.4264379228,923816.439497309,1.0,-3.443188867982569
2020-10-23,2476243.4236206315,923816.439497309,1.0,-2.9698412020234946
2020-10-26,2469016.900437903,923816.439497309,1.0,-3.253008311237719
2020-10-27,2479307.483350868,923816.439497309,1.0,-2.8497778030234806
2020-10-28,2416485.4665618683,923816.439497309,1.0,-5.31142200443768
2020-10-29,2418847.566881668,923816.439497309,1.0,-5.218864476796969
2020-10-30,2348112.328509869,923816.439497309,1.0,-7.990583664966677
2020-11-02,2352795.7916375906,923816.439497309,1.0,-7.807064885402252
2020-11-03,2398372.278208211,923816.439497309,1.0,-6.021176758565714
2020-11-04,2479688.6474955794,923816.439497309,1.0,-2.8348421076323618
2020-11-05,2519647.602350147,923816.439497309,1.0,-1.2690736949006316
2020-11-06,2531572.141539944,923816.439497309,1.0,-0.8018175600062177
2020-11-09,2407253.755843014,923816.439497309,1.0,-5.67316122138336
2020-11-10,2323736.914332994,2.3283064365386963e-10,1.0,-8.505850484455282
2020-11-11,2441470.9837764506,2.3283064365386963e-10,1.0,-4.332379039656882
2020-11-12,2439062.303091218,2.3283064365386963e-10,1.0,-4.426761791833965
2020-11-13,2413721.3316936526,2.3283064365386963e-10,1.0,-5.419733022104047
2020-11-16,2398507.1325804517,2.3283064365386963e-10,1.0,-6.015892568397538
2020-11-17,2442396.2758937506,2.3283064365386963e-10,1.0,-4.29612200603098
2020-11-18,2509177.075010055,2.3283064365386963e-10,1.0,-1.679355220867162
2020-11-19,2563148.699729426,2.3283064365386963e-10,1.0,0.0
2020-11-20,2589990.7665928756,2.3283064365386963e-10,1.0,0.0
2020-11-23,2634075.8178408043,2.3283064365386963e-10,1.0,0.0
2020-11-24,2697584.928281766,2.3283064365386963e-10,1.0,0.0
2020-11-25,2750636.435029866,2.3283064365386963e-10,1.0,0.0
2020-11-27,2852225.557496483,2.3283064365386963e-10,1.0,0.0
2020-11-30,2827590.210939942,2.3283064365386963e-10,1.0,-0.8637236452703451
2020-12-01,2737954.34897177,2.3283064365386963e-10,1.0,-4.006387511127045
2020-12-02,2728369.696962198,2.3283064365386963e-10,1.0,-4.342428676748786
2020-12-03,2726163.6546335253,2.3283064365386963e-10,1.0,-4.419773272546069
2020-12-04,2743646.501876461,2.3283064365386963e-10,1.0,-3.8068186905711086
2020-12-07,2805332.1463123974,2.3283064365386963e-10,1.0,-1.6440989760026492
2020-12-08,2826148.568949872,2.3283064365386963e-10,1.0,-0.9142681047111739
2020-12-09,2716840.402917518,2.3283064365386963e-10,1.0,-4.74664965479793
2020-12-10,2781754.077789867,1.1641532182693481e-10,1.0,-1.8829347552300435
2020-12-11,2729082.300887366,1.1641532182693481e-10,1.0,-4.317444540298037
2020-12-14,2720211.710993371,1.1641532182693481e-10,1.0,-4.628450444816364
2020-12-15,2708994.5554869375,1.1641532182693481e-10,1.0,-5.021727739346998
2020-12-16,2647637.6095858295,1.1641532182693481e-10,1.0,-7.172923171273621
2020-12-17,2694474.379236379,1.1641532182693481e-10,1.0,-5.530810066738501
2020-12-18,2701304.522162985,1.1641532182693481e-10,1.0,-5.2913429282208515
2020-12-21,2625699.578867972,1.1641532182693481e-10,1.0,-7.942078004074206
2020-12-22,2520769.768616527,1.1641532182693481e-10,0.75,-11.620952908468034
2020-12-23,2585536.457318751,1.1641532182693481e-10,1.0,-9.3502107319947
2020-12-24,2555152.7583301035,1.1641532182693481e-10,0.75,-10.415473572403322
2020-12-28,2514919.4203905254,1.1641532182693481e-10,0.75,-11.826068110897415
2020-12-29,2523456.755539554,1.1641532182693481e-10,0.75,-11.526746231300965
2020-12-30,2558180.2521597627,1.1641532182693481e-10,0.75,-10.30932860705505
2020-12-31,2522420.214549302,1.1641532182693481e-10,0.75,-11.563087711641737
2021-01-04,2536974.0132416678,1.1641532182693481e-10,0.75,-11.052826569982937
2021-01-05,2596309.6579877366,1.1641532182693481e-10,1.0,-8.97249864535168
2021-01-06,2658719.100824151,1.1641532182693481e-10,1.0,-6.78440231221336
2021-01-07,2733844.710124655,1.1641532182693481e-10,1.0,-4.150472849550356
2021-01-08,2764083.706021669,1.1641532182693481e-10,1.0,-3.090283348844959
2021-01-11,2698883.6703453283,1.1641532182693481e-10,1.0,-5.37621881790265
2021-01-12,2820456.4316067863,1.1641532182693481e-10,1.0,-1.1138363796719404
2021-01-13,2801213.9961997806,1.1641532182693481e-10,1.0,-1.788482722294843
2021-01-14,2851784.3089516773,1.1641532182693481e-10,1.0,-0.015470324345350351
2021-01-15,2786772.010737878,1.1641532182693481e-10,1.0,-2.294823653990972
2021-01-19,2819559.754207091,1.1641532182693481e-10,1.0,-1.1452741948664173
2021-01-20,2817724.0116393175,1.1641532182693481e-10,1.0,-1.2096359548593667
2021-01-21,2812437.54868271,1.1641532182693481e-10,1.0,-1.3949811475883558
2021-01-22,2785321.4769975343,1.1641532182693481e-10,1.0,-2.345679861226445
2021-01-25,2845279.2147176005,1.1641532182693481e-10,1.0,-0.24354114493594156
2021-01-26,2844366.4973310353,1.1641532182693481e-10,1.0,-0.2755413275360268
2021-01-27,2805514.678679604,1.1641532182693481e-10,1.0,-1.6376993290067483
2021-01-28,2823380.407387546,1.1641532182693481e-10,1.0,-1.0113207923939846
2021-01-29,2791615.93385687,1.1641532182693481e-10,1.0,-2.124994058773266
2021-02-01,2802421.2720772303,1.1641532182693481e-10,1.0,-1.7461552186275195
2021-02-02,2878559.6499296417,1.1641532182693481e-10,1.0,0.0
2021-02-03,2948573.654928566,1.1641532182693481e-10,1.0,0.0
2021-02-04,2992384.279804154,1.1641532182693481e-10,1.0,0.0
2021-02-05,3001742.9826629185,1.1641532182693481e-10,1.0,0.0
2021-02-08,3111697.106470955,1.1641532182693481e-10,1.0,0.0
2021-02-09,3053174.9521568585,1.1641532182693481e-10,1.0,-1.8807150025108914
2021-02-10,2986736.853535706,2.3283064365386963e-10,1.0,-3.437316116500649
2021-02-11,2961014.3653985043,2.3283064365386963e-10,1.0,-4.8424617151552845
2021-02-12,2992376.931655689,2.3283064365386963e-10,1.0,-3.834569070592787
2021-02-16,2973540.353666858,2.3283064365386963e-10,1.0,-4.439916485341463
2021-02-17,2976728.231281655,2.3283064365386963e-10,1.0,-4.337468287277208
2021-02-18,2953471.769619246,2.3283064365386963e-10,1.0,-5.084856637320845
2021-02-19,2948121.4283906985,2.3283064365386963e-10,1.0,-5.256799504684804
2021-02-22,2884113.7575514093,2.3283064365386963e-10,1.0,-7.313801476572798
2021-02-23,2873495.7825265583,2.3283064365386963e-10,1.0,-7.655029258761828
2021-02-24,2942589.385030995,2.3283064365386963e-10,1.0,-5.434581697823051
2021-02-25,2796718.315194339,2.3283064365386963e-10,0.75,-10.122411677589033
2021-02-26,2834967.696227082,2.3283064365386963e-10,1.0,-8.89319881644001
2021-03-01,2933820.8392959014,2.3283064365386963e-10,1.0,-5.716374733426003
2021-03-02,2898713.5295576127,2.3283064365386963e-10,1.0,-6.84461146524932
2021-03-03,2887139.7352590607,2.3283064365386963e-10,1.0,-7.216556224091162
2021-03-04,2836285.074095832,2.3283064365386963e-10,1.0,-8.850862502085679
2021-03-05,2868440.294052032,2.3283064365386963e-10,1.0,-7.81749650096266
2021-03-08,2885735.402839195,2.3283064365386963e-10,1.0,-7.261686979811099
2021-03-09,2994571.8693867736,2.3283064365386963e-10,1.0,-3.764030786949436
2021-03-10,2988681.3946189596,1.1641532182693481e-10,1.0,-3.37444813879506
2021-03-11,3108136.4946673913,1.1641532182693481e-10,1.0,-0.1144266836305911
2021-03-12,3143678.95738424,1.1641532182693481e-10,1.0,0.0
2021-03-15,3180439.0081235543,1.1641532182693481e-10,1.0,0.0
2021-03-16,3106460.5833199406,1.1641532182693481e-10,1.0,-2.326044442753224
2021-03-17,3181754.362536082,1.1641532182693481e-10,1.0,0.0
2021-03-18,3007950.218805222,1.1641532182693481e-10,1.0,-5.462525510370514
2021-03-19,3032094.061700828,1.1641532182693481e-10,1.0,-4.703703799307887
2021-03-22,3043033.610854047,1.1641532182693481e-10,1.0,-4.359882501157788
2021-03-23,2962074.604682885,1.1641532182693481e-10,1.0,-6.904359445211751
2021-03-24,2844090.225687385,1.1641532182693481e-10,0.75,-10.6125143042015
2021-03-25,2883713.8580358443,1.1641532182693481e-10,1.0,-9.36717516630286
2021-03-26,2873391.2466584994,1.1641532182693481e-10,1.0,-9.691606602584985
2021-03-29,2872559.040757034,1.1641532182693481e-10,1.0,-9.71776216981746
2021-03-30,2920714.30146737,1.1641532182693481e-10,1.0,-8.204280762285023
2021-03-31,3019570.9293391537,1.1641532182693481e-10,1.0,-5.097295853714388
2021-04-01,3050348.7841024077,1.1641532182693481e-10,1.0,-4.129972444790956
2021-04-05,3134567.846731083,1.1641532182693481e-10,1.0,-1.4830345283910626
2021-04-06,3148561.441186792,1.1641532182693481e-10,1.0,-1.0432270240633137
2021-04-07,3133289.9546189755,1.1641532182693481e-10,1.0,-1.523197657485947
2021-04-08,3170392.2010207074,1.1641532182693481e-10,1.0,-0.35710366737167687
2021-04-09,3160867.929401196,1.1641532182693481e-10,1.0,-0.6564439222843719
2021-04-12,3208256.358591657,1.1641532182693481e-10,1.0,0.0
2021-04-13,3330241.9821387464,1.1641532182693481e-10,1.0,0.0
2021-04-14,3252343.514025808,1.1641532182693481e-10,1.0,-2.339123358925127
2021-04-15,3312237.3775851796,1.1641532182693481e-10,1.0,-0.5406395286027795
2021-04-16,3287007.125579035,1.1641532182693481e-10,1.0,-1.2982497005201177
2021-04-19,3190588.682681019,1.1641532182693481e-10,1.0,-4.193488047016913
2021-04-20,3137531.73001604,1.1641532182693481e-10,1.0,-5.786674156300918
2021-04-21,3224762.263537858,1.1641532182693481e-10,1.0,-3.167328955872063
2021-04-22,3162999.6741270884,1.1641532182693481e-10,1.0,-5.021926601989797
2021-04-23,3233964.9297171687,1.1641532182693481e-10,1.0,-2.890992694763482
2021-04-26,3290353.82261413,1.1641532182693481e-10,1.0,-1.1977555906913215
2021-04-27,3251132.912686071,1.1641532182693481e-10,1.0,-2.3754751119277566
2021-04-28,3207787.7854377157,1.1641532182693481e-10,1.0,-3.6770360039239023
2021-04-29,3171555.831985786,1.1641532182693481e-10,1.0,-4.7650035944549884
2021-04-30,3184674.5306244064,1.1641532182693481e-10,1.0,-4.37107730594561
2021-05-03,3144008.385906228,1.1641532182693481e-10,1.0,-5.592194117765451
2021-05-04,3063623.923996999,1.1641532182693481e-10,1.0,-8.005966520502518
2021-05-05,3037265.4339375068,1.1641532182693481e-10,1.0,-8.797455253179063
2021-05-06,2966664.801595563,1.1641532182693481e-10,0.75,-10.91744030893776
2021-05-07,3022166.723033923,1.1641532182693481e-10,1.0,-9.250837048993397
2021-05-10,3626634.949334452,1453269.865491666,0.75,-12.460247532093224
2021-05-11,3636495.3205651212,1453269.865491666,1.0,0.0
2021-05-12,3559844.0277842684,1453269.865491666,1.0,-2.107834220145265
2021-05-13,3511344.78561524,1453269.865491666,1.0,-3.441515083001187
2021-05-14,3606855.805618228,1453269.865491666,1.0,-0.8150571452484987
2021-05-17,3585797.0843038866,1453269.865491666,1.0,-1.3941510105767434
2021-05-18,3585018.6499406216,1453269.865491666,1.0,-1.4155571803815785
2021-05-19,3576194.970325549,1453269.865491666,1.0,-1.6581995829490377
2021-05-20,3660613.2965167295,1453269.865491666,1.0,0.0
2021-05-21,3655525.1810398623,1453269.865491666,1.0,-0.13899625731318846
2021-05-24,3724887.5791964754,1453269.865491666,1.0,0.0
2021-05-25,3741377.1843104567,1453269.865491666,1.0,0.0
2021-05-26,3772467.298661359,1453269.865491666,1.0,0.0
2021-05-27,3796904.8120225165,1453269.865491666,1.0,0.0
2021-05-28,3838033.019337608,1453269.865491666,1.0,0.0
2021-06-01,3846612.7876537386,1453269.865491666,1.0,0.0
2021-06-02,3875486.177118201,1453269.865491666,1.0,0.0
2021-06-03,3843252.0215731375,1453269.865491666,1.0,-0.8317448204403746
2021-06-04,3922488.9160101484,1453269.865491666,1.0,0.0
2021-06-07,3968127.0857042884,1453269.865491666,1.0,0.0
2021-06-08,3963198.5466860514,1453269.865491666,1.0,-0.12420315458123196
2021-06-09,3961807.3021098487,1453269.865491666,1.0,-0.15926363893957954
2021-06-10,3979300.0640091295,2.3283064365386963e-10,1.0,0.0
2021-06-11,3983331.186849566,2.3283064365386963e-10,1.0,-0.38959662747353335
2021-06-14,4010208.2899538595,2.3283064365386963e-10,1.0,0.0
2021-06-15,3955177.3869023914,2.3283064365386963e-10,1.0,-1.3722704426432986
2021-06-16,3955109.037502955,2.3283064365386963e-10,1.0,-1.3739748279144448
2021-06-17,4009710.519966849,2.3283064365386963e-10,1.0,-0.0124125718920232
2021-06-18,4010835.901539753,2.3283064365386963e-10,1.0,0.0
2021-06-21,4006775.026212299,2.3283064365386963e-10,1.0,-0.10124760591415498
2021-06-22,4041803.5439355816,2.3283064365386963e-10,1.0,0.0
2021-06-23,4116578.4169548163,2.3283064365386963e-10,1.0,0.0
2021-06-24,4125935.9164331267,2.3283064365386963e-10,1.0,0.0
2021-06-25,4093975.459942755,2.3283064365386963e-10,1.0,-0.7746231918696805
2021-06-28,4163697.315072244,2.3283064365386963e-10,1.0,0.0
2021-06-29,4173300.938990943,2.3283064365386963e-10,1.0,0.0
2021-06-30,4163456.974708056,2.3283064365386963e-10,1.0,-0.23587956935756507
2021-07-01,4180227.4388836776,2.3283064365386963e-10,1.0,0.0
2021-07-02,4218711.952968559,2.3283064365386963e-10,1.0,0.0
2021-07-06,4178117.1608006964,2.3283064365386963e-10,1.0,-0.9622556036161167
2021-07-07,4150538.9136911617,2.3283064365386963e-10,1.0,-1.6159680973105213
2021-07-08,4141938.18924707,2.3283064365386963e-10,1.0,-1.8198389597911833
2021-07-09,4158892.418798133,2.3283064365386963e-10,1.0,-1.417957301596131
2021-07-12,4217047.709852026,2.3283064365386963e-10,1.0,-0.03944908149897066
2021-07-13,4186795.755299469,2.3283064365386963e-10,1.0,-0.7565389157852299
2021-07-14,4140965.881997199,2.3283064365386963e-10,1.0,-1.8428864506061677
2021-07-15,4040874.5973607525,2.3283064365386963e-10,1.0,-4.215442001975718
2021-07-16,3966349.8505231836,2.3283064365386963e-10,1.0,-5.98197045114202
2021-07-19,3975166.4731375193,2.3283064365386963e-10,1.0,-5.772981956250071
2021-07-20,4018780.95834459,2.3283064365386963e-10,1.0,-4.739147798021263
2021-07-21,4072619.177218441,2.3283064365386963e-10,1.0,-3.462971100629849
2021-07-22,4084188.867197795,2.3283064365386963e-10,1.0,-3.1887241241039277
2021-07-23,4081126.6572196055,2.3283064365386963e-10,1.0,-3.2613104967296898
2021-07-26,4104186.553046953,2.3283064365386963e-10,1.0,-2.714700628968489
2021-07-27,4064444.8685273426,2.3283064365386963e-10,1.0,-3.656734239289894
2021-07-28,4085438.9969858592,2.3283064365386963e-10,1.0,-3.1590911507698576
2021-07-29,4154866.2187952474,2.3283064365386963e-10,1.0,-1.5133940142176774
2021-07-30,4134538.2247509127,2.3283064365386963e-10,1.0,-1.9952471075541527
2021-08-02,4187357.0547001692,2.3283064365386963e-10,1.0,-0.7432339211101303
2021-08-03,4212641.9385846015,2.3283064365386963e-10,1.0,-0.14388312005247159
2021-08-04,4209185.612368571,2.3283064365386963e-10,1.0,-0.2258115914570853
2021-08-05,4258271.750067949,2.3283064365386963e-10,1.0,0.0
2021-08-06,4228443.98882767,2.3283064365386963e-10,1.0,-0.7004663626693938
2021-08-09,4241204.795834813,2.3283064365386963e-10,1.0,-0.4007953281249298
2021-08-10,4182782.0689604054,-4.656612873077393e-10,1.0,-1.1807513256171573
2021-08-11,4030769.7500874945,-4.656612873077393e-10,1.0,-5.342589983291333
2021-08-12,4032101.2738483255,-4.656612873077393e-10,1.0,-5.3113208713374105
2021-08-13,4066603.000150182,-4.656612873077393e-10,1.0,-4.5010924893346465
2021-08-16,3977491.0668410235,-4.656612873077393e-10,1.0,-6.59377089361301
2021-08-17,4006450.4443843844,-4.656612873077393e-10,1.0,-5.913697398000646
2021-08-18,3921552.5053790244,-4.656612873077393e-10,1.0,-7.907415600790434
2021-08-19,3885227.0275651948,-4.656612873077393e-10,1.0,-8.760472426326523
2021-08-20,3988897.269760269,-4.656612873077393e-10,1.0,-6.325910982627675
2021-08-23,4176888.64187018,-4.656612873077393e-10,1.0,-1.911176950988873
2021-08-24,4120058.4829131663,-4.656612873077393e-10,1.0,-3.2457596712228973
2021-08-25,4164186.6258429727,-4.656612873077393e-10,1.0,-2.209467355470569
2021-08-26,4139073.9607503,-4.656612873077393e-10,1.0,-2.7992057884926504
2021-08-27,4178382.9402899626,-4.656612873077393e-10,1.0,-1.8760852868704758
2021-08-30,4159062.3741488867,-4.656612873077393e-10,1.0,-2.329803773502233
2021-08-31,4154709.119902183,-4.656612873077393e-10,1.0,-2.4320343144871837
2021-09-01,4178578.416084367,-4.656612873077393e-10,1.0,-1.8714947908693422
2021-09-02,4182355.0201085554,-4.656612873077393e-10,1.0,-1.782806133924695
2021-09-03,4257944.398799077,-4.656612873077393e-10,1.0,-0.007687420814967836
2021-09-07,4286452.301864282,-4.656612873077393e-10,1.0,0.0
2021-09-08,4180387.685439492,-4.656612873077393e-10,1.0,-2.4744149463335927
2021-09-09,4254667.424167874,-4.656612873077393e-10,1.0,-0.741519453805282
2021-09-10,4210703.687101099,0.0,1.0,-1.175103410146982
2021-09-13,4142677.4402206414,0.0,1.0,-3.354169171114061
2021-09-14,4173576.9935372323,0.0,1.0,-2.633303729472453
2021-09-15,4205942.4284416,0.0,1.0,-1.878240273143051
2021-09-16,4235146.47440191,0.0,1.0,-1.1969298582899948
2021-09-17,4182635.6659895787,0.0,1.0,-2.421971097859905
2021-09-20,4079692.016941886,0.0,1.0,-4.823576010223448
2021-09-21,4091411.0181138474,0.0,1.0,-4.550179729414151
2021-09-22,4169413.460656837,0.0,1.0,-2.7304361034541804
2021-09-23,4275719.407573779,0.0,1.0,-0.2503910818238924
2021-09-24,4213794.864785604,0.0,1.0,-1.695048304796896
2021-09-27,4191882.9687694474,0.0,1.0,-2.206237849741249
2021-09-28,4000991.9602562464,0.0,1.0,-6.659594496919567
2021-09-29,3954342.3776370296,0.0,1.0,-7.74789734818255
2021-09-30,4002223.192533196,0.0,1.0,-6.630870690138513
2021-10-01,3956323.1421752786,0.0,1.0,-7.701687466472505
2021-10-04,3802730.7367694834,0.0,0.75,-11.284893217741313
2021-10-05,3877502.5415023053,0.0,1.0,-9.540518161933464
2021-10-06,3839904.50621458,0.0,0.75,-10.417654605779417
2021-10-07,3896375.16951532,0.0,1.0,-9.100232660452285
2021-10-08,3836450.2634986043,0.0,0.75,-10.498239725424243
2021-10-11,3820377.7183738705,0.0,0.75,-10.873201208554322
2021-10-12,3869695.4756430294,0.0,1.0,-9.722651667907167
2021-10-13,3956537.9674221147,0.0,1.0,-7.696675740417776
2021-10-14,4056483.9708669647,0.0,1.0,-5.365003849390759
2021-10-15,4034017.7925152313,0.0,1.0,-5.889124422060197
2021-10-18,4098052.223987502,0.0,1.0,-4.395244939383565
2021-10-19,4078929.695266507,0.0,1.0,-4.841360453434149
2021-10-20,4068870.499691135,0.0,1.0,-5.076034605086258
2021-10-21,4151340.419723166,0.0,1.0,-3.152067785342033
2021-10-22,4124141.0572022395,0.0,1.0,-3.786610306883611
2021-10-25,4207165.632130463,0.0,1.0,-1.849703767830004
2021-10-26,4233542.055764852,0.0,1.0,-1.2343598475694735
2021-10-27,4208941.818407894,0.0,1.0,-1.8082665570004577
2021-10-28,4247464.449407151,0.0,1.0,-0.9095599276859909
2021-10-29,4271783.450683115,0.0,1.0,-0.34221426364145796
2021-11-01,4349756.409018088,0.0,1.0,0.0
2021-11-02,4408276.308278894,0.0,1.0,0.0
2021-11-03,4440163.525528938,0.0,1.0,0.0
2021-11-04,4503424.516711021,0.0,1.0,0.0
2021-11-05,4531806.721979875,0.0,1.0,0.0
2021-11-08,4734659.645969822,0.0,1.0,0.0
2021-11-09,4688862.933107312,0.0,1.0,-0.9672651528709723
2021-11-10,4455241.230457436,0.0,1.0,-5.334410760749427
2021-11-11,4523320.623844454,0.0,1.0,-4.463658170345177
2021-11-12,4552754.032842928,0.0,1.0,-3.8419997788380393
2021-11-15,4527590.413310861,0.0,1.0,-4.373476620124526
2021-11-16,4635156.976322201,0.0,1.0,-2.101580199799967
2021-11-17,4648972.89828659,0.0,1.0,-1.809776289963502
2021-11-18,4814121.510717925,0.0,1.0,0.0
2021-11-19,4917708.44656789,0.0,1.0,0.0
2021-11-22,4850277.790989051,0.0,1.0,-1.371180425018893
2021-11-23,4752400.222725158,0.0,1.0,-3.3614889056325126
2021-11-24,4885352.743459419,0.0,1.0,-0.657942687331377
2021-11-26,4962125.206608578,0.0,1.0,0.0
2021-11-29,5217188.091177559,0.0,1.0,0.0
2021-11-30,5117055.860756377,0.0,1.0,-1.9192758373137757
2021-12-01,4751737.575455215,0.0,1.0,-8.921482369198785
2021-12-02,4758436.413002593,0.0,1.0,-8.79308298182177
2021-12-03,4582930.674702408,0.0,0.75,-12.157073990636876
2021-12-06,4355331.888523348,0.0,0.5,-16.519553974134833
2021-12-07,4603267.330517513,0.0,0.75,-11.767272905077112
2021-12-08,4619108.018093261,0.0,0.75,-11.463647900593656
2021-12-09,4387778.471864805,0.0,0.5,-15.897636903590161
2021-12-10,6448463.042841742,4303278.6405350305,0.5,-17.269087349918934
2021-12-13,6386002.45664422,4303278.6405350305,1.0,0.0
2021-12-14,6385767.948612223,4303278.6405350305,1.0,-0.0036722195706784923
2021-12-15,6487332.761574244,4303278.6405350305,1.0,0.0
2021-12-16,6377845.487023443,4303278.6405350305,1.0,-1.6877086250194524
2021-12-17,6398519.918924976,4303278.6405350305,1.0,-1.3690193784312104
2021-12-20,6347782.031262287,4303278.6405350305,1.0,-2.1511264404154478
2021-12-21,6427253.373539362,4303278.6405350305,1.0,-0.9261030726024126
2021-12-22,6447441.112371006,4303278.6405350305,1.0,-0.6149160320482435
2021-12-23,6480283.519332011,4303278.6405350305,1.0,-0.1086616410982793
2021-12-27,6541027.312817498,4303278.6405350305,1.0,0.0
2021-12-28,6503176.426138815,4303278.6405350305,1.0,-0.5786688369961811
2021-12-29,6494749.204089727,4303278.6405350305,1.0,-0.7075052054451201
2021-12-30,6476657.468138325,4303278.6405350305,1.0,-0.9840938066874737
2021-12-31,6463022.987095574,4303278.6405350305,1.0,-1.1925393671582825
2022-01-03,6524684.735709448,4303278.6405350305,1.0,-0.24984725374904948
2022-01-04,6443615.391350313,4303278.6405350305,1.0,-1.4892449887237296
2022-01-05,6312869.172880066,4303278.6405350305,1.0,-3.4881086567295663
2022-01-06,6312954.607650708,4303278.6405350305,1.0,-3.4868025198407113
2022-01-07,6259689.279689882,4303278.6405350305,1.0,-4.301129160190465
2022-01-10,6276330.579227452,6.984919309616089e-10,1.0,-3.666355134946696
2022-01-11,6369702.191179265,6.984919309616089e-10,1.0,-2.619238744080948
2022-01-12,6410840.712512088,6.984919309616089e-10,1.0,-1.99030815924438
2022-01-13,6026316.43469465,6.984919309616089e-10,1.0,-7.8689608452520075
2022-01-14,6084437.855745528,6.984919309616089e-10,1.0,-6.980393678791991
2022-01-18,5841252.951137592,6.984919309616089e-10,0.75,-10.69823329293642
2022-01-19,5628768.006852708,6.984919309616089e-10,0.75,-13.946728278861773
2022-01-20,5491267.1069073025,6.984919309616089e-10,0.5,-16.0488583169976
2022-01-21,5253545.05590935,6.984919309616089e-10,0.5,-19.683181178364094
2022-01-24,5243836.827622399,6.984919309616089e-10,0.5,-19.831601721845498
2022-01-25,5051790.6320597,6.984919309616089e-10,0.3,-22.76762669740819
2022-01-26,5126620.866779608,6.984919309616089e-10,0.3,-21.62361320929335
2022-01-27,4788464.735502772,6.984919309616089e-10,0.2,-26.793384181113026
2022-01-28,4989342.160269258,6.984919309616089e-10,0.3,-23.722346327886893
2022-01-31,5436459.171482644,6.984919309616089e-10,0.5,-16.886768522895366
2022-02-01,5504674.759641587,6.984919309616089e-10,0.5,-15.84388053456255
2022-02-02,5512838.522385475,6.984919309616089e-10,0.5,-15.719071963164428
2022-02-03,5303642.449771466,6.984919309616089e-10,0.5,-18.91728628959108
2022-02-04,5690830.557146671,6.984919309616089e-10,0.75,-12.9979086619134
2022-02-07,5671506.460906874,6.984919309616089e-10,0.75,-13.293337733153177
2022-02-08,5764731.4302508235,6.984919309616089e-10,0.75,-11.868103364214374
2022-02-09,6011159.457372934,6.984919309616089e-10,1.0,-8.100682509095469
2022-02-10,7282963.933580356,2918438.7632059124,0.75,-10.496615149632426
2022-02-11,7026819.785443583,2918438.7632059124,1.0,0.0
2022-02-14,7062580.402090262,2918438.7632059124,1.0,0.0
2022-02-15,7228968.06675403,2918438.7632059124,1.0,0.0
2022-02-16,7117278.492659159,2918438.7632059124,1.0,-1.545027908043066
2022-02-17,6919182.130959851,2918438.7632059124,1.0,-4.285341046378148
2022-02-18,6841549.036341116,2918438.7632059124,1.0,-5.359257736863598
2022-02-22,6789003.101648033,2918438.7632059124,1.0,-6.0861378974599845
2022-02-23,6649177.082946538,2918438.7632059124,1.0,-8.020383801028897
2022-02-24,6841691.782465128,2918438.7632059124,1.0,-5.357283096462724
2022-02-25,6912854.586138428,2918438.7632059124,1.0,-4.372871448546099
2022-02-28,7038913.667708628,2918438.7632059124,1.0,-2.629066794740192
2022-03-01,6871420.772127742,2918438.7632059124,1.0,-4.946035054029986
2022-03-02,6926407.862920171,2918438.7632059124,1.0,-4.185385812192635
2022-03-03,6749986.777165579,2918438.7632059124,1.0,-6.625859806896682
2022-03-04,6639848.952149132,2918438.7632059124,1.0,-8.149422008298144
2022-03-07,6427169.141087723,2918438.7632059124,0.75,-11.091471400375585
2022-03-08,6490053.89487087,2918438.7632059124,0.75,-10.22157194581369
2022-03-09,6675033.302121112,2918438.7632059124,1.0,-7.662708695317935
2022-03-10,6524803.5535802515,-2.3283064365386963e-10,1.0,-9.318349035139432
2022-03-11,6276892.930725001,-2.3283064365386963e-10,0.75,-13.170277240642625
2022-03-14,6042065.977931752,-2.3283064365386963e-10,0.5,-16.41869320575411
2022-03-15,6350549.135518893,-2.3283064365386963e-10,0.75,-12.151373793930278
2022-03-16,6808478.907290481,-2.3283064365386963e-10,1.0,-5.816724539113342
2022-03-17,6918547.515052197,-2.3283064365386963e-10,1.0,-4.2941198361278605
2022-03-18,7203688.541156979,-2.3283064365386963e-10,1.0,-0.34969756905292104
2022-03-21,7229106.72863582,-2.3283064365386963e-10,1.0,0.0
2022-03-22,7431422.628838912,-2.3283064365386963e-10,1.0,0.0
2022-03-23,7359452.592773562,-2.3283064365386963e-10,1.0,-0.96845570034003
2022-03-24,7684819.351792921,-2.3283064365386963e-10,1.0,0.0
2022-03-25,7569550.540827191,-2.3283064365386963e-10,1.0,-1.499954724880252
2022-03-28,7838388.244020854,-2.3283064365386963e-10,1.0,0.0
2022-03-29,8070091.939121436,-2.3283064365386963e-10,1.0,0.0
2022-03-30,7844128.294369053,-2.3283064365386963e-10,1.0,-2.800013264495511
2022-03-31,7592236.191672638,-2.3283064365386963e-10,1.0,-5.921317266935881
2022-04-01,7560722.296970839,-2.3283064365386963e-10,1.0,-6.3118195677712565
2022-04-04,7893946.715717543,-2.3283064365386963e-10,1.0,-2.182691656212652
2022-04-05,7521694.390595728,-2.3283064365386963e-10,1.0,-6.795431237496049
2022-04-06,7147241.3483850155,-2.3283064365386963e-10,0.75,-11.435440856165616
2022-04-07,7123206.860151479,-2.3283064365386963e-10,0.75,-11.733262596176091
2022-04-08,6920439.067666819,-2.3283064365386963e-10,0.75,-14.245846021672163
2022-04-11,6700725.527918103,-2.3283064365386963e-10,0.5,-16.968411531534688
2022-04-12,6627524.638714293,-2.3283064365386963e-10,0.5,-17.875475413284953
2022-04-13,6838457.469044433,-2.3283064365386963e-10,0.5,-15.261715471993584
2022-04-14,6555381.281061284,-2.3283064365386963e-10,0.5,-18.76943496414557
2022-04-18,6584836.8947067885,-2.3283064365386963e-10,0.5,-18.404437714204562
2022-04-19,6840508.475482609,-2.3283064365386963e-10,0.5,-15.236300564039023
2022-04-20,6584698.795219359,-2.3283064365386963e-10,0.5,-18.406148964689333
2022-04-21,6368737.150687661,-2.3283064365386963e-10,0.3,-21.082223118005714
2022-04-22,6240396.193321621,-2.3283064365386963e-10,0.3,-22.672551435628478
2022-04-25,6340609.781462551,-2.3283064365386963e-10,0.3,-21.430761516790948
2022-04-26,5799002.933771594,-2.3283064365386963e-10,0.2,-28.14204624287202
2022-04-27,5671630.461437813,-2.3283064365386963e-10,0.2,-29.720373643534177
2022-04-28,5916674.216121236,-2.3283064365386963e-10,0.2,-26.683930483630103
2022-04-29,5728377.250657841,-2.3283064365386963e-10,0.2,-29.017199632034558
2022-05-02,6033208.451111796,-2.3283064365386963e-10,0.2,-25.239904370053416
2022-05-03,6059326.175226803,-2.3283064365386963e-10,0.3,-24.916268353115427
2022-05-04,6394789.483127209,-2.3283064365386963e-10,0.3,-20.759397397604015
2022-05-05,5933553.347446201,-2.3283064365386963e-10,0.2,-26.474773866180172
2022-05-06,5826972.289756549,-2.3283064365386963e-10,0.2,-27.79546585449544
2022-05-09,5193457.8659755085,-2.3283064365386963e-10,0.2,-35.645617111260535
2022-05-10,9410833.379089171,8367974.550707277,0.2,-34.99799881416183
2022-05-11,9370836.219679995,8367974.550707277,1.0,0.0
2022-05-12,9407833.090944065,8367974.550707277,1.0,0.0
2022-05-13,9512658.225828076,8367974.550707277,1.0,0.0
2022-05-16,9476237.313035712,8367974.550707277,1.0,-0.38286787906956155
2022-05-17,9529617.964730846,8367974.550707277,1.0,0.0
2022-05-18,9478607.451957872,8367974.550707277,1.0,-0.5352839217874603
2022-05-19,9498058.884395698,8367974.550707277,1.0,-0.33116836846920794
2022-05-20,9446043.580956401,8367974.550707277,1.0,-0.8769961616903594
2022-05-23,9441595.689522795,8367974.550707277,1.0,-0.9236705556699248
2022-05-24,9362679.056395777,8367974.550707277,1.0,-1.7517901447142035
2022-05-25,9410486.047470938,8367974.550707277,1.0,-1.2501226985259541
2022-05-26,9472403.524286332,8367974.550707277,1.0,-0.6003854578039228
2022-05-27,9534111.457660217,8367974.550707277,1.0,0.0
2022-05-31,9515133.068887234,8367974.550707277,1.0,-0.19905776072855585
2022-06-01,9488620.03480077,8367974.550707277,1.0,-0.47714381210528883
2022-06-02,9577055.317132512,8367974.550707277,1.0,0.0
2022-06-03,9497525.412276307,8367974.550707277,1.0,-0.830421274835209
2022-06-06,9512110.847860347,8367974.550707277,1.0,-0.6781256568079405
2022-06-07,9522730.01497991,8367974.550707277,1.0,-0.5672443183597238
2022-06-08,9537490.475338157,8367974.550707277,1.0,-0.4131211576441122
2022-06-09,9485265.768046787,8367974.550707277,1.0,-0.958431856622167
2022-06-10,9384792.100604635,4.656612873077393e-10,1.0,-1.6798432699438468
2022-06-13,8644079.389362969,4.656612873077393e-10,1.0,-9.741782801447659
2022-06-14,8695934.936662892,4.656612873077393e-10,1.0,-9.200326731885667
2022-06-15,9291299.607947176,4.656612873077393e-10,1.0,-2.9837533534357257
2022-06-16,8725000.15740411,4.656612873077393e-10,1.0,-8.896838657746398
2022-06-17,8933186.833204499,4.656612873077393e-10,1.0,-6.723031898710967
2022-06-21,9420944.834840566,4.656612873077393e-10,1.0,-1.6300467849723936
2022-06-22,9451096.06373657,4.656612873077393e-10,1.0,-1.3152190232274519
2022-06-23,9667330.110201837,4.656612873077393e-10,1.0,0.0
2022-06-24,10091342.327422386,4.656612873077393e-10,1.0,0.0
2022-06-27,9902804.071327565,4.656612873077393e-10,1.0,-1.8683169193704163
2022-06-28,9372256.404421793,4.656612873077393e-10,1.0,-7.125770781222399
2022-06-29,9297177.567035828,4.656612873077393e-10,1.0,-7.869763353765944
2022-06-30,8983200.695599211,4.656612873077393e-10,0.75,-10.981112282871344
2022-07-01,9028726.67702403,4.656612873077393e-10,0.75,-10.529973277299165
2022-07-05,9486001.504742973,4.656612873077393e-10,1.0,-5.998615476896963
2022-07-06,9440739.465995181,4.656612873077393e-10,1.0,-6.4471389466121405
2022-07-07,9866730.391054174,4.656612873077393e-10,1.0,-2.2257884935470655
2022-07-08,9907842.184804872,4.656612873077393e-10,1.0,-1.8183918121464173
2022-07-11,9347900.222228043,4.656612873077393e-10,1.0,-7.367127990238731
2022-07-12,9303150.788787885,4.656612873077393e-10,1.0,-7.810571805622492
2022-07-13,9343277.942410644,4.656612873077393e-10,1.0,-7.412932400270863
2022-07-14,9237096.483059643,4.656612873077393e-10,1.0,-8.465135921921913
2022-07-15,9471516.72709412,4.656612873077393e-10,1.0,-6.142152155951958
2022-07-18,9594290.107888104,4.656612873077393e-10,1.0,-4.925531246557591
2022-07-19,9897559.263263132,4.656612873077393e-10,1.0,-1.9202902633940404
2022-07-20,10362200.700316314,4.656612873077393e-10,1.0,0.0
2022-07-21,10772670.327019427,4.656612873077393e-10,1.0,0.0
2022-07-22,9814028.879801033,4.656612873077393e-10,1.0,-8.898828406676303
2022-07-25,9677170.346326627,4.656612873077393e-10,0.75,-10.169251888690276
2022-07-26,9246805.21230183,4.656612873077393e-10,0.75,-14.164223617708835
2022-07-27,9793991.27360306,4.656612873077393e-10,1.0,-9.084832485420982
2022-07-28,9885446.137989987,4.656612873077393e-10,1.0,-8.23587988954004
2022-07-29,10002613.448068174,4.656612873077393e-10,1.0,-7.148245101493902
2022-08-01,10117431.437739037,4.656612873077393e-10,1.0,-6.0824184662641665
2022-08-02,10238445.429208215,4.656612873077393e-10,1.0,-4.959075898491925
2022-08-03,10560745.298020273,4.656612873077393e-10,1.0,-1.967246955173358
2022-08-04,10706242.853278473,4.656612873077393e-10,1.0,-0.6166295980890102
2022-08-05,10458041.869164139,4.656612873077393e-10,1.0,-2.9206171571606894
2022-08-08,10344423.476014355,4.656612873077393e-10,1.0,-3.9753082383943954
2022-08-09,10034696.501009649,4.656612873077393e-10,1.0,-6.850426158116363
2022-08-10,10397637.213724265,1.3969838619232178e-09,1.0,-2.8996100052696465
2022-08-11,10361802.167733762,1.3969838619232178e-09,1.0,-3.8139861966735147
2022-08-12,10777487.745565359,1.3969838619232178e-09,1.0,0.0
2022-08-15,11004215.610756727,1.3969838619232178e-09,1.0,0.0
2022-08-16,10990736.928906675,1.3969838619232178e-09,1.0,-0.12248652995199372
2022-08-17,10663006.924951106,1.3969838619232178e-09,1.0,-3.1007088362762163
2022-08-18,10825131.997414444,1.3969838619232178e-09,1.0,-1.6274091646044024
2022-08-19,10320272.025794163,1.3969838619232178e-09,1.0,-6.215287024129208
2022-08-22,9937234.024099251,1.3969838619232178e-09,1.0,-9.696116691992938
2022-08-23,9900609.67991903,1.3969838619232178e-09,0.75,-10.028937726001216
2022-08-24,9958729.136642907,1.3969838619232178e-09,1.0,-9.500781437723257
2022-08-25,10288567.926889896,1.3969838619232178e-09,1.0,-6.5033956910775
2022-08-26,9676254.285750024,1.3969838619232178e-09,0.75,-12.067750869117903
2022-08-29,9437659.308735875,1.3969838619232178e-09,0.75,-14.235965174015016
2022-08-30,9258003.764265021,1.3969838619232178e-09,0.5,-15.868571720684631
2022-08-31,9287351.586163413,1.3969838619232178e-09,0.5,-15.601875547722482
2022-09-01,9200715.103837417,1.3969838619232178e-09,0.5,-16.389178208725486
2022-09-02,8946954.636970378,1.3969838619232178e-09,0.5,-18.695207787235248
2022-09-06,8810151.882817803,1.3969838619232178e-09,0.5,-19.938392753720724
2022-09-07,9078448.500158826,1.3969838619232178e-09,0.5,-17.500266976916055
2022-09-08,9468553.497637652,1.3969838619232178e-09,0.75,-13.955216504645279
2022-09-09,9734621.454525566,1.3969838619232178e-09,0.75,-11.537343515789718
2022-09-12,9778516.97764339,1.3969838619232178e-09,0.75,-11.138446177982967
2022-09-13,9100601.021762833,1.3969838619232178e-09,0.5,-17.29895756616303
2022-09-14,9165745.467996797,1.3969838619232178e-09,0.5,-16.70696220240185
2022-09-15,9290211.573693475,1.3969838619232178e-09,0.5,-15.57588562139583
2022-09-16,9183450.721732572,1.3969838619232178e-09,0.5,-16.54606701130374
2022-09-19,9301132.758749092,1.3969838619232178e-09,0.5,-15.47664015545874
2022-09-20,9110675.968978556,1.3969838619232178e-09,0.5,-17.207402224354983
2022-09-21,8944631.932197653,1.3969838619232178e-09,0.5,-18.71631519602189
2022-09-22,8479545.379053036,1.3969838619232178e-09,0.3,-22.942755040493772
2022-09-23,8286415.976458608,1.3969838619232178e-09,0.3,-24.697804281855795
2022-09-26,8159392.82471281,1.3969838619232178e-09,0.2,-25.852117830761834
2022-09-27,8316118.444964757,1.3969838619232178e-09,0.3,-24.427885283929996
2022-09-28,8517152.560286168,1.3969838619232178e-09,0.3,-22.601002547055067
2022-09-29,8015670.293203602,1.3969838619232178e-09,0.2,-27.15818576502439
2022-09-30,7899405.009562273,1.3969838619232178e-09,0.2,-28.214737978774902
2022-10-03,7912830.2329922225,1.3969838619232178e-09,0.2,-28.0927372482837
2022-10-04,8281084.342361689,1.3969838619232178e-09,0.3,-24.74625511456856
2022-10-05,8220699.000338795,1.3969838619232178e-09,0.2,-25.295002468844917
2022-10-06,8201984.923138401,1.3969838619232178e-09,0.2,-25.46506526897854
2022-10-07,7521351.923942921,1.3969838619232178e-09,0.2,-31.65026758844377
2022-10-10,13249456.554639613,11781221.78916493,0.2,-32.8855400593719
2022-10-11,13225647.818704268,11781221.78916493,1.0,0.0
2022-10-12,13233650.576399084,11781221.78916493,1.0,0.0
2022-10-13,13266024.398906581,11781221.78916493,1.0,0.0
2022-10-14,13178067.880909694,11781221.78916493,1.0,-0.6630209273860248
2022-10-17,13254482.716112377,11781221.78916493,1.0,-0.0870018209461101
2022-10-18,13269157.392808586,11781221.78916493,1.0,0.0
2022-10-19,13266643.485531114,11781221.78916493,1.0,-0.018945492943167334
2022-10-20,13250404.816609211,11781221.78916493,1.0,-0.1413245441608698
2022-10-21,13216984.50596457,11781221.78916493,1.0,-0.39318914758138646
2022-10-24,13230053.524242038,11781221.78916493,1.0,-0.2946974507043029
2022-10-25,13318734.516910288,11781221.78916493,1.0,0.0
2022-10-26,13294793.917276796,11781221.78916493,1.0,-0.1797513089783122
2022-10-27,13293015.661679244,11781221.78916493,1.0,-0.1931028447063838
2022-10-28,13351143.945849862,11781221.78916493,1.0,0.0
2022-10-31,13322545.905642366,11781221.78916493,1.0,-0.21419917516794862
2022-11-01,13327197.68678889,11781221.78916493,1.0,-0.17935735812671705
2022-11-02,13254318.471431695,11781221.78916493,1.0,-0.7252223091210455
2022-11-03,13258012.161838183,11781221.78916493,1.0,-0.6975565868318597
2022-11-04,13271972.871781345,11781221.78916493,1.0,-0.5929909406236792
2022-11-07,13291798.526596176,11781221.78916493,1.0,-0.4444968872658561
2022-11-08,13295793.480820848,11781221.78916493,1.0,-0.4145747005163531
2022-11-09,13205293.43022376,11781221.78916493,1.0,-1.0924196175073044
2022-11-10,13341011.546429954,0.0,1.0,0.0
2022-11-11,14102524.152097387,0.0,1.0,0.0
2022-11-14,13820218.712378668,0.0,1.0,-2.0018078797385637
2022-11-15,14089823.098276572,0.0,1.0,-0.09006227313516767
2022-11-16,13514688.13139466,0.0,1.0,-4.168303591348941
2022-11-17,13235654.695349306,0.0,1.0,-6.14690992476802
2022-11-18,13058312.001467794,0.0,1.0,-7.404434407398575
2022-11-21,12529526.28351049,0.0,0.75,-11.154016484013288
2022-11-22,12624445.55840696,0.0,0.75,-10.480950628051936
2022-11-23,13092676.92482308,0.0,1.0,-7.160755169663151
2022-11-25,13034656.270931702,0.0,1.0,-7.572175517294663
2022-11-28,12898654.900115594,0.0,1.0,-8.536551605924734
2022-11-29,12739826.657620698,0.0,1.0,-9.662791424994815
2022-11-30,13578788.399110153,0.0,1.0,-3.713773132658253
2022-12-01,13680629.795065006,0.0,1.0,-2.9916230065072082
2022-12-02,13618077.86313168,0.0,1.0,-3.4351743258220817
2022-12-05,13001926.321069926,0.0,1.0,-7.804261273778962
2022-12-06,12591898.530845014,0.0,0.75,-10.711739295462976
2022-12-07,12498981.744093023,0.0,0.75,-11.370605649811125
2022-12-08,12681816.576789932,0.0,0.75,-10.074136799802334
2022-12-09,12977120.485577408,0.0,1.0,-7.980157696468856
2022-12-12,13128271.321087543,0.0,1.0,-6.908357826601909
2022-12-13,13465343.470078697,0.0,1.0,-4.518203090075372
2022-12-14,13525725.934437701,0.0,1.0,-4.090035311684979
2022-12-15,13027621.900930416,0.0,1.0,-7.622055736788845
2022-12-16,12971560.78359424,0.0,1.0,-8.019581149484832
2022-12-19,12579538.242190313,0.0,0.75,-10.799385226938751
2022-12-20,12484230.38378541,0.0,0.75,-11.475206501038311
2022-12-21,12712771.989188869,0.0,1.0,-9.85463416279155
2022-12-22,12164779.168817975,0.0,0.75,-13.740412442344393
2022-12-23,12177474.40380495,0.0,0.75,-13.650391430147883
2022-12-27,11773273.10828394,0.0,0.5,-16.516554190527874
2022-12-28,11800849.833571449,0.0,0.5,-16.32100958454039
2022-12-29,12397030.574624544,0.0,0.75,-12.093534172172966
2022-12-30,12434684.849215427,0.0,0.75,-11.826530377782843
2023-01-03,12485727.537862651,0.0,0.75,-11.464590287507356
2023-01-04,12673402.839922044,0.0,0.75,-10.133798012058698
2023-01-05,12363422.62858769,0.0,0.75,-12.331845737353703
2023-01-06,12612944.073448565,0.0,0.75,-10.562506843339003
2023-01-09,12849243.698467469,0.0,1.0,-8.886922937434043
2023-01-10,13000045.223531146,4.656612873077393e-10,1.0,-7.262006685255619
2023-01-11,13546812.0774156,4.656612873077393e-10,1.0,-3.9405149651818814
2023-01-12,13843124.689937858,4.656612873077393e-10,1.0,-1.8393832151030236
2023-01-13,13932470.132851936,4.656612873077393e-10,1.0,-1.2058410069814358
2023-01-17,14397499.908264004,4.656612873077393e-10,1.0,0.0
2023-01-18,14142514.036277002,4.656612873077393e-10,1.0,-1.7710427061065162
2023-01-19,13805251.409464154,4.656612873077393e-10,1.0,-4.1135509815833045
2023-01-20,14471671.760501448,4.656612873077393e-10,1.0,0.0
2023-01-23,15221361.52129037,4.656612873077393e-10,1.0,0.0
2023-01-24,15032818.098040126,4.656612873077393e-10,1.0,-1.2386764678476645
2023-01-25,15036339.480142916,4.656612873077393e-10,1.0,-1.2155419926703686
2023-01-26,15663895.38363514,4.656612873077393e-10,1.0,0.0
2023-01-27,16397692.980805796,4.656612873077393e-10,1.0,0.0
2023-01-30,15600878.085573602,4.656612873077393e-10,1.0,-4.859310978470564
2023-01-31,16071723.386287287,4.656612873077393e-10,1.0,-1.9878991203218048
2023-02-01,17119217.46577252,4.656612873077393e-10,1.0,0.0
2023-02-02,17868799.285422202,4.656612873077393e-10,1.0,0.0
2023-02-03,17396193.081492126,4.656612873077393e-10,1.0,-2.6448682778346484
2023-02-06,17443904.5355448,4.656612873077393e-10,1.0,-2.37785842848456
2023-02-07,17978414.23501103,4.656612873077393e-10,1.0,0.0
2023-02-08,17938836.03299737,4.656612873077393e-10,1.0,-0.22014289745636142
2023-02-09,17944647.652132034,4.656612873077393e-10,1.0,-0.18781735940447347
2023-02-10,17227586.508453086,-9.313225746154785e-10,1.0,-3.5987333845596625
2023-02-13,17580557.78363265,-9.313225746154785e-10,1.0,-2.2129674295945208
2023-02-14,17931477.201929435,-9.313225746154785e-10,1.0,-0.26107437768449027
2023-02-15,17950508.701303888,-9.313225746154785e-10,1.0,-0.15521688032306458
2023-02-16,17222514.285625458,-9.313225746154785e-10,1.0,-4.204486221668752
2023-02-17,17010024.05993115,-9.313225746154785e-10,1.0,-5.3864048431704425
2023-02-21,16518797.723914204,-9.313225746154785e-10,1.0,-8.11871665663582
2023-02-22,16513687.955830391,-9.313225746154785e-10,1.0,-8.147138340645425
2023-02-23,17170300.56147989,-9.313225746154785e-10,1.0,-4.494910746674345
2023-02-24,16850710.034468085,-9.313225746154785e-10,1.0,-6.2725454303242305
2023-02-27,16775559.192933641,-9.313225746154785e-10,1.0,-6.690551382084397
2023-02-28,16825253.209749624,-9.313225746154785e-10,1.0,-6.414142038265804
2023-03-01,16554760.180842046,-9.313225746154785e-10,1.0,-7.918685349882367
2023-03-02,16905497.681116022,-9.313225746154785e-10,1.0,-5.96780416709733
2023-03-03,17346710.342478346,-9.313225746154785e-10,1.0,-3.513679706536678
2023-03-06,17293745.29096812,-9.313225746154785e-10,1.0,-3.8082832840150647
2023-03-07,17036503.723025005,-9.313225746154785e-10,1.0,-5.239118977199642
2023-03-08,17279108.8676558,-9.313225746154785e-10,1.0,-3.889694375788767
2023-03-09,16834886.951462265,-9.313225746154785e-10,1.0,-6.360556991293861
2023-03-10,20118267.989946127,8061818.469223054,0.75,-10.046830675708325
2023-03-13,20100270.581722118,8061818.469223054,1.0,0.0
2023-03-14,20605778.419580303,8061818.469223054,1.0,0.0
2023-03-15,20509083.612351652,8061818.469223054,1.0,-0.4692606377673568
2023-03-16,20894354.063908868,8061818.469223054,1.0,0.0
2023-03-17,20587095.53531711,8061818.469223054,1.0,-1.4705337511365717
2023-03-20,20739635.644648958,8061818.469223054,1.0,-0.7404795514935636
2023-03-21,21266666.62686371,8061818.469223054,1.0,0.0
2023-03-22,21028548.283997823,8061818.469223054,1.0,-1.1196787303051094
2023-03-23,21182238.35002147,8061818.469223054,1.0,-0.3969981677128084
2023-03-24,21148684.419428732,8061818.469223054,1.0,-0.5547752711087552
2023-03-27,21176740.15712082,8061818.469223054,1.0,-0.4228517393943477
2023-03-28,21096229.244396485,8061818.469223054,1.0,-0.8014296996217143
2023-03-29,21377035.862409346,8061818.469223054,1.0,0.0
2023-03-30,21461600.706348542,8061818.469223054,1.0,0.0
2023-03-31,21826845.021325722,8061818.469223054,1.0,0.0
2023-04-03,21686508.285038423,8061818.469223054,1.0,-0.6429547474689301
2023-04-04,21540666.33064572,8061818.469223054,1.0,-1.311131729759352
2023-04-05,21241725.95595581,8061818.469223054,1.0,-2.6807312957884024
2023-04-06,21368399.75478459,8061818.469223054,1.0,-2.100373490044993
2023-04-10,21297434.893571828,-2.7939677238464355e-09,1.0,-1.9485473441221928
2023-04-11,21432022.001290925,-2.7939677238464355e-09,1.0,-1.808887265424935
2023-04-12,20885563.76210778,-2.7939677238464355e-09,1.0,-4.312493437774784
2023-04-13,20971068.971998062,-2.7939677238464355e-09,1.0,-3.920750106080526
2023-04-14,20789402.88450179,-2.7939677238464355e-09,1.0,-4.753055862220628
2023-04-17,20933360.240366615,-2.7939677238464355e-09,1.0,-4.093513194811874
2023-04-18,20815307.472531695,-2.7939677238464355e-09,1.0,-4.6343736247987914
2023-04-19,20954914.625082504,-2.7939677238464355e-09,1.0,-3.994761475565097
2023-04-20,20243897.830628287,-2.7939677238464355e-09,1.0,-7.252295002556856
2023-04-21,20125271.173929963,-2.7939677238464355e-09,1.0,-7.795784712509993
2023-04-24,20164425.11465209,-2.7939677238464355e-09,1.0,-7.616400377834635
2023-04-25,19589258.910281457,-2.7939677238464355e-09,0.75,-10.251532499809532
2023-04-26,19310360.019981913,-2.7939677238464355e-09,0.75,-11.529311720888199
2023-04-27,19755097.4471886,-2.7939677238464355e-09,1.0,-9.491740891150044
2023-04-28,20422502.177796923,-2.7939677238464355e-09,1.0,-6.434016653147531
2023-05-01,20529297.567573264,-2.7939677238464355e-09,1.0,-5.944732060381154
2023-05-02,19925196.405532226,-2.7939677238464355e-09,1.0,-8.712430101260663
2023-05-03,19239997.345845558,-2.7939677238464355e-09,0.75,-11.851679310283773
2023-05-04,18922668.651179712,-2.7939677238464355e-09,0.75,-13.305525225054335
2023-05-05,20132054.189837597,-2.7939677238464355e-09,1.0,-7.764708228936637
2023-05-08,20538469.35629519,-2.7939677238464355e-09,1.0,-5.902711380283022
2023-05-09,20465681.332432773,-2.7939677238464355e-09,1.0,-6.236190743843357
2023-05-10,20378155.126629762,-9.313225746154785e-10,1.0,-6.074485539841466
2023-05-11,20192771.27986232,-9.313225746154785e-10,1.0,-7.486532019936217
2023-05-12,19853290.178220183,-9.313225746154785e-10,1.0,-9.041869501420365
2023-05-15,20463002.269088566,-9.313225746154785e-10,1.0,-6.248464910547657
2023-05-16,20559558.327490807,-9.313225746154785e-10,1.0,-5.806091959679581
2023-05-17,21627577.430509493,-9.313225746154785e-10,1.0,-0.9129472932140993
2023-05-18,22205643.95124042,-9.313225746154785e-10,1.0,0.0
2023-05-19,22069492.570614535,-9.313225746154785e-10,1.0,-0.6131386278409615
2023-05-22,22763211.79742023,-9.313225746154785e-10,1.0,0.0
2023-05-23,22887378.601247,-9.313225746154785e-10,1.0,0.0
2023-05-24,22739432.456076335,-9.313225746154785e-10,1.0,-0.6464093059683363
2023-05-25,23321223.45815989,-9.313225746154785e-10,1.0,0.0
2023-05-26,24111109.66104255,-9.313225746154785e-10,1.0,0.0
2023-05-30,24170107.636912208,-9.313225746154785e-10,1.0,0.0
2023-05-31,23608648.065201033,-9.313225746154785e-10,1.0,-2.3229502331786183
2023-06-01,24162997.703790076,-9.313225746154785e-10,1.0,-0.029416224490758147
2023-06-02,24686144.365907922,-9.313225746154785e-10,1.0,0.0
2023-06-05,24670864.733487178,-9.313225746154785e-10,1.0,-0.06189558075276525
2023-06-06,25509925.41210115,-9.313225746154785e-10,1.0,0.0
2023-06-07,25365237.09396551,-9.313225746154785e-10,1.0,-0.5671844029265642
2023-06-08,25866248.45827419,-9.313225746154785e-10,1.0,0.0
2023-06-09,26066374.34574691,-9.313225746154785e-10,1.0,0.0
2023-06-12,26380598.588380083,-9.313225746154785e-10,1.0,0.0
2023-06-13,26576313.332799282,-9.313225746154785e-10,1.0,0.0
2023-06-14,26287038.98980092,-9.313225746154785e-10,1.0,-1.0884667838460265
2023-06-15,26528383.201955874,-9.313225746154785e-10,1.0,-0.18034905836339313
2023-06-16,26353302.415812515,-9.313225746154785e-10,1.0,-0.8391341349499263
2023-06-20,26647322.83204777,-9.313225746154785e-10,1.0,0.0
2023-06-21,25829849.384369526,-9.313225746154785e-10,1.0,-3.0677507561663937
2023-06-22,25736961.505002603,-9.313225746154785e-10,1.0,-3.416333163308661
2023-06-23,25486277.24991205,-9.313225746154785e-10,1.0,-4.357081532931235
2023-06-26,24842948.977246493,-9.313225746154785e-10,1.0,-6.771313824558854
2023-06-27,25512169.25506241,-9.313225746154785e-10,1.0,-4.259916030364427
2023-06-28,25608575.015669163,-9.313225746154785e-10,1.0,-3.8981319921915154
2023-06-29,25708865.38138511,-9.313225746154785e-10,1.0,-3.521770110181622
2023-06-30,25974568.40027136,-9.313225746154785e-10,1.0,-2.5246604922251867
2023-07-03,26865631.281272568,-9.313225746154785e-10,1.0,0.0
2023-07-05,26952586.461272407,-9.313225746154785e-10,1.0,0.0
2023-07-06,26630059.53749228,-9.313225746154785e-10,1.0,-1.1966455399134341
2023-07-07,26807361.84298498,-9.313225746154785e-10,1.0,-0.5388151467247703
2023-07-10,26737122.458878703,1.862645149230957e-09,1.0,-0.20152599059541565
2023-07-11,26716648.32948476,1.862645149230957e-09,1.0,-0.8753821534963296
2023-07-12,27134232.229380623,1.862645149230957e-09,1.0,0.0
2023-07-13,27727338.75185493,1.862645149230957e-09,1.0,0.0
2023-07-14,27241327.255921632,1.862645149230957e-09,1.0,-1.752824172138714
2023-07-17,27681048.175807867,1.862645149230957e-09,1.0,-0.1669492209884949
2023-07-18,27892467.992808342,1.862645149230957e-09,1.0,0.0
2023-07-19,28218545.543577775,1.862645149230957e-09,1.0,0.0
2023-07-20,26785671.236724693,1.862645149230957e-09,1.0,-5.077775198017561
2023-07-21,26406131.33439998,1.862645149230957e-09,1.0,-6.422776845032259
2023-07-24,26478107.17082264,1.862645149230957e-09,1.0,-6.167711124825286
2023-07-25,26619509.703723393,1.862645149230957e-09,1.0,-5.666613246898208
2023-07-26,26452925.81039346,1.862645149230957e-09,1.0,-6.256948043114684
2023-07-27,26111157.75778644,1.862645149230957e-09,1.0,-7.468094989293138
2023-07-28,27093112.122351103,1.862645149230957e-09,1.0,-3.988275793621861
2023-07-31,27749891.929185323,1.862645149230957e-09,1.0,-1.6608000354543868
2023-08-01,28249814.880680617,1.862645149230957e-09,1.0,0.0
2023-08-02,26586379.941199034,1.862645149230957e-09,1.0,-5.888303857945513
2023-08-03,26673917.50267008,1.862645149230957e-09,1.0,-5.578434353169006
2023-08-04,26554214.89652227,1.862645149230957e-09,1.0,-6.002163169281259
2023-08-07,26765913.088085905,1.862645149230957e-09,1.0,-5.252784129249348
2023-08-08,26125255.274608232,1.862645149230957e-09,1.0,-7.520614259052441
2023-08-09,25105777.792127773,1.862645149230957e-09,0.75,-11.12940775659021
2023-08-10,25319726.8627301,0.0,1.0,-9.831863646038498
2023-08-11,24838432.284618232,0.0,0.75,-12.075769736796927
2023-08-14,25385043.53792138,0.0,0.75,-10.140849966129819
2023-08-15,24886191.959352195,0.0,0.75,-11.906707833433359
2023-08-16,24502722.30132781,0.0,0.75,-13.264131447159874
2023-08-17,23861507.37637088,0.0,0.5,-15.533933665918626
2023-08-18,23840971.82452517,0.0,0.5,-15.606626361189187
2023-08-21,24764884.55340004,0.0,0.75,-12.336117394042958
2023-08-22,24293378.476108607,0.0,0.75,-14.005176392422038
2023-08-23,24960996.91058091,0.0,0.75,-11.64190981070411
2023-08-24,24068292.245139237,0.0,0.75,-14.80194703293799
2023-08-25,24335307.435817048,0.0,0.75,-13.856754323514552
2023-08-28,24601598.194792096,0.0,0.75,-12.91412599090499
2023-08-29,25619793.891491,0.0,1.0,-9.309869817901804
2023-08-30,25904880.300248638,0.0,1.0,-8.300707775737054
2023-08-31,25647008.13702964,0.0,1.0,-9.213535574107336
2023-09-01,25443473.099976785,0.0,1.0,-9.934018302622658
2023-09-05,25643271.171623312,0.0,1.0,-9.226763856919497
2023-09-06,25227565.441343218,0.0,0.75,-10.698298208687534
2023-09-07,24815995.0770628,0.0,0.75,-12.155194000814939
2023-09-08,24604234.92553512,0.0,0.75,-12.90479236959044
2023-09-11,25174181.797420748,0.0,0.75,-10.88726809804061
2023-09-12,25035008.88618134,0.0,0.75,-11.379918799743383
2023-09-13,25303619.893519796,0.0,0.75,-10.42907714476973
2023-09-14,25530419.650903087,0.0,1.0,-9.626240884280131
2023-09-15,25038532.13164599,0.0,0.75,-11.367447052655729
2023-09-18,24867371.107140236,0.0,0.75,-11.97333075571251
2023-09-19,24938496.142180488,0.0,0.75,-11.721559070338058
2023-09-20,24496681.377392665,0.0,0.75,-13.285515388826962
2023-09-21,23570497.76434765,0.0,0.5,-16.56406293668509
2023-09-22,23369175.389597908,0.0,0.5,-17.27671318094358
2023-09-25,23349569.540921368,0.0,0.5,-17.346114869978887
2023-09-26,22916069.462329466,0.0,0.5,-18.88063847809061
2023-09-27,23419824.852158383,0.0,0.5,-17.097421873108807
2023-09-28,24206464.027216397,0.0,0.75,-14.31284017450101
2023-09-29,24395884.7506441,0.0,0.75,-13.642319945509202
2023-10-02,24542195.630472153,0.0,0.75,-13.12440193278582
2023-10-03,23670529.480079476,0.0,0.5,-16.20996604736269
2023-10-04,24574560.31594166,0.0,0.75,-13.009835923747506
2023-10-05,24615648.06360163,0.0,0.75,-12.86439161611748
2023-10-06,25085569.33838562,0.0,0.75,-11.200942574880202
2023-10-09,25268884.252518643,0.0,0.75,-10.552035971749191
2023-10-10,25599807.079207316,2.7939677238464355e-09,1.0,-8.834447232888378
2023-10-11,25041180.706691265,2.7939677238464355e-09,0.75,-11.358071504332798
2023-10-12,24691112.16286192,2.7939677238464355e-09,0.75,-12.597260310730068
2023-10-13,24348270.875205673,2.7939677238464355e-09,0.75,-13.810865741789755
2023-10-16,24831252.054496758,2.7939677238464355e-09,0.75,-12.101186647144134
2023-10-17,24943310.068065837,2.7939677238464355e-09,0.75,-11.704518513061197
2023-10-18,24606020.615604796,2.7939677238464355e-09,0.75,-12.898471301373823
2023-10-19,24215919.73268929,2.7939677238464355e-09,0.75,-14.279368431366294
2023-10-20,23834035.882906884,2.7939677238464355e-09,0.5,-15.631178527805433
2023-10-23,23863471.326120354,2.7939677238464355e-09,0.5,-15.526981585850958
2023-10-24,24004507.46047316,2.7939677238464355e-09,0.5,-15.027735360880973
2023-10-25,23147562.03312277,2.7939677238464355e-09,0.5,-18.061190379860353
2023-10-26,22516569.898532845,2.7939677238464355e-09,0.3,-20.294805492932994
2023-10-27,23404203.07470703,2.7939677238464355e-09,0.5,-17.152720562736803
2023-10-30,23127012.188695617,2.7939677238464355e-09,0.5,-18.133933668671094
2023-10-31,23574737.631993506,2.7939677238464355e-09,0.5,-16.5490544572888
2023-11-01,24761257.976684816,2.7939677238464355e-09,0.75,-12.348954917865825
2023-11-02,25141023.450512234,2.7939677238464355e-09,0.75,-11.004643546511918
2023-11-03,26193111.976016294,2.7939677238464355e-09,1.0,-7.28041197208288
2023-11-06,25988424.376151077,2.7939677238464355e-09,1.0,-8.004974595695675
2023-11-07,26377820.700060215,2.7939677238464355e-09,1.0,-6.6265714962281566
2023-11-08,26064018.25606396,2.7939677238464355e-09,1.0,-7.7373838867576845
2023-11-09,25644268.226553623,2.7939677238464355e-09,1.0,-9.223234435808166
2023-11-10,26141233.376404673,0.0,1.0,-6.906330059429745
2023-11-13,26246368.399673276,0.0,1.0,-7.0918924229038085
2023-11-14,27474459.343729958,0.0,1.0,-2.7446393550738146
2023-11-15,27827194.54123658,0.0,1.0,-1.4960110047767343
2023-11-16,27818567.558668192,0.0,1.0,-1.5265491962828555
2023-11-17,27955420.705212306,0.0,1.0,-1.04211010483343
2023-11-20,28339317.975453265,0.0,1.0,0.0
2023-11-21,27998668.224007767,0.0,1.0,-1.2020393424448665
2023-11-22,27771979.371135496,0.0,1.0,-2.001948687717829
2023-11-24,27595420.33413284,0.0,1.0,-2.62496663457028
2023-11-27,27611592.28641107,0.0,1.0,-2.5679012094522937
2023-11-28,27762421.992163695,0.0,1.0,-2.0356734900580915
2023-11-29,28548017.734679006,0.0,1.0,0.0
2023-11-30,27818113.897258803,0.0,1.0,-2.5567583858319676
2023-12-01,28537246.09466796,0.0,1.0,-0.037731656576495395
2023-12-04,28433545.54068153,0.0,1.0,-0.40098123470905633
2023-12-05,28661910.46829528,0.0,1.0,0.0
2023-12-06,28189518.732763425,0.0,1.0,-1.6481515984581603
2023-12-07,28938871.920662973,0.0,1.0,0.0
2023-12-08,29392629.598961893,0.0,1.0,0.0
2023-12-11,29026470.901687253,0.0,1.0,-1.2457500477860355
2023-12-12,29557007.698650658,0.0,1.0,0.0
2023-12-13,30369097.06979046,0.0,1.0,0.0
2023-12-14,31531062.763238635,0.0,1.0,0.0
2023-12-15,31768139.983092476,0.0,1.0,0.0
2023-12-18,31893240.305145837,0.0,1.0,0.0
2023-12-19,32411221.082173463,0.0,1.0,0.0
2023-12-20,31154772.332601093,0.0,1.0,-3.876585662684061
2023-12-21,32104286.345147394,0.0,1.0,-0.9470014605370326
2023-12-22,32021158.362784393,0.0,1.0,-1.2034804810350348
2023-12-26,32620792.337792613,0.0,1.0,0.0
2023-12-27,32990354.09712625,0.0,1.0,0.0
2023-12-28,32976562.618864276,0.0,1.0,-0.04180457785136374
2023-12-29,32586864.613172345,0.0,1.0,-1.2230529043913836
2024-01-02,31855134.4009754,0.0,1.0,-3.4410655090535633
2024-01-03,30807426.610127725,0.0,1.0,-6.616865889259057
2024-01-04,30723396.132757496,0.0,1.0,-6.871578151888419
2024-01-05,30880884.5453527,0.0,1.0,-6.394201000580655
2024-01-08,32097723.83569732,0.0,1.0,-2.705731071576118
2024-01-09,31762130.80267402,0.0,1.0,-3.7229769975679545
2024-01-10,31859674.168336466,-1.862645149230957e-09,1.0,-2.845250511768189
2024-01-11,31286647.303804636,-1.862645149230957e-09,1.0,-5.164257371429732
2024-01-12,30935393.24748954,-1.862645149230957e-09,1.0,-6.22897481969044
2024-01-16,31623554.919837598,-1.862645149230957e-09,1.0,-4.143026695817465
2024-01-17,31200470.56748815,-1.862645149230957e-09,1.0,-5.425475350669289
2024-01-18,31275555.610429823,-1.862645149230957e-09,1.0,-5.197878390901539
2024-01-19,31845806.68619684,-1.862645149230957e-09,1.0,-3.469339575925037
2024-01-22,31790170.824630596,-1.862645149230957e-09,1.0,-3.6379823901320294
2024-01-23,31802943.169606596,-1.862645149230957e-09,1.0,-3.599266997934669
2024-01-24,32292610.01194956,-1.862645149230957e-09,1.0,-2.1149942286841577
2024-01-25,31763185.07182411,-1.862645149230957e-09,1.0,-3.719781308467481
2024-01-26,31630462.574353736,-1.862645149230957e-09,1.0,-4.122088289106821
2024-01-29,32333814.34250428,-1.862645149230957e-09,1.0,-1.9900961132125528
2024-01-30,31832636.083721273,-1.862645149230957e-09,1.0,-3.5092621618930244
2024-01-31,31071827.47190524,-1.862645149230957e-09,1.0,-5.81541689298852
2024-02-01,31645193.535657708,-1.862645149230957e-09,1.0,-4.077435960548593
2024-02-02,32544798.886919748,-1.862645149230957e-09,1.0,-1.3505620730676333
2024-02-05,32335374.584318247,-1.862645149230957e-09,1.0,-1.9853667253151945
2024-02-06,32208608.321883176,-1.862645149230957e-09,1.0,-2.3696192315534153
2024-02-07,32867538.639250908,-1.862645149230957e-09,1.0,-0.37227687072943383
2024-02-08,32980094.79974427,-1.862645149230957e-09,1.0,-0.031097869855456196
2024-02-09,33017501.105121974,-1.862645149230957e-09,1.0,0.0
2024-02-12,33567155.27331024,-1.862645149230957e-09,1.0,0.0
2024-02-13,32779130.41664987,-1.862645149230957e-09,1.0,-2.3476069099216663
2024-02-14,33569031.14546501,-1.862645149230957e-09,1.0,0.0
2024-02-15,33723878.953551,-1.862645149230957e-09,1.0,0.0
2024-02-16,33288436.398064643,-1.862645149230957e-09,1.0,-1.291199497205253
2024-02-20,32250583.387606896,-1.862645149230957e-09,1.0,-4.368701382107685
2024-02-21,31834813.068884287,-1.862645149230957e-09,1.0,-5.601567622955197
2024-02-22,34305402.02526438,-1.862645149230957e-09,1.0,0.0
2024-02-23,33891097.3997225,-1.862645149230957e-09,1.0,-1.2076950016115946
2024-02-26,34121229.45335176,-1.862645149230957e-09,1.0,-0.5368617215941359
2024-02-27,34386534.608530805,-1.862645149230957e-09,1.0,0.0
2024-02-28,34392879.16584317,-1.862645149230957e-09,1.0,0.0
2024-02-29,35387443.819975376,-1.862645149230957e-09,1.0,0.0
2024-03-01,36516527.59148059,-1.862645149230957e-09,1.0,0.0
2024-03-04,36764481.19733026,-1.862645149230957e-09,1.0,0.0
2024-03-05,36394504.80257261,-1.862645149230957e-09,1.0,-1.0063419439317902
2024-03-06,37048740.8173104,-1.862645149230957e-09,1.0,0.0
2024-03-07,37903192.679293066,-1.862645149230957e-09,1.0,0.0
2024-03-08,37332700.03734988,-1.862645149230957e-09,1.0,-1.5051308388985738
2024-03-11,36487735.19545953,-1.862645149230957e-09,1.0,-3.734401731827769
2024-03-12,37349419.53709358,-1.862645149230957e-09,1.0,-1.4610197797454114
2024-03-13,36403155.33907314,-1.862645149230957e-09,1.0,-3.9575487820038355
2024-03-14,35049855.46433738,-1.862645149230957e-09,1.0,-7.527960082672659
2024-03-15,35231912.44319725,-1.862645149230957e-09,1.0,-7.0476391229047195
2024-03-18,35909866.764582045,-1.862645149230957e-09,1.0,-5.258992115986041
2024-03-19,35664197.68060338,-1.862645149230957e-09,1.0,-5.907140904024363
2024-03-20,36072517.31467432,-1.862645149230957e-09,1.0,-4.82987114069382
2024-03-21,35907699.0249274,-1.862645149230957e-09,1.0,-5.264711263903176
2024-03-22,36099228.0457069,-1.862645149230957e-09,1.0,-4.759400214250801
2024-03-25,36215414.517402306,-1.862645149230957e-09,1.0,-4.452865425272769
2024-03-26,35721129.547705725,-1.862645149230957e-09,1.0,-5.756937548903174
2024-03-27,35720410.939894795,-1.862645149230957e-09,1.0,-5.758833452018802
2024-03-28,35662288.55964656,-1.862645149230957e-09,1.0,-5.91217773818493
2024-04-01,35242647.84058349,-1.862645149230957e-09,1.0,-7.019315922067597
2024-04-02,34431014.88092456,-1.862645149230957e-09,1.0,-9.160647304166003
2024-04-03,34484645.03212885,-1.862645149230957e-09,1.0,-9.019154866687018
2024-04-04,33123472.70142342,-1.862645149230957e-09,0.75,-12.610336069343465
2024-04-05,33511061.629209727,-1.862645149230957e-09,0.75,-11.587760132097815
2024-04-08,33777767.27485359,-1.862645149230957e-09,0.75,-10.884110579669573
2024-04-09,34104304.805876754,-1.862645149230957e-09,0.75,-10.022606553383264
2024-04-10,41742417.51877813,16727075.743850183,0.75,-11.472323137997146
2024-04-11,42429767.68850134,16727075.743850183,1.0,0.0
2024-04-12,41656179.42956108,16727075.743850183,1.0,-1.8232205856500847
2024-04-15,41062331.587037586,16727075.743850183,1.0,-3.222822504008992
2024-04-16,41108684.63170884,16727075.743850183,1.0,-3.113575983944226
2024-04-17,40388873.96741133,16727075.743850183,1.0,-4.810051603565821
2024-04-18,40277666.75023809,16727075.743850183,1.0,-5.0721487660807565
2024-04-19,39323148.14771643,16727075.743850183,1.0,-7.321792482089923
2024-04-22,39634163.61590743,16727075.743850183,1.0,-6.588780059127059
2024-04-23,40120295.88925933,16727075.743850183,1.0,-5.443046061899342
2024-04-24,40357895.65291296,16727075.743850183,1.0,-4.883062407503754
2024-04-25,40634715.73102544,16727075.743850183,1.0,-4.23064290772058
2024-04-26,41056261.64920218,16727075.743850183,1.0,-3.2371283514507354
2024-04-29,42096640.19767208,16727075.743850183,1.0,-0.7851268318858734
2024-04-30,41432154.38506325,16727075.743850183,1.0,-2.3512108545162915
2024-05-01,40603962.39291754,16727075.743850183,1.0,-4.303123479223292
2024-05-02,41180518.849226624,16727075.743850183,1.0,-2.9442745207706413
2024-05-03,41684742.62164018,16727075.743850183,1.0,-1.7559018289488897
2024-05-06,42180199.15707832,16727075.743850183,1.0,-0.5881920760331173
2024-05-07,41768552.53247625,16727075.743850183,1.0,-1.5583756217554994
2024-05-08,41480202.09547542,16727075.743850183,1.0,-2.237970285383531
2024-05-09,41426762.45932096,16727075.743850183,1.0,-2.3639187387118303
2024-05-10,41150487.43857512,1.862645149230957e-09,1.0,-2.5491396346992325
2024-05-13,41457887.19790582,1.862645149230957e-09,1.0,-2.290562837229259
2024-05-14,42514924.25463079,1.862645149230957e-09,1.0,0.0
2024-05-15,43018647.06977412,1.862645149230957e-09,1.0,0.0
2024-05-16,42841848.81010853,1.862645149230957e-09,1.0,-0.41098052056085227
2024-05-17,43079502.83226657,1.862645149230957e-09,1.0,0.0
2024-05-20,43064244.24382917,1.862645149230957e-09,1.0,-0.03541960197825697
2024-05-21,43357607.84889266,1.862645149230957e-09,1.0,0.0
2024-05-22,43216101.126512036,1.862645149230957e-09,1.0,-0.32637114776671716
2024-05-23,42869046.42977689,1.862645149230957e-09,1.0,-1.1268182064344323
2024-05-24,43987153.023465276,1.862645149230957e-09,1.0,0.0
2024-05-28,45096397.825505525,1.862645149230957e-09,1.0,0.0
2024-05-29,44644006.94591334,1.862645149230957e-09,1.0,-1.0031641137783414
2024-05-30,44514301.082721114,1.862645149230957e-09,1.0,-1.290783235141654
2024-05-31,44434187.24156535,1.862645149230957e-09,1.0,-1.4684334356427167
2024-06-03,44731378.79066192,1.862645149230957e-09,1.0,-0.8094194934504383
2024-06-04,44508397.272641465,1.862645149230957e-09,1.0,-1.3038747687548111
2024-06-05,45713813.42453706,1.862645149230957e-09,1.0,0.0
2024-06-06,45585050.60442388,1.862645149230957e-09,1.0,-0.2816715790419448
2024-06-07,45556309.47099374,1.862645149230957e-09,1.0,-0.3445434579710199
2024-06-10,44773776.05901504,0.0,1.0,-1.4660360036555182
2024-06-11,44354628.0920041,0.0,1.0,-2.9732486325531897
2024-06-12,45376155.00461166,0.0,1.0,-0.7386354246792277
2024-06-13,45875462.93462736,0.0,1.0,0.0
2024-06-14,46046171.40458268,0.0,1.0,0.0
2024-06-17,46713614.87289723,0.0,1.0,0.0
2024-06-18,46924385.205105714,0.0,1.0,0.0
2024-06-20,46796627.77586205,0.0,1.0,-0.2722623401142836
2024-06-21,46523062.10236686,0.0,1.0,-0.8552548978205694
2024-06-24,45517819.44673839,0.0,1.0,-2.997515582184501
2024-06-25,46411996.826345995,0.0,1.0,-1.0919447884507774
2024-06-26,47113156.180929184,0.0,1.0,0.0
2024-06-27,47264172.974855095,0.0,1.0,0.0
2024-06-28,47528398.689870074,0.0,1.0,0.0
2024-07-01,48673359.023738526,0.0,1.0,0.0
2024-07-02,50175735.34093937,0.0,1.0,0.0
2024-07-03,51650502.24630272,0.0,1.0,0.0
2024-07-05,52135677.045185685,0.0,1.0,0.0
2024-07-08,53023670.82195398,0.0,1.0,0.0
2024-07-09,53458923.96909902,0.0,1.0,0.0
2024-07-10,53812333.89887143,0.0,1.0,0.0
2024-07-11,52057945.58354643,0.0,1.0,-3.8397655660115495
2024-07-12,53050708.458165385,0.0,1.0,-2.00595691892403
2024-07-15,53601901.72664842,0.0,1.0,-0.9878054471049568
2024-07-16,53883199.2477386,0.0,1.0,-0.468199164711038
2024-07-17,51245594.784763135,0.0,1.0,-5.3403211945135105
2024-07-18,50214926.35202494,0.0,1.0,-7.244148112860838
2024-07-19,48907916.38932728,0.0,1.0,-9.658426721279247
2024-07-22,50736132.568675384,0.0,1.0,-6.28138803042302
2024-07-23,51207325.70233719,0.0,1.0,-5.411010959474492
2024-07-24,48503041.006367594,0.0,0.75,-10.40630317521022
2024-07-25,48022020.348006584,0.0,0.75,-11.294833422746644
2024-07-26,47182314.22940261,0.0,0.75,-12.84591916605599
2024-07-29,47248125.28026527,0.0,0.75,-12.724354513276054
2024-07-30,46041670.11195222,0.0,0.75,-14.952890628534263
2024-07-31,47889313.70146558,0.0,0.75,-11.539966074434785
2024-08-01,47293871.14433316,0.0,0.75,-12.639853809995438
2024-08-02,46319583.0710875,0.0,0.75,-14.43953623079294
2024-08-05,44889639.46060834,0.0,0.5,-17.080895033367735
2024-08-06,45205357.58673704,0.0,0.5,-16.49770780453498
2024-08-07,44256094.12859249,0.0,0.5,-18.251165334438898
2024-08-08,46021068.025693424,0.0,0.75,-14.990946326320028
2024-08-09,45825484.80546531,0.0,0.5,-15.35222313234201
2024-08-12,45994907.70906382,0.0,0.5,-15.039269058839944
2024-08-13,47727596.794230424,0.0,0.75,-11.838685809479168
2024-08-14,46929565.263144605,0.0,0.75,-13.312791217495526
2024-08-15,49062889.03170961,0.0,1.0,-9.372164836464306
2024-08-16,49403178.674117856,0.0,1.0,-8.743589670413627
2024-08-19,50812247.90726235,0.0,1.0,-6.140789535409452
2024-08-20,51011702.93185772,0.0,1.0,-5.772360821807086
2024-08-21,51526912.66547452,0.0,1.0,-4.820677304297654
2024-08-22,49656060.42665807,0.0,1.0,-8.276472339221234
2024-08-23,51116605.71644868,0.0,1.0,-5.578586821585434
2024-08-26,49984023.97661021,0.0,1.0,-7.670665646396831
2024-08-27,50123191.28804437,0.0,1.0,-7.413599003772998
2024-08-28,49833569.42674089,0.0,1.0,-7.94858181509917
2024-08-29,49296684.52546635,0.0,1.0,-8.940303201564062
2024-08-30,50012838.70128675,0.0,1.0,-7.617439752655028
2024-09-03,47303987.56250391,0.0,0.75,-12.621166996060948
2024-09-04,46876050.91767058,0.0,0.75,-13.411641680161313
2024-09-05,48011822.498521626,0.0,0.75,-11.313670654723506
2024-09-06,45595095.99071856,0.0,0.5,-15.777792028476448
2024-09-09,46262512.37437952,0.0,0.75,-14.544955903298899
2024-09-10,58828936.07319275,23574007.643034562,0.75,-12.647217032902642
2024-09-11,60227709.48625018,23574007.643034562,1.0,0.0
2024-09-12,61006606.139689796,23574007.643034562,1.0,0.0
2024-09-13,61312535.55050977,23574007.643034562,1.0,0.0
2024-09-16,61194017.336529985,23574007.643034562,1.0,-0.1933017659694596
2024-09-17,61092657.96581166,23574007.643034562,1.0,-0.3586176672092999
2024-09-18,60795240.30614407,23574007.643034562,1.0,-0.8437022539045828
2024-09-19,62649394.68675339,23574007.643034562,1.0,0.0
2024-09-20,62222506.22067949,23574007.643034562,1.0,-0.6813928022901743
2024-09-23,63375110.659469716,23574007.643034562,1.0,0.0
2024-09-24,63967208.281878166,23574007.643034562,1.0,0.0
2024-09-25,64451281.39232154,23574007.643034562,1.0,0.0
2024-09-26,64440384.17319438,23574007.643034562,1.0,-0.016907684210079245
2024-09-27,64607122.465474844,23574007.643034562,1.0,0.0
2024-09-30,64416301.84976967,23574007.643034562,1.0,-0.29535538563437663
2024-10-01,63184610.285304315,23574007.643034562,1.0,-2.20178848072161
2024-10-02,63128073.98717445,23574007.643034562,1.0,-2.289296321919887
2024-10-03,63234595.81501329,23574007.643034562,1.0,-2.124420029997488
2024-10-04,64503128.60653615,23574007.643034562,1.0,-0.1609634587800546
2024-10-07,63703984.39800676,23574007.643034562,1.0,-1.3978924196023572
2024-10-08,64487390.07108724,23574007.643034562,1.0,-0.18532383090051124
2024-10-09,64536941.721720025,23574007.643034562,1.0,-0.10862694556985207
2024-10-10,63871570.358446255,0.0,1.0,-0.6524451789719947
2024-10-11,63184277.40842804,0.0,1.0,-2.202303713196869
2024-10-14,64252933.13782474,0.0,1.0,-0.5482202489971308
2024-10-15,62398840.44126705,0.0,1.0,-3.4180163733307714
2024-10-16,62622774.53466913,0.0,1.0,-3.0714073852555828
2024-10-17,63345032.13242994,0.0,1.0,-1.9534848247100698
2024-10-18,63569243.858863875,0.0,1.0,-1.606446111519046
2024-10-21,64307029.53444479,0.0,1.0,-0.46448892874067077
2024-10-22,63388025.98669657,0.0,1.0,-1.8869382078264532
2024-10-23,62195738.052529804,0.0,1.0,-3.7323816955841833
2024-10-24,65112134.16154221,0.0,1.0,0.0
2024-10-25,65977562.28558877,0.0,1.0,0.0
2024-10-28,65886188.75701277,0.0,1.0,-0.13849182269039348
2024-10-29,65910710.44156499,0.0,1.0,-0.10132511979512955
2024-10-30,64325828.21176538,0.0,1.0,-2.5034784805684986
2024-10-31,62316478.98699217,0.0,1.0,-5.54898236880794
2024-11-01,62606610.63289243,0.0,1.0,-5.109239468571038
2024-11-04,62360254.00642498,0.0,1.0,-5.482634025649516
