date,value,cash,equity_exposure,drawdown
2015-01-02,100000.0,100000.0,1.0,0.0
2015-01-05,100000.0,100000.0,1.0,0.0
2015-01-06,100000.0,100000.0,1.0,0.0
2015-01-07,100000.0,100000.0,1.0,0.0
2015-01-08,100000.0,100000.0,1.0,0.0
2015-01-09,100000.0,100000.0,1.0,0.0
2015-01-12,100000.0,100000.0,1.0,0.0
2015-01-13,100000.0,100000.0,1.0,0.0
2015-01-14,100000.0,100000.0,1.0,0.0
2015-01-15,100000.0,100000.0,1.0,0.0
2015-01-16,100000.0,100000.0,1.0,0.0
2015-01-20,100000.0,100000.0,1.0,0.0
2015-01-21,100000.0,100000.0,1.0,0.0
2015-01-22,100000.0,100000.0,1.0,0.0
2015-01-23,100000.0,100000.0,1.0,0.0
2015-01-26,100000.0,100000.0,1.0,0.0
2015-01-27,100000.0,100000.0,1.0,0.0
2015-01-28,100000.0,100000.0,1.0,0.0
2015-01-29,100000.0,100000.0,1.0,0.0
2015-01-30,100000.0,100000.0,1.0,0.0
2015-02-02,100000.0,100000.0,1.0,0.0
2015-02-03,100000.0,100000.0,1.0,0.0
2015-02-04,100000.0,100000.0,1.0,0.0
2015-02-05,100000.0,100000.0,1.0,0.0
2015-02-06,100000.0,100000.0,1.0,0.0
2015-02-09,100000.0,100000.0,1.0,0.0
2015-02-10,99700.0,1.0913936421275139e-11,1.0,0.0
2015-02-11,99775.85523037784,1.0913936421275139e-11,1.0,-0.22414476962215849
2015-02-12,102487.48134872557,1.0913936421275139e-11,1.0,0.0
2015-02-13,103737.03503021938,1.0913936421275139e-11,1.0,0.0
2015-02-17,104437.16558515608,1.0913936421275139e-11,1.0,0.0
2015-02-18,104904.16513053444,1.0913936421275139e-11,1.0,0.0
2015-02-19,105633.71448177213,1.0913936421275139e-11,1.0,0.0
2015-02-20,106412.36849688395,1.0913936421275139e-11,1.0,0.0
2015-02-23,105282.9688503945,1.0913936421275139e-11,1.0,-1.0613424571247245
2015-02-24,106887.72676486967,1.0913936421275139e-11,1.0,0.0
2015-02-25,107317.32892603676,1.0913936421275139e-11,1.0,0.0
2015-02-26,107531.21031695431,1.0913936421275139e-11,1.0,0.0
2015-02-27,106956.65184344343,1.0913936421275139e-11,1.0,-0.5343178708928714
2015-03-02,107614.29330313292,1.0913936421275139e-11,1.0,0.0
2015-03-03,106458.49839167362,1.0913936421275139e-11,1.0,-1.074016170141633
2015-03-04,106769.75148915652,1.0913936421275139e-11,1.0,-0.7847859127759627
2015-03-05,106776.31715980663,1.0913936421275139e-11,1.0,-0.7786847988360062
2015-03-06,104589.38467198964,1.0913936421275139e-11,1.0,-2.810879984708513
2015-03-09,104615.98185613961,1.0913936421275139e-11,1.0,-2.786164695192974
2015-03-10,102441.47640571659,1.0913936421275139e-11,1.0,-4.233072460894313
2015-03-11,102466.94434375138,1.0913936421275139e-11,1.0,-4.783146180110333
2015-03-12,103956.08252413398,1.0913936421275139e-11,1.0,-3.3993725802708394
2015-03-13,103297.41036722083,1.0913936421275139e-11,1.0,-4.011440119531418
2015-03-16,104907.06581422697,1.0913936421275139e-11,1.0,-2.5156765015220652
2015-03-17,105911.46156511494,1.0913936421275139e-11,1.0,-1.5823471824707935
2015-03-18,107281.57879508747,1.0913936421275139e-11,1.0,-0.30917315705288756
2015-03-19,107719.34767185201,1.0913936421275139e-11,1.0,0.0
2015-03-20,108037.06586682162,1.0913936421275139e-11,1.0,0.0
2015-03-23,108405.37871961853,1.0913936421275139e-11,1.0,0.0
2015-03-24,108720.3559649633,1.0913936421275139e-11,1.0,0.0
2015-03-25,105712.84985945794,1.0913936421275139e-11,1.0,-2.7662769118182102
2015-03-26,105194.28852481299,1.0913936421275139e-11,1.0,-3.2432449368420317
2015-03-27,104951.17947770609,1.0913936421275139e-11,1.0,-3.4668544393580545
2015-03-30,106696.79074693116,1.0913936421275139e-11,1.0,-1.8612569836363093
2015-03-31,105833.76006723664,1.0913936421275139e-11,1.0,-2.655064796381741
2015-04-01,104632.49571753632,1.0913936421275139e-11,1.0,-3.759976879347547
2015-04-02,105107.05638747793,1.0913936421275139e-11,1.0,-3.3234802677152753
2015-04-06,107182.4356662615,1.0913936421275139e-11,1.0,-1.4145651796774925
2015-04-07,106619.73744268747,1.0913936421275139e-11,1.0,-1.932129915903491
2015-04-08,107912.59100540869,1.0913936421275139e-11,1.0,-0.7429749032599966
2015-04-09,108114.42973453597,1.0913936421275139e-11,1.0,-0.5573254659160584
2015-04-10,107650.17134598928,1.0913936421275139e-11,1.0,-0.38756805251191034
2015-04-13,107393.77235259171,1.0913936421275139e-11,1.0,-1.2201796072109037
2015-04-14,106741.8510912309,1.0913936421275139e-11,1.0,-1.819810886537198
2015-04-15,108711.10635625284,1.0913936421275139e-11,1.0,-0.008507706425678635
2015-04-16,108640.0738037387,1.0913936421275139e-11,1.0,-0.07384280571198817
2015-04-17,107568.44216529447,1.0913936421275139e-11,1.0,-1.059519893441154
2015-04-20,108353.11737437875,1.0913936421275139e-11,1.0,-0.3377827338082777
2015-04-21,108459.52731267575,1.0913936421275139e-11,1.0,-0.23990783508067076
2015-04-22,110411.57227373734,1.0913936421275139e-11,1.0,0.0
2015-04-23,110053.62193930046,1.0913936421275139e-11,1.0,-0.3241963927018803
2015-04-24,111287.3712153717,1.0913936421275139e-11,1.0,0.0
2015-04-27,113529.4574367952,1.0913936421275139e-11,1.0,0.0
2015-04-28,114596.10932787787,1.0913936421275139e-11,1.0,0.0
2015-04-29,114125.79735906946,1.0913936421275139e-11,1.0,-0.41040832151009027
2015-04-30,112949.78972067106,1.0913936421275139e-11,1.0,-1.436627837421971
2015-05-01,112483.65889750393,1.0913936421275139e-11,1.0,-1.8433875659162893
2015-05-04,112849.04381132597,1.0913936421275139e-11,1.0,-1.5245417377594062
2015-05-05,111570.5364302452,1.0913936421275139e-11,1.0,-2.6402056015497126
2015-05-06,110808.20190373277,1.0913936421275139e-11,1.0,-3.3054415602429312
2015-05-07,112249.92912145928,1.0913936421275139e-11,1.0,-2.0473471745064153
2015-05-08,111296.84315924878,1.0913936421275139e-11,1.0,-2.8790385537342855
2015-05-11,110535.37357211142,1.0913936421275139e-11,1.0,-3.5435197404023846
2015-05-12,111031.56026309269,1.0913936421275139e-11,1.0,-3.110532360733502
2015-05-13,111288.14414280142,1.0913936421275139e-11,1.0,-2.886629576237907
2015-05-14,112322.12956167592,1.0913936421275139e-11,1.0,-1.9843429061764517
2015-05-15,112673.05573520344,1.0913936421275139e-11,1.0,-1.678114208199049
2015-05-18,112462.97642904418,1.0913936421275139e-11,1.0,-1.8614357078480335
2015-05-19,112885.93160573774,1.0913936421275139e-11,1.0,-1.4923523426498144
2015-05-20,112558.10393282538,1.0913936421275139e-11,1.0,-1.7784245966164771
2015-05-21,112913.35981067513,1.0913936421275139e-11,1.0,-1.468417668865288
2015-05-22,112494.72596895033,1.0913936421275139e-11,1.0,-1.833730107638428
2015-05-26,110954.21880725856,1.0913936421275139e-11,1.0,-3.178022833392434
2015-05-27,112805.41656599524,1.0913936421275139e-11,1.0,-1.5626121797548735
2015-05-28,113260.89801271097,1.0913936421275139e-11,1.0,-1.1651454163654456
2015-05-29,112802.1988593785,1.0913936421275139e-11,1.0,-1.5654200469988901
2015-06-01,113240.5320828958,1.0913936421275139e-11,1.0,-1.1829173371877233
2015-06-02,113857.90602711568,1.0913936421275139e-11,1.0,-0.6441783277738302
2015-06-03,113307.00955053823,1.0913936421275139e-11,1.0,-1.1249071062712226
2015-06-04,112880.97576217416,1.0913936421275139e-11,1.0,-1.4966769602940357
2015-06-05,113604.37599062208,1.0913936421275139e-11,1.0,-0.8654162371414226
2015-06-08,113632.48063936773,1.0913936421275139e-11,1.0,-0.84089127821351
2015-06-09,114112.71424760258,1.0913936421275139e-11,1.0,-0.42182503674031746
2015-06-10,113529.58904083731,0.0,1.0,-0.33357602521782925
2015-06-11,114090.29576683775,0.0,1.0,-0.441388075046168
2015-06-12,112458.60541755738,0.0,1.0,-1.8652499834918033
2015-06-15,111774.31816574596,0.0,1.0,-2.4623795508260318
2015-06-16,112188.760924989,0.0,1.0,-2.100724376253532
2015-06-17,112967.54567831641,0.0,1.0,-1.4211334565485794
2015-06-18,114053.6011786918,0.0,1.0,-0.47340887257688086
2015-06-19,113068.04687912755,0.0,1.0,-1.3334330962129706
2015-06-22,113649.70464323356,0.0,1.0,-0.8258610961533547
2015-06-23,113207.84912578511,0.0,1.0,-1.2114374652290536
2015-06-24,112475.10780020485,0.0,1.0,-1.850849509737281
2015-06-25,112661.20229285915,0.0,1.0,-1.6884578772937613
2015-06-26,109032.9866159765,0.0,1.0,-4.854547632140277
2015-06-29,106354.77535667605,0.0,1.0,-7.191635055970391
2015-06-30,106496.09546892869,0.0,1.0,-7.06831488997043
2015-07-01,107372.63401882267,0.0,1.0,-6.303421077226691
2015-07-02,107422.43397917386,0.0,1.0,-6.259964139078207
2015-07-06,106401.21639664941,0.0,1.0,-7.151109212426711
2015-07-07,106032.9732298668,0.0,1.0,-7.472449237792681
2015-07-08,104457.76589528752,0.0,1.0,-8.84702237454059
2015-07-09,103572.7031105806,0.0,1.0,-9.619354690094706
2015-07-10,104428.59836761918,1.0913936421275139e-11,1.0,-8.323239360484711
2015-07-13,105908.87183360023,1.0913936421275139e-11,1.0,-7.580743836094868
2015-07-14,105951.58151679742,1.0913936421275139e-11,1.0,-7.543474086320913
2015-07-15,105105.22379065407,1.0913936421275139e-11,1.0,-8.282031207594367
2015-07-16,105935.11600895945,1.0913936421275139e-11,1.0,-7.557842382011357
2015-07-17,106833.28808765924,1.0913936421275139e-11,1.0,-6.774070503570025
2015-07-20,107737.10147497215,1.0913936421275139e-11,1.0,-5.985375850135538
2015-07-21,106830.81681144022,1.0913936421275139e-11,1.0,-6.776227013274859
2015-07-22,105774.32593278545,1.0913936421275139e-11,1.0,-7.698152622138231
2015-07-23,106001.03693992739,1.0913936421275139e-11,1.0,-7.500317801679111
2015-07-24,104550.3092667046,1.0913936421275139e-11,1.0,-8.76626625466893
2015-07-27,102588.69314618756,1.0913936421275139e-11,0.75,-10.478031280569185
2015-07-28,104084.25131107104,1.0913936421275139e-11,1.0,-9.172962396769261
2015-07-29,105574.55798209505,1.0913936421275139e-11,1.0,-7.872476123923818
2015-07-30,107706.62797658842,1.0913936421275139e-11,1.0,-6.0119679382635365
2015-07-31,107658.64444078514,1.0913936421275139e-11,1.0,-6.053839809904482
2015-08-03,106020.68601155098,1.0913936421275139e-11,1.0,-7.483171432802514
2015-08-04,105292.2084132064,1.0913936421275139e-11,1.0,-8.118862821120317
2015-08-05,105858.26599503869,1.0913936421275139e-11,1.0,-7.624904007725787
2015-08-06,104970.01480275416,1.0913936421275139e-11,1.0,-8.40001862330414
2015-08-07,107817.25035005882,1.0913936421275139e-11,1.0,-5.915435539284887
2015-08-10,109764.9894823042,0.0,1.0,-3.6384781116780838
2015-08-11,105877.25054902164,0.0,1.0,-7.6083375168612175
2015-08-12,106661.78674306339,0.0,1.0,-6.923727717590402
2015-08-13,105999.43720595956,0.0,1.0,-7.501713777491215
2015-08-14,106302.3150789167,0.0,1.0,-7.237413466831842
2015-08-17,108205.74040700388,0.0,1.0,-5.576427470665801
2015-08-18,108498.59532776145,0.0,1.0,-5.320873488532197
2015-08-19,106855.36576241652,0.0,1.0,-6.754804862801965
2015-08-20,102028.19645771112,0.0,0.75,-10.9671374917345
2015-08-21,97630.03682380114,0.0,0.75,-14.805103422433016
2015-08-24,92527.61836816552,0.0,0.5,-19.257626711017608
2015-08-25,92287.8167948591,0.0,0.5,-19.46688475189953
2015-08-26,94931.59053600766,0.0,0.5,-17.159848538667983
2015-08-27,102388.2720236819,0.0,0.75,-10.6529247596595
2015-08-28,104266.88010236878,0.0,1.0,-9.013595039213333
2015-08-31,104004.43692915064,0.0,1.0,-9.242610818856644
2015-09-01,99500.77175766641,0.0,0.75,-13.172644044154477
2015-09-02,102269.33104789109,0.0,0.75,-10.756716220371752
2015-09-03,101697.96436479561,0.0,0.75,-11.255307914668025
2015-09-04,100320.78236317674,0.0,0.75,-12.457078210096235
2015-09-08,103144.0041467826,0.0,1.0,-9.993450256089382
2015-09-09,103310.52244705684,0.0,1.0,-9.848141395910012
2015-09-10,104086.11805950888,-3.637978807091713e-12,1.0,-8.6238991962114
2015-09-11,104199.80480049721,-3.637978807091713e-12,1.0,-9.072126958198176
2015-09-14,104637.3265529701,-3.637978807091713e-12,1.0,-8.690332362344076
2015-09-15,106134.83185503811,-3.637978807091713e-12,1.0,-7.383564348271799
2015-09-16,108740.30710420398,-3.637978807091713e-12,1.0,-5.109948547135663
2015-09-17,108366.78859546123,-3.637978807091713e-12,1.0,-5.435891994023598
2015-09-18,106367.04088464602,-3.637978807091713e-12,1.0,-7.180931788606509
2015-09-21,107156.55941899115,-3.637978807091713e-12,1.0,-6.49197424984209
2015-09-22,105147.6871488775,-3.637978807091713e-12,1.0,-8.244976408376058
2015-09-23,103943.81131431831,-3.637978807091713e-12,1.0,-9.295514547602677
2015-09-24,104292.47979161369,-3.637978807091713e-12,1.0,-8.99125598303154
2015-09-25,103105.87630868504,-3.637978807091713e-12,0.75,-10.026721750489305
2015-09-28,99433.6209940527,-3.637978807091713e-12,0.75,-13.23124181331746
2015-09-29,99232.57234297607,-3.637978807091713e-12,0.75,-13.406682892648874
2015-09-30,100877.30018757864,-3.637978807091713e-12,0.75,-11.971444074988193
2015-10-01,99966.52776913752,-3.637978807091713e-12,0.75,-12.766211387581027
2015-10-02,105869.54455783908,-3.637978807091713e-12,1.0,-7.615061995753006
2015-10-05,108629.15252452629,-3.637978807091713e-12,1.0,-5.206945365203596
2015-10-06,110067.2258038139,-3.637978807091713e-12,1.0,-3.9520395156751014
2015-10-07,110033.3170545178,-3.637978807091713e-12,1.0,-3.9816293067203445
2015-10-08,111705.05797758875,-3.637978807091713e-12,1.0,-2.5228180670753524
2015-10-09,110353.87849165953,-3.637978807091713e-12,1.0,-3.701897787891416
2015-10-12,108388.47131661617,-3.637978807091713e-12,1.0,-5.416971001607616
2015-10-13,108354.0421725987,-3.637978807091713e-12,1.0,-5.44701490468548
2015-10-14,108694.55518732853,-3.637978807091713e-12,1.0,-5.1498730412077505
2015-10-15,110636.54123450464,-3.637978807091713e-12,1.0,-3.455237805713173
2015-10-16,111210.90337087246,-3.637978807091713e-12,1.0,-2.954032189103204
2015-10-19,109467.55655682975,-3.637978807091713e-12,1.0,-4.475328875585569
2015-10-20,107328.35329259624,-3.637978807091713e-12,1.0,-6.342061766239741
2015-10-21,105303.46973941887,-3.637978807091713e-12,1.0,-8.109035850310823
2015-10-22,106467.18384753872,-3.637978807091713e-12,1.0,-7.093544037416654
2015-10-23,111152.97049760395,-3.637978807091713e-12,1.0,-3.004586150846141
2015-10-26,111963.36978941399,-3.637978807091713e-12,1.0,-2.2974074372203948
2015-10-27,110317.83508686727,-3.637978807091713e-12,1.0,-3.7333503433085764
2015-10-28,112096.69535530545,-3.637978807091713e-12,1.0,-2.1810635520104777
2015-10-29,112361.83075411427,-3.637978807091713e-12,1.0,-1.9496984556176953
2015-10-30,112096.51045192874,-3.637978807091713e-12,1.0,-2.181224904239442
2015-11-02,114648.30985526816,-3.637978807091713e-12,1.0,0.0
2015-11-03,115808.76583821222,-3.637978807091713e-12,1.0,0.0
2015-11-04,117884.04529431915,-3.637978807091713e-12,1.0,0.0
2015-11-05,117694.19423889903,-3.637978807091713e-12,1.0,-0.1610489824523092
2015-11-06,117575.8442960104,-3.637978807091713e-12,1.0,-0.26144419928860424
2015-11-09,115075.70796094256,-3.637978807091713e-12,1.0,-2.3822878883779928
2015-11-10,113528.59880758001,7.275957614183426e-12,1.0,-3.114244430046651
2015-11-11,113350.17868072573,7.275957614183426e-12,1.0,-3.846039217837993
2015-11-12,111643.56401090964,7.275957614183426e-12,1.0,-5.2937454494618
2015-11-13,110968.10661970943,7.275957614183426e-12,1.0,-5.866730020455954
2015-11-16,113158.36281889884,7.275957614183426e-12,1.0,-4.008754928304147
2015-11-17,113216.8002958211,7.275957614183426e-12,1.0,-3.959182930010092
2015-11-18,116366.65163140121,7.275957614183426e-12,1.0,-1.2871917137976436
2015-11-19,116418.21560396193,7.275957614183426e-12,1.0,-1.2434504488690612
2015-11-20,116230.47096884715,7.275957614183426e-12,1.0,-1.4027125734814652
2015-11-23,116182.3641397823,7.275957614183426e-12,1.0,-1.443521173953859
2015-11-24,115605.36088213882,7.275957614183426e-12,1.0,-1.9329879683812816
2015-11-25,116012.68482608252,7.275957614183426e-12,1.0,-1.5874586451155734
2015-11-27,117071.56107200068,7.275957614183426e-12,1.0,-0.6892232280373072
2015-11-30,116453.1670537609,7.275957614183426e-12,1.0,-1.2138014410565874
2015-12-01,117694.95323867399,7.275957614183426e-12,1.0,-0.16040512961109973
2015-12-02,116367.68171254234,7.275957614183426e-12,1.0,-1.28631790501499
2015-12-03,113867.2338321452,7.275957614183426e-12,1.0,-3.407425875270266
2015-12-04,115940.20715955074,7.275957614183426e-12,1.0,-1.648940812910904
2015-12-07,114683.64192379784,7.275957614183426e-12,1.0,-2.714874063348364
2015-12-08,114668.40811511152,7.275957614183426e-12,1.0,-2.7277967694264276
2015-12-09,112413.03791166359,7.275957614183426e-12,1.0,-4.641007499357683
2015-12-10,112701.62625194016,2.1827872842550278e-11,1.0,-3.8199860821970586
2015-12-11,108044.58837229086,2.1827872842550278e-11,1.0,-8.346724866339866
2015-12-14,109018.17102925137,2.1827872842550278e-11,1.0,-7.520843251461631
2015-12-15,110177.06341209487,2.1827872842550278e-11,1.0,-6.537765024081407
2015-12-16,114093.39870791974,2.1827872842550278e-11,1.0,-3.2155721980318575
2015-12-17,112691.01465597277,2.1827872842550278e-11,1.0,-4.405202269213804
2015-12-18,111347.77027117168,2.1827872842550278e-11,1.0,-5.544664680303814
2015-12-21,112592.95728379366,2.1827872842550278e-11,1.0,-4.48838347658949
2015-12-22,113184.0810948563,2.1827872842550278e-11,1.0,-3.9869383407470655
2015-12-23,114440.18359084758,2.1827872842550278e-11,1.0,-2.9213976283841796
2015-12-24,113513.86915270465,2.1827872842550278e-11,1.0,-3.707182028495506
2015-12-28,113863.07369020981,2.1827872842550278e-11,1.0,-3.4109548871267874
2015-12-29,116578.80260922771,2.1827872842550278e-11,1.0,-1.107225903075057
2015-12-30,115347.94546783308,2.1827872842550278e-11,1.0,-2.1513512029165858
2015-12-31,114885.34427999973,2.1827872842550278e-11,1.0,-2.543771726557748
2016-01-04,110163.53666243608,2.1827872842550278e-11,1.0,-6.549239646983105
2016-01-05,108856.45215564658,2.1827872842550278e-11,1.0,-7.658027951224043
2016-01-06,105760.29238487723,2.1827872842550278e-11,0.75,-10.284473084693303
2016-01-07,102902.73061868071,2.1827872842550278e-11,0.75,-12.70851762699086
2016-01-08,102223.91940123454,2.1827872842550278e-11,0.75,-13.284347219325761
2016-01-11,99932.87971731844,2.1827872842550278e-11,0.5,-15.227816056178192
2016-01-12,101411.2659103606,2.1827872842550278e-11,0.75,-13.973714036391637
2016-01-13,94147.86683440073,2.1827872842550278e-11,0.3,-20.135191662838423
2016-01-14,97075.98706493014,2.1827872842550278e-11,0.5,-17.651292995110467
2016-01-15,93622.12544521964,2.1827872842550278e-11,0.3,-20.58117346458986
2016-01-19,92777.28794030732,2.1827872842550278e-11,0.3,-21.2978416980247
2016-01-20,92065.1854224255,2.1827872842550278e-11,0.3,-21.901912008051756
2016-01-21,94151.27298724366,2.1827872842550278e-11,0.3,-20.13230225330516
2016-01-22,96870.06045956476,2.1827872842550278e-11,0.5,-17.825978725356023
2016-01-25,95765.23194283072,2.1827872842550278e-11,0.5,-18.763195050072085
2016-01-26,97208.13308032631,2.1827872842550278e-11,0.5,-17.539194691165907
2016-01-27,95261.49228159792,2.1827872842550278e-11,0.5,-19.190512979292382
2016-01-28,98429.68623894136,2.1827872842550278e-11,0.5,-16.502961878179878
2016-01-29,97684.43179846054,2.1827872842550278e-11,0.5,-17.135154672904687
2016-02-01,97478.9814309002,2.1827872842550278e-11,0.5,-17.30943641480403
2016-02-02,94782.55512369091,2.1827872842550278e-11,0.5,-19.59679116283389
2016-02-03,92608.20731804067,2.1827872842550278e-11,0.3,-21.44127130450326
2016-02-04,93442.22746558668,2.1827872842550278e-11,0.3,-20.733779340290695
2016-02-05,88596.95855594202,2.1827872842550278e-11,0.3,-24.843978390168527
2016-02-08,84111.53591243597,2.1827872842550278e-11,0.2,-28.64892301376655
2016-02-09,81773.42971968855,2.1827872842550278e-11,0.2,-30.63231795657659
2016-02-10,147167.81939872177,130859.4592852922,0.2,-30.411904652565124
2016-02-11,147278.7087601783,130859.4592852922,1.0,0.0
2016-02-12,147655.87900992244,130859.4592852922,1.0,0.0
2016-02-16,147754.61653750233,130859.4592852922,1.0,0.0
2016-02-17,148128.2151691475,130859.4592852922,1.0,0.0
2016-02-18,147972.31448863022,130859.4592852922,1.0,-0.10524712009745082
2016-02-19,147977.09810577493,130859.4592852922,1.0,-0.10201774401994253
2016-02-22,148304.7898215697,130859.4592852922,1.0,0.0
2016-02-23,148074.19538232742,130859.4592852922,1.0,-0.1554868453808563
2016-02-24,148161.2304897201,130859.4592852922,1.0,-0.09680019911852925
2016-02-25,148366.23895122076,130859.4592852922,1.0,0.0
2016-02-26,148254.91977307806,130859.4592852922,1.0,-0.07502999262473745
2016-02-29,148213.97900827168,130859.4592852922,1.0,-0.10262438680483067
2016-03-01,148691.86931177022,130859.4592852922,1.0,0.0
2016-03-02,148817.0698364678,130859.4592852922,1.0,0.0
2016-03-03,148867.85383863602,130859.4592852922,1.0,0.0
2016-03-04,148670.76071738233,130859.4592852922,1.0,-0.13239468170698487
2016-03-07,148382.79740933995,130859.4592852922,1.0,-0.32583020228251236
2016-03-08,148266.73779368828,130859.4592852922,1.0,-0.40379170482252424
2016-03-09,148574.2048797579,130859.4592852922,1.0,-0.19725478087191622
2016-03-10,148197.26965731088,2.1827872842550278e-11,1.0,-0.11496291776367203
2016-03-11,150011.6464840997,2.1827872842550278e-11,1.0,0.0
2016-03-14,151668.74697627246,2.1827872842550278e-11,1.0,0.0
2016-03-15,151068.15122093845,2.1827872842550278e-11,1.0,-0.3959917697664973
2016-03-16,153579.51624369354,2.1827872842550278e-11,1.0,0.0
2016-03-17,153382.11940426833,2.1827872842550278e-11,1.0,-0.12853070790506954
2016-03-18,156909.3859089883,2.1827872842550278e-11,1.0,0.0
2016-03-21,158752.37698605706,2.1827872842550278e-11,1.0,0.0
2016-03-22,158099.7210298316,2.1827872842550278e-11,1.0,-0.4111157064960302
2016-03-23,155837.79783212813,2.1827872842550278e-11,1.0,-1.8359278829474894
2016-03-24,156941.21212466207,2.1827872842550278e-11,1.0,-1.140874168803196
2016-03-28,158595.64184936092,2.1827872842550278e-11,1.0,-0.09872931648129166
2016-03-29,160435.7834635012,2.1827872842550278e-11,1.0,0.0
2016-03-30,160013.00921949133,2.1827872842550278e-11,1.0,-0.26351617755277557
2016-03-31,159714.5028366029,2.1827872842550278e-11,1.0,-0.44957590590281327
2016-04-01,162545.52572609496,2.1827872842550278e-11,1.0,0.0
2016-04-04,162577.89044946793,2.1827872842550278e-11,1.0,0.0
2016-04-05,163147.50678834907,2.1827872842550278e-11,1.0,0.0
2016-04-06,166578.71868821967,2.1827872842550278e-11,1.0,0.0
2016-04-07,163431.76895975837,2.1827872842550278e-11,1.0,-1.8891667274445498
2016-04-08,161740.6108824738,2.1827872842550278e-11,1.0,-2.9043972986736795
2016-04-11,160730.6048739375,2.1827872842550278e-11,1.0,-3.510720853380983
2016-04-12,159730.77161330736,2.1827872842550278e-11,1.0,-4.110937536822701
2016-04-13,163087.40371487965,2.1827872842550278e-11,1.0,-2.0958949623538703
2016-04-14,162584.36492467276,2.1827872842550278e-11,1.0,-2.397877589047267
2016-04-15,163297.6264674301,2.1827872842550278e-11,1.0,-1.9696947164845824
2016-04-18,164269.33962401887,2.1827872842550278e-11,1.0,-1.386359003350956
2016-04-19,162017.1470636932,2.1827872842550278e-11,1.0,-2.738387988842811
2016-04-20,163292.7438093541,2.1827872842550278e-11,1.0,-1.9726258580580243
2016-04-21,164410.02704960675,2.1827872842550278e-11,1.0,-1.3019019810519676
2016-04-22,163934.78379535163,2.1827872842550278e-11,1.0,-1.58719848110767
2016-04-25,163217.53800347052,2.1827872842550278e-11,1.0,-2.0177731652745954
2016-04-26,163225.37744051593,2.1827872842550278e-11,1.0,-2.013067019671391
2016-04-27,163929.95986862193,2.1827872842550278e-11,1.0,-1.5900943652684383
2016-04-28,164389.9344426663,2.1827872842550278e-11,1.0,-1.313963910149921
2016-04-29,162332.4486162287,2.1827872842550278e-11,1.0,-2.549107176132491
2016-05-02,164930.27357255458,2.1827872842550278e-11,1.0,-0.9895892636504396
2016-05-03,160854.89242186968,2.1827872842550278e-11,1.0,-3.4361089528267432
2016-05-04,158395.45916419761,2.1827872842550278e-11,1.0,-4.912548006410359
2016-05-05,155500.37023133552,2.1827872842550278e-11,1.0,-6.650518472061945
2016-05-06,157241.43938700805,2.1827872842550278e-11,1.0,-5.605325442974452
2016-05-09,155084.8674229006,2.1827872842550278e-11,1.0,-6.899951780054067
2016-05-10,156624.43611943605,2.1827872842550278e-11,1.0,-5.409028346565033
2016-05-11,159057.58068834982,2.1827872842550278e-11,1.0,-4.515065345139879
2016-05-12,157796.15135778981,2.1827872842550278e-11,1.0,-5.27232253891202
2016-05-13,161163.2879753802,2.1827872842550278e-11,1.0,-3.2509739272129767
2016-05-16,163267.25132476498,2.1827872842550278e-11,1.0,-1.9879294243177998
2016-05-17,163488.42477884464,2.1827872842550278e-11,1.0,-1.8551552885690288
2016-05-18,161570.79460373404,2.1827872842550278e-11,1.0,-3.00634086029849
2016-05-19,161906.5945998886,2.1827872842550278e-11,1.0,-2.8047544879221578
2016-05-20,164126.21265789363,2.1827872842550278e-11,1.0,-1.4722805227697306
2016-05-23,164294.7057652509,2.1827872842550278e-11,1.0,-1.3711312831284839
2016-05-24,166807.43363494848,2.1827872842550278e-11,1.0,0.0
2016-05-25,168396.96722862805,2.1827872842550278e-11,1.0,0.0
2016-05-26,168041.5966640265,2.1827872842550278e-11,1.0,-0.2110314517238791
2016-05-27,168181.81019372534,2.1827872842550278e-11,1.0,-0.12776776116793365
2016-05-31,169398.4450307574,2.1827872842550278e-11,1.0,0.0
2016-06-01,167363.94394101988,2.1827872842550278e-11,1.0,-1.201015209654443
2016-06-02,168489.3519826819,2.1827872842550278e-11,1.0,-0.536659618044571
2016-06-03,167950.30888249737,2.1827872842550278e-11,1.0,-0.8548698000132748
2016-06-06,169356.77052055192,2.1827872842550278e-11,1.0,-0.024601471517591508
2016-06-07,168738.88375362044,2.1827872842550278e-11,1.0,-0.3893549772651147
2016-06-08,169972.976005794,2.1827872842550278e-11,1.0,0.0
2016-06-09,171044.9904464859,2.1827872842550278e-11,1.0,0.0
2016-06-10,166268.64704445764,7.275957614183426e-12,1.0,-2.2065681268088135
2016-06-13,165865.81820240535,7.275957614183426e-12,1.0,-3.027959036134958
2016-06-14,173119.1685537329,7.275957614183426e-12,1.0,0.0
2016-06-15,175590.32525720724,7.275957614183426e-12,1.0,0.0
2016-06-16,182639.13660145807,7.275957614183426e-12,1.0,0.0
2016-06-17,181177.60790847646,7.275957614183426e-12,1.0,-0.8002275526361301
2016-06-20,183111.01959902488,7.275957614183426e-12,1.0,0.0
2016-06-21,180807.23555813867,7.275957614183426e-12,1.0,-1.2581351171169377
2016-06-22,177573.0966939765,7.275957614183426e-12,1.0,-3.0243526125163225
2016-06-23,182568.67753142564,7.275957614183426e-12,1.0,-0.29618210241352755
2016-06-24,176848.01626260558,7.275957614183426e-12,1.0,-3.4203312013301934
2016-06-27,172472.66839593693,7.275957614183426e-12,1.0,-5.8097820799555
2016-06-28,177280.6027925198,7.275957614183426e-12,1.0,-3.1840884395010547
2016-06-29,180742.5894602818,7.275957614183426e-12,1.0,-1.2934394357747805
2016-06-30,186206.2865746086,7.275957614183426e-12,1.0,0.0
2016-07-01,187372.74074557656,7.275957614183426e-12,1.0,0.0
2016-07-05,183860.99630130874,7.275957614183426e-12,1.0,-1.8742024214910933
2016-07-06,187182.67260218086,7.275957614183426e-12,1.0,-0.1014385244296503
2016-07-07,187282.3835458583,7.275957614183426e-12,1.0,-0.04822323639966642
2016-07-08,191867.09068217746,7.275957614183426e-12,1.0,0.0
2016-07-11,196176.58486780743,7.275957614183426e-12,1.0,0.0
2016-07-12,203317.75809441088,7.275957614183426e-12,1.0,0.0
2016-07-13,202046.7700969337,7.275957614183426e-12,1.0,-0.6251239485372403
2016-07-14,201437.44629863242,7.275957614183426e-12,1.0,-0.924814346470086
2016-07-15,201820.77018654585,7.275957614183426e-12,1.0,-0.7362799599481606
2016-07-18,202532.3160262178,7.275957614183426e-12,1.0,-0.38631257572118105
2016-07-19,200287.83614087885,7.275957614183426e-12,1.0,-1.490239702586668
2016-07-20,202761.2708886166,7.275957614183426e-12,1.0,-0.2737031978957191
2016-07-21,200175.81733637396,7.275957614183426e-12,1.0,-1.545335138201726
2016-07-22,202983.5343350977,7.275957614183426e-12,1.0,-0.16438493245532196
2016-07-25,204555.22318429901,7.275957614183426e-12,1.0,0.0
2016-07-26,219389.1226547811,7.275957614183426e-12,1.0,0.0
2016-07-27,221391.32417166897,7.275957614183426e-12,1.0,0.0
2016-07-28,223378.19580686235,7.275957614183426e-12,1.0,0.0
2016-07-29,225508.38132969075,7.275957614183426e-12,1.0,0.0
2016-08-01,225723.81986036146,7.275957614183426e-12,1.0,0.0
2016-08-02,223169.0616999718,7.275957614183426e-12,1.0,-1.1318070737816273
2016-08-03,225241.56020531844,7.275957614183426e-12,1.0,-0.21365031627648126
2016-08-04,229650.85358726326,7.275957614183426e-12,1.0,0.0
2016-08-05,231467.45339262203,7.275957614183426e-12,1.0,0.0
2016-08-08,231954.00442891236,7.275957614183426e-12,1.0,0.0
2016-08-09,231936.3336453003,7.275957614183426e-12,1.0,-0.0076182274393447
2016-08-10,229819.24262655637,4.3655745685100555e-11,1.0,-0.32317455135130263
2016-08-11,235007.42282430004,4.3655745685100555e-11,1.0,0.0
2016-08-12,238721.54966471414,4.3655745685100555e-11,1.0,0.0
2016-08-15,238872.76027537417,4.3655745685100555e-11,1.0,0.0
2016-08-16,234987.72942465407,4.3655745685100555e-11,1.0,-1.626401790744749
2016-08-17,233170.3696325116,4.3655745685100555e-11,1.0,-2.3872084185274236
2016-08-18,235762.3299997378,4.3655745685100555e-11,1.0,-1.3021284938687234
2016-08-19,235404.90635659767,4.3655745685100555e-11,1.0,-1.4517577955639362
2016-08-22,235452.61799445667,4.3655745685100555e-11,1.0,-1.4317841335172476
2016-08-23,236758.06535345118,4.3655745685100555e-11,1.0,-0.8852808999591044
2016-08-24,231579.43326183318,4.3655745685100555e-11,1.0,-3.053226749309208
2016-08-25,230819.792576682,4.3655745685100555e-11,1.0,-3.371237343851451
2016-08-26,231438.50863008923,4.3655745685100555e-11,1.0,-3.1122224387220547
2016-08-29,231765.92676220025,4.3655745685100555e-11,1.0,-2.975154431581528
2016-08-30,229051.5536831673,4.3655745685100555e-11,1.0,-4.111480346643509
2016-08-31,228219.92744185386,4.3655745685100555e-11,1.0,-4.459626464415471
2016-09-01,227582.2147965202,4.3655745685100555e-11,1.0,-4.726593968202218
2016-09-02,227443.78392277402,4.3655745685100555e-11,1.0,-4.784545688434607
2016-09-06,232051.4752042626,4.3655745685100555e-11,1.0,-2.855614454845312
2016-09-07,232635.79470067652,4.3655745685100555e-11,1.0,-2.6109990806434493
2016-09-08,232011.54482597453,4.3655745685100555e-11,1.0,-2.872330625513758
2016-09-09,223861.5389968431,4.3655745685100555e-11,1.0,-6.284191324798202
2016-09-12,227603.6330921286,4.3655745685100555e-11,1.0,-4.717627564672684
2016-09-13,224498.41567297658,4.3655745685100555e-11,1.0,-6.017573785234759
2016-09-14,225556.98646153384,4.3655745685100555e-11,1.0,-5.574421210057524
2016-09-15,229509.14363568623,4.3655745685100555e-11,1.0,-3.9199181308465225
2016-09-16,231239.86597055418,4.3655745685100555e-11,1.0,-3.195380794369661
2016-09-19,233145.3737110797,4.3655745685100555e-11,1.0,-2.397672533984992
2016-09-20,233616.4986687187,4.3655745685100555e-11,1.0,-2.200444119537116
2016-09-21,239534.42605378616,4.3655745685100555e-11,1.0,0.0
2016-09-22,240714.22392930626,4.3655745685100555e-11,1.0,0.0
2016-09-23,238682.68353668286,4.3655745685100555e-11,1.0,-0.8439635844785095
2016-09-26,235935.73757210505,4.3655745685100555e-11,1.0,-1.985128373055583
2016-09-27,237349.25534608442,4.3655745685100555e-11,1.0,-1.397910155990646
2016-09-28,237284.7961750368,4.3655745685100555e-11,1.0,-1.4246884535068491
2016-09-29,233062.59849680672,4.3655745685100555e-11,1.0,-3.1787176127766728
2016-09-30,236179.14113806296,4.3655745685100555e-11,1.0,-1.8840111386916543
2016-10-03,240223.51456440522,4.3655745685100555e-11,1.0,-0.2038555748351406
2016-10-04,240845.38448901539,4.3655745685100555e-11,1.0,0.0
2016-10-05,240184.62870647814,4.3655745685100555e-11,1.0,-0.2743485344089647
2016-10-06,237837.62055333477,4.3655745685100555e-11,1.0,-1.2488360289992593
2016-10-07,237426.13727143605,4.3655745685100555e-11,1.0,-1.4196855899205676
2016-10-10,239584.06647237975,2.9103830456733704e-11,1.0,0.0
2016-10-11,236025.8083914,2.9103830456733704e-11,1.0,-2.0753837148957066
2016-10-12,236076.5433504464,2.9103830456733704e-11,1.0,-2.0543343159731147
2016-10-13,232958.19531926094,2.9103830456733704e-11,1.0,-3.3481039951383025
2016-10-14,232179.40921681598,2.9103830456733704e-11,1.0,-3.671214127754091
2016-10-17,233350.6822637386,2.9103830456733704e-11,1.0,-3.1852653051796507
2016-10-18,237361.2271308293,2.9103830456733704e-11,1.0,-1.521332577311227
2016-10-19,239348.90481502836,2.9103830456733704e-11,1.0,-0.6966660891410703
2016-10-20,240756.96893916305,2.9103830456733704e-11,1.0,-0.11247514832641765
2016-10-21,239843.3355751796,2.9103830456733704e-11,1.0,-0.49153198623367467
2016-10-24,245066.54391143122,2.9103830456733704e-11,1.0,0.0
2016-10-25,245766.82310724328,2.9103830456733704e-11,1.0,0.0
2016-10-26,240460.42597935113,2.9103830456733704e-11,1.0,-2.159118574591593
2016-10-27,237135.6401299275,2.9103830456733704e-11,1.0,-3.511939841265505
2016-10-28,237290.51755133475,2.9103830456733704e-11,1.0,-3.448921806752491
2016-10-31,237566.87265183992,2.9103830456733704e-11,1.0,-3.3364757503600138
2016-11-01,233885.84736012144,2.9103830456733704e-11,1.0,-4.834247192892038
2016-11-02,229633.73879876596,2.9103830456733704e-11,1.0,-6.564386561418608
2016-11-03,228488.6584844308,2.9103830456733704e-11,1.0,-7.030307998599526
2016-11-04,230054.74291399535,2.9103830456733704e-11,1.0,-6.393084304300823
2016-11-07,237752.84685351644,2.9103830456733704e-11,1.0,-3.2608047548508394
2016-11-08,242897.5535160724,2.9103830456733704e-11,1.0,-1.1674763724796358
2016-11-09,243267.70981389564,2.9103830456733704e-11,1.0,-1.0168635708234426
2016-11-10,239994.94914129475,2.9103830456733704e-11,1.0,-1.759960248411099
2016-11-11,260635.13754888604,2.9103830456733704e-11,1.0,0.0
2016-11-14,253809.0010743817,2.9103830456733704e-11,1.0,-2.6190392203829367
2016-11-15,259071.05740361763,2.9103830456733704e-11,1.0,-0.6001033321821556
2016-11-16,262041.09249303315,2.9103830456733704e-11,1.0,0.0
2016-11-17,269338.94204210036,2.9103830456733704e-11,1.0,0.0
2016-11-18,270522.66036895744,2.9103830456733704e-11,1.0,0.0
2016-11-21,273998.6069808037,2.9103830456733704e-11,1.0,0.0
2016-11-22,274990.73557793454,2.9103830456733704e-11,1.0,0.0
2016-11-23,278457.27289792016,2.9103830456733704e-11,1.0,0.0
2016-11-25,280466.3819943924,2.9103830456733704e-11,1.0,0.0
2016-11-28,278283.65421615995,2.9103830456733704e-11,1.0,-0.77824934407863
2016-11-29,275771.3655004311,2.9103830456733704e-11,1.0,-1.6740033014206832
2016-11-30,273007.2486261136,2.9103830456733704e-11,1.0,-2.659546329665968
2016-12-01,261051.71958611885,2.9103830456733704e-11,1.0,-6.922277910891188
2016-12-02,262869.238297052,2.9103830456733704e-11,1.0,-6.274243484087953
2016-12-05,269481.1891138676,2.9103830456733704e-11,1.0,-3.916759221696818
2016-12-06,276772.0124972134,2.9103830456733704e-11,1.0,-1.3172236440276326
2016-12-07,280796.4709286553,2.9103830456733704e-11,1.0,0.0
2016-12-08,283908.22276839043,2.9103830456733704e-11,1.0,0.0
2016-12-09,282268.8994223965,2.9103830456733704e-11,1.0,-0.5774131266818857
2016-12-12,280704.9930654233,2.9103830456733704e-11,1.0,-1.1282623911813658
2016-12-13,284031.1761061306,2.9103830456733704e-11,1.0,0.0
2016-12-14,287740.9858471389,2.9103830456733704e-11,1.0,0.0
2016-12-15,291529.41008057835,2.9103830456733704e-11,1.0,0.0
2016-12-16,293491.9266229239,2.9103830456733704e-11,1.0,0.0
2016-12-19,296175.042845746,2.9103830456733704e-11,1.0,0.0
2016-12-20,304464.485318126,2.9103830456733704e-11,1.0,0.0
2016-12-21,304078.60652082344,2.9103830456733704e-11,1.0,-0.1267401670507984
2016-12-22,304921.3932755527,2.9103830456733704e-11,1.0,0.0
2016-12-23,309743.9070865832,2.9103830456733704e-11,1.0,0.0
2016-12-27,321177.6101789543,2.9103830456733704e-11,1.0,0.0
2016-12-28,311052.94254140474,2.9103830456733704e-11,1.0,-3.152357859537062
2016-12-29,310594.48446459725,2.9103830456733704e-11,1.0,-3.295100710308027
2016-12-30,303424.21287251427,2.9103830456733704e-11,1.0,-5.52759493308023
2017-01-03,301359.0640809501,2.9103830456733704e-11,1.0,-6.1705876966210935
2017-01-04,309864.696020807,2.9103830456733704e-11,1.0,-3.52232341222165
2017-01-05,308720.2500504154,2.9103830456733704e-11,1.0,-3.878651479347487
2017-01-06,312005.76698533254,2.9103830456733704e-11,1.0,-2.855691960753864
2017-01-09,323267.31329758756,2.9103830456733704e-11,1.0,0.0
2017-01-10,319018.3260124923,1.4551915228366852e-11,1.0,-0.7195992774029835
2017-01-11,320923.3737412725,1.4551915228366852e-11,1.0,-0.7250778101890352
2017-01-12,320244.7937888694,1.4551915228366852e-11,1.0,-0.9349907597789657
2017-01-13,322827.22442725644,1.4551915228366852e-11,1.0,-0.1361377572764346
2017-01-17,318411.48628226743,1.4551915228366852e-11,1.0,-1.5021088788058323
2017-01-18,321736.0553828267,1.4551915228366852e-11,1.0,-0.47368164109782135
2017-01-19,323241.82817978057,1.4551915228366852e-11,1.0,-0.007883604917251314
2017-01-20,322132.65732688014,1.4551915228366852e-11,1.0,-0.35099619541889726
2017-01-23,323232.612263546,1.4551915228366852e-11,1.0,-0.010734470394673902
2017-01-24,327297.0018142852,1.4551915228366852e-11,1.0,0.0
2017-01-25,326954.0549465594,1.4551915228366852e-11,1.0,-0.10478154881490438
2017-01-26,329410.3170707766,1.4551915228366852e-11,1.0,0.0
2017-01-27,334904.0873518059,1.4551915228366852e-11,1.0,0.0
2017-01-30,330925.47332739836,1.4551915228366852e-11,1.0,-1.187986105475063
2017-01-31,332795.8397561491,1.4551915228366852e-11,1.0,-0.6295078726352282
2017-02-01,334580.2450720018,1.4551915228366852e-11,1.0,-0.09669702223247868
2017-02-02,336772.2050514693,1.4551915228366852e-11,1.0,0.0
2017-02-03,336250.3713512468,1.4551915228366852e-11,1.0,-0.1549515347155187
2017-02-06,339681.40864827915,1.4551915228366852e-11,1.0,0.0
2017-02-07,339589.3160346173,1.4551915228366852e-11,1.0,-0.027111467191656944
2017-02-08,340640.2887862058,1.4551915228366852e-11,1.0,0.0
2017-02-09,342594.4819103753,1.4551915228366852e-11,1.0,0.0
2017-02-10,338452.66668553464,2.9103830456733704e-11,1.0,-0.6135312806411035
2017-02-13,338525.49008537113,2.9103830456733704e-11,1.0,-1.1876991720107852
2017-02-14,338448.74294901843,2.9103830456733704e-11,1.0,-1.2101009152977005
2017-02-15,338139.6117736731,2.9103830456733704e-11,1.0,-1.300333301301572
2017-02-16,332059.88643156656,2.9103830456733704e-11,1.0,-3.074946047019126
2017-02-17,333679.38429461303,2.9103830456733704e-11,1.0,-2.602230358775745
2017-02-21,340825.4818446111,2.9103830456733704e-11,1.0,-0.5163539283819989
2017-02-22,341289.0030840607,2.9103830456733704e-11,1.0,-0.3810565830001136
2017-02-23,329737.252031056,2.9103830456733704e-11,1.0,-3.7529004575978098
2017-02-24,330325.75386663195,2.9103830456733704e-11,1.0,-3.5811224907448804
2017-02-27,333166.45676568686,2.9103830456733704e-11,1.0,-2.7519489199346947
2017-02-28,328836.6878460443,2.9103830456733704e-11,1.0,-4.015766391686981
2017-03-01,333619.38625648664,2.9103830456733704e-11,1.0,-2.6197432030550303
2017-03-02,326058.4157275621,2.9103830456733704e-11,1.0,-4.826717024338743
2017-03-03,322435.7355992084,2.9103830456733704e-11,1.0,-5.884142149271556
2017-03-06,321819.1092139523,2.9103830456733704e-11,1.0,-6.064129398866946
2017-03-07,321626.3145326025,2.9103830456733704e-11,1.0,-6.1204042928100035
2017-03-08,323185.68300958595,2.9103830456733704e-11,1.0,-5.6652397880321965
2017-03-09,322203.95941574156,2.9103830456733704e-11,1.0,-5.951795364867558
2017-03-10,323121.7591386879,-1.4551915228366852e-11,1.0,-5.115445176801223
2017-03-13,326966.9229710301,-1.4551915228366852e-11,1.0,-4.56153258867533
2017-03-14,329492.21861191886,-1.4551915228366852e-11,1.0,-3.824423331454611
2017-03-15,328769.5828701189,-1.4551915228366852e-11,1.0,-4.035353682045897
2017-03-16,329439.2377134777,-1.4551915228366852e-11,1.0,-3.8398879408510416
2017-03-17,331443.789446681,-1.4551915228366852e-11,1.0,-3.2547787697909856
2017-03-20,338408.08705037576,-1.4551915228366852e-11,1.0,-1.2219679770250123
2017-03-21,326526.858276328,-1.4551915228366852e-11,1.0,-4.689983196591784
2017-03-22,331504.69026288314,-1.4551915228366852e-11,1.0,-3.2370024133644115
2017-03-23,329751.89792939555,-1.4551915228366852e-11,1.0,-3.7486254621986124
2017-03-24,333501.6427051723,-1.4551915228366852e-11,1.0,-2.654111401473692
2017-03-27,340718.2288864019,-1.4551915228366852e-11,1.0,-0.5476600246189062
2017-03-28,342761.89717574127,-1.4551915228366852e-11,1.0,0.0
2017-03-29,345502.152369203,-1.4551915228366852e-11,1.0,0.0
2017-03-30,349098.4510713311,-1.4551915228366852e-11,1.0,0.0
2017-03-31,351638.96218713623,-1.4551915228366852e-11,1.0,0.0
2017-04-03,356687.34405898256,-1.4551915228366852e-11,1.0,0.0
2017-04-04,351624.5090034248,-1.4551915228366852e-11,1.0,-1.4194041756414484
2017-04-05,348273.6804739999,-1.4551915228366852e-11,1.0,-2.358834347537541
2017-04-06,345706.05601349287,-1.4551915228366852e-11,1.0,-3.078687323336543
2017-04-07,347863.1906569834,-1.4551915228366852e-11,1.0,-2.473918278563865
2017-04-10,346554.78311138967,-1.4551915228366852e-11,1.0,-2.255150858302404
2017-04-11,344432.7963227615,-1.4551915228366852e-11,1.0,-3.435655326810422
2017-04-12,338777.3194128455,-1.4551915228366852e-11,1.0,-5.021211137554531
2017-04-13,337178.11275636754,-1.4551915228366852e-11,1.0,-5.469560843007913
2017-04-17,342545.5644841858,-1.4551915228366852e-11,1.0,-3.9647550748137217
2017-04-18,342368.50010172126,-1.4551915228366852e-11,1.0,-4.014396416289305
2017-04-19,344606.9161944171,-1.4551915228366852e-11,1.0,-3.3868395012545807
2017-04-20,347610.0875848363,-1.4551915228366852e-11,1.0,-2.5448776429379665
2017-04-21,347198.10282514687,-1.4551915228366852e-11,1.0,-2.6603806924718176
2017-04-24,351605.2597862618,-1.4551915228366852e-11,1.0,-1.424800839549931
2017-04-25,356827.1756655293,-1.4551915228366852e-11,1.0,0.0
2017-04-26,355491.5686045337,-1.4551915228366852e-11,1.0,-0.37430082462317216
2017-04-27,363083.768298996,-1.4551915228366852e-11,1.0,0.0
2017-04-28,363101.58555456175,-1.4551915228366852e-11,1.0,0.0
2017-05-01,368998.2464304792,-1.4551915228366852e-11,1.0,0.0
2017-05-02,352137.1011541841,-1.4551915228366852e-11,1.0,-4.569437779014445
2017-05-03,348582.0454512451,-1.4551915228366852e-11,1.0,-5.532872087260888
2017-05-04,342738.8086111253,-1.4551915228366852e-11,1.0,-7.116412631598055
2017-05-05,346539.00199701113,-1.4551915228366852e-11,1.0,-6.086545031237568
2017-05-08,345054.0356387411,-1.4551915228366852e-11,1.0,-6.488976851072735
2017-05-09,351325.58686487266,-1.4551915228366852e-11,1.0,-4.789361395769171
2017-05-10,367073.36419881624,4.3655745685100555e-11,1.0,0.0
2017-05-11,367755.193513661,4.3655745685100555e-11,1.0,-0.4144653897228882
2017-05-12,368526.57700963627,4.3655745685100555e-11,1.0,-0.2055801334677925
2017-05-15,368976.983698414,4.3655745685100555e-11,1.0,-0.08361315194015098
2017-05-16,372226.43420060363,4.3655745685100555e-11,1.0,0.0
2017-05-17,356859.7713519834,4.3655745685100555e-11,1.0,-4.128310468229311
2017-05-18,364259.86107253056,4.3655745685100555e-11,1.0,-2.1402491591394206
2017-05-19,366166.34575822554,4.3655745685100555e-11,1.0,-1.6280650393335947
2017-05-22,370726.43083179125,4.3655745685100555e-11,1.0,-0.40298141963877426
2017-05-23,367934.3601178044,4.3655745685100555e-11,1.0,-1.1530814817107085
2017-05-24,372505.36284560483,4.3655745685100555e-11,1.0,0.0
2017-05-25,375844.58934242156,4.3655745685100555e-11,1.0,0.0
2017-05-26,381048.60936911404,4.3655745685100555e-11,1.0,0.0
2017-05-30,384862.7837833651,4.3655745685100555e-11,1.0,0.0
2017-05-31,390044.04489273764,4.3655745685100555e-11,1.0,0.0
2017-06-01,394737.6096034328,4.3655745685100555e-11,1.0,0.0
2017-06-02,395890.17662589246,4.3655745685100555e-11,1.0,0.0
2017-06-05,399972.9569608482,4.3655745685100555e-11,1.0,0.0
2017-06-06,401605.5972783782,4.3655745685100555e-11,1.0,0.0
2017-06-07,401130.80538489495,4.3655745685100555e-11,1.0,-0.11822342534587428
2017-06-08,412100.76971845166,4.3655745685100555e-11,1.0,0.0
2017-06-09,396775.4016785611,4.3655745685100555e-11,1.0,-3.7188399454727716
2017-06-12,394377.3692187969,4.3655745685100555e-11,1.0,-4.300744332936683
2017-06-13,401490.2176130308,4.3655745685100555e-11,1.0,-2.5747469757627504
2017-06-14,403040.4642720815,4.3655745685100555e-11,1.0,-2.198565523806272
2017-06-15,401204.629820419,4.3655745685100555e-11,1.0,-2.6440474511797007
2017-06-16,400134.9797540166,4.3655745685100555e-11,1.0,-2.903607768704266
2017-06-19,408296.8641157758,4.3655745685100555e-11,1.0,-0.923052292592101
2017-06-20,406464.4067557898,4.3655745685100555e-11,1.0,-1.367714737954169
2017-06-21,412493.81776429265,4.3655745685100555e-11,1.0,0.0
2017-06-22,414160.9250921229,4.3655745685100555e-11,1.0,0.0
2017-06-23,413616.8351124367,4.3655745685100555e-11,1.0,-0.13137163520803588
2017-06-26,408906.7684957914,4.3655745685100555e-11,1.0,-1.268626825469547
2017-06-27,397296.9790624187,4.3655745685100555e-11,1.0,-4.071834161069914
2017-06-28,408186.5081332884,4.3655745685100555e-11,1.0,-1.4425351588891697
2017-06-29,397965.1813987346,4.3655745685100555e-11,1.0,-3.9104953442398838
2017-06-30,396455.1338127716,4.3655745685100555e-11,1.0,-4.275099413449734
2017-07-03,387513.0982583761,4.3655745685100555e-11,1.0,-6.434172134374931
2017-07-05,387647.38864286407,4.3655745685100555e-11,1.0,-6.40174744716957
2017-07-06,382342.6970513545,4.3655745685100555e-11,1.0,-7.682576050285526
2017-07-07,389205.3913289817,4.3655745685100555e-11,1.0,-6.025564521228136
2017-07-10,393584.75691887346,7.275957614183426e-11,1.0,-4.39539055310902
2017-07-11,397075.39862619666,7.275957614183426e-11,1.0,-4.125335209285106
2017-07-12,406189.70330298936,7.275957614183426e-11,1.0,-1.9246677574328144
2017-07-13,403520.3857377748,7.275957614183426e-11,1.0,-2.569179927338955
2017-07-14,410766.2733175665,7.275957614183426e-11,1.0,-0.8196455939925653
2017-07-17,409895.5464496155,7.275957614183426e-11,1.0,-1.029884372012802
2017-07-18,410564.7856944509,7.275957614183426e-11,1.0,-0.8682951915060865
2017-07-19,413910.9240066078,7.275957614183426e-11,1.0,-0.06036327194786076
2017-07-20,415817.38244433753,7.275957614183426e-11,1.0,0.0
2017-07-21,416053.3466598013,7.275957614183426e-11,1.0,0.0
2017-07-24,415830.66493842565,7.275957614183426e-11,1.0,-0.05352239638580664
2017-07-25,415548.0361880635,7.275957614183426e-11,1.0,-0.12145328857335164
2017-07-26,418944.9511547244,7.275957614183426e-11,1.0,0.0
2017-07-27,411459.81824831845,7.275957614183426e-11,1.0,-1.786662635693526
2017-07-28,412204.6967014629,7.275957614183426e-11,1.0,-1.6088639890953584
2017-07-31,408141.33593008446,7.275957614183426e-11,1.0,-2.5787672568585176
2017-08-01,409041.46125765797,7.275957614183426e-11,1.0,-2.3639119816982563
2017-08-02,408046.5715148644,7.275957614183426e-11,1.0,-2.601387034220405
2017-08-03,405642.5389876687,7.275957614183426e-11,1.0,-3.175217204644834
2017-08-04,409551.64405980095,7.275957614183426e-11,1.0,-2.242133977037552
2017-08-07,411074.656479756,7.275957614183426e-11,1.0,-1.878598764175524
2017-08-08,408326.6325566588,7.275957614183426e-11,1.0,-2.5345379073786796
2017-08-09,407275.15645038435,7.275957614183426e-11,1.0,-2.785519833136781
2017-08-10,393843.59571500844,1.4551915228366852e-11,1.0,-5.4249651011444495
2017-08-11,390475.0729029235,1.4551915228366852e-11,1.0,-6.7956131642905095
2017-08-14,402407.8723155428,1.4551915228366852e-11,1.0,-3.94731546318938
2017-08-15,400556.15097004577,1.4551915228366852e-11,1.0,-4.389311801942995
2017-08-16,398530.4296838682,1.4551915228366852e-11,1.0,-4.8728410294928555
2017-08-17,389136.6232540664,1.4551915228366852e-11,1.0,-7.115094195191583
2017-08-18,387110.0152547782,1.4551915228366852e-11,1.0,-7.598835076589561
2017-08-21,384814.3601861192,1.4551915228366852e-11,1.0,-8.146796106393488
2017-08-22,392160.9351995859,1.4551915228366852e-11,1.0,-6.393206525419287
2017-08-23,396041.91172477714,1.4551915228366852e-11,1.0,-5.466837436952125
2017-08-24,396493.69007906865,1.4551915228366852e-11,1.0,-5.359000272893628
2017-08-25,392527.97270745406,1.4551915228366852e-11,1.0,-6.305596564526696
2017-08-28,395235.54511816433,1.4551915228366852e-11,1.0,-5.659312988785425
2017-08-29,394349.6374363561,1.4551915228366852e-11,1.0,-5.870774585199567
2017-08-30,397870.9530967092,1.4551915228366852e-11,1.0,-5.030254690963481
2017-08-31,403813.6983936896,1.4551915228366852e-11,1.0,-3.6117520259712017
2017-09-01,404627.1853379933,1.4551915228366852e-11,1.0,-3.417576886239467
2017-09-05,398869.4074029308,1.4551915228366852e-11,1.0,-4.79192879552792
2017-09-06,400192.69840099855,1.4551915228366852e-11,1.0,-4.476066056420929
2017-09-07,403467.22777151543,1.4551915228366852e-11,1.0,-3.6944527772797406
2017-09-08,397602.90628082503,1.4551915228366852e-11,1.0,-5.094236084018911
2017-09-11,408475.65554771584,1.4551915228366852e-11,1.0,-2.4989668876907056
2017-09-12,408101.0555719823,1.4551915228366852e-11,1.0,-2.5883819706750106
2017-09-13,408867.5342503185,1.4551915228366852e-11,1.0,-2.405427461681986
2017-09-14,411353.40026917757,1.4551915228366852e-11,1.0,-1.8120640586841996
2017-09-15,420723.21577851183,1.4551915228366852e-11,1.0,0.0
2017-09-18,424589.6853188386,1.4551915228366852e-11,1.0,0.0
2017-09-19,425775.00182471424,1.4551915228366852e-11,1.0,0.0
2017-09-20,425306.4297138554,1.4551915228366852e-11,1.0,-0.11005157861563866
2017-09-21,422247.0992967981,1.4551915228366852e-11,1.0,-0.8285837620331965
2017-09-22,418808.9326777825,1.4551915228366852e-11,1.0,-1.636091625172393
2017-09-25,407884.32055930066,1.4551915228366852e-11,1.0,-4.2019097384160045
2017-09-26,410776.8215957106,1.4551915228366852e-11,1.0,-3.5225600762672773
2017-09-27,417694.1922900666,1.4551915228366852e-11,1.0,-1.897906053670661
2017-09-28,415721.0404272984,1.4551915228366852e-11,1.0,-2.3613320073579427
2017-09-29,420337.93867153686,1.4551915228366852e-11,1.0,-1.2769803604899632
2017-10-02,421536.1146947371,1.4551915228366852e-11,1.0,-0.9955697520546927
2017-10-03,424858.3764480225,1.4551915228366852e-11,1.0,-0.2152839816249036
2017-10-04,424740.17577822006,1.4551915228366852e-11,1.0,-0.24304528026758337
2017-10-05,426642.5950073226,1.4551915228366852e-11,1.0,0.0
2017-10-06,428512.3405539402,1.4551915228366852e-11,1.0,0.0
2017-10-09,426101.8702745348,1.4551915228366852e-11,1.0,-0.5625206210606186
2017-10-10,429589.05885982094,5.820766091346741e-11,1.0,0.0
2017-10-11,430652.8513290641,5.820766091346741e-11,1.0,-0.3529533007878617
2017-10-12,429663.20988042577,5.820766091346741e-11,1.0,-0.5819424909060733
2017-10-13,431702.50771094597,5.820766091346741e-11,1.0,-0.11007749448422376
2017-10-16,432877.75136731606,5.820766091346741e-11,1.0,0.0
2017-10-17,434441.7683565762,5.820766091346741e-11,1.0,0.0
2017-10-18,434810.26647071727,5.820766091346741e-11,1.0,0.0
2017-10-19,430404.82818747975,5.820766091346741e-11,1.0,-1.013186353440024
2017-10-20,434517.2820767256,5.820766091346741e-11,1.0,-0.06738212424691625
2017-10-23,428084.6510595064,5.820766091346741e-11,1.0,-1.5467931486074529
2017-10-24,427861.4536233985,5.820766091346741e-11,1.0,-1.59812529352656
2017-10-25,419139.4833146488,5.820766091346741e-11,1.0,-3.6040508618312117
2017-10-26,422608.9799976664,5.820766091346741e-11,1.0,-2.806117383585881
2017-10-27,427917.08821658883,5.820766091346741e-11,1.0,-1.5853301510286812
2017-10-30,432299.7885222196,5.820766091346741e-11,1.0,-0.577373199780866
2017-10-31,423850.12828928494,5.820766091346741e-11,1.0,-2.52067143455327
2017-11-01,417047.98099823116,5.820766091346741e-11,1.0,-4.085065795860717
2017-11-02,407633.4300795358,5.820766091346741e-11,1.0,-6.250274771976136
2017-11-03,412989.2623628007,5.820766091346741e-11,1.0,-5.01851170282478
2017-11-06,414526.9676401792,5.820766091346741e-11,1.0,-4.66486198570568
2017-11-07,413538.1117730132,5.820766091346741e-11,1.0,-4.892284368160536
2017-11-08,411708.2213016476,5.820766091346741e-11,1.0,-5.313132405217828
2017-11-09,405387.33373933786,5.820766091346741e-11,1.0,-6.766844069759545
2017-11-10,409475.1166961218,-1.4551915228366852e-11,1.0,-5.259121189140247
2017-11-13,412830.9648548935,-1.4551915228366852e-11,1.0,-5.054917813745774
2017-11-14,411157.5369245719,-1.4551915228366852e-11,1.0,-5.439781755414986
2017-11-15,410038.6686447627,-1.4551915228366852e-11,1.0,-5.697105090691969
2017-11-16,413871.58954764705,-1.4551915228366852e-11,1.0,-4.81558935878538
2017-11-17,415377.3801292621,-1.4551915228366852e-11,1.0,-4.46927955477884
2017-11-20,413514.5676345027,-1.4551915228366852e-11,1.0,-4.897699175566437
2017-11-21,420996.14185497933,-1.4551915228366852e-11,1.0,-3.1770465605296976
2017-11-22,418731.96279035823,-1.4551915228366852e-11,1.0,-3.6977746203795876
2017-11-24,422404.86864666006,-1.4551915228366852e-11,1.0,-2.8530600081616653
2017-11-27,420883.6830102559,-1.4551915228366852e-11,1.0,-3.202910449539546
2017-11-28,421577.39874830557,-1.4551915228366852e-11,1.0,-3.0433659788718166
2017-11-29,404665.48553931003,-1.4551915228366852e-11,1.0,-6.932858595103427
2017-11-30,407052.95811092906,-1.4551915228366852e-11,1.0,-6.38377483243201
2017-12-01,403737.81175657274,-1.4551915228366852e-11,1.0,-7.14620999323555
2017-12-04,393100.08173734247,-1.4551915228366852e-11,1.0,-9.592732267324193
2017-12-05,394789.9992947779,-1.4551915228366852e-11,1.0,-9.204075952662572
2017-12-06,401449.67236265924,-1.4551915228366852e-11,1.0,-7.6724485782822995
2017-12-07,406002.52143561933,-1.4551915228366852e-11,1.0,-6.625359899830705
2017-12-08,409386.50974032265,-1.4551915228366852e-11,1.0,-5.847092097607313
2017-12-11,412197.8797429023,-1.4551915228366852e-11,1.0,-5.200518127448084
2017-12-12,409819.0671418359,-1.4551915228366852e-11,1.0,-5.747610223588039
2017-12-13,409966.2507829927,-1.4551915228366852e-11,1.0,-5.713760139423415
2017-12-14,408800.38638092927,-1.4551915228366852e-11,1.0,-5.981891895264083
2017-12-15,414212.7181972123,-1.4551915228366852e-11,1.0,-4.737134760108547
2017-12-18,417261.18586421746,-1.4551915228366852e-11,1.0,-4.036031795877952
2017-12-19,413128.99118612154,-1.4551915228366852e-11,1.0,-4.986376117698195
2017-12-20,409958.2833247221,-1.4551915228366852e-11,1.0,-5.715592538261482
2017-12-21,408648.2315989649,-1.4551915228366852e-11,1.0,-6.016885269086507
2017-12-22,406497.59826792043,-1.4551915228366852e-11,1.0,-6.511499471391524
2017-12-26,405583.6274297411,-1.4551915228366852e-11,1.0,-6.721699392749844
2017-12-27,404071.5539237055,-1.4551915228366852e-11,1.0,-7.069454177453724
2017-12-28,405935.13353568845,-1.4551915228366852e-11,1.0,-6.6408581309276515
2017-12-29,401616.0390227835,-1.4551915228366852e-11,1.0,-7.634186680403336
2018-01-02,412301.824615716,-1.4551915228366852e-11,1.0,-5.176612327417784
2018-01-03,422871.68230452994,-1.4551915228366852e-11,1.0,-2.74569969635051
2018-01-04,416708.193680229,-1.4551915228366852e-11,1.0,-4.163211907901754
2018-01-05,421020.2248753976,-1.4551915228366852e-11,1.0,-3.17150781816887
2018-01-08,433662.6767360805,-1.4551915228366852e-11,1.0,-0.26392884969151403
2018-01-09,432491.3342671393,-1.4551915228366852e-11,1.0,-0.53332048076977
2018-01-10,433869.4042696609,5.820766091346741e-11,1.0,0.0
2018-01-11,439367.7162496365,5.820766091346741e-11,1.0,0.0
2018-01-12,437272.0731748303,5.820766091346741e-11,1.0,-0.4769679239736202
2018-01-16,436070.4427858385,5.820766091346741e-11,1.0,-0.7504587482992422
2018-01-17,434653.0144375005,5.820766091346741e-11,1.0,-1.0730651428784597
2018-01-18,433712.04094989575,5.820766091346741e-11,1.0,-1.2872305111573898
2018-01-19,438726.02009687666,5.820766091346741e-11,1.0,-0.14604990968322273
2018-01-22,444361.7552467879,5.820766091346741e-11,1.0,0.0
2018-01-23,452886.1570887132,5.820766091346741e-11,1.0,0.0
2018-01-24,448525.85162662005,5.820766091346741e-11,1.0,-0.9627817926965333
2018-01-25,447011.3715067635,5.820766091346741e-11,1.0,-1.2971881542404737
2018-01-26,452527.7985709487,5.820766091346741e-11,1.0,-0.07912772606434264
2018-01-29,457425.1236238899,5.820766091346741e-11,1.0,0.0
2018-01-30,453981.6108224538,5.820766091346741e-11,1.0,-0.7528036007631793
2018-01-31,460485.2052371531,5.820766091346741e-11,1.0,0.0
2018-02-01,451342.5599588805,5.820766091346741e-11,1.0,-1.9854373548362103
2018-02-02,444084.15819792595,5.820766091346741e-11,1.0,-3.5616881612473303
2018-02-05,425355.3364765993,5.820766091346741e-11,1.0,-7.628881093467857
2018-02-06,440611.4795470364,5.820766091346741e-11,1.0,-4.315822846009046
2018-02-07,439894.9478219602,5.820766091346741e-11,1.0,-4.471426482548722
2018-02-08,413749.4965185683,5.820766091346741e-11,0.75,-10.149231329704843
2018-02-09,420988.89704896626,5.820766091346741e-11,1.0,-8.577106873139599
2018-02-12,426490.9210202666,5.820766091346741e-11,1.0,-7.382275006941691
2018-02-13,434068.6465744737,5.820766091346741e-11,1.0,-5.736679129370657
2018-02-14,446812.2200139077,5.820766091346741e-11,1.0,-2.9692561384689258
2018-02-15,453604.1209772579,5.820766091346741e-11,1.0,-1.4943116915887436
2018-02-16,450136.10312796023,5.820766091346741e-11,1.0,-2.2474342262229707
2018-02-20,451850.8233943614,5.820766091346741e-11,1.0,-1.8750617271938015
2018-02-21,448504.4962799379,5.820766091346741e-11,1.0,-2.6017576289003768
2018-02-22,453010.3591166543,5.820766091346741e-11,1.0,-1.6232543489967686
2018-02-23,455834.0250767506,5.820766091346741e-11,1.0,-1.010060715850166
2018-02-26,459687.86426985794,5.820766091346741e-11,1.0,-0.17315235282847607
2018-02-27,457417.3316181848,5.820766091346741e-11,1.0,-0.6662263160850782
2018-02-28,451863.3534057729,5.820766091346741e-11,1.0,-1.8723406818118955
2018-03-01,440978.14994350204,5.820766091346741e-11,1.0,-4.236195880300822
2018-03-02,446034.1336604915,5.820766091346741e-11,1.0,-3.13822711616092
2018-03-05,448257.9659108647,5.820766091346741e-11,1.0,-2.655294716795795
2018-03-06,453608.69756043813,5.820766091346741e-11,1.0,-1.493317830520423
2018-03-07,455110.83856622287,5.820766091346741e-11,1.0,-1.1671095205246385
2018-03-08,455576.5421441179,5.820766091346741e-11,1.0,-1.065976287013875
2018-03-09,462464.29230523936,5.820766091346741e-11,1.0,0.0
2018-03-12,473289.2239025528,5.820766091346741e-11,1.0,0.0
2018-03-13,469383.0671426529,5.820766091346741e-11,1.0,-0.8253212967097212
2018-03-14,466334.2959427216,5.820766091346741e-11,1.0,-1.4694879174479523
2018-03-15,463953.5350595219,5.820766091346741e-11,1.0,-1.9725124451498284
2018-03-16,462740.99989120424,5.820766091346741e-11,1.0,-2.2287057212864774
2018-03-19,447917.97243192815,5.820766091346741e-11,1.0,-5.360623100907199
2018-03-20,456438.51435786823,5.820766091346741e-11,1.0,-3.5603408431192203
2018-03-21,459732.6824018806,5.820766091346741e-11,1.0,-2.8643249869266785
2018-03-22,443976.6403138143,5.820766091346741e-11,1.0,-6.1933765039141875
2018-03-23,429639.38389688404,5.820766091346741e-11,1.0,-9.222656633875943
2018-03-26,442495.531120482,5.820766091346741e-11,1.0,-6.506316059376624
2018-03-27,415764.8966095075,5.820766091346741e-11,0.75,-12.154159526118681
2018-03-28,398183.90648064465,5.820766091346741e-11,0.5,-15.868799378658965
2018-03-29,410007.5946446876,5.820766091346741e-11,0.75,-13.370604286332636
2018-04-02,391718.853465628,5.820766091346741e-11,0.5,-17.23478294399528
2018-04-03,402577.3071823617,5.820766091346741e-11,0.75,-14.940529627344782
2018-04-04,410538.74016627664,5.820766091346741e-11,0.75,-13.258379985679976
2018-04-05,419691.15427948977,5.820766091346741e-11,0.75,-11.324591162485145
2018-04-06,404938.05616805964,5.820766091346741e-11,0.75,-14.441733359339324
2018-04-09,405980.8818498682,5.820766091346741e-11,0.75,-14.221397541589267
2018-04-10,525218.9895442652,210466.43540142867,0.75,-10.794616085022701
2018-04-11,525428.7915559439,210466.43540142867,1.0,0.0
2018-04-12,529903.5198656752,210466.43540142867,1.0,0.0
2018-04-13,531044.2214530718,210466.43540142867,1.0,0.0
2018-04-16,528307.710592038,210466.43540142867,1.0,-0.5153075300482545
2018-04-17,535989.1326529154,210466.43540142867,1.0,0.0
2018-04-18,535620.1777163662,210466.43540142867,1.0,-0.06883627187047912
2018-04-19,535701.4138501608,210466.43540142867,1.0,-0.05367996946702382
2018-04-20,535229.1470760088,210466.43540142867,1.0,-0.14179122870364727
2018-04-23,533102.1978329521,210466.43540142867,1.0,-0.5386181629605455
2018-04-24,528072.1130052882,210466.43540142867,1.0,-1.4770858521779007
2018-04-25,521758.1282346101,210466.43540142867,1.0,-2.655091969471099
2018-04-26,534829.6518059081,210466.43540142867,1.0,-0.21632543952307973
2018-04-27,543223.5968882602,210466.43540142867,1.0,0.0
2018-04-30,538584.7215225813,210466.43540142867,1.0,-0.8539532141555929
2018-05-01,541524.3813733789,210466.43540142867,1.0,-0.3128022281459964
2018-05-02,542823.6472033223,210466.43540142867,1.0,-0.07362524147127926
2018-05-03,538239.5755488435,210466.43540142867,1.0,-0.9174898454276716
2018-05-04,544894.653226044,210466.43540142867,1.0,0.0
2018-05-07,551707.5269974469,210466.43540142867,1.0,0.0
2018-05-08,553616.7556482017,210466.43540142867,1.0,0.0
2018-05-09,560145.4322564781,210466.43540142867,1.0,0.0
2018-05-10,560066.260056271,2.9103830456733704e-11,1.0,0.0
2018-05-11,560295.039736356,2.9103830456733704e-11,1.0,-0.44659968666556976
2018-05-14,549217.591849531,2.9103830456733704e-11,1.0,-2.4148441395275855
2018-05-15,545727.1809948173,2.9103830456733704e-11,1.0,-3.0350214468991314
2018-05-16,548574.771359243,2.9103830456733704e-11,1.0,-2.5290606880613296
2018-05-17,549130.020830093,2.9103830456733704e-11,1.0,-2.430403786027526
2018-05-18,547482.4494329975,2.9103830456733704e-11,1.0,-2.723144794259586
2018-05-21,553334.6773323965,2.9103830456733704e-11,1.0,-1.6833190855260642
2018-05-22,544639.4493800995,2.9103830456733704e-11,1.0,-3.2282899450896916
2018-05-23,549781.5827840982,2.9103830456733704e-11,1.0,-2.314634051448852
2018-05-24,550729.0467315707,2.9103830456733704e-11,1.0,-2.1462883568491526
2018-05-25,552297.6516270604,2.9103830456733704e-11,1.0,-1.8675781416603543
2018-05-29,554142.2715885079,2.9103830456733704e-11,1.0,-1.539825482035944
2018-05-30,561988.019857198,2.9103830456733704e-11,1.0,-0.1457904420004607
2018-05-31,560841.9399421944,2.9103830456733704e-11,1.0,-0.34942628468633363
2018-06-01,574861.9536290702,2.9103830456733704e-11,1.0,0.0
2018-06-04,577863.515967935,2.9103830456733704e-11,1.0,0.0
2018-06-05,578709.9603069203,2.9103830456733704e-11,1.0,0.0
2018-06-06,591175.9325692973,2.9103830456733704e-11,1.0,0.0
2018-06-07,579702.1782102153,2.9103830456733704e-11,1.0,-1.9408358370098269
2018-06-08,584534.7507250842,2.9103830456733704e-11,1.0,-1.1233850159207168
2018-06-11,594157.5605153174,2.9103830456733704e-11,1.0,0.0
2018-06-12,605754.0950334457,2.9103830456733704e-11,1.0,0.0
2018-06-13,606059.4169672456,2.9103830456733704e-11,1.0,0.0
2018-06-14,615950.3175069423,2.9103830456733704e-11,1.0,0.0
2018-06-15,615264.8386800075,2.9103830456733704e-11,1.0,-0.11128800610239072
2018-06-18,627561.2032168809,2.9103830456733704e-11,1.0,0.0
2018-06-19,617318.2852393015,2.9103830456733704e-11,1.0,-1.6321783317824892
2018-06-20,623530.6261745485,2.9103830456733704e-11,1.0,-0.6422603917628484
2018-06-21,612814.6695061153,2.9103830456733704e-11,1.0,-2.349816023548758
2018-06-22,601123.197243709,2.9103830456733704e-11,1.0,-4.212817146383587
2018-06-25,587003.3544739211,2.9103830456733704e-11,1.0,-6.462771843616226
2018-06-26,598823.9150999303,2.9103830456733704e-11,1.0,-4.579200876287957
2018-06-27,588026.4619287373,2.9103830456733704e-11,1.0,-6.299742731942054
2018-06-28,596330.2659780008,2.9103830456733704e-11,1.0,-4.976556402593117
2018-06-29,591207.4089980018,2.9103830456733704e-11,1.0,-5.792868334200617
2018-07-02,593975.5803361862,2.9103830456733704e-11,1.0,-5.351768514136099
2018-07-03,575770.2149941222,2.9103830456733704e-11,1.0,-8.25273900892502
2018-07-05,581996.8547814855,2.9103830456733704e-11,1.0,-7.260542589604391
2018-07-06,590243.4444370705,2.9103830456733704e-11,1.0,-5.946473202696316
2018-07-09,597830.997098945,2.9103830456733704e-11,1.0,-4.737419388824358
2018-07-10,592222.9968040755,0.0,1.0,-5.0622654885961325
2018-07-11,584042.9374591939,0.0,1.0,-6.934505437017499
2018-07-12,589373.1563040654,0.0,1.0,-6.085151012692225
2018-07-13,589544.4355216264,0.0,1.0,-6.057858181860263
2018-07-16,593169.7698718767,0.0,1.0,-5.480172000549685
2018-07-17,606440.9502915636,0.0,1.0,-3.365449109513905
2018-07-18,608420.8221045453,0.0,1.0,-3.0499624601109723
2018-07-19,600406.1097114345,0.0,1.0,-4.3270828990462356
2018-07-20,597245.2326280758,0.0,1.0,-4.830759204585208
2018-07-23,592186.3307547774,0.0,1.0,-5.63688008130072
2018-07-24,594155.7729101997,0.0,1.0,-5.3230553666231835
2018-07-25,604436.202173603,0.0,1.0,-3.6848997236825785
2018-07-26,616158.4012335814,0.0,1.0,-1.817002377592615
2018-07-27,605602.6305921276,0.0,1.0,-3.4990328452736765
2018-07-30,589254.1818779021,0.0,1.0,-6.104109231516681
2018-07-31,598168.1717734883,0.0,1.0,-4.683691613299841
2018-08-01,600174.5048274002,0.0,1.0,-4.363988444329635
2018-08-02,625003.4616763203,0.0,1.0,-0.4075684614424256
2018-08-03,623928.8817538802,0.0,1.0,-0.5787995568211411
2018-08-06,623830.8282514004,0.0,1.0,-0.5944240890543606
2018-08-07,645387.8437848671,0.0,1.0,0.0
2018-08-08,641223.7957468445,0.0,1.0,-0.6452008785295051
2018-08-09,633395.0412111537,0.0,1.0,-1.8582318661878958
2018-08-10,633480.6202530504,1.1641532182693481e-10,1.0,-1.2533807753054735
2018-08-13,628376.114106497,1.1641532182693481e-10,1.0,-2.6358924857656185
2018-08-14,632926.8136530765,1.1641532182693481e-10,1.0,-1.930781661258606
2018-08-15,622067.0947650755,1.1641532182693481e-10,1.0,-3.6134472076553887
2018-08-16,617814.3488599462,1.1641532182693481e-10,1.0,-4.272391429503306
2018-08-17,600123.5115751134,1.1641532182693481e-10,1.0,-7.013508643779484
2018-08-20,604073.465526324,1.1641532182693481e-10,1.0,-6.401480699768926
2018-08-21,610260.9879754093,1.1641532182693481e-10,1.0,-5.442751385501302
2018-08-22,619295.9069071386,1.1641532182693481e-10,1.0,-4.042830544299173
2018-08-23,627537.6888722287,1.1641532182693481e-10,1.0,-2.7658027780561225
2018-08-24,636411.4270869305,1.1641532182693481e-10,1.0,-1.3908561780920043
2018-08-27,637586.9364288237,1.1641532182693481e-10,1.0,-1.2087161899881853
2018-08-28,634155.4882715076,1.1641532182693481e-10,1.0,-1.740403948033412
2018-08-29,637718.1510671275,1.1641532182693481e-10,1.0,-1.1883850604871666
2018-08-30,636325.2798812235,1.1641532182693481e-10,1.0,-1.4042043076758877
2018-08-31,636872.402133676,1.1641532182693481e-10,1.0,-1.319430127665935
2018-09-04,639695.7490876468,1.1641532182693481e-10,1.0,-0.8819649691322118
2018-09-05,617829.8558653647,1.1641532182693481e-10,1.0,-4.26998868740524
2018-09-06,609837.4153470154,1.1641532182693481e-10,1.0,-5.508382096162019
2018-09-07,624469.7131218857,1.1641532182693481e-10,1.0,-3.241172089686004
2018-09-10,635216.9755883941,0.0,1.0,-0.9827186371812178
2018-09-11,633187.7167604237,0.0,1.0,-1.890355875452487
2018-09-12,639073.5805445276,0.0,1.0,-0.9783672408996067
2018-09-13,635744.3808377293,0.0,1.0,-1.494212052489838
2018-09-14,648863.2210290288,0.0,1.0,0.0
2018-09-17,641145.888327092,0.0,1.0,-1.1893620183461526
2018-09-18,631885.3882338515,0.0,1.0,-2.6165503367955085
2018-09-19,641629.3554269556,0.0,1.0,-1.1148521549119388
2018-09-20,641838.3449172538,0.0,1.0,-1.0826435963860341
2018-09-21,639029.2100566942,0.0,1.0,-1.515575340630161
2018-09-24,650936.1861991218,0.0,1.0,0.0
2018-09-25,654831.6271678206,0.0,1.0,0.0
2018-09-26,657349.5830922185,0.0,1.0,0.0
2018-09-27,656385.7577120132,0.0,1.0,-0.14662295451248192
2018-09-28,634962.9093888811,0.0,1.0,-3.405596394848074
2018-10-01,663523.9126994337,0.0,1.0,0.0
2018-10-02,644731.075239127,0.0,1.0,-2.8322773453410677
2018-10-03,641338.3783824123,0.0,1.0,-3.343592279404586
2018-10-04,619795.1456951373,0.0,1.0,-6.59038297902383
2018-10-05,599976.3003945774,0.0,1.0,-9.577290447050158
2018-10-08,585599.4173075838,0.0,0.75,-11.744037238210057
2018-10-09,596896.655205685,0.0,0.75,-10.041425217470637
2018-10-10,704996.7315564626,282507.20559265197,0.75,-14.59018371406211
2018-10-11,700134.0169541338,282507.20559265197,1.0,0.0
2018-10-12,710878.2853641346,282507.20559265197,1.0,0.0
2018-10-15,705000.8336116624,282507.20559265197,1.0,-0.8267873521360389
2018-10-16,725581.6354538683,282507.20559265197,1.0,0.0
2018-10-17,719502.4051793488,282507.20559265197,1.0,-0.8378423567345158
2018-10-18,707983.9110143213,282507.20559265197,1.0,-2.4253266041579535
2018-10-19,692534.6249034761,282507.20559265197,1.0,-4.554554434074194
2018-10-22,698244.0010002742,282507.20559265197,1.0,-3.7676855529142177
2018-10-23,707545.9286356217,282507.20559265197,1.0,-2.4856895402217387
2018-10-24,682951.9202003165,282507.20559265197,1.0,-5.8752472734354635
2018-10-25,693754.7360646742,282507.20559265197,1.0,-4.386398143785105
2018-10-26,689322.4029669827,282507.20559265197,1.0,-4.99726436215611
2018-10-29,678602.0147450229,282507.20559265197,1.0,-6.474753275619853
2018-10-30,689981.4934561611,282507.20559265197,1.0,-4.906428203001371
2018-10-31,708415.6218939807,282507.20559265197,1.0,-2.3658280090220183
2018-11-01,721203.3738229154,282507.20559265197,1.0,-0.6034140635621567
2018-11-02,720691.9327167458,282507.20559265197,1.0,-0.67390111576679
2018-11-05,715628.3628999805,282507.20559265197,1.0,-1.3717646736830371
2018-11-06,717982.5702247485,282507.20559265197,1.0,-1.047306720265385
2018-11-07,726964.2339236455,282507.20559265197,1.0,0.0
2018-11-08,721636.727379333,282507.20559265197,1.0,-0.7328430059837059
2018-11-09,717466.9998582545,282507.20559265197,1.0,-1.3064238407069309
2018-11-12,690330.8210759682,282507.20559265197,1.0,-5.03923179961078
2018-11-13,700068.9844109176,282507.20559265197,1.0,-3.6996661262915307
2018-11-14,704720.8735517852,282507.20559265197,1.0,-3.059759935066692
2018-11-15,710389.2599205871,282507.20559265197,1.0,-2.2800260631253138
2018-11-16,694855.393382881,282507.20559265197,1.0,-4.416839101899607
2018-11-19,673632.7810000906,282507.20559265197,1.0,-7.336186628564772
2018-11-20,671522.4345706897,282507.20559265197,1.0,-7.626482399790103
2018-11-21,668271.017404462,282507.20559265197,1.0,-8.07374197797854
2018-11-23,663740.5943699058,282507.20559265197,1.0,-8.696939492126402
2018-11-26,682505.9234202862,282507.20559265197,1.0,-6.115611804366822
2018-11-27,683089.086198772,282507.20559265197,1.0,-6.035392895200096
2018-11-28,695249.8247994531,282507.20559265197,1.0,-4.362581767334009
2018-11-29,693208.4999704758,282507.20559265197,1.0,-4.643383041140797
2018-11-30,702182.4110530552,282507.20559265197,1.0,-3.4089466460867377
2018-12-03,718760.7790186186,282507.20559265197,1.0,-1.1284537150817315
2018-12-04,699038.1533550094,282507.20559265197,1.0,-3.8414655447229613
2018-12-06,701409.4206834799,282507.20559265197,1.0,-3.5152779253304587
2018-12-07,685994.2014567945,282507.20559265197,1.0,-5.635770035854901
2018-12-10,689372.5873608575,8.731149137020111e-11,1.0,-4.716434932918054
2018-12-11,683050.8581739936,8.731149137020111e-11,1.0,-6.040651479184617
2018-12-12,692490.328628507,8.731149137020111e-11,1.0,-4.742173505438143
2018-12-13,690958.4121939607,8.731149137020111e-11,1.0,-4.95290140140051
2018-12-14,673357.8353230265,8.731149137020111e-11,1.0,-7.374007702041821
2018-12-17,654813.9165568189,8.731149137020111e-11,1.0,-9.924878556598243
2018-12-18,669976.2941393933,8.731149137020111e-11,1.0,-7.839166925265509
2018-12-19,642075.3638106975,8.731149137020111e-11,0.75,-11.677172844498434
2018-12-20,627744.2788881208,8.731149137020111e-11,0.75,-13.648533229758034
2018-12-21,597263.2305042775,8.731149137020111e-11,0.5,-17.841455929589888
2018-12-24,581399.3154834049,8.731149137020111e-11,0.3,-20.023669892889053
2018-12-26,624079.0582888522,8.731149137020111e-11,0.75,-14.152714925119614
2018-12-27,618767.3042364651,8.731149137020111e-11,0.75,-14.88339104431711
2018-12-28,624978.2260400392,8.731149137020111e-11,0.75,-14.029026893545637
2018-12-31,636349.589108397,8.731149137020111e-11,0.75,-12.464800960863485
2019-01-02,644957.7670942005,8.731149137020111e-11,0.75,-11.280674206876908
2019-01-03,609663.0424245856,8.731149137020111e-11,0.5,-16.1357582705204
2019-01-04,651665.5745559619,8.731149137020111e-11,0.75,-10.35795928518711
2019-01-07,679229.0558698106,8.731149137020111e-11,1.0,-6.566372295400787
2019-01-08,683596.9220972998,8.731149137020111e-11,1.0,-5.965535827296365
2019-01-09,686200.4824580188,8.731149137020111e-11,1.0,-5.607394361839835
2019-01-10,684507.1145098545,8.731149137020111e-11,1.0,-5.2728207304997925
2019-01-11,686449.9615474252,8.731149137020111e-11,1.0,-5.573076430122628
2019-01-14,679147.77271001,8.731149137020111e-11,1.0,-6.57755347268677
2019-01-15,687033.7942908033,8.731149137020111e-11,1.0,-5.492765361691257
2019-01-16,689930.2628843945,8.731149137020111e-11,1.0,-5.094331923231963
2019-01-17,700922.5788529713,8.731149137020111e-11,1.0,-3.5822470838928986
2019-01-18,684210.8087774022,8.731149137020111e-11,1.0,-5.881090588940003
2019-01-22,662705.3003092099,8.731149137020111e-11,1.0,-8.839352834129231
2019-01-23,660834.3097904363,8.731149137020111e-11,1.0,-9.096723201399607
2019-01-24,678646.039375552,8.731149137020111e-11,1.0,-6.646571081950703
2019-01-25,694388.5102592515,8.731149137020111e-11,1.0,-4.481062773690114
2019-01-28,666011.1655452459,8.731149137020111e-11,1.0,-8.384603469336788
2019-01-29,654852.5841394069,8.731149137020111e-11,1.0,-9.919559507767005
2019-01-30,683002.8816054306,8.731149137020111e-11,1.0,-6.047251056759992
2019-01-31,704693.5252136177,8.731149137020111e-11,1.0,-3.0635219273204135
2019-02-01,709266.6111037332,8.731149137020111e-11,1.0,-2.434455781186491
2019-02-04,725292.8974395411,8.731149137020111e-11,1.0,-0.22990628783532957
2019-02-05,739789.4588102647,8.731149137020111e-11,1.0,0.0
2019-02-06,740018.7483624399,8.731149137020111e-11,1.0,0.0
2019-02-07,717364.4416913447,8.731149137020111e-11,1.0,-3.0613152330567397
2019-02-08,718339.8069202813,8.731149137020111e-11,1.0,-2.929512460343901
2019-02-11,717914.2172719243,8.731149137020111e-11,1.0,-2.9870231179182913
2019-02-12,729278.0151348278,8.731149137020111e-11,1.0,-1.4514136636916122
2019-02-13,735743.0376374954,8.731149137020111e-11,1.0,-0.5777841080926724
2019-02-14,734345.7266503866,8.731149137020111e-11,1.0,-0.7666051332627658
2019-02-15,742354.7651251621,8.731149137020111e-11,1.0,0.0
2019-02-19,744453.7565569435,8.731149137020111e-11,1.0,0.0
2019-02-20,747004.7724073059,8.731149137020111e-11,1.0,0.0
2019-02-21,731363.7020969184,8.731149137020111e-11,1.0,-2.0938380701347383
2019-02-22,773547.2505939952,8.731149137020111e-11,1.0,0.0
2019-02-25,784679.16624946,8.731149137020111e-11,1.0,0.0
2019-02-26,786209.9575207528,8.731149137020111e-11,1.0,0.0
2019-02-27,801212.4624295693,8.731149137020111e-11,1.0,0.0
2019-02-28,793684.4471230402,8.731149137020111e-11,1.0,-0.9395779096722269
2019-03-01,792099.4432465199,8.731149137020111e-11,1.0,-1.1374035740052564
2019-03-04,785141.7391780837,8.731149137020111e-11,1.0,-2.0058004593130394
2019-03-05,779133.5804892984,8.731149137020111e-11,1.0,-2.755683788706886
2019-03-06,771481.0564709221,8.731149137020111e-11,1.0,-3.7108017352214864
2019-03-07,767736.0056912495,8.731149137020111e-11,1.0,-4.178224666751559
2019-03-08,775945.806153256,8.731149137020111e-11,1.0,-3.153552579511258
2019-03-11,808109.2718228754,8.731149137020111e-11,1.0,0.0
2019-03-12,797873.511847978,8.731149137020111e-11,1.0,-1.2666306812454058
2019-03-13,785669.5347288653,8.731149137020111e-11,1.0,-2.776819655019197
2019-03-14,790945.34889026,8.731149137020111e-11,1.0,-2.1239606487744203
2019-03-15,789851.2684041354,8.731149137020111e-11,1.0,-2.259348340052441
2019-03-18,793090.8282430868,8.731149137020111e-11,1.0,-1.8584669305811845
2019-03-19,801343.0634632442,8.731149137020111e-11,1.0,-0.8372887919437424
2019-03-20,804911.8084744806,8.731149137020111e-11,1.0,-0.39567215225511704
2019-03-21,828568.6252235054,8.731149137020111e-11,1.0,0.0
2019-03-22,801593.8824467254,8.731149137020111e-11,1.0,-3.255583418875369
2019-03-25,799597.8714362222,8.731149137020111e-11,1.0,-3.496482114498166
2019-03-26,800407.3370233802,8.731149137020111e-11,1.0,-3.398787661375512
2019-03-27,797898.776986826,8.731149137020111e-11,1.0,-3.701545931504019
2019-03-28,805561.6212647154,8.731149137020111e-11,1.0,-2.776716768944017
2019-03-29,811486.9284623461,8.731149137020111e-11,1.0,-2.0615910669501365
2019-04-01,833244.7537618034,8.731149137020111e-11,1.0,0.0
2019-04-02,841000.4966651788,8.731149137020111e-11,1.0,0.0
2019-04-03,844489.9328390262,8.731149137020111e-11,1.0,0.0
2019-04-04,821974.530800319,8.731149137020111e-11,1.0,-2.6661539899018516
2019-04-05,826628.5149460707,8.731149137020111e-11,1.0,-2.115053974996308
2019-04-08,816941.451810657,8.731149137020111e-11,1.0,-3.262144397122181
2019-04-09,806261.689842282,8.731149137020111e-11,1.0,-4.526784927823547
2019-04-10,804836.6156878495,8.731149137020111e-11,1.0,-4.121124274618094
2019-04-11,798910.4162118626,8.731149137020111e-11,1.0,-5.3972835974412785
2019-04-12,798140.1751470601,8.731149137020111e-11,1.0,-5.488491441946078
2019-04-15,794553.1741427749,8.731149137020111e-11,1.0,-5.913244996109396
2019-04-16,795951.5275881252,8.731149137020111e-11,1.0,-5.747659428896144
2019-04-17,787956.1211244605,8.731149137020111e-11,1.0,-6.694432877904065
2019-04-18,782371.404801341,8.731149137020111e-11,1.0,-7.35574524007097
2019-04-22,784690.1341590667,8.731149137020111e-11,1.0,-7.081173659338143
2019-04-23,796645.0175840146,8.731149137020111e-11,1.0,-5.665540037187356
2019-04-24,789232.7190169943,8.731149137020111e-11,1.0,-6.543264954771794
2019-04-25,790067.4492980116,8.731149137020111e-11,1.0,-6.444420640759543
2019-04-26,774165.8720613136,8.731149137020111e-11,1.0,-8.32740072356997
2019-04-29,782682.9850200842,8.731149137020111e-11,1.0,-7.318849570078114
2019-04-30,783732.8534122495,8.731149137020111e-11,1.0,-7.194529746793091
2019-05-01,772587.1341925339,8.731149137020111e-11,1.0,-8.514346453458336
2019-05-02,777557.5586747054,8.731149137020111e-11,1.0,-7.925775259310187
2019-05-03,791151.8350669384,8.731149137020111e-11,1.0,-6.316013453561786
2019-05-06,788996.6930917804,8.731149137020111e-11,1.0,-6.571213887735442
2019-05-07,768747.1359247417,8.731149137020111e-11,1.0,-8.969058596074738
2019-05-08,767378.2967390621,8.731149137020111e-11,1.0,-9.131149241854006
2019-05-09,762892.155988469,8.731149137020111e-11,1.0,-9.662374135857352
2019-05-10,755941.6023066691,0.0,1.0,-9.94590761596557
2019-05-13,712377.3011831355,0.0,0.5,-15.644074194200442
2019-05-14,727307.9438956404,0.0,0.75,-13.876067006440277
2019-05-15,724824.698315212,0.0,0.75,-14.170119722033958
2019-05-16,718305.8104246899,0.0,0.75,-14.942051705711581
2019-05-17,696129.9042012847,0.0,0.5,-17.568004409357634
2019-05-20,674101.9357846546,0.0,0.3,-20.17643910585852
2019-05-21,683265.246522594,0.0,0.5,-19.09136865307834
2019-05-22,656513.9960998592,0.0,0.3,-22.259109248019694
2019-05-23,646814.7786643355,0.0,0.3,-23.407638917629452
2019-05-24,636671.53292563,0.0,0.3,-24.608748053958134
2019-05-28,625899.885560113,0.0,0.2,-25.88426916399726
2019-05-29,624049.8229160263,0.0,0.2,-26.103343728671707
2019-05-30,621111.9700946324,0.0,0.2,-26.451228612452084
2019-05-31,610318.3986481534,0.0,0.2,-27.729345855388637
2019-06-03,604184.4639740919,0.0,0.2,-28.455693729476405
2019-06-04,635960.6784089977,0.0,0.3,-24.69292365972794
2019-06-05,637603.4687349334,0.0,0.3,-24.49839317901363
2019-06-06,648659.0245532305,0.0,0.3,-23.189253142124112
2019-06-07,655029.7532104156,0.0,0.3,-22.434865385745795
2019-06-10,1134654.7075427016,934916.4796420357,0.3,-20.685033636179
2019-06-11,1136957.0533283683,934916.4796420357,1.0,0.0
2019-06-12,1133787.1009588211,934916.4796420357,1.0,-0.27881021189563715
2019-06-13,1136507.662936032,934916.4796420357,1.0,-0.03952571392391072
2019-06-14,1135128.8145217889,934916.4796420357,1.0,-0.1608010435598639
2019-06-17,1140480.3568007299,934916.4796420357,1.0,0.0
2019-06-18,1143720.0227595393,934916.4796420357,1.0,0.0
2019-06-19,1145123.6332383133,934916.4796420357,1.0,0.0
2019-06-20,1144201.0336316137,934916.4796420357,1.0,-0.08056768543764213
2019-06-21,1143879.6339223278,934916.4796420357,1.0,-0.10863449848358758
2019-06-24,1143570.8760389013,934916.4796420357,1.0,-0.13559734113782215
2019-06-25,1140506.1173936753,934916.4796420357,1.0,-0.4032329532471571
2019-06-26,1142261.2647392002,934916.4796420357,1.0,-0.24996152520391854
2019-06-27,1145585.475134858,934916.4796420357,1.0,0.0
2019-06-28,1146298.492882315,934916.4796420357,1.0,0.0
2019-07-01,1148637.2097205438,934916.4796420357,1.0,0.0
2019-07-02,1147706.4839468098,934916.4796420357,1.0,-0.0810286978218719
2019-07-03,1151421.8833287172,934916.4796420357,1.0,0.0
2019-07-05,1151069.1245787484,934916.4796420357,1.0,-0.030636793956792426
2019-07-08,1150501.5092785154,934916.4796420357,1.0,-0.07993369446315207
2019-07-09,1152032.8491654724,934916.4796420357,1.0,0.0
2019-07-10,1150845.5699248554,2.9103830456733704e-10,1.0,0.0
2019-07-11,1153464.0108414392,2.9103830456733704e-10,1.0,-0.13027549137333566
2019-07-12,1175995.5289812023,2.9103830456733704e-10,1.0,0.0
2019-07-15,1179342.8008507022,2.9103830456733704e-10,1.0,0.0
2019-07-16,1162195.164325152,2.9103830456733704e-10,1.0,-1.4539993387148296
2019-07-17,1164960.0375061054,2.9103830456733704e-10,1.0,-1.2195574801679405
2019-07-18,1170494.699066623,2.9103830456733704e-10,1.0,-0.7502569886971497
2019-07-19,1170409.408367791,2.9103830456733704e-10,1.0,-0.757489041902597
2019-07-22,1187647.10207663,2.9103830456733704e-10,1.0,0.0
2019-07-23,1203684.2041260344,2.9103830456733704e-10,1.0,0.0
2019-07-24,1224173.2686583095,2.9103830456733704e-10,1.0,0.0
2019-07-25,1156395.3471207358,2.9103830456733704e-10,1.0,-5.5366281287826276
2019-07-26,1150057.7688483358,2.9103830456733704e-10,1.0,-6.05433084576369
2019-07-29,1143864.0190718945,2.9103830456733704e-10,1.0,-6.560284531815805
2019-07-30,1168140.646870703,2.9103830456733704e-10,1.0,-4.577180634651343
2019-07-31,1147670.9519576416,2.9103830456733704e-10,1.0,-6.249304625358644
2019-08-01,1120708.7195248143,2.9103830456733704e-10,1.0,-8.451789610378608
2019-08-02,1102502.7464243646,2.9103830456733704e-10,1.0,-9.938995185485092
2019-08-05,1060361.3538662086,2.9103830456733704e-10,0.75,-13.38143210492076
2019-08-06,1066303.6192067105,2.9103830456733704e-10,0.75,-12.896021624832871
2019-08-07,1068932.2010722267,2.9103830456733704e-10,0.75,-12.68129860050175
2019-08-08,1098452.331641918,2.9103830456733704e-10,0.75,-10.269864588219708
2019-08-09,1076201.9240970437,2.9103830456733704e-10,0.75,-12.087451045507795
2019-08-12,1062174.2602148666,2.9103830456733704e-10,0.75,-13.23333980499291
2019-08-13,1086682.978999062,2.9103830456733704e-10,0.75,-11.231276909839444
2019-08-14,1038730.5886329439,2.9103830456733704e-10,0.5,-15.14840135568474
2019-08-15,1034274.9377384821,2.9103830456733704e-10,0.5,-15.51237359789398
2019-08-16,1068695.1602820267,2.9103830456733704e-10,0.75,-12.700661937070912
2019-08-19,1107720.3685414493,2.9103830456733704e-10,1.0,-9.512779203592006
2019-08-20,1091870.5930975652,2.9103830456733704e-10,0.75,-10.807512216448544
2019-08-21,1087352.8702074862,2.9103830456733704e-10,0.75,-11.176554982349684
2019-08-22,1083540.0688529655,2.9103830456733704e-10,0.75,-11.488014271009005
2019-08-23,1032437.7417049881,2.9103830456733704e-10,0.5,-15.662450068319417
2019-08-26,1044045.7857684542,2.9103830456733704e-10,0.75,-14.714214686886153
2019-08-27,1027031.7131588577,2.9103830456733704e-10,0.5,-16.10405655365424
2019-08-28,1037574.8311227877,2.9103830456733704e-10,0.5,-15.242812624068582
2019-08-29,1070612.1263086002,2.9103830456733704e-10,0.75,-12.544069232782046
2019-08-30,1076691.355578246,2.9103830456733704e-10,0.75,-12.04747047300773
2019-09-03,1065023.449126823,2.9103830456733704e-10,0.75,-13.000595880182397
2019-09-04,1086247.0185126413,2.9103830456733704e-10,0.75,-11.266889555335165
2019-09-05,1131678.755791701,2.9103830456733704e-10,1.0,-7.555671671215489
2019-09-06,1121459.1071264704,2.9103830456733704e-10,1.0,-8.390492111007578
2019-09-09,1144399.018516868,2.9103830456733704e-10,1.0,-6.516581613391538
2019-09-10,1141959.5949964493,2.3283064365386963e-10,1.0,-6.15361904361615
2019-09-11,1165537.937042993,2.3283064365386963e-10,1.0,-4.789790229579234
2019-09-12,1161725.8904667213,2.3283064365386963e-10,1.0,-5.10118786207694
2019-09-13,1149956.7874483566,2.3283064365386963e-10,1.0,-6.062579792425455
2019-09-16,1156726.7930343067,2.3283064365386963e-10,1.0,-5.5095530470064835
2019-09-17,1168768.4992575073,2.3283064365386963e-10,1.0,-4.525892765288502
2019-09-18,1141113.1181720358,2.3283064365386963e-10,1.0,-6.784999526848629
2019-09-19,1146069.4065589437,2.3283064365386963e-10,1.0,-6.380131317927519
2019-09-20,1099855.101879322,2.3283064365386963e-10,0.75,-10.15527539783971
2019-09-23,1101653.1672534938,2.3283064365386963e-10,0.75,-10.008395424211262
2019-09-24,1060166.3310766309,2.3283064365386963e-10,0.75,-13.397363084184136
2019-09-25,1083138.1977571275,2.3283064365386963e-10,0.75,-11.520842229773248
2019-09-26,1096561.5756336104,2.3283064365386963e-10,0.75,-10.424316254231002
2019-09-27,1067749.0446454904,2.3283064365386963e-10,0.75,-12.777948025630362
2019-09-30,1078811.9976572609,2.3283064365386963e-10,0.75,-11.874239923598738
2019-10-01,1079941.074144747,2.3283064365386963e-10,0.75,-11.782008168797907
2019-10-02,1072661.1253181498,2.3283064365386963e-10,0.75,-12.376691046865986
2019-10-03,1094894.6668615346,2.3283064365386963e-10,0.75,-10.560482335843185
2019-10-04,1098042.046205003,2.3283064365386963e-10,0.75,-10.303379895849703
2019-10-07,1113329.9550200892,2.3283064365386963e-10,1.0,-9.054544522092389
2019-10-08,1092637.4290541227,2.3283064365386963e-10,0.75,-10.744871087435993
2019-10-09,1127360.2556887302,2.3283064365386963e-10,1.0,-7.908440369367492
2019-10-10,1122590.1041794198,0.0,1.0,-7.745406198004689
2019-10-11,1137944.252043442,0.0,1.0,-7.04385717467709
2019-10-14,1144157.356217395,0.0,1.0,-6.536322470806086
2019-10-15,1160726.6327864772,0.0,1.0,-5.182815006356869
2019-10-16,1154587.3006079544,0.0,1.0,-5.6843234394932605
2019-10-17,1155237.5346322367,0.0,1.0,-5.631207263790865
2019-10-18,1129697.1540068279,0.0,1.0,-7.717544327285236
2019-10-21,1135048.1103528359,0.0,1.0,-7.280436567868742
2019-10-22,1134455.6469302084,0.0,1.0,-7.328833591214691
2019-10-23,1142609.7881175685,0.0,1.0,-6.662739877512139
2019-10-24,1202893.3893947839,0.0,1.0,-1.7383061539032203
2019-10-25,1243865.1796907242,0.0,1.0,0.0
2019-10-28,1246983.3997605965,0.0,1.0,0.0
2019-10-29,1228371.2058588006,0.0,1.0,-1.4925775199067748
2019-10-30,1225165.284263411,0.0,1.0,-1.7496716878006684
2019-10-31,1217865.5784404892,0.0,1.0,-2.3350608617321953
2019-11-01,1232128.0468493765,0.0,1.0,-1.1913031812670445
2019-11-04,1260699.389839699,0.0,1.0,0.0
2019-11-05,1263118.0149917672,0.0,1.0,0.0
2019-11-06,1261082.2602664283,0.0,1.0,-0.16116900409754348
2019-11-07,1275146.661416113,0.0,1.0,0.0
2019-11-08,1283169.1562203807,0.0,1.0,0.0
2019-11-11,1287461.938886876,0.0,1.0,0.0
2019-11-12,1295655.3514035742,0.0,1.0,0.0
2019-11-13,1283970.5701661299,0.0,1.0,-0.9018433200454377
2019-11-14,1295551.638407598,0.0,1.0,-0.008004674689442534
2019-11-15,1303473.7650101294,0.0,1.0,0.0
2019-11-18,1300201.6555000264,0.0,1.0,-0.2510299476627809
2019-11-19,1304979.888120165,0.0,1.0,0.0
2019-11-20,1304479.7688832378,0.0,1.0,-0.03832390379959593
2019-11-21,1307897.575205831,0.0,1.0,0.0
2019-11-22,1287395.3053072137,0.0,1.0,-1.5675745782609047
2019-11-25,1322535.397424282,0.0,1.0,0.0
2019-11-26,1310803.8858855655,0.0,1.0,-0.8870470734896267
2019-11-27,1320691.5556074597,0.0,1.0,-0.1394171997523313
2019-11-29,1310579.9893811222,0.0,1.0,-0.9039764127632238
2019-12-02,1297500.6878787023,0.0,1.0,-1.8929330431787577
2019-12-03,1300668.8230506068,0.0,1.0,-1.653382920129152
2019-12-04,1302474.7560964518,0.0,1.0,-1.5168320913678062
2019-12-05,1291603.114561168,0.0,1.0,-2.3388623792872787
2019-12-06,1308778.4142070569,0.0,1.0,-1.0401977326291407
2019-12-09,1315670.6621855786,0.0,1.0,-0.5190587149556013
2019-12-10,1318294.7403908356,2.3283064365386963e-10,1.0,0.0
2019-12-11,1320948.277372468,2.3283064365386963e-10,1.0,-0.3990203394535488
2019-12-12,1350079.991788568,2.3283064365386963e-10,1.0,0.0
2019-12-13,1351612.6989257792,2.3283064365386963e-10,1.0,0.0
2019-12-16,1385016.1662527071,2.3283064365386963e-10,1.0,0.0
2019-12-17,1388419.5857432403,2.3283064365386963e-10,1.0,0.0
2019-12-18,1413401.0292830418,2.3283064365386963e-10,1.0,0.0
2019-12-19,1445085.9722667732,2.3283064365386963e-10,1.0,0.0
2019-12-20,1451281.0979866714,2.3283064365386963e-10,1.0,0.0
2019-12-23,1474748.7020806342,2.3283064365386963e-10,1.0,0.0
2019-12-24,1479365.637756142,2.3283064365386963e-10,1.0,0.0
2019-12-26,1485090.9111427818,2.3283064365386963e-10,1.0,0.0
2019-12-27,1476694.6639276345,2.3283064365386963e-10,1.0,-0.5653692411790754
2019-12-30,1454570.2465923964,2.3283064365386963e-10,1.0,-2.055137791322128
2019-12-31,1468757.860899411,2.3283064365386963e-10,1.0,-1.0998013738298758
2020-01-02,1484817.0843571106,2.3283064365386963e-10,1.0,-0.018438385395583717
2020-01-03,1486951.9351851253,2.3283064365386963e-10,1.0,0.0
2020-01-06,1504817.9639049643,2.3283064365386963e-10,1.0,0.0
2020-01-07,1522776.0792425012,2.3283064365386963e-10,1.0,0.0
2020-01-08,1524819.8365395572,2.3283064365386963e-10,1.0,0.0
2020-01-09,1519285.5732640831,2.3283064365386963e-10,1.0,-0.3629453882259031
2020-01-10,1503579.7945094004,1.7462298274040222e-10,1.0,-0.7986388502472223
2020-01-13,1535800.0909351907,1.7462298274040222e-10,1.0,0.0
2020-01-14,1551689.4855435502,1.7462298274040222e-10,1.0,0.0
2020-01-15,1529427.2906312442,1.7462298274040222e-10,1.0,-1.4347068224482866
2020-01-16,1532773.4582933623,1.7462298274040222e-10,1.0,-1.2190600907218065
2020-01-17,1517715.0424129968,1.7462298274040222e-10,1.0,-2.1895130080521468
2020-01-21,1528740.8827363024,1.7462298274040222e-10,1.0,-1.4789429857616765
2020-01-22,1534167.2691568737,1.7462298274040222e-10,1.0,-1.129234718023405
2020-01-23,1528161.4944348831,1.7462298274040222e-10,1.0,-1.5162821768058414
2020-01-24,1501028.475331305,1.7462298274040222e-10,1.0,-3.264893568219213
2020-01-27,1465611.1983025111,1.7462298274040222e-10,1.0,-5.547391281760619
2020-01-28,1489378.8830090263,1.7462298274040222e-10,1.0,-4.015661839243358
2020-01-29,1477567.771791843,1.7462298274040222e-10,1.0,-4.776839338170981
2020-01-30,1527392.8208048763,1.7462298274040222e-10,1.0,-1.5658200281071657
2020-01-31,1538035.7813181202,1.7462298274040222e-10,1.0,-0.8799250334964535
2020-02-03,1634776.6028532272,1.7462298274040222e-10,1.0,0.0
2020-02-04,1731044.5656337086,1.7462298274040222e-10,1.0,0.0
2020-02-05,1635117.7193576798,1.7462298274040222e-10,1.0,-5.541558442830237
2020-02-06,1638515.7478552826,1.7462298274040222e-10,1.0,-5.3452591351715215
2020-02-07,1630057.452372469,1.7462298274040222e-10,1.0,-5.83388292052838
2020-02-10,1657784.5907319314,0.0,1.0,-3.654921930661572
2020-02-11,1632709.1744030938,0.0,1.0,-5.6806966835435455
2020-02-12,1625170.2470102173,0.0,1.0,-6.116209872663352
2020-02-13,1653511.8928725454,0.0,1.0,-4.478953014868205
2020-02-14,1675025.7675751075,0.0,1.0,-3.2361268548908493
2020-02-18,1738985.7428484813,0.0,1.0,0.0
2020-02-19,1806052.9053645744,0.0,1.0,0.0
2020-02-20,1783810.1456706047,0.0,1.0,-1.2315674489878667
2020-02-21,1742051.470445857,0.0,1.0,-3.54371872100823
2020-02-24,1649690.9021250235,0.0,1.0,-8.657664610771036
2020-02-25,1646239.632395793,0.0,1.0,-8.84875921929436
2020-02-26,1691660.4730144835,0.0,1.0,-6.333836180009323
2020-02-27,1597191.0465495728,0.0,0.75,-11.564548203134734
2020-02-28,1644022.3374182605,0.0,1.0,-8.971529431116304
2020-03-02,1750381.7067332543,0.0,1.0,-3.082478839128039
2020-03-03,1699291.0959209977,0.0,1.0,-5.911333445795461
2020-03-04,1733129.4130774124,0.0,1.0,-4.0377273595117344
2020-03-05,1709257.024451382,0.0,1.0,-5.359526325373782
2020-03-06,1699339.8248850184,0.0,1.0,-5.90863535406869
2020-03-09,1576781.7612613558,0.0,0.75,-12.694597341097122
2020-03-10,2007729.175063148,804539.841740392,0.75,-10.63819653176403
2020-03-11,1940870.4058462805,804539.841740392,1.0,0.0
2020-03-12,1852289.7163643634,804539.841740392,1.0,-4.563967239393972
2020-03-13,1997905.6611972004,804539.841740392,1.0,0.0
2020-03-16,1821090.9630635753,804539.841740392,1.0,-8.850002358353239
2020-03-17,1857389.7548885876,804539.841740392,1.0,-7.033160225614045
2020-03-18,1777151.956028453,804539.841740392,0.75,-11.049255700915609
2020-03-19,1803284.1588509069,804539.841740392,1.0,-9.741275883350314
2020-03-20,1756526.3964186648,804539.841740392,0.75,-12.081614736198027
2020-03-23,1719808.8749454522,804539.841740392,0.75,-13.919415298373245
2020-03-24,1855340.2263359139,804539.841740392,1.0,-7.135744075916847
2020-03-25,1893454.2022511628,804539.841740392,1.0,-5.228047598776379
2020-03-26,1904598.9071000507,804539.841740392,1.0,-4.670228224952209
2020-03-27,1866329.691124254,804539.841740392,1.0,-6.585694841772587
2020-03-30,1876287.5577134064,804539.841740392,1.0,-6.087279587111089
2020-03-31,1892624.9147234757,804539.841740392,1.0,-5.26955544090293
2020-04-01,1834228.6825448275,804539.841740392,1.0,-8.19242779232595
2020-04-02,1880364.062757683,804539.841740392,1.0,-5.883240671588229
2020-04-03,1900971.5773489845,804539.841740392,1.0,-4.851784833030118
2020-04-06,1994633.9408163282,804539.841740392,1.0,-0.16375750088779215
2020-04-07,2024616.8658099023,804539.841740392,1.0,0.0
2020-04-08,2065089.2624066025,804539.841740392,1.0,0.0
2020-04-09,2070159.1858008883,804539.841740392,1.0,0.0
2020-04-13,2157445.229203937,804539.841740392,1.0,0.0
2020-04-14,2217406.573013209,804539.841740392,1.0,0.0
2020-04-15,2208780.9120041933,804539.841740392,1.0,-0.38899771985857345
2020-04-16,2208718.303602279,804539.841740392,1.0,-0.3918212165811005
2020-04-17,2238420.876478252,804539.841740392,1.0,0.0
2020-04-20,2266597.6166895144,804539.841740392,1.0,0.0
2020-04-21,2210477.8988441085,804539.841740392,1.0,-2.4759453302245915
2020-04-22,2230537.580388113,804539.841740392,1.0,-1.5909324194061862
2020-04-23,2181625.3591286824,804539.841740392,1.0,-3.748890272148898
2020-04-24,2225926.194140506,804539.841740392,1.0,-1.7943821280643166
2020-04-27,2280700.5723066344,804539.841740392,1.0,0.0
2020-04-28,2259755.4627188724,804539.841740392,1.0,-0.9183629732937175
2020-04-29,2328206.091072044,804539.841740392,1.0,0.0
2020-04-30,2329944.3600384737,804539.841740392,1.0,0.0
2020-05-01,2257287.767460854,804539.841740392,1.0,-3.118383160721494
2020-05-04,2311024.926002003,804539.841740392,1.0,-0.8120122678019032
2020-05-05,2306510.624542449,804539.841740392,1.0,-1.005763738308225
2020-05-06,2278078.779938292,804539.841740392,1.0,-2.2260437197446667
2020-05-07,2293432.4501558575,804539.841740392,1.0,-1.567072180299333
2020-05-08,2349688.2401347137,804539.841740392,1.0,0.0
2020-05-11,2341011.6924580284,804539.841740392,1.0,-0.3692637826790084
2020-05-12,2306628.9391077897,804539.841740392,1.0,-1.8325537954965185
2020-05-13,2273953.597651697,804539.841740392,1.0,-3.223178342956443
2020-05-14,2298558.142665088,804539.841740392,1.0,-2.176037509839778
2020-05-15,2320607.3854551385,804539.841740392,1.0,-1.2376473688231895
2020-05-18,2364523.4728552015,804539.841740392,1.0,0.0
2020-05-19,2351804.378836439,804539.841740392,1.0,-0.5379136288887819
2020-05-20,2389524.4673042297,804539.841740392,1.0,0.0
2020-05-21,2370633.923713086,804539.841740392,1.0,-0.7905566086316392
2020-05-22,2391840.0558592947,804539.841740392,1.0,0.0
2020-05-26,2406522.670044325,804539.841740392,1.0,0.0
2020-05-27,2385620.726580108,804539.841740392,1.0,-0.8685537736418577
2020-05-28,2347572.6902937256,804539.841740392,1.0,-2.4495917069218165
2020-05-29,2367225.1210521795,804539.841740392,1.0,-1.6329598503811948
2020-06-01,2394363.704370266,804539.841740392,1.0,-0.5052504107029687
2020-06-02,2414578.8572947364,804539.841740392,1.0,0.0
2020-06-03,2435626.4816074716,804539.841740392,1.0,0.0
2020-06-04,2438630.7910069562,804539.841740392,1.0,0.0
2020-06-05,2548188.0131482356,804539.841740392,1.0,0.0
2020-06-08,2666090.498179831,804539.841740392,1.0,0.0
2020-06-09,2650641.974165432,804539.841740392,1.0,-0.5794448472377737
2020-06-10,2638902.5567892543,-1.1641532182693481e-10,1.0,-0.5140062495180373
2020-06-11,2412312.8899118886,-1.1641532182693481e-10,1.0,-9.518716954326912
2020-06-12,2520630.8508159337,-1.1641532182693481e-10,1.0,-5.455915598634191
2020-06-15,2559939.368764634,-1.1641532182693481e-10,1.0,-3.9815276145977725
2020-06-16,2593379.464073072,-1.1641532182693481e-10,1.0,-2.7272530379744984
2020-06-17,2550575.236639616,-1.1641532182693481e-10,1.0,-4.332758457339633
2020-06-18,2554686.800609565,-1.1641532182693481e-10,1.0,-4.178541487857322
2020-06-19,2523178.402323366,-1.1641532182693481e-10,1.0,-5.360361771441464
2020-06-22,2504602.0165147535,-1.1641532182693481e-10,1.0,-6.057126784530666
2020-06-23,2544714.6393635673,-1.1641532182693481e-10,1.0,-4.5525783501770976
2020-06-24,2403451.3062415933,-1.1641532182693481e-10,1.0,-9.851098157303527
2020-06-25,2444961.815969616,-1.1641532182693481e-10,1.0,-8.294117636336122
2020-06-26,2336632.81738467,-1.1641532182693481e-10,0.75,-12.357332994513328
2020-06-29,2425013.0551092885,-1.1641532182693481e-10,1.0,-9.042357835757215
2020-06-30,2494223.2189601916,-1.1641532182693481e-10,1.0,-6.446415803851188
2020-07-01,2546176.715838561,-1.1641532182693481e-10,1.0,-4.497738633521131
2020-07-02,2576467.4561489583,-1.1641532182693481e-10,1.0,-3.3615903920763155
2020-07-06,2704974.7171036387,-1.1641532182693481e-10,1.0,0.0
2020-07-07,2683121.7389008137,-1.1641532182693481e-10,1.0,-0.8078810520722389
2020-07-08,2726641.956867747,-1.1641532182693481e-10,1.0,0.0
2020-07-09,2735986.1078139506,-1.1641532182693481e-10,1.0,0.0
2020-07-10,2861967.8472325983,4.656612873077393e-10,1.0,0.0
2020-07-13,2758209.392910067,4.656612873077393e-10,1.0,-4.202803567893451
2020-07-14,2770833.405842752,4.656612873077393e-10,1.0,-3.764350617300758
2020-07-15,2943062.090651476,4.656612873077393e-10,1.0,0.0
2020-07-16,2807021.617919842,4.656612873077393e-10,1.0,-4.622412594140008
2020-07-17,2798825.2265111315,4.656612873077393e-10,1.0,-4.9009113534677775
2020-07-20,2873145.784529176,4.656612873077393e-10,1.0,-2.375631365182074
2020-07-21,2824935.4222883102,4.656612873077393e-10,1.0,-4.013733476381297
2020-07-22,2817630.0310647655,4.656612873077393e-10,1.0,-4.261957638785143
2020-07-23,2729026.239215975,4.656612873077393e-10,1.0,-7.27255643417709
2020-07-24,2688834.689545291,4.656612873077393e-10,1.0,-8.63819359821624
2020-07-27,2725042.009185901,4.656612873077393e-10,1.0,-7.407933463521118
2020-07-28,2710095.9974675374,4.656612873077393e-10,1.0,-7.915772280984024
2020-07-29,2748995.3001713045,4.656612873077393e-10,1.0,-6.594043363767861
2020-07-30,2746477.429330941,4.656612873077393e-10,1.0,-6.679596123540127
2020-07-31,2747177.3241810896,4.656612873077393e-10,1.0,-6.655814945005973
2020-08-03,2765042.157761109,4.656612873077393e-10,1.0,-6.048799767284566
2020-08-04,2801479.901045767,4.656612873077393e-10,1.0,-4.8107102481948685
2020-08-05,2809954.222019782,4.656612873077393e-10,1.0,-4.522767938009397
2020-08-06,2885697.47314777,4.656612873077393e-10,1.0,-1.9491473756507691
2020-08-07,2871449.979400153,4.656612873077393e-10,1.0,-2.433251798485535
2020-08-10,2895262.674166814,1.1641532182693481e-10,1.0,-1.0312169280653554
2020-08-11,2815839.3391753645,1.1641532182693481e-10,1.0,-4.322802154947039
2020-08-12,2936062.3294978095,1.1641532182693481e-10,1.0,-0.23783939781293695
2020-08-13,2969121.9792654184,1.1641532182693481e-10,1.0,0.0
2020-08-14,2986562.390224514,1.1641532182693481e-10,1.0,0.0
2020-08-17,3070672.077368702,1.1641532182693481e-10,1.0,0.0
2020-08-18,3086596.791066721,1.1641532182693481e-10,1.0,0.0
2020-08-19,3086414.0988491806,1.1641532182693481e-10,1.0,-0.00591888833906691
2020-08-20,3171819.347423555,1.1641532182693481e-10,1.0,0.0
2020-08-21,3214324.888525222,1.1641532182693481e-10,1.0,0.0
2020-08-24,3210871.533190286,1.1641532182693481e-10,1.0,-0.10743641214565042
2020-08-25,3236176.096177756,1.1641532182693481e-10,1.0,0.0
2020-08-26,3394131.0962278987,1.1641532182693481e-10,1.0,0.0
2020-08-27,3384767.095660404,1.1641532182693481e-10,1.0,-0.27588800497133614
2020-08-28,3372388.617364609,1.1641532182693481e-10,1.0,-0.6405904264409026
2020-08-31,3517423.069501152,1.1641532182693481e-10,1.0,0.0
2020-09-01,3484334.9304975886,1.1641532182693481e-10,1.0,-0.9406926135915699
2020-09-02,3441056.8430828317,1.1641532182693481e-10,1.0,-2.171084481718331
2020-09-03,3256989.4574700245,1.1641532182693481e-10,1.0,-7.404102574105837
2020-09-04,3249507.3266407726,1.1641532182693481e-10,1.0,-7.616818834885721
2020-09-08,2907487.469004276,1.1641532182693481e-10,0.5,-17.340410534788976
2020-09-09,3042502.3853280684,1.1641532182693481e-10,0.75,-13.501949432555396
2020-09-10,3756672.494456826,1505378.679405661,0.75,-14.1468981817045
2020-09-11,3731011.443268524,1505378.679405661,1.0,0.0
2020-09-14,3869335.355043101,1505378.679405661,1.0,0.0
2020-09-15,3922872.5479072463,1505378.679405661,1.0,0.0
2020-09-16,3864793.507045394,1505378.679405661,1.0,-1.4805232684104452
2020-09-17,3826818.865480506,1505378.679405661,1.0,-2.448554758119344
2020-09-18,3850298.448842893,1505378.679405661,1.0,-1.8500243935549179
2020-09-21,3932311.9366177293,1505378.679405661,1.0,0.0
2020-09-22,3942721.028166866,1505378.679405661,1.0,0.0
2020-09-23,3842988.0327276327,1505378.679405661,1.0,-2.529547353889333
2020-09-24,3824357.5631542904,1505378.679405661,1.0,-3.0020755759026545
2020-09-25,3934875.578429587,1505378.679405661,1.0,-0.19898566703631118
2020-09-28,3967445.4259618004,1505378.679405661,1.0,0.0
2020-09-29,3948572.38955399,1505378.679405661,1.0,-0.47569744209486914
2020-09-30,3991434.2196869496,1505378.679405661,1.0,0.0
2020-10-01,4049467.400688552,1505378.679405661,1.0,0.0
2020-10-02,3954463.739800129,1505378.679405661,1.0,-2.3460779279830426
2020-10-05,4025610.9026852525,1505378.679405661,1.0,-0.589126807126362
2020-10-06,3983618.124151864,1505378.679405661,1.0,-1.62612190742642
2020-10-07,4024971.1360118594,1505378.679405661,1.0,-0.6049255927465228
2020-10-08,4012184.3517362745,1505378.679405661,1.0,-0.9206901862190038
2020-10-09,4050345.257743943,1505378.679405661,1.0,0.0
2020-10-12,4125742.882564158,1505378.679405661,1.0,0.0
2020-10-13,4151917.3850717326,1505378.679405661,1.0,0.0
2020-10-14,4156330.870811947,1505378.679405661,1.0,0.0
2020-10-15,4160534.7875273307,1505378.679405661,1.0,0.0
2020-10-16,4143178.917466395,1505378.679405661,1.0,-0.41715478772022174
2020-10-19,4101269.883538404,1505378.679405661,1.0,-1.4244539948709023
2020-10-20,4073570.7698314385,1505378.679405661,1.0,-2.0902124879858577
2020-10-21,4029644.2419095226,1505378.679405661,1.0,-3.1460029131398843
2020-10-22,4022941.310674666,1505378.679405661,1.0,-3.3071103567058175
2020-10-23,4022445.9035481173,1505378.679405661,1.0,-3.319017651124647
2020-10-26,4008920.586381159,1505378.679405661,1.0,-3.6441036763035584
2020-10-27,4055144.82109169,1505378.679405661,1.0,-2.5330870144767004
2020-10-28,3944275.068410395,1505378.679405661,1.0,-5.197882728087029
2020-10-29,3956419.3794066543,1505378.679405661,1.0,-4.905989699511329
2020-10-30,3829411.304807681,1505378.679405661,1.0,-7.9586759786820895
2020-11-02,3840550.7162230383,1505378.679405661,1.0,-7.690936085033045
2020-11-03,3910044.309031166,1505378.679405661,1.0,-6.020631752607815
2020-11-04,4031700.5412500864,1505378.679405661,1.0,-3.096578994206955
2020-11-05,4104724.9834442846,1505378.679405661,1.0,-1.341409384446336
2020-11-06,4104375.305774116,1505378.679405661,1.0,-1.3498140172165503
2020-11-09,3909163.982028058,1505378.679405661,1.0,-6.041790739326239
2020-11-10,3805454.9688864853,4.656612873077393e-10,1.0,-8.092076413604536
2020-11-11,3955165.0917450413,4.656612873077393e-10,1.0,-4.936136969650089
2020-11-12,3917784.2777459454,4.656612873077393e-10,1.0,-5.834598727767293
2020-11-13,3924355.5341692395,4.656612873077393e-10,1.0,-5.676656137237977
2020-11-16,3925077.0747306524,4.656612873077393e-10,1.0,-5.659313641663225
2020-11-17,3984628.811375975,4.656612873077393e-10,1.0,-4.22796551728628
2020-11-18,4062776.5088331057,4.656612873077393e-10,1.0,-2.3496565630766963
2020-11-19,4153733.6458421582,4.656612873077393e-10,1.0,-0.16346796824199786
2020-11-20,4113411.958622102,4.656612873077393e-10,1.0,-1.1326147072846455
2020-11-23,4211249.634838409,4.656612873077393e-10,1.0,0.0
2020-11-24,4309029.416648122,4.656612873077393e-10,1.0,0.0
2020-11-25,4376984.47516981,4.656612873077393e-10,1.0,0.0
2020-11-27,4479332.356634611,4.656612873077393e-10,1.0,0.0
2020-11-30,4432800.491624676,4.656612873077393e-10,1.0,-1.0388125127847323
2020-12-01,4455353.740692612,4.656612873077393e-10,1.0,-0.5353167399262815
2020-12-02,4434932.69183487,4.656612873077393e-10,1.0,-0.9912116642556881
2020-12-03,4422147.360568159,4.656612873077393e-10,1.0,-1.2766410597273907
2020-12-04,4470429.317821033,4.656612873077393e-10,1.0,-0.19875816538576632
2020-12-07,4579931.536886719,4.656612873077393e-10,1.0,0.0
2020-12-08,4586315.861549795,4.656612873077393e-10,1.0,0.0
2020-12-09,4440979.529174967,4.656612873077393e-10,1.0,-3.1689124073045485
2020-12-10,4520634.908911934,6.984919309616089e-10,1.0,-0.8380276704888622
2020-12-11,4470611.199442771,6.984919309616089e-10,1.0,-2.522823669365084
2020-12-14,4506702.8355074,6.984919309616089e-10,1.0,-1.7358818809198138
2020-12-15,4494664.823186591,6.984919309616089e-10,1.0,-1.9983586200762227
2020-12-16,4419817.60901672,6.984919309616089e-10,1.0,-3.6303267711877973
2020-12-17,4507349.266689539,6.984919309616089e-10,1.0,-1.721787099800221
2020-12-18,4541117.256730551,6.984919309616089e-10,1.0,-0.9855100735249053
2020-12-21,4428211.694574289,6.984919309616089e-10,1.0,-3.4473021865109734
2020-12-22,4302015.736130764,6.984919309616089e-10,1.0,-6.198878010180507
2020-12-23,4340060.959306439,6.984919309616089e-10,1.0,-5.369340221590005
2020-12-24,4318005.130008502,6.984919309616089e-10,1.0,-5.850245374304114
2020-12-28,4288889.905723723,6.984919309616089e-10,1.0,-6.48507352752557
2020-12-29,4305995.198917316,6.984919309616089e-10,1.0,-6.112109830519899
2020-12-30,4355262.498753183,6.984919309616089e-10,1.0,-5.03788595839396
2020-12-31,4326488.099703369,6.984919309616089e-10,1.0,-5.665282760499311
2021-01-04,4411177.97893907,6.984919309616089e-10,1.0,-3.8187052069183527
2021-01-05,4498409.798603093,6.984919309616089e-10,1.0,-1.9167032014449275
2021-01-06,4498061.708332392,6.984919309616089e-10,1.0,-1.9242929593510312
2021-01-07,4685077.33070646,6.984919309616089e-10,1.0,0.0
2021-01-08,4750805.507317809,6.984919309616089e-10,1.0,0.0
2021-01-11,4645145.700356644,6.984919309616089e-10,1.0,-2.224039834895677
2021-01-12,4785082.916867388,6.984919309616089e-10,1.0,0.0
2021-01-13,4767223.581486477,6.984919309616089e-10,1.0,-0.3732293816259229
2021-01-14,4748856.028883854,6.984919309616089e-10,1.0,-0.7570796287737236
2021-01-15,4666540.254115258,6.984919309616089e-10,1.0,-2.477337693235532
2021-01-19,4750420.306878737,6.984919309616089e-10,1.0,-0.7243889100952827
2021-01-20,4798498.818256885,6.984919309616089e-10,1.0,0.0
2021-01-21,4851645.747147759,6.984919309616089e-10,1.0,0.0
2021-01-22,4828784.838288484,6.984919309616089e-10,1.0,-0.4711990539027919
2021-01-25,4937637.683373107,6.984919309616089e-10,1.0,0.0
2021-01-26,4942916.441913239,6.984919309616089e-10,1.0,0.0
2021-01-27,4819015.013201424,6.984919309616089e-10,1.0,-2.5066462313867617
2021-01-28,4784975.406390955,6.984919309616089e-10,1.0,-3.1953005351866772
2021-01-29,4716239.920126527,6.984919309616089e-10,1.0,-4.585886175712353
2021-02-01,4794478.81439158,6.984919309616089e-10,1.0,-3.0030373619709225
2021-02-02,4918152.9443982495,6.984919309616089e-10,1.0,-0.5009896041334678
2021-02-03,4951447.910236647,6.984919309616089e-10,1.0,0.0
2021-02-04,4981729.214901476,6.984919309616089e-10,1.0,0.0
2021-02-05,4994315.138725641,6.984919309616089e-10,1.0,0.0
2021-02-08,5185379.590096204,6.984919309616089e-10,1.0,0.0
2021-02-09,5105309.862223494,6.984919309616089e-10,1.0,-1.5441440010609564
2021-02-10,5064499.669452879,6.984919309616089e-10,1.0,-1.74250757424991
2021-02-11,5018201.832137713,6.984919309616089e-10,1.0,-3.224021598684712
2021-02-12,5060735.466393188,6.984919309616089e-10,1.0,-2.403760834425305
2021-02-16,5067228.856515009,6.984919309616089e-10,1.0,-2.2785358627718635
2021-02-17,5096569.993651114,6.984919309616089e-10,1.0,-1.7126922899667898
2021-02-18,5066514.577774657,6.984919309616089e-10,1.0,-2.2923107220264543
2021-02-19,5035785.621036354,6.984919309616089e-10,1.0,-2.8849183837103385
2021-02-22,4961553.550262597,6.984919309616089e-10,1.0,-4.31648321872331
2021-02-23,4954929.535898168,6.984919309616089e-10,1.0,-4.444227277751915
2021-02-24,5057354.900180538,6.984919309616089e-10,1.0,-2.4689550242413443
2021-02-25,4829411.225728585,6.984919309616089e-10,1.0,-6.864846790531955
2021-02-26,4870900.982566404,6.984919309616089e-10,1.0,-6.064717193133492
2021-03-01,5041510.198270615,6.984919309616089e-10,1.0,-2.774519961862989
2021-03-02,5007965.341251491,6.984919309616089e-10,1.0,-3.4214322358109452
2021-03-03,5000126.04401394,6.984919309616089e-10,1.0,-3.5726130144085912
2021-03-04,4966444.051579626,6.984919309616089e-10,1.0,-4.222169943637924
2021-03-05,5046876.029447421,6.984919309616089e-10,1.0,-2.6710399545930357
2021-03-08,5083823.100144913,6.984919309616089e-10,1.0,-1.9585160196421807
2021-03-09,5228505.91857548,6.984919309616089e-10,1.0,0.0
2021-03-10,5228113.751293978,2.3283064365386963e-10,1.0,0.0
2021-03-11,5424093.327639306,2.3283064365386963e-10,1.0,0.0
2021-03-12,5391339.100777084,2.3283064365386963e-10,1.0,-0.603865473614138
2021-03-15,5503440.535453431,2.3283064365386963e-10,1.0,0.0
2021-03-16,5441905.276798889,2.3283064365386963e-10,1.0,-1.1181234403847764
2021-03-17,5523713.941772685,2.3283064365386963e-10,1.0,0.0
2021-03-18,5214110.207352901,2.3283064365386963e-10,1.0,-5.604992178874955
2021-03-19,5252047.987702575,2.3283064365386963e-10,1.0,-4.918175650184503
2021-03-22,5328576.77015239,2.3283064365386963e-10,1.0,-3.532716822002398
2021-03-23,5227935.580909269,2.3283064365386963e-10,1.0,-5.354700912851661
2021-03-24,5006628.79379916,2.3283064365386963e-10,1.0,-9.361186213194468
2021-03-25,5041496.918656746,2.3283064365386963e-10,1.0,-8.729941995533263
2021-03-26,5041279.042365953,2.3283064365386963e-10,1.0,-8.73388637594632
2021-03-29,5013560.1186529165,2.3283064365386963e-10,1.0,-9.235703160907152
2021-03-30,5075240.197045732,2.3283064365386963e-10,1.0,-8.119061730105228
2021-03-31,5257572.507855684,2.3283064365386963e-10,1.0,-4.818161054726723
2021-04-01,5328805.818158679,2.3283064365386963e-10,1.0,-3.528570191516041
2021-04-05,5473793.994224485,2.3283064365386963e-10,1.0,-0.9037388263480554
2021-04-06,5522258.622849933,2.3283064365386963e-10,1.0,-0.02634674673767537
2021-04-07,5525605.28769387,2.3283064365386963e-10,1.0,0.0
2021-04-08,5603736.141195056,2.3283064365386963e-10,1.0,0.0
2021-04-09,5626795.589953159,2.3283064365386963e-10,1.0,0.0
2021-04-12,5705918.785831545,2.3283064365386963e-10,1.0,0.0
2021-04-13,5933097.003378105,2.3283064365386963e-10,1.0,0.0
2021-04-14,5776603.794276178,2.3283064365386963e-10,1.0,-2.6376310552958344
2021-04-15,5913053.3218245115,2.3283064365386963e-10,1.0,-0.3378283136476892
2021-04-16,5880029.808635681,2.3283064365386963e-10,1.0,-0.8944265484317843
2021-04-19,5738316.517493572,2.3283064365386963e-10,1.0,-3.2829479405718773
2021-04-20,5678084.230152957,2.3283064365386963e-10,1.0,-4.298139286783151
2021-04-21,5825393.799286074,2.3283064365386963e-10,1.0,-1.8152948456886642
2021-04-22,5709396.963250166,2.3283064365386963e-10,1.0,-3.770375572834429
2021-04-23,5837597.702032402,2.3283064365386963e-10,1.0,-1.6096028986434758
2021-04-26,5925090.9507976,2.3283064365386963e-10,1.0,-0.13493884519243884
2021-04-27,5848004.8315128265,2.3283064365386963e-10,1.0,-1.4341948533258473
2021-04-28,5798800.863128252,2.3283064365386963e-10,1.0,-2.263508251649844
2021-04-29,5732016.811765426,2.3283064365386963e-10,1.0,-3.3891269854207886
2021-04-30,5742531.957613289,2.3283064365386963e-10,1.0,-3.2118983670132932
2021-05-03,5677999.6137517765,2.3283064365386963e-10,1.0,-4.2995654627100315
2021-05-04,5497454.006247811,2.3283064365386963e-10,1.0,-7.342590166354164
2021-05-05,5480985.825315832,2.3283064365386963e-10,1.0,-7.620154833215373
2021-05-06,5366053.62886898,2.3283064365386963e-10,1.0,-9.557291481771992
2021-05-07,5442027.898967498,2.3283064365386963e-10,1.0,-8.276775251289658
2021-05-10,6510470.773101165,2608884.3009822345,0.75,-11.791952735448573
2021-05-11,6519774.771654472,2608884.3009822345,1.0,0.0
2021-05-12,6396566.291091274,2608884.3009822345,1.0,-1.8897659026330533
2021-05-13,6336133.836406859,2608884.3009822345,1.0,-2.816676061357439
2021-05-14,6521400.126653811,2608884.3009822345,1.0,0.0
2021-05-17,6481448.809050266,2608884.3009822345,1.0,-0.6126187141969563
2021-05-18,6466202.727204476,2608884.3009822345,1.0,-0.8464041214667454
2021-05-19,6439718.730105838,2608884.3009822345,1.0,-1.2525131867638464
2021-05-20,6584277.704019229,2608884.3009822345,1.0,0.0
2021-05-21,6578724.64426697,2608884.3009822345,1.0,-0.08433817651507512
2021-05-24,6725001.091061669,2608884.3009822345,1.0,0.0
2021-05-25,6758973.445508007,2608884.3009822345,1.0,0.0
2021-05-26,6808648.644651912,2608884.3009822345,1.0,0.0
2021-05-27,6866704.562403448,2608884.3009822345,1.0,0.0
2021-05-28,6908689.22376348,2608884.3009822345,1.0,0.0
2021-06-01,6916536.151741253,2608884.3009822345,1.0,0.0
2021-06-02,6954531.626583665,2608884.3009822345,1.0,0.0
2021-06-03,6907658.575015087,2608884.3009822345,1.0,-0.6739929313054811
2021-06-04,7047152.819739059,2608884.3009822345,1.0,0.0
2021-06-07,7150373.543359936,2608884.3009822345,1.0,0.0
2021-06-08,7138408.248102729,2608884.3009822345,1.0,-0.16733804443431294
2021-06-09,7136846.781702626,2608884.3009822345,1.0,-0.18917559446767687
2021-06-10,7155584.381984951,4.656612873077393e-10,1.0,0.0
2021-06-11,7157208.575487187,4.656612873077393e-10,1.0,-0.46799795840084907
2021-06-14,7211020.395188471,4.656612873077393e-10,1.0,0.0
2021-06-15,7121625.624423138,4.656612873077393e-10,1.0,-1.2396965459282543
2021-06-16,7143873.632531493,4.656612873077393e-10,1.0,-0.9311686693020835
2021-06-17,7256091.824841484,4.656612873077393e-10,1.0,0.0
2021-06-18,7266490.2271824125,4.656612873077393e-10,1.0,0.0
2021-06-21,7221999.016112739,4.656612873077393e-10,1.0,-0.6122792390642876
2021-06-22,7291954.768836977,4.656612873077393e-10,1.0,0.0
2021-06-23,7427165.371257371,4.656612873077393e-10,1.0,0.0
2021-06-24,7407490.132063726,4.656612873077393e-10,1.0,-0.26490913033641544
2021-06-25,7337121.932706581,4.656612873077393e-10,1.0,-1.212352681673844
2021-06-28,7459630.008500313,4.656612873077393e-10,1.0,0.0
2021-06-29,7461622.914919827,4.656612873077393e-10,1.0,0.0
2021-06-30,7443189.110649571,4.656612873077393e-10,1.0,-0.2470481888517463
2021-07-01,7465218.4712185385,4.656612873077393e-10,1.0,0.0
2021-07-02,7534037.607912229,4.656612873077393e-10,1.0,0.0
2021-07-06,7543099.863569017,4.656612873077393e-10,1.0,0.0
2021-07-07,7489162.709961466,4.656612873077393e-10,1.0,-0.715052890497338
2021-07-08,7507349.146181717,4.656612873077393e-10,1.0,-0.4739525928851291
2021-07-09,7528444.934934283,4.656612873077393e-10,1.0,-0.19428257480075195
2021-07-12,7636650.334636626,4.656612873077393e-10,1.0,0.0
2021-07-13,7537964.3865758,4.656612873077393e-10,1.0,-1.2922674698516392
2021-07-14,7447775.79285868,4.656612873077393e-10,1.0,-2.4732642389201818
2021-07-15,7252235.769207697,4.656612873077393e-10,1.0,-5.033811273057587
2021-07-16,7091346.825718401,4.656612873077393e-10,1.0,-7.140611197621006
2021-07-19,7119492.871783694,4.656612873077393e-10,1.0,-6.772045860307671
2021-07-20,7194690.665796765,4.656612873077393e-10,1.0,-5.787349812722445
2021-07-21,7283988.670069104,4.656612873077393e-10,1.0,-4.6180150866407645
2021-07-22,7300361.095904551,4.656612873077393e-10,1.0,-4.40362232125266
2021-07-23,7281219.025552524,4.656612873077393e-10,1.0,-4.654282879393011
2021-07-26,7348232.775775307,4.656612873077393e-10,1.0,-3.7767548103280117
2021-07-27,7256459.234057087,4.656612873077393e-10,1.0,-4.978506071636564
2021-07-28,7298246.884665068,4.656612873077393e-10,1.0,-4.431307381414365
2021-07-29,7406120.730281197,4.656612873077393e-10,1.0,-3.018726722498269
2021-07-30,7244143.723801437,4.656612873077393e-10,1.0,-5.139774556063468
2021-08-02,7341645.777212718,4.656612873077393e-10,1.0,-3.8630098864929296
2021-08-03,7389510.918735396,4.656612873077393e-10,1.0,-3.2362279935786704
2021-08-04,7381512.709053576,4.656612873077393e-10,1.0,-3.340962521563324
2021-08-05,7460845.104872441,4.656612873077393e-10,1.0,-2.3021249115833746
2021-08-06,7392121.232809998,4.656612873077393e-10,1.0,-3.202046592568823
2021-08-09,7420871.997350794,4.656612873077393e-10,1.0,-2.8255626201340136
2021-08-10,7318742.923352387,4.656612873077393e-10,1.0,-3.5852964623027574
2021-08-11,7107570.258406506,4.656612873077393e-10,1.0,-6.928169459722882
2021-08-12,7186514.514512897,4.656612873077393e-10,1.0,-5.894414440872106
2021-08-13,7183676.601048368,4.656612873077393e-10,1.0,-5.931576198189407
2021-08-16,7071241.512178263,4.656612873077393e-10,1.0,-7.403885181097099
2021-08-17,7004804.822063154,4.656612873077393e-10,1.0,-8.273856794355078
2021-08-18,6966053.360518876,4.656612873077393e-10,1.0,-8.781297358557904
2021-08-19,6906436.596801551,4.656612873077393e-10,1.0,-9.561963764703657
2021-08-20,7072138.430865207,4.656612873077393e-10,1.0,-7.392140258288784
2021-08-23,7337585.312461727,4.656612873077393e-10,1.0,-3.9161806429510815
2021-08-24,7306824.769530127,4.656612873077393e-10,1.0,-4.318982153871172
2021-08-25,7388968.35390196,4.656612873077393e-10,1.0,-3.2433327425151948
2021-08-26,7359798.765988208,4.656612873077393e-10,1.0,-3.6253011008339024
2021-08-27,7429507.890910896,4.656612873077393e-10,1.0,-2.712477783436273
2021-08-30,7475897.334327754,4.656612873077393e-10,1.0,-2.105019783081653
2021-08-31,7452235.041394496,4.656612873077393e-10,1.0,-2.414871509904015
2021-09-01,7524817.553464203,4.656612873077393e-10,1.0,-1.464421916310563
2021-09-02,7501305.234864736,4.656612873077393e-10,1.0,-1.772309767255174
2021-09-03,7587267.69346217,4.656612873077393e-10,1.0,-0.6466531661201936
2021-09-07,7677321.579482971,4.656612873077393e-10,1.0,0.0
2021-09-08,7572207.7677451065,4.656612873077393e-10,1.0,-1.3691469173151811
2021-09-09,7655725.384958807,4.656612873077393e-10,1.0,-0.281298553155276
2021-09-10,7561885.596394806,4.656612873077393e-10,1.0,-0.9099485819131758
2021-09-13,7470133.858950812,4.656612873077393e-10,1.0,-2.6986979558841333
2021-09-14,7521183.293224996,4.656612873077393e-10,1.0,-2.033759881509222
2021-09-15,7596859.309052506,4.656612873077393e-10,1.0,-1.0480513235956312
2021-09-16,7643327.8545926185,4.656612873077393e-10,1.0,-0.44278104724957396
2021-09-17,7573111.293985248,4.656612873077393e-10,1.0,-1.3573781483403902
2021-09-20,7327617.827539831,4.656612873077393e-10,1.0,-4.55502284647936
2021-09-21,7342222.244839035,4.656612873077393e-10,1.0,-4.36479482036368
2021-09-22,7462987.604055598,4.656612873077393e-10,1.0,-2.791780612657451
2021-09-23,7573260.07457841,4.656612873077393e-10,1.0,-1.355440225177708
2021-09-24,7519396.085352386,4.656612873077393e-10,1.0,-2.05703893598293
2021-09-27,7454102.349907783,4.656612873077393e-10,1.0,-2.9075143885039734
2021-09-28,7188898.307272306,4.656612873077393e-10,1.0,-6.361896752064382
2021-09-29,7166038.204312517,4.656612873077393e-10,1.0,-6.6596581877828
2021-09-30,7204177.308585011,4.656612873077393e-10,1.0,-6.162882015550836
2021-10-01,7135296.363064392,4.656612873077393e-10,1.0,-7.060082227988188
2021-10-04,6921209.14839872,4.656612873077393e-10,1.0,-9.84864868895034
2021-10-05,7031679.551714469,4.656612873077393e-10,1.0,-8.40973015242619
2021-10-06,7027059.539766333,4.656612873077393e-10,1.0,-8.469907545027306
2021-10-07,7138637.68487947,4.656612873077393e-10,1.0,-7.016560255116716
2021-10-08,7066997.015236474,4.656612873077393e-10,1.0,-7.949706911815975
2021-10-11,7035679.891247873,4.656612873077393e-10,1.0,-8.357624226003946
2021-10-12,7120865.067760333,4.656612873077393e-10,1.0,-7.248055275028767
2021-10-13,7258721.632125546,4.656612873077393e-10,1.0,-5.452421694515174
2021-10-14,7397476.747280538,4.656612873077393e-10,1.0,-3.645084152138366
2021-10-15,7483433.150054774,4.656612873077393e-10,1.0,-2.5254696891471613
2021-10-18,7622240.754259631,4.656612873077393e-10,1.0,-0.7174484571616595
2021-10-19,7615376.629980148,4.656612873077393e-10,1.0,-0.8068562565930009
2021-10-20,7581032.004030031,4.656612873077393e-10,1.0,-1.2542079220735758
2021-10-21,7753839.298356188,4.656612873077393e-10,1.0,0.0
2021-10-22,7704030.442957893,4.656612873077393e-10,1.0,-0.6423766792388245
2021-10-25,8058519.447765339,4.656612873077393e-10,1.0,0.0
2021-10-26,8126072.399913369,4.656612873077393e-10,1.0,0.0
2021-10-27,8163499.777524321,4.656612873077393e-10,1.0,0.0
2021-10-28,8346539.785425897,4.656612873077393e-10,1.0,0.0
2021-10-29,8451003.72195891,4.656612873077393e-10,1.0,0.0
2021-11-01,8672128.241325546,4.656612873077393e-10,1.0,0.0
2021-11-02,8638449.69428249,4.656612873077393e-10,1.0,-0.3883538862186785
2021-11-03,8774480.620558748,4.656612873077393e-10,1.0,0.0
2021-11-04,8958210.886670498,4.656612873077393e-10,1.0,0.0
2021-11-05,9001972.944836345,4.656612873077393e-10,1.0,0.0
2021-11-08,8976652.807822743,4.656612873077393e-10,1.0,-0.2812731960955861
2021-11-09,8657339.7354629,4.656612873077393e-10,1.0,-3.8284186309527923
2021-11-10,8490215.319908645,-4.656612873077393e-10,1.0,-5.116502566968866
2021-11-11,8533592.657422328,-4.656612873077393e-10,1.0,-5.203084815786806
2021-11-12,8642566.13869087,-4.656612873077393e-10,1.0,-3.9925337295268695
2021-11-15,8654770.97754436,-4.656612873077393e-10,1.0,-3.8569541301625945
2021-11-16,8747529.2573276,-4.656612873077393e-10,1.0,-2.826532462027644
2021-11-17,8776337.656329742,-4.656612873077393e-10,1.0,-2.506509294010158
2021-11-18,9026357.942582168,-4.656612873077393e-10,1.0,0.0
2021-11-19,9258203.369320652,-4.656612873077393e-10,1.0,0.0
2021-11-22,9144696.371314611,-4.656612873077393e-10,1.0,-1.22601538849507
2021-11-23,8972264.723487724,-4.656612873077393e-10,1.0,-3.088489574342862
2021-11-24,9137056.548195546,-4.656612873077393e-10,1.0,-1.3085348883840142
2021-11-26,9277699.815007953,-4.656612873077393e-10,1.0,0.0
2021-11-29,9692892.204721864,-4.656612873077393e-10,1.0,0.0
2021-11-30,9470162.253613163,-4.656612873077393e-10,1.0,-2.2978688548728443
2021-12-01,8821337.200692356,-4.656612873077393e-10,1.0,-8.991691908065718
2021-12-02,8810596.670640552,-4.656612873077393e-10,1.0,-9.10250021816506
2021-12-03,8549146.497236852,-4.656612873077393e-10,0.75,-11.799839339261817
2021-12-06,8252219.914325958,-4.656612873077393e-10,0.75,-14.863182835089065
2021-12-07,8672565.30772785,-4.656612873077393e-10,0.75,-10.526547447798562
2021-12-08,8744088.436152447,-4.656612873077393e-10,1.0,-9.788654908461792
2021-12-09,8399904.046745706,-4.656612873077393e-10,0.75,-13.339549544833302
2021-12-10,10271458.213201229,4115992.071008308,0.75,-14.816401226353687
2021-12-13,10162118.154451871,4115992.071008308,1.0,0.0
2021-12-14,10139518.821456939,4115992.071008308,1.0,-0.22238801646910475
2021-12-15,10352454.665913057,4115992.071008308,1.0,0.0
2021-12-16,10090324.38545231,4115992.071008308,1.0,-2.5320591967801467
2021-12-17,10154039.764819084,4115992.071008308,1.0,-1.9165976330935541
2021-12-20,9992339.216835093,4115992.071008308,1.0,-3.4785513262250323
2021-12-21,10170892.262059124,4115992.071008308,1.0,-1.7538101804179127
2021-12-22,10216321.5165903,4115992.071008308,1.0,-1.3149842594432744
2021-12-23,10307995.936593104,4115992.071008308,1.0,-0.42945108918312075
2021-12-27,10444734.635683015,4115992.071008308,1.0,0.0
2021-12-28,10348841.765510919,4115992.071008308,1.0,-0.9180977163794232
2021-12-29,10361065.945307767,4115992.071008308,1.0,-0.8010609488287551
2021-12-30,10347577.591916448,4115992.071008308,1.0,-0.9302011698281321
2021-12-31,10286523.775569247,4115992.071008308,1.0,-1.51474274485885
2022-01-03,10407273.422749653,4115992.071008308,1.0,-0.3586612225204879
2022-01-04,10226228.323325284,4115992.071008308,1.0,-2.0920235887203305
2022-01-05,9882955.658187922,4115992.071008308,1.0,-5.378585450853404
2022-01-06,9918479.709432596,4115992.071008308,1.0,-5.038471005788316
2022-01-07,9806570.2825691,4115992.071008308,1.0,-6.109914472443504
2022-01-10,9862451.379772814,1.3969838619232178e-09,1.0,-5.124364979749318
2022-01-11,9960791.52532789,1.3969838619232178e-09,1.0,-4.633369130334819
2022-01-12,10014860.046208326,1.3969838619232178e-09,1.0,-4.115706185641913
2022-01-13,9445532.136178954,1.3969838619232178e-09,1.0,-9.566566642013306
2022-01-14,9502705.650781812,1.3969838619232178e-09,1.0,-9.0191758599868
2022-01-18,9110419.292535437,1.3969838619232178e-09,0.75,-12.775004724285392
2022-01-19,8850434.088360528,1.3969838619232178e-09,0.5,-15.264155605023957
2022-01-20,8724341.768316355,1.3969838619232178e-09,0.5,-16.471388956969495
2022-01-21,8310563.846599553,1.3969838619232178e-09,0.3,-20.432982392796823
2022-01-24,8373917.286813387,1.3969838619232178e-09,0.5,-19.826423754175263
2022-01-25,8106238.958851092,1.3969838619232178e-09,0.3,-22.3892301566262
2022-01-26,8192427.378942858,1.3969838619232178e-09,0.3,-21.564044806322364
2022-01-27,7802515.167732427,1.3969838619232178e-09,0.2,-25.297143107148024
2022-01-28,8121735.776868453,1.3969838619232178e-09,0.3,-22.240860489440795
2022-01-31,8748263.315920249,1.3969838619232178e-09,0.5,-16.24235922631297
2022-02-01,8851611.356038034,1.3969838619232178e-09,0.5,-15.2528842063856
2022-02-02,8788244.420236962,1.3969838619232178e-09,0.5,-15.859572054486474
2022-02-03,7908327.818063881,1.3969838619232178e-09,0.3,-24.284071411004017
2022-02-04,8450678.454924287,1.3969838619232178e-09,0.5,-19.091496819328526
2022-02-07,8333656.512470791,1.3969838619232178e-09,0.3,-20.21188854334329
2022-02-08,8367471.803892013,1.3969838619232178e-09,0.5,-19.888134110122017
2022-02-09,8757069.559110189,1.3969838619232178e-09,0.5,-16.158046474509252
2022-02-10,12858403.262228793,8580849.691177037,0.5,-17.598005114707707
2022-02-11,12634807.381291628,8580849.691177037,1.0,0.0
2022-02-14,12673496.025580386,8580849.691177037,1.0,0.0
2022-02-15,12865541.783148354,8580849.691177037,1.0,0.0
2022-02-16,12786693.817471862,8580849.691177037,1.0,-0.612861603541402
2022-02-17,12557309.344167786,8580849.691177037,1.0,-2.3957983594931047
2022-02-18,12436204.67602459,8580849.691177037,1.0,-3.337108645405994
2022-02-22,12360522.703855462,8580849.691177037,1.0,-3.9253619303804186
2022-02-23,12231459.435753841,8580849.691177037,1.0,-4.928532028282335
2022-02-24,12418379.689727968,8580849.691177037,1.0,-3.4756569210796213
2022-02-25,12468617.624717603,8580849.691177037,1.0,-3.085172510579024
2022-02-28,12582883.143903911,8580849.691177037,1.0,-2.1970208795612245
2022-03-01,12459103.885499148,8580849.691177037,1.0,-3.1591199539033012
2022-03-02,12506397.503242576,8580849.691177037,1.0,-2.791520838836299
2022-03-03,12363931.1557328,8580849.691177037,1.0,-3.8988690555774204
2022-03-04,12254249.492766548,8580849.691177037,1.0,-4.751391746148567
2022-03-07,12027916.153544702,8580849.691177037,1.0,-6.510612951417233
2022-03-08,12075334.531795831,8580849.691177037,1.0,-6.142044110319225
2022-03-09,12270796.663860017,8580849.691177037,1.0,-4.6227755450403984
2022-03-10,12128880.246640012,2.3283064365386963e-09,1.0,-5.358339983914508
2022-03-11,11615546.443500148,2.3283064365386963e-09,1.0,-9.715839105085218
2022-03-14,11219052.05564804,2.3283064365386963e-09,0.75,-12.79767113777464
2022-03-15,11682563.837813888,2.3283064365386963e-09,1.0,-9.19493298668513
2022-03-16,12541412.111300416,2.3283064365386963e-09,1.0,-2.5193627855804075
2022-03-17,12904879.055101294,2.3283064365386963e-09,1.0,0.0
2022-03-18,13513275.92790503,2.3283064365386963e-09,1.0,0.0
2022-03-21,13422642.396185763,2.3283064365386963e-09,1.0,-0.6706999265226897
2022-03-22,13903837.456350785,2.3283064365386963e-09,1.0,0.0
2022-03-23,13746667.889478259,2.3283064365386963e-09,1.0,-1.130404230960974
2022-03-24,14264352.020832274,2.3283064365386963e-09,1.0,0.0
2022-03-25,14105561.504574861,2.3283064365386963e-09,1.0,-1.1131982443051616
2022-03-28,14615808.739142025,2.3283064365386963e-09,1.0,0.0
2022-03-29,15057935.263833772,2.3283064365386963e-09,1.0,0.0
2022-03-30,14715353.680070765,2.3283064365386963e-09,1.0,-2.2750900290149425
2022-03-31,14430167.07967447,2.3283064365386963e-09,1.0,-4.169019013297792
2022-04-01,14438256.102464097,2.3283064365386963e-09,1.0,-4.115299677625952
2022-04-04,15126535.903051294,2.3283064365386963e-09,1.0,0.0
2022-04-05,14503464.882066628,2.3283064365386963e-09,1.0,-4.119059545278849
2022-04-06,13767327.185906999,2.3283064365386963e-09,1.0,-8.98559145237026
2022-04-07,13716246.26661674,2.3283064365386963e-09,1.0,-9.323282246995323
2022-04-08,13402642.150928596,2.3283064365386963e-09,0.75,-11.396487359508122
2022-04-11,13005616.324718134,2.3283064365386963e-09,0.75,-14.021184968762956
2022-04-12,12896254.07456256,2.3283064365386963e-09,0.75,-14.744167751182513
2022-04-13,13230497.40774602,2.3283064365386963e-09,0.75,-12.534518857835842
2022-04-14,12758967.361861698,2.3283064365386963e-09,0.5,-15.651756333133845
2022-04-18,12800211.495972628,2.3283064365386963e-09,0.5,-15.379095531114995
2022-04-19,13289476.776789855,2.3283064365386963e-09,0.75,-12.14461221019461
2022-04-20,12646449.00342926,2.3283064365386963e-09,0.5,-16.395603828380537
2022-04-21,12176808.372588744,2.3283064365386963e-09,0.5,-19.50035057178912
2022-04-22,11926284.024697049,2.3283064365386963e-09,0.3,-21.15654171493883
2022-04-25,12086535.141116982,2.3283064365386963e-09,0.3,-20.097137781037425
2022-04-26,11139189.424435664,2.3283064365386963e-09,0.2,-26.35994456477845
2022-04-27,10822078.637500651,2.3283064365386963e-09,0.2,-28.456331926481308
2022-04-28,11598083.457599647,2.3283064365386963e-09,0.3,-23.326242492439363
2022-04-29,11281327.08816974,2.3283064365386963e-09,0.2,-25.42028683583732
2022-05-02,11887678.012527116,2.3283064365386963e-09,0.3,-21.411762159443544
2022-05-03,11914983.021409888,2.3283064365386963e-09,0.3,-21.231251505465824
2022-05-04,12483177.627224768,2.3283064365386963e-09,0.5,-17.47497439445679
2022-05-05,11553980.737345878,2.3283064365386963e-09,0.3,-23.617801118528188
2022-05-06,11251397.003255753,2.3283064365386963e-09,0.2,-25.618151602138177
2022-05-09,10202881.978095407,2.3283064365386963e-09,0.2,-32.549778458944445
2022-05-10,18402704.160271928,16363413.724816658,0.2,-32.18601161789503
2022-05-11,18313592.26479343,16363413.724816658,1.0,0.0
2022-05-12,18397363.229849152,16363413.724816658,1.0,0.0
2022-05-13,18585894.062683776,16363413.724816658,1.0,0.0
2022-05-16,18509581.940687135,16363413.724816658,1.0,-0.41059161178508186
2022-05-17,18589755.05612279,16363413.724816658,1.0,0.0
2022-05-18,18487112.393632382,16363413.724816658,1.0,-0.5521463955847126
2022-05-19,18523960.45943968,16363413.724816658,1.0,-0.3539293362633129
2022-05-20,18440434.308772016,16363413.724816658,1.0,-0.8032421454719161
2022-05-23,18423168.432750043,16363413.724816658,1.0,-0.8961205936808775
2022-05-24,18274705.77322698,16363413.724816658,1.0,-1.6947468212715644
2022-05-25,18371893.70821998,16363413.724816658,1.0,-1.1719430796429802
2022-05-26,18479066.22620419,16363413.724816658,1.0,-0.5954292005700406
2022-05-27,18598697.7758102,16363413.724816658,1.0,0.0
2022-05-31,18585861.93254024,16363413.724816658,1.0,-0.06901474191732723
2022-06-01,18543893.518811002,16363413.724816658,1.0,-0.2946671732602577
2022-06-02,18694032.019313887,16363413.724816658,1.0,0.0
2022-06-03,18536976.33012454,16363413.724816658,1.0,-0.8401381201609425
2022-06-06,18579649.16164651,16363413.724816658,1.0,-0.6118683093577661
2022-06-07,18594574.67445903,16363413.724816658,1.0,-0.5320272520775755
2022-06-08,18633609.045810677,16363413.724816658,1.0,-0.32322065908939906
2022-06-09,18526122.398570597,16363413.724816658,1.0,-0.8981990646523577
2022-06-10,18322754.469513714,2.7939677238464355e-09,1.0,-1.658723367043622
2022-06-13,16876595.940370116,2.7939677238464355e-09,1.0,-9.722012228641056
2022-06-14,16977838.083070062,2.7939677238464355e-09,1.0,-9.180437556064552
2022-06-15,18140220.858822957,2.7939677238464355e-09,1.0,-2.9625024709423613
2022-06-16,17034584.668133914,2.7939677238464355e-09,1.0,-8.876883004509144
2022-06-17,17441045.81331677,2.7939677238464355e-09,1.0,-6.702600084896529
2022-06-21,18393338.630111568,2.7939677238464355e-09,1.0,-1.6084993803993455
2022-06-22,18452205.524347823,2.7939677238464355e-09,1.0,-1.2936026573412236
2022-06-23,18874378.258582104,2.7939677238464355e-09,1.0,0.0
2022-06-24,19702214.577695206,2.7939677238464355e-09,1.0,0.0
2022-06-27,19334114.76924946,2.7939677238464355e-09,1.0,-1.8683169193704168
2022-06-28,18298279.928064063,2.7939677238464355e-09,1.0,-7.1257707812223865
2022-06-29,18151696.914979413,2.7939677238464355e-09,1.0,-7.869763353765963
2022-06-30,17538692.27270625,2.7939677238464355e-09,0.75,-10.981112282871331
2022-07-01,17627576.647627763,2.7939677238464355e-09,0.75,-10.529973277299149
2022-07-05,18520354.484746132,2.7939677238464355e-09,1.0,-5.99861547689696
2022-07-06,18431985.428311523,2.7939677238464355e-09,1.0,-6.447138946612142
2022-07-07,19263684.952650912,2.7939677238464355e-09,1.0,-2.2257884935470718
2022-07-08,19343951.121002875,2.7939677238464355e-09,1.0,-1.8183918121464329
2022-07-11,18250727.212844923,2.7939677238464355e-09,1.0,-7.367127990238749
2022-07-12,18163358.9608065,2.7939677238464355e-09,1.0,-7.810571805622489
2022-07-13,18241702.72969435,2.7939677238464355e-09,1.0,-7.412932400270848
2022-07-14,18034395.334064588,2.7939677238464355e-09,1.0,-8.46513592192194
2022-07-15,18492074.580241017,2.7939677238464355e-09,1.0,-6.142152155951966
2022-07-18,18731775.842407003,2.7939677238464355e-09,1.0,-4.925531246557594
2022-07-19,19323874.86948672,2.7939677238464355e-09,1.0,-1.9202902633940617
2022-07-20,20231035.18547699,2.7939677238464355e-09,1.0,0.0
2022-07-21,21032431.114832688,2.7939677238464355e-09,1.0,0.0
2022-07-22,19160791.16017133,2.7939677238464355e-09,1.0,-8.89882840667631
2022-07-25,18893590.21645008,2.7939677238464355e-09,0.75,-10.169251888690292
2022-07-26,18053350.539487217,2.7939677238464355e-09,0.75,-14.164223617708826
2022-07-27,19121669.980438583,2.7939677238464355e-09,1.0,-9.084832485420959
2022-07-28,19300225.350364823,2.7939677238464355e-09,1.0,-8.23587988954003
2022-07-29,19528981.387941584,2.7939677238464355e-09,1.0,-7.148245101493888
2022-08-01,19753150.640799813,2.7939677238464355e-09,1.0,-6.082418466264173
2022-08-02,19989416.892550107,2.7939677238464355e-09,1.0,-4.95907589849191
2022-08-03,20618671.25412721,2.7939677238464355e-09,1.0,-1.9672469551733578
2022-08-04,20902738.919380944,2.7939677238464355e-09,1.0,-0.6166295980890252
2022-08-05,20418154.32312488,2.7939677238464355e-09,1.0,-2.920617157160687
2022-08-08,20196327.14799012,2.7939677238464355e-09,1.0,-3.9753082383943927
2022-08-09,19591619.95205438,2.7939677238464355e-09,1.0,-6.850426158116378
2022-08-10,20300221.00520204,2.7939677238464355e-09,1.0,-2.8996100052696465
2022-08-11,20252155.29628608,2.7939677238464355e-09,1.0,-3.709869839993602
2022-08-12,21014084.192895066,2.7939677238464355e-09,1.0,-0.0872315798276089
2022-08-15,21458495.45099658,2.7939677238464355e-09,1.0,0.0
2022-08-16,21433200.272166915,2.7939677238464355e-09,1.0,-0.11787955445166805
2022-08-17,20762932.385322757,2.7939677238464355e-09,1.0,-3.241434457798955
2022-08-18,20970644.040832367,2.7939677238464355e-09,1.0,-2.273465123770165
2022-08-19,20021728.05828408,2.7939677238464355e-09,1.0,-6.695564449024655
2022-08-22,19292204.2333379,2.7939677238464355e-09,0.75,-10.095261443681842
2022-08-23,19185910.202845935,2.7939677238464355e-09,0.75,-10.590608523045834
2022-08-24,19345008.440887634,2.7939677238464355e-09,1.0,-9.849185442359579
2022-08-25,19922787.798097316,2.7939677238464355e-09,1.0,-7.156641789757648
2022-08-26,18828322.65744097,2.7939677238464355e-09,0.75,-12.257023329347438
2022-08-29,18421810.89223265,2.7939677238464355e-09,0.75,-14.151432777282164
2022-08-30,18091791.121745735,2.7939677238464355e-09,0.5,-15.689377370091847
2022-08-31,18401331.078057803,2.7939677238464355e-09,0.75,-14.246871966957015
2022-09-01,18418190.793412197,2.7939677238464355e-09,0.75,-14.168303013262681
2022-09-02,17888836.577862505,2.7939677238464355e-09,0.5,-16.63517780771668
2022-09-06,17647155.781651337,2.7939677238464355e-09,0.5,-17.76144873739616
2022-09-07,18177550.000842005,2.7939677238464355e-09,0.5,-15.289727360648678
2022-09-08,18831947.48044385,2.7939677238464355e-09,0.75,-12.240131077925822
2022-09-09,19412042.678714793,2.7939677238464355e-09,1.0,-9.536795237835495
2022-09-12,19531432.984651666,2.7939677238464355e-09,1.0,-8.980417433019136
2022-09-13,18151354.0576583,2.7939677238464355e-09,0.5,-15.411804620182215
2022-09-14,18214366.578510705,2.7939677238464355e-09,0.5,-15.11815625608184
2022-09-15,18444156.11159895,2.7939677238464355e-09,0.75,-14.04730050287677
2022-09-16,18156304.808205005,2.7939677238464355e-09,0.5,-15.388733335627292
2022-09-19,18419581.637757473,2.7939677238464355e-09,0.75,-14.161821457514975
2022-09-20,18069163.50746795,2.7939677238464355e-09,0.5,-15.7948256496763
2022-09-21,17676360.11437937,2.7939677238464355e-09,0.5,-17.6253519043506
2022-09-22,17025074.27027508,2.7939677238464355e-09,0.3,-20.660447471006663
2022-09-23,16657646.089210905,2.7939677238464355e-09,0.3,-22.372721203819133
2022-09-26,16381728.294425365,2.7939677238464355e-09,0.3,-23.65854198941725
2022-09-27,16593789.719347246,2.7939677238464355e-09,0.3,-22.670302038456324
2022-09-28,17120876.707148716,2.7939677238464355e-09,0.3,-20.21399288572404
2022-09-29,16205483.375493838,2.7939677238464355e-09,0.3,-24.47987132881109
2022-09-30,15996400.019065395,2.7939677238464355e-09,0.2,-25.454233007177184
2022-10-03,15968923.320066676,2.7939677238464355e-09,0.2,-25.58227879240694
2022-10-04,16646652.908231968,2.7939677238464355e-09,0.3,-22.423951174736906
2022-10-05,16492316.255535625,2.7939677238464355e-09,0.3,-23.143184510777598
2022-10-06,16462473.953174964,2.7939677238464355e-09,0.3,-23.282254383727498
2022-10-07,15434346.767358301,2.7939677238464355e-09,0.2,-28.073490508201054
2022-10-10,27283381.035383392,24259980.91397879,0.2,-29.12777858451474
2022-10-11,27227489.401630927,24259980.91397879,1.0,0.0
2022-10-12,27245566.3959115,24259980.91397879,1.0,0.0
2022-10-13,27296633.142321542,24259980.91397879,1.0,0.0
2022-10-14,27117180.70108431,24259980.91397879,1.0,-0.657416027469721
2022-10-17,27292645.273506135,24259980.91397879,1.0,-0.014609379825764086
2022-10-18,27339301.57414136,24259980.91397879,1.0,0.0
2022-10-19,27334539.006936137,24259980.91397879,1.0,-0.01742022265019681
2022-10-20,27295627.663172424,24259980.91397879,1.0,-0.15974772014748748
2022-10-21,27239254.36124263,24259980.91397879,1.0,-0.36594648413900965
2022-10-24,27270733.644545812,24259980.91397879,1.0,-0.2508035159918022
2022-10-25,27424384.51675436,24259980.91397879,1.0,0.0
2022-10-26,27365660.579824675,24259980.91397879,1.0,-0.21413037325890746
2022-10-27,27346619.053482704,24259980.91397879,1.0,-0.2835632034846432
2022-10-28,27377847.890024886,24259980.91397879,1.0,-0.1696906878659132
2022-10-31,27336734.524328396,24259980.91397879,1.0,-0.31960605122209884
2022-11-01,27316129.654154673,24259980.91397879,1.0,-0.394739442679378
2022-11-02,27149642.384573508,24259980.91397879,1.0,-1.0018169487559618
2022-11-03,27121686.39405452,24259980.91397879,1.0,-1.1037553915381801
2022-11-04,27135478.449699,24259980.91397879,1.0,-1.0534641784899796
2022-11-07,27162649.984737206,24259980.91397879,1.0,-0.954386166286618
2022-11-08,27158066.706787672,24259980.91397879,1.0,-0.9710985849253454
2022-11-09,26995834.548011184,24259980.91397879,1.0,-1.5626602977410908
2022-11-10,27237486.00625014,1.862645149230957e-09,1.0,-0.3490841120870336
2022-11-11,28792217.359885782,1.862645149230957e-09,1.0,0.0
2022-11-14,28215852.484024134,1.862645149230957e-09,1.0,-2.0018078797385646
2022-11-15,28766286.43444545,1.862645149230957e-09,1.0,-0.09006227313517562
2022-11-16,27592070.329644673,1.862645149230957e-09,1.0,-4.1683035913489315
2022-11-17,27022385.693430178,1.862645149230957e-09,1.0,-6.1469099247680345
2022-11-18,26660316.511037417,1.862645149230957e-09,1.0,-7.404434407398563
2022-11-21,25580728.689451188,1.862645149230957e-09,0.75,-11.154016484013281
2022-11-22,25774519.27367475,1.862645149230957e-09,0.75,-10.480950628051957
2022-11-23,26730477.16682711,1.862645149230957e-09,1.0,-7.160755169663155
2022-11-25,26612020.126074243,1.862645149230957e-09,1.0,-7.572175517294675
2022-11-28,26334354.86646911,1.862645149230957e-09,1.0,-8.536551605924737
2022-11-29,26010085.449768867,1.862645149230957e-09,1.0,-9.662791424994825
2022-11-30,27722939.72727778,1.862645149230957e-09,1.0,-3.7137731326582415
2022-12-01,27930862.761263873,1.862645149230957e-09,1.0,-2.9916230065072194
2022-12-02,27803154.501304097,1.862645149230957e-09,1.0,-3.435174325822081
2022-12-05,26545197.490605954,1.862645149230957e-09,1.0,-7.804261273778956
2022-12-06,25708070.098911785,1.862645149230957e-09,0.75,-10.711739295462975
2022-12-07,25518367.866056707,1.862645149230957e-09,0.75,-11.370605649811136
2022-12-08,25891649.99535445,1.862645149230957e-09,0.75,-10.07413679980234
2022-12-09,26494553.010256812,1.862645149230957e-09,1.0,-7.980157696468866
2022-12-12,26803147.95845188,1.862645149230957e-09,1.0,-6.908357826601912
2022-12-13,27491326.5054302,1.862645149230957e-09,1.0,-4.518203090075392
2022-12-14,27614605.502849363,1.862645149230957e-09,1.0,-4.090035311684972
2022-12-15,26597658.504857894,1.862645149230957e-09,1.0,-7.622055736788845
2022-12-16,26483202.123973683,1.862645149230957e-09,1.0,-8.019581149484832
2022-12-19,25682834.89181418,1.862645149230957e-09,0.75,-10.79938522693876
2022-12-20,25488250.96161109,1.862645149230957e-09,0.75,-11.475206501038308
2022-12-21,25954849.671713278,1.862645149230957e-09,1.0,-9.854634162791552
2022-12-22,24836047.943341188,1.862645149230957e-09,0.75,-13.740412442344413
2022-12-23,24861966.988842383,1.862645149230957e-09,0.75,-13.650391430147879
2022-12-27,24036735.176985674,1.862645149230957e-09,0.5,-16.51655419052787
2022-12-28,24093036.804977115,1.862645149230957e-09,0.5,-16.32100958454041
2022-12-29,25310220.714541677,1.862645149230957e-09,0.75,-12.093534172172967
2022-12-30,25387097.02738162,1.862645149230957e-09,0.75,-11.826530377782856
2023-01-03,25491307.60488631,1.862645149230957e-09,0.75,-11.464590287507361
2023-01-04,25874472.209442057,1.862645149230957e-09,0.75,-10.1337980120587
2023-01-05,25241605.530701097,1.862645149230957e-09,0.75,-12.331845737353692
2023-01-06,25751037.430898804,1.862645149230957e-09,0.75,-10.562506843339008
2023-01-09,26233475.191134226,1.862645149230957e-09,1.0,-8.886922937434043
2023-01-10,26541356.97463678,5.587935447692871e-09,1.0,-7.262006685255611
2023-01-11,27925451.962411013,5.587935447692871e-09,1.0,-3.0104155808519777
2023-01-12,28384466.71497447,5.587935447692871e-09,1.0,-1.4161835464586432
2023-01-13,28745071.803336233,5.587935447692871e-09,1.0,-0.16374409778954283
2023-01-17,29498155.160187438,5.587935447692871e-09,1.0,0.0
2023-01-18,29033375.967866123,5.587935447692871e-09,1.0,-1.5756212203690982
2023-01-19,28478785.91507406,5.587935447692871e-09,1.0,-3.4557050757166716
2023-01-20,29870608.773897745,5.587935447692871e-09,1.0,0.0
2023-01-23,30831906.75491536,5.587935447692871e-09,1.0,0.0
2023-01-24,30530819.231852908,5.587935447692871e-09,1.0,-0.9765452570151276
2023-01-25,30578159.702414297,5.587935447692871e-09,1.0,-0.8230014916628869
2023-01-26,31977226.07717633,5.587935447692871e-09,1.0,0.0
2023-01-27,33661641.5061619,5.587935447692871e-09,1.0,0.0
2023-01-30,32186846.60333141,5.587935447692871e-09,1.0,-4.381232871725884
2023-01-31,33080212.19000373,5.587935447692871e-09,1.0,-1.7272755877093366
2023-02-01,34494362.774735644,5.587935447692871e-09,1.0,0.0
2023-02-02,36225487.94525801,5.587935447692871e-09,1.0,0.0
2023-02-03,34806604.58442542,5.587935447692871e-09,1.0,-3.916809520900661
2023-02-06,35039957.37422149,5.587935447692871e-09,1.0,-3.272642104443223
2023-02-07,35923463.274364024,5.587935447692871e-09,1.0,-0.8337352732153266
2023-02-08,35811731.49589666,5.587935447692871e-09,1.0,-1.1421694305031667
2023-02-09,35833558.13688349,5.587935447692871e-09,1.0,-1.081917264901386
2023-02-10,34487734.58773178,3.725290298461914e-09,1.0,-4.223247578568219
2023-02-13,35034791.13654961,3.725290298461914e-09,1.0,-3.286903438009492
2023-02-14,35464740.48968682,3.725290298461914e-09,1.0,-2.1000337020188375
2023-02-15,35771193.76911041,3.725290298461914e-09,1.0,-1.2540733111286169
2023-02-16,34695834.24236423,3.725290298461914e-09,1.0,-4.222589645183823
2023-02-17,34327789.62091623,3.725290298461914e-09,1.0,-5.23857215452687
2023-02-21,33297432.31556141,3.725290298461914e-09,1.0,-8.082860427225482
2023-02-22,33291091.859494306,3.725290298461914e-09,1.0,-8.100363175778337
2023-02-23,34230775.11635211,3.725290298461914e-09,1.0,-5.506379463874158
2023-02-24,33605173.622585386,3.725290298461914e-09,1.0,-7.233344452481351
2023-02-27,33450540.075594384,3.725290298461914e-09,1.0,-7.6602083976259285
2023-02-28,33584953.339687504,3.725290298461914e-09,1.0,-7.28916228695314
2023-03-01,33097624.954017434,3.725290298461914e-09,1.0,-8.634426114472852
2023-03-02,33726974.777596414,3.725290298461914e-09,1.0,-6.897113908961586
2023-03-03,34643973.223798685,3.725290298461914e-09,1.0,-4.365751329144885
2023-03-06,34699432.28657552,3.725290298461914e-09,1.0,-4.212657289775034
2023-03-07,33982572.83920112,3.725290298461914e-09,1.0,-6.191538701828546
2023-03-08,34179462.71928271,3.725290298461914e-09,1.0,-5.648026685153669
2023-03-09,33258293.572410837,3.725290298461914e-09,1.0,-8.190902431268926
2023-03-10,39711289.12069258,15913159.335080178,0.75,-11.879489454568343
2023-03-13,39675764.179789916,15913159.335080178,1.0,0.0
2023-03-14,40673582.0790243,15913159.335080178,1.0,0.0
2023-03-15,40482716.968357444,15913159.335080178,1.0,-0.4692606377673504
2023-03-16,41243199.247403234,15913159.335080178,1.0,0.0
2023-03-17,40636704.08242168,15913159.335080178,1.0,-1.4705337511365288
2023-03-20,40937801.79059448,15913159.335080178,1.0,-0.7404795514935274
2023-03-21,41978104.053232186,15913159.335080178,1.0,0.0
2023-03-22,41508084.15076279,15913159.335080178,1.0,-1.1196787303051303
2023-03-23,41811451.74930027,15913159.335080178,1.0,-0.3969981677128235
2023-03-24,41745219.91266454,15913159.335080178,1.0,-0.5547752711087819
2023-03-27,41800598.91007832,15913159.335080178,1.0,-0.4228517393943647
2023-03-28,41641679.06001147,15913159.335080178,1.0,-0.8014296996217317
2023-03-29,42195961.00915766,15913159.335080178,1.0,0.0
2023-03-30,42362882.88179569,15913159.335080178,1.0,0.0
2023-03-31,43083835.729177795,15913159.335080178,1.0,0.0
2023-04-03,42806826.16196534,15913159.335080178,1.0,-0.6429547474689097
2023-04-04,42518949.88853515,15913159.335080178,1.0,-1.3111317297593506
2023-04-05,41928873.86135966,15913159.335080178,1.0,-2.680731295788396
2023-04-06,42178914.26502761,15913159.335080178,1.0,-2.100373490044992
2023-04-10,42038837.29008932,0.0,1.0,-1.9485473441221695
2023-04-11,42412354.063373715,0.0,1.0,-1.5585466206513527
2023-04-12,41515203.54384477,0.0,1.0,-3.6408833122318747
2023-04-13,41998685.41944579,0.0,1.0,-2.5186947526055703
2023-04-14,41727096.78825767,0.0,1.0,-3.1490672034135843
2023-04-17,42084263.25661495,0.0,1.0,-2.3200637910841784
2023-04-18,41816179.91047603,0.0,1.0,-2.9423002786246077
2023-04-19,41975279.51970341,0.0,1.0,-2.5730211591249614
2023-04-20,40434215.366457,0.0,1.0,-6.149917522144818
2023-04-21,40364430.48414242,0.0,1.0,-6.3118921493652005
2023-04-24,40525499.66892317,0.0,1.0,-5.93804153450069
2023-04-25,39538146.03892837,0.0,1.0,-8.22974470643098
2023-04-26,38852280.00369356,0.0,1.0,-9.82167825558412
2023-04-27,40907973.84628232,0.0,1.0,-5.050297509657228
2023-04-28,42107473.05307341,0.0,1.0,-2.2661925512893846
2023-05-01,42416035.27888175,0.0,1.0,-1.5500023129179927
2023-05-02,41021037.709341325,0.0,1.0,-4.7878699399075915
2023-05-03,40419249.65474058,0.0,1.0,-6.184653778708636
2023-05-04,39119908.80199775,0.0,1.0,-9.200496799071077
2023-05-05,41141473.281440645,0.0,1.0,-4.508332219876416
2023-05-08,41431856.43253356,0.0,1.0,-3.834336633879277
2023-05-09,41290693.639652595,0.0,1.0,-4.161983396271343
2023-05-10,40899253.34312301,1.862645149230957e-09,1.0,-4.498388130051863
2023-05-11,40417887.62646896,1.862645149230957e-09,1.0,-6.187815122745375
2023-05-12,39838900.13635479,1.862645149230957e-09,1.0,-7.531677572118838
2023-05-15,41054630.2283747,1.862645149230957e-09,1.0,-4.70989981848077
2023-05-16,40932999.28172019,1.862645149230957e-09,1.0,-4.992212069922518
2023-05-17,43172067.08045829,1.862645149230957e-09,1.0,0.0
2023-05-18,44416675.318049245,1.862645149230957e-09,1.0,0.0
2023-05-19,44214184.02398012,1.862645149230957e-09,1.0,-0.4558902543226631
2023-05-22,45362984.013994224,1.862645149230957e-09,1.0,0.0
2023-05-23,45439156.81607622,1.862645149230957e-09,1.0,0.0
2023-05-24,45077915.369893104,1.862645149230957e-09,1.0,-0.7950003290010638
2023-05-25,47516077.45699086,1.862645149230957e-09,1.0,0.0
2023-05-26,48763478.3533073,1.862645149230957e-09,1.0,0.0
2023-05-30,49439905.25274377,1.862645149230957e-09,1.0,0.0
2023-05-31,48255203.04256969,1.862645149230957e-09,1.0,-2.396246926683453
2023-06-01,49883478.32259567,1.862645149230957e-09,1.0,0.0
2023-06-02,50945444.81234481,1.862645149230957e-09,1.0,0.0
2023-06-05,50856353.58963196,1.862645149230957e-09,1.0,-0.1748757382353132
2023-06-06,51749865.04958532,1.862645149230957e-09,1.0,0.0
2023-06-07,51699471.881986715,1.862645149230957e-09,1.0,-0.09737835557700447
2023-06-08,52730228.61786174,1.862645149230957e-09,1.0,0.0
2023-06-09,52837121.30238599,1.862645149230957e-09,1.0,0.0
2023-06-12,53282997.485988274,1.862645149230957e-09,1.0,0.0
2023-06-13,54642963.43671409,1.862645149230957e-09,1.0,0.0
2023-06-14,54439479.80339031,1.862645149230957e-09,1.0,-0.3723876241804676
2023-06-15,55114149.71819052,1.862645149230957e-09,1.0,0.0
2023-06-16,55184834.40339883,1.862645149230957e-09,1.0,0.0
2023-06-20,56256763.34783624,1.862645149230957e-09,1.0,0.0
2023-06-21,55034832.96377719,1.862645149230957e-09,1.0,-2.172059520210644
2023-06-22,54980490.97456622,1.862645149230957e-09,1.0,-2.2686558865443653
2023-06-23,54275639.40419206,1.862645149230957e-09,1.0,-3.521574697418811
2023-06-26,52709360.8353756,1.862645149230957e-09,1.0,-6.305735170946486
2023-06-27,54180209.30772524,1.862645149230957e-09,1.0,-3.6912078060226095
2023-06-28,54144575.47216874,1.862645149230957e-09,1.0,-3.754549231010349
2023-06-29,54143147.40946696,1.862645149230957e-09,1.0,-3.7570877039277377
2023-06-30,54902757.015279286,1.862645149230957e-09,1.0,-2.4068329779036843
2023-07-03,56539933.30154869,1.862645149230957e-09,1.0,0.0
2023-07-05,56866676.44571161,1.862645149230957e-09,1.0,0.0
2023-07-06,56194887.5779612,1.862645149230957e-09,1.0,-1.1813401270104895
2023-07-07,56713381.94264649,1.862645149230957e-09,1.0,-0.269568247427768
2023-07-10,56408811.21307099,0.0,1.0,-0.2072975242227664
2023-07-11,56815030.90903115,0.0,1.0,-0.09081863036213123
2023-07-12,57812778.02720902,0.0,1.0,0.0
2023-07-13,59090952.4452318,0.0,1.0,0.0
2023-07-14,57860086.42291927,0.0,1.0,-2.0830025094845985
2023-07-17,58590306.73697238,0.0,1.0,-0.8472459615936085
2023-07-18,59145542.965108655,0.0,1.0,0.0
2023-07-19,60184538.00338,0.0,1.0,0.0
2023-07-20,57273954.97128473,0.0,1.0,-4.836097656730052
2023-07-21,56022435.72296782,0.0,1.0,-6.915567384065382
2023-07-24,56095088.852599636,0.0,1.0,-6.794850116737123
2023-07-25,56244448.29091667,0.0,1.0,-6.546680996773717
2023-07-26,56413708.82892688,0.0,1.0,-6.265445078670115
2023-07-27,56163681.46492785,0.0,1.0,-6.6808796276318265
2023-07-28,58636081.28638511,0.0,1.0,-2.5728480575989914
2023-07-31,59546948.46755727,0.0,1.0,-1.0593909282595586
2023-08-01,60414773.91935218,0.0,1.0,0.0
2023-08-02,57485440.508697785,0.0,1.0,-4.848703753430858
2023-08-03,57179641.61431463,0.0,1.0,-5.35486950486008
2023-08-04,56507595.71960799,0.0,1.0,-6.467256179688591
2023-08-07,57100416.13837746,0.0,1.0,-5.486005435357694
2023-08-08,55988213.17718901,0.0,1.0,-7.326950768817244
2023-08-09,53824682.2444511,0.0,0.75,-10.9080796755082
2023-08-10,54322147.166370764,0.0,1.0,-9.542734184247491
2023-08-11,53425450.243014954,0.0,0.75,-11.568898173263532
2023-08-14,54279707.34492911,0.0,0.75,-10.154911086173705
2023-08-15,53106111.92468036,0.0,0.75,-12.097474707806025
2023-08-16,52444185.60338047,0.0,0.75,-13.193111219139322
2023-08-17,51003302.51971175,0.0,0.5,-15.57809586807993
2023-08-18,50766825.59459396,0.0,0.5,-15.969518213603335
2023-08-21,52706204.75994896,0.0,0.75,-12.75941075223323
2023-08-22,51893631.72549324,0.0,0.75,-14.104401359233481
2023-08-23,53167742.44838321,0.0,0.75,-11.995462369259293
2023-08-24,51819337.169878185,0.0,0.75,-14.22737551074521
2023-08-25,52288638.177775316,0.0,0.75,-13.450577092987986
2023-08-28,53015892.52385394,0.0,0.75,-12.246808049592344
2023-08-29,55140231.285707854,0.0,1.0,-8.730550975305025
2023-08-30,55555016.17994718,0.0,1.0,-8.043988951928052
2023-08-31,55134555.93680699,0.0,1.0,-8.739944950541013
2023-09-01,54289289.77000654,0.0,0.75,-10.139050023629265
2023-09-05,54721305.05706039,0.0,1.0,-9.42396783590056
2023-09-06,53961285.35520205,0.0,0.75,-10.681970891366586
2023-09-07,53366873.01241878,0.0,0.75,-11.665856626959597
2023-09-08,52937710.20872605,0.0,0.75,-12.376217315001927
2023-09-11,54649933.80863344,0.0,1.0,-9.54210325840868
2023-09-12,54107897.678647384,0.0,0.75,-10.439294615459225
2023-09-13,54549170.98510568,0.0,1.0,-9.708888329329032
2023-09-14,55436051.679416925,0.0,1.0,-8.240901880360198
2023-09-15,54498744.463654794,0.0,1.0,-9.792355531437904
2023-09-18,54123201.17734989,0.0,0.75,-10.413963893005588
2023-09-19,54467660.92895021,0.0,1.0,-9.843805752448537
2023-09-20,53441936.81631431,0.0,0.75,-11.541609197025098
2023-09-21,51777916.661348365,0.0,0.75,-14.29593574169983
2023-09-22,51474522.61174356,0.0,0.75,-14.798120935688647
2023-09-25,51369323.33743414,0.0,0.75,-14.972249327611209
2023-09-26,50525029.87149056,0.0,0.5,-16.36974436263465
2023-09-27,51312607.13639617,0.0,0.5,-15.066127360017129
2023-09-28,52718869.28465212,0.0,0.75,-12.738448123588677
2023-09-29,52962897.462981865,0.0,0.75,-12.334526760487167
2023-10-02,53499089.07175863,0.0,0.75,-11.447009396783173
2023-10-03,51752017.9261444,0.0,0.75,-14.33880395674693
2023-10-04,53425126.80113342,0.0,0.75,-11.569433542115478
2023-10-05,53613914.06575329,0.0,0.75,-11.256948280030603
2023-10-06,54565312.06201856,0.0,1.0,-9.682171227094358
2023-10-09,55111120.787825786,0.0,1.0,-8.77873537788332
2023-10-10,55725954.78754253,3.725290298461914e-09,1.0,-7.20511305241701
2023-10-11,54879612.86935009,3.725290298461914e-09,1.0,-9.161932903019698
2023-10-12,54099788.90710238,3.725290298461914e-09,0.75,-10.452716450912629
2023-10-13,53373495.265954465,3.725290298461914e-09,0.75,-11.654895312191577
2023-10-16,54441442.85215143,3.725290298461914e-09,1.0,-9.88720254945349
2023-10-17,54230417.40434426,3.725290298461914e-09,0.75,-10.236496992049382
2023-10-18,53355884.38387357,3.725290298461914e-09,0.75,-11.684045271611115
2023-10-19,52452302.3153244,3.725290298461914e-09,0.75,-13.179676240544902
2023-10-20,51488673.62793001,3.725290298461914e-09,0.75,-14.774697830265234
2023-10-23,52218308.37495145,3.725290298461914e-09,0.75,-13.56698868945899
2023-10-24,52522646.175490595,3.725290298461914e-09,0.75,-13.063241376019722
2023-10-25,50791504.015061006,3.725290298461914e-09,0.5,-15.928669893124653
2023-10-26,49290504.69136791,3.725290298461914e-09,0.5,-18.41316040151716
2023-10-27,50942902.59442162,3.725290298461914e-09,0.5,-15.67807129026848
2023-10-30,50556997.682531975,3.725290298461914e-09,0.5,-16.316830465970746
2023-10-31,51146710.18645053,3.725290298461914e-09,0.5,-15.340724017727197
2023-11-01,53030257.85505138,3.725290298461914e-09,0.75,-12.223030204761514
2023-11-02,54217287.54103251,3.725290298461914e-09,0.75,-10.2582298604522
2023-11-03,56405856.381768085,3.725290298461914e-09,1.0,-6.635657600797462
2023-11-06,56231729.96470258,3.725290298461914e-09,1.0,-6.923875872205628
2023-11-07,56934515.84051318,3.725290298461914e-09,1.0,-5.760607634623955
2023-11-08,56410470.94278038,3.725290298461914e-09,1.0,-6.628019467418931
2023-11-09,55615433.821492255,3.725290298461914e-09,1.0,-7.943984205364364
2023-11-10,56484656.975412026,1.1175870895385742e-08,1.0,-5.941721801093458
2023-11-13,56862172.61163032,1.1175870895385742e-08,1.0,-5.880351902771723
2023-11-14,59324441.57249543,1.1175870895385742e-08,1.0,-1.8047445618388602
2023-11-15,60394953.81710255,1.1175870895385742e-08,1.0,-0.032806714258482035
2023-11-16,60402551.012358904,1.1175870895385742e-08,1.0,-0.020231652293516412
2023-11-17,60449426.66269339,1.1175870895385742e-08,1.0,0.0
2023-11-20,61271236.563112006,1.1175870895385742e-08,1.0,0.0
2023-11-21,60870142.05915333,1.1175870895385742e-08,1.0,-0.6546211998602766
2023-11-22,60159106.92806393,1.1175870895385742e-08,1.0,-1.8150925253524712
2023-11-24,59620910.534126066,1.1175870895385742e-08,1.0,-2.6934759628786558
2023-11-27,59590234.47429581,1.1175870895385742e-08,1.0,-2.7435419670120273
2023-11-28,60065794.55468529,1.1175870895385742e-08,1.0,-1.967386454139964
2023-11-29,61339099.94995591,1.1175870895385742e-08,1.0,0.0
2023-11-30,59816388.558045134,1.1175870895385742e-08,1.0,-2.482448215172859
2023-12-01,61278092.654269174,1.1175870895385742e-08,1.0,-0.09945906564737678
2023-12-04,61109976.79551007,1.1175870895385742e-08,1.0,-0.37353524038137864
2023-12-05,61795504.63965731,1.1175870895385742e-08,1.0,0.0
2023-12-06,60851737.73129784,1.1175870895385742e-08,1.0,-1.5272420119598875
2023-12-07,61874137.654798396,1.1175870895385742e-08,1.0,0.0
2023-12-08,62600629.336933225,1.1175870895385742e-08,1.0,0.0
2023-12-11,61030323.43491118,1.1175870895385742e-08,1.0,-2.5084506636031487
2023-12-12,61744503.34354231,1.1175870895385742e-08,1.0,-1.3675996590753428
2023-12-13,63439735.72041493,1.1175870895385742e-08,1.0,0.0
2023-12-14,65908944.89395645,1.1175870895385742e-08,1.0,0.0
2023-12-15,66359008.23866115,1.1175870895385742e-08,1.0,0.0
2023-12-18,66975190.10453046,1.1175870895385742e-08,1.0,0.0
2023-12-19,68039986.44448659,1.1175870895385742e-08,1.0,0.0
2023-12-20,66013226.61165021,1.1175870895385742e-08,1.0,-2.9787775376616157
2023-12-21,67778196.36591616,1.1175870895385742e-08,1.0,-0.384759157446362
2023-12-22,67739391.07311544,1.1175870895385742e-08,1.0,-0.4417922270111032
2023-12-26,68614599.5930089,1.1175870895385742e-08,1.0,0.0
2023-12-27,69003191.19619642,1.1175870895385742e-08,1.0,0.0
2023-12-28,68660517.5140342,1.1175870895385742e-08,1.0,-0.49660555725300143
2023-12-29,67914835.28160739,1.1175870895385742e-08,1.0,-1.5772544656587197
2024-01-02,67163998.80872749,1.1175870895385742e-08,1.0,-2.665372942302868
2024-01-03,65337022.93595727,1.1175870895385742e-08,1.0,-5.313041609648395
2024-01-04,64827283.17102553,1.1175870895385742e-08,1.0,-6.05176072697501
2024-01-05,64816347.014881454,1.1175870895385742e-08,1.0,-6.067609495639897
2024-01-08,66910131.917680144,1.1175870895385742e-08,1.0,-3.0332789574399435
2024-01-09,66052435.79399471,1.1175870895385742e-08,1.0,-4.276259330980569
2024-01-10,66489597.52081896,0.0,1.0,-3.061965144785706
2024-01-11,65298033.00770446,0.0,1.0,-5.369546138753359
2024-01-12,64744970.32804179,0.0,1.0,-6.171049185315578
2024-01-16,64718177.97957919,0.0,1.0,-6.209876880090484
2024-01-17,63606706.47870795,0.0,1.0,-7.820630646117044
2024-01-18,63998076.57569208,0.0,1.0,-7.2534538384946945
2024-01-19,64224921.55810001,0.0,1.0,-6.924708198654733
2024-01-22,64934850.8258403,0.0,1.0,-5.895872784765315
2024-01-23,65043927.14619755,0.0,1.0,-5.7377984718728685
2024-01-24,64978307.60553834,0.0,1.0,-5.83289485730327
2024-01-25,63632857.64475725,0.0,1.0,-7.782732158241394
2024-01-26,63531744.2408462,0.0,1.0,-7.929266546228685
2024-01-29,64881532.820319936,0.0,1.0,-5.9731416829076736
2024-01-30,64130776.760451786,0.0,1.0,-7.061143624344742
2024-01-31,62696127.45047968,0.0,1.0,-9.140249365835707
2024-02-01,63806293.69403155,0.0,1.0,-7.531387189599041
2024-02-02,64849653.99323927,0.0,1.0,-6.019340744904714
2024-02-05,64923325.53878051,0.0,1.0,-5.912575326865174
2024-02-06,65456981.41212468,0.0,1.0,-5.1391967858252
2024-02-07,66521701.829108104,0.0,1.0,-3.596195080358982
2024-02-08,66831844.34238015,0.0,1.0,-3.1467339642923053
2024-02-09,66627160.176801294,0.0,1.0,-3.443363963616365
2024-02-12,67692141.42964314,0.0,1.0,-1.8999842526493906
2024-02-13,65910402.07017399,0.0,1.0,-4.482095787756709
2024-02-14,66736902.042872295,0.0,1.0,-3.28432513632652
2024-02-15,67238521.58862211,0.0,1.0,-2.557373908341192
2024-02-16,66502466.00049896,0.0,1.0,-3.6240718035592945
2024-02-20,65128381.65995285,0.0,1.0,-5.615406286393838
2024-02-21,64470240.54022758,0.0,1.0,-6.569189884392926
2024-02-22,67961957.81624123,0.0,1.0,-1.5089640955802377
2024-02-23,67500909.24866757,0.0,1.0,-2.177119523729596
2024-02-26,67921129.86337942,0.0,1.0,-1.5681323052732208
2024-02-27,68389450.54013745,0.0,1.0,-0.8894380758622039
2024-02-28,68454357.99395913,0.0,1.0,-0.7953736526138313
2024-02-29,68804064.87976058,0.0,1.0,-0.28857551800708586
2024-03-01,70013646.71062727,0.0,1.0,0.0
2024-03-04,69867062.96856292,0.0,1.0,-0.20936452956121634
2024-03-05,68704003.73958914,0.0,1.0,-1.8705538599510545
2024-03-06,69411591.1034092,0.0,1.0,-0.8599117964907927
2024-03-07,71106458.55770187,0.0,1.0,0.0
2024-03-08,70476755.11460413,0.0,1.0,-0.8855784071804744
2024-03-11,69821674.57011776,0.0,1.0,-1.8068456981886256
2024-03-12,71203540.06108066,0.0,1.0,0.0
2024-03-13,69886176.9301139,0.0,1.0,-1.850137127784225
2024-03-14,68025080.88051897,0.0,1.0,-4.463906117357519
2024-03-15,67955581.70450534,0.0,1.0,-4.561512466640174
2024-03-18,69504920.08454522,0.0,1.0,-2.3855836031162343
2024-03-19,70152892.76195726,0.0,1.0,-1.4755548645785417
2024-03-20,71397358.9983363,0.0,1.0,0.0
2024-03-21,70554787.54660474,0.0,1.0,-1.1801157123349564
2024-03-22,70929013.54173636,0.0,1.0,-0.6559702812128517
2024-03-25,71158867.88398932,0.0,1.0,-0.33403352405869574
2024-03-26,70111708.01076989,0.0,1.0,-1.8006982409480576
2024-03-27,70230531.43198396,0.0,1.0,-1.6342727276222178
2024-03-28,69862747.01986074,0.0,1.0,-2.149396000083582
2024-04-01,68568489.58472104,0.0,1.0,-3.9621485350475987
2024-04-02,67260118.31704667,0.0,1.0,-5.7946690736642426
2024-04-03,67223333.07388155,0.0,1.0,-5.846190927807305
2024-04-04,65873880.4041525,0.0,1.0,-7.736250572395137
2024-04-05,66266684.55619434,0.0,1.0,-7.186084351189394
2024-04-08,66783440.703117944,0.0,1.0,-6.462309474676604
2024-04-09,67474653.05380812,0.0,1.0,-5.4941891402728
2024-04-10,66151887.26311913,1.1175870895385742e-08,1.0,-6.788440367245463
2024-04-11,67758132.16423225,1.1175870895385742e-08,1.0,-5.097144887654524
2024-04-12,66044839.066700235,1.1175870895385742e-08,1.0,-7.496803812814407
2024-04-15,64401273.18597866,1.1175870895385742e-08,1.0,-9.798801959216256
2024-04-16,64219915.659425035,1.1175870895385742e-08,0.75,-10.052813492833137
2024-04-17,63022212.98898092,1.1175870895385742e-08,0.75,-11.73033026270697
2024-04-18,62856798.3055898,1.1175870895385742e-08,0.75,-11.962012058380912
2024-04-19,60496515.967574894,1.1175870895385742e-08,0.5,-15.267851897736746
2024-04-22,61153878.56769465,1.1175870895385742e-08,0.75,-14.34714193123074
2024-04-23,62530891.86358112,1.1175870895385742e-08,0.75,-12.418480542062888
2024-04-24,63130956.15442459,1.1175870895385742e-08,0.75,-11.578023276889459
2024-04-25,62128835.205426194,1.1175870895385742e-08,0.75,-12.981605934648202
2024-04-26,62964152.35946518,1.1175870895385742e-08,0.75,-11.811650678938458
2024-04-29,65139975.54639783,1.1175870895385742e-08,1.0,-8.764166545830193
2024-04-30,63478103.29534469,1.1175870895385742e-08,0.75,-11.091804814763732
2024-05-01,62858885.2634931,1.1175870895385742e-08,0.75,-11.959089040033211
2024-05-02,64282955.27523851,1.1175870895385742e-08,1.0,-9.964519448490487
2024-05-03,65511561.84616708,1.1175870895385742e-08,1.0,-8.243718303791
2024-05-06,66750790.34114906,1.1175870895385742e-08,1.0,-6.508039964469152
2024-05-07,65862898.52296355,1.1175870895385742e-08,1.0,-7.7516319273122
2024-05-08,65304636.03506532,1.1175870895385742e-08,1.0,-8.533541084359927
2024-05-09,65360643.17418718,1.1175870895385742e-08,1.0,-8.455096811479798
2024-05-10,64828654.972747065,3.725290298461914e-09,1.0,-8.652945684401658
2024-05-13,65188190.50097721,3.725290298461914e-09,1.0,-8.69663610036861
2024-05-14,66716547.45439448,3.725290298461914e-09,1.0,-6.556000963636331
2024-05-15,67169720.73018381,3.725290298461914e-09,1.0,-5.921281021404451
2024-05-16,66333490.12668671,3.725290298461914e-09,1.0,-7.092515665415007
2024-05-17,66481755.47560049,3.725290298461914e-09,1.0,-6.884853433934937
2024-05-20,66174996.59729539,3.725290298461914e-09,1.0,-7.314503609527915
2024-05-21,66669712.64912267,3.725290298461914e-09,1.0,-6.6215983553730515
2024-05-22,66461212.852715954,3.725290298461914e-09,1.0,-6.913625678696839
2024-05-23,66357743.43536023,3.725290298461914e-09,1.0,-7.058546189493511
2024-05-24,67923923.73126861,3.725290298461914e-09,1.0,-4.864935224212738
2024-05-28,69202691.4284895,3.725290298461914e-09,1.0,-3.073877802535993
2024-05-29,68957594.87777811,3.725290298461914e-09,1.0,-3.41716298023718
2024-05-30,68360742.78383082,3.725290298461914e-09,1.0,-4.253121203791639
2024-05-31,68212607.76186135,3.725290298461914e-09,1.0,-4.460600897785529
2024-06-03,69352982.79046652,3.725290298461914e-09,1.0,-2.8633779127844505
2024-06-04,69340283.28189187,3.725290298461914e-09,1.0,-2.881164997282836
2024-06-05,71197959.8153496,3.725290298461914e-09,1.0,-0.2792808946775649
2024-06-06,70893073.8672807,3.725290298461914e-09,1.0,-0.706307821648339
2024-06-07,70713851.03546458,3.725290298461914e-09,1.0,-0.9573294761332033
2024-06-10,70537024.71163245,-3.725290298461914e-09,1.0,-0.6095463448551273
2024-06-11,70033306.21526644,-3.725290298461914e-09,1.0,-1.910508738988019
2024-06-12,71481324.58307387,-3.725290298461914e-09,1.0,0.0
2024-06-13,72033604.00443766,-3.725290298461914e-09,1.0,0.0
2024-06-14,72315296.214204,-3.725290298461914e-09,1.0,0.0
2024-06-17,73528245.32173596,-3.725290298461914e-09,1.0,0.0
2024-06-18,74137295.73952314,-3.725290298461914e-09,1.0,0.0
2024-06-20,73491564.58926298,-3.725290298461914e-09,1.0,-0.8709936663038024
2024-06-21,73379241.14607617,-3.725290298461914e-09,1.0,-1.0225010042318625
2024-06-24,71587337.47992547,-3.725290298461914e-09,1.0,-3.439508056183755
2024-06-25,73063781.03324166,-3.725290298461914e-09,1.0,-1.4480089886920229
2024-06-26,75086229.54078886,-3.725290298461914e-09,1.0,0.0
2024-06-27,75499091.26913023,-3.725290298461914e-09,1.0,0.0
2024-06-28,75229362.2322251,-3.725290298461914e-09,1.0,-0.3572613025812809
2024-07-01,77844658.46534319,-3.725290298461914e-09,1.0,0.0
2024-07-02,79778345.17866696,-3.725290298461914e-09,1.0,0.0
2024-07-03,81931746.63292742,-3.725290298461914e-09,1.0,0.0
2024-07-05,82086954.88886844,-3.725290298461914e-09,1.0,0.0
2024-07-08,82726454.70311172,-3.725290298461914e-09,1.0,0.0
2024-07-09,83579766.66705003,-3.725290298461914e-09,1.0,0.0
2024-07-10,83479772.70771125,1.4901161193847656e-08,1.0,0.0
2024-07-11,80170966.10820569,1.4901161193847656e-08,1.0,-4.538956844943328
2024-07-12,81242170.4926415,1.4901161193847656e-08,1.0,-3.263454092082705
2024-07-15,82186994.75926755,1.4901161193847656e-08,1.0,-2.1384344687866412
2024-07-16,82632735.81560434,1.4901161193847656e-08,1.0,-1.607682398797657
2024-07-17,79446876.63875732,1.4901161193847656e-08,1.0,-5.401143487397402
2024-07-18,78740442.01348221,1.4901161193847656e-08,1.0,-6.242308182339388
2024-07-19,77190763.11295906,1.4901161193847656e-08,1.0,-8.087539337464266
2024-07-22,79959171.41669239,1.4901161193847656e-08,1.0,-4.791144677621744
2024-07-23,80935138.63016166,1.4901161193847656e-08,1.0,-3.629042575008136
2024-07-24,76733185.25624084,1.4901161193847656e-08,1.0,-8.632385703267317
2024-07-25,76368768.87447025,1.4901161193847656e-08,1.0,-9.066302988231305
2024-07-26,75337015.75233519,1.4901161193847656e-08,0.75,-10.29483039782452
2024-07-29,75464885.82439044,1.4901161193847656e-08,0.75,-10.1425731523495
2024-07-30,73640202.87318441,1.4901161193847656e-08,0.75,-12.315256686115054
2024-07-31,76290972.92131138,1.4901161193847656e-08,1.0,-9.158936059806921
2024-08-01,77466128.14453486,1.4901161193847656e-08,1.0,-7.759657132238345
2024-08-02,75609212.54914752,1.4901161193847656e-08,1.0,-9.970720667974199
2024-08-05,72693175.25713155,1.4901161193847656e-08,0.75,-13.442899878078535
2024-08-06,74343110.39961666,1.4901161193847656e-08,0.75,-11.478291772605113
2024-08-07,72842050.40759994,1.4901161193847656e-08,0.75,-13.265631499593516
2024-08-08,75524515.22314408,1.4901161193847656e-08,0.75,-10.07157133106611
2024-08-09,75734707.652693,1.4901161193847656e-08,1.0,-9.821291341163608
2024-08-12,75666520.61157404,1.4901161193847656e-08,1.0,-9.902482904529423
2024-08-13,78351453.92268258,1.4901161193847656e-08,1.0,-6.705483452954293
2024-08-14,77088850.30747214,1.4901161193847656e-08,1.0,-8.208888788455148
2024-08-15,80083465.50902234,1.4901161193847656e-08,1.0,-4.643145416944087
2024-08-16,80123279.6293262,1.4901161193847656e-08,1.0,-4.595738011981833
2024-08-19,81665400.39599302,1.4901161193847656e-08,1.0,-2.7595064657834176
2024-08-20,81763329.23726426,1.4901161193847656e-08,1.0,-2.642900794222708
2024-08-21,82720384.86523868,1.4901161193847656e-08,1.0,-1.5033170641158935
2024-08-22,80347397.8483405,1.4901161193847656e-08,1.0,-4.328876328560397
2024-08-23,82122689.33173677,1.4901161193847656e-08,1.0,-2.21500412349599
2024-08-26,80643429.17004834,1.4901161193847656e-08,1.0,-3.976386391758841
2024-08-27,80731731.66622853,1.4901161193847656e-08,1.0,-3.8712429862624007
2024-08-28,80636286.51048073,1.4901161193847656e-08,1.0,-3.984891287811923
2024-08-29,79947986.14015634,1.4901161193847656e-08,1.0,-4.804463192015941
2024-08-30,80846468.01970397,1.4901161193847656e-08,1.0,-3.7346243009419617
2024-09-03,77526672.26487121,1.4901161193847656e-08,1.0,-7.687566135150785
2024-09-04,76482381.56184497,1.4901161193847656e-08,1.0,-8.931022272793717
2024-09-05,78545823.9293694,1.4901161193847656e-08,1.0,-6.474043512822647
2024-09-06,74731310.06734057,1.4901161193847656e-08,0.75,-11.016055291840319
2024-09-09,75528982.99639413,1.4901161193847656e-08,0.75,-10.066251471324694
2024-09-10,76167090.97152215,1.4901161193847656e-08,1.0,-8.759824684469441
2024-09-11,78563515.81420082,1.4901161193847656e-08,1.0,-6.452977460317974
2024-09-12,80617877.08720775,1.4901161193847656e-08,1.0,-4.006811726529725
2024-09-13,81052717.01711285,1.4901161193847656e-08,1.0,-3.48903982818205
2024-09-16,81130175.63044366,1.4901161193847656e-08,1.0,-3.3968084333411372
2024-09-17,81174991.70105575,1.4901161193847656e-08,1.0,-3.3434451141943224
2024-09-18,80904606.31719744,1.4901161193847656e-08,1.0,-3.6653979613404752
2024-09-19,84603718.46471404,1.4901161193847656e-08,1.0,0.0
2024-09-20,83858950.59178093,1.4901161193847656e-08,1.0,-0.8803015830134316
2024-09-23,86357310.93733667,1.4901161193847656e-08,1.0,0.0
2024-09-24,87403153.43665987,1.4901161193847656e-08,1.0,0.0
2024-09-25,88163951.1108014,1.4901161193847656e-08,1.0,0.0
2024-09-26,87443277.589472,1.4901161193847656e-08,1.0,-0.8174242558885383
2024-09-27,88177291.52484551,1.4901161193847656e-08,1.0,0.0
2024-09-30,87977478.19963445,1.4901161193847656e-08,1.0,-0.22660406296870902
2024-10-01,85997078.33842936,1.4901161193847656e-08,1.0,-2.472533629366281
2024-10-02,85742343.10287276,1.4901161193847656e-08,1.0,-2.7614234684070125
2024-10-03,85941172.03308323,1.4901161193847656e-08,1.0,-2.5359357869732415
2024-10-04,88143885.87222466,1.4901161193847656e-08,1.0,-0.03788464358926171
2024-10-07,86015738.06590123,1.4901161193847656e-08,1.0,-2.451372027383286
2024-10-08,87766099.90434505,1.4901161193847656e-08,1.0,-0.46632371372463827
2024-10-09,88010830.45925862,1.4901161193847656e-08,1.0,-0.1887799712468957
2024-10-10,87341203.24474683,1.1175870895385742e-08,1.0,-0.35119402562327634
2024-10-11,86086698.73048152,1.1175870895385742e-08,1.0,-2.37089703960223
2024-10-14,88089521.13767643,1.1175870895385742e-08,1.0,-0.09953853838246679
2024-10-15,86688250.33102211,1.1175870895385742e-08,1.0,-1.688690101582258
2024-10-16,87020052.77869293,1.1175870895385742e-08,1.0,-1.312399968450502
2024-10-17,87712412.14250311,1.1175870895385742e-08,1.0,-0.527209868100122
2024-10-18,88115379.02638356,1.1175870895385742e-08,1.0,-0.07021365409539927
2024-10-21,88966425.75437205,1.1175870895385742e-08,1.0,0.0
2024-10-22,88317206.53082429,1.1175870895385742e-08,1.0,-0.7297350860651524
2024-10-23,86536542.3439726,1.1175870895385742e-08,1.0,-2.7312364072129096
2024-10-24,90451236.7506239,1.1175870895385742e-08,1.0,0.0
2024-10-25,91608977.98993644,1.1175870895385742e-08,1.0,0.0
2024-10-28,91208310.01392655,1.1175870895385742e-08,1.0,-0.4373675864541412
2024-10-29,90828284.32365292,1.1175870895385742e-08,1.0,-0.8522021350017462
2024-10-30,91452954.42356597,1.1175870895385742e-08,1.0,-0.1703147112803857
2024-10-31,88846353.42983122,1.1175870895385742e-08,1.0,-3.0156701021254744
2024-11-01,89540053.4592999,1.1175870895385742e-08,1.0,-2.258429878852936
2024-11-04,89079584.70126261,1.1175870895385742e-08,1.0,-2.761075763722302
