date,value,cash,equity_exposure,drawdown
2015-01-02,100000.0,100000.0,1.0,0.0
2015-01-05,100000.0,100000.0,1.0,0.0
2015-01-06,100000.0,100000.0,1.0,0.0
2015-01-07,100000.0,100000.0,1.0,0.0
2015-01-08,100000.0,100000.0,1.0,0.0
2015-01-09,100000.0,100000.0,1.0,0.0
2015-01-12,100000.0,100000.0,1.0,0.0
2015-01-13,100000.0,100000.0,1.0,0.0
2015-01-14,100000.0,100000.0,1.0,0.0
2015-01-15,100000.0,100000.0,1.0,0.0
2015-01-16,100000.0,100000.0,1.0,0.0
2015-01-20,100000.0,100000.0,1.0,0.0
2015-01-21,100000.0,100000.0,1.0,0.0
2015-01-22,100000.0,100000.0,1.0,0.0
2015-01-23,100000.0,100000.0,1.0,0.0
2015-01-26,100000.0,100000.0,1.0,0.0
2015-01-27,100000.0,100000.0,1.0,0.0
2015-01-28,100000.0,100000.0,1.0,0.0
2015-01-29,100000.0,100000.0,1.0,0.0
2015-01-30,100000.0,100000.0,1.0,0.0
2015-02-02,100000.0,100000.0,1.0,0.0
2015-02-03,100000.0,100000.0,1.0,0.0
2015-02-04,100000.0,100000.0,1.0,0.0
2015-02-05,100000.0,100000.0,1.0,0.0
2015-02-06,100000.0,100000.0,1.0,0.0
2015-02-09,100000.0,100000.0,1.0,0.0
2015-02-10,99700.0,7.275957614183426e-12,1.0,0.0
2015-02-11,101018.12992653337,7.275957614183426e-12,1.0,0.0
2015-02-12,101270.4328823073,7.275957614183426e-12,1.0,0.0
2015-02-13,102517.73767304557,7.275957614183426e-12,1.0,0.0
2015-02-17,104210.8974708239,7.275957614183426e-12,1.0,0.0
2015-02-18,104649.5735117992,7.275957614183426e-12,1.0,0.0
2015-02-19,104305.47882795442,7.275957614183426e-12,1.0,-0.3288065801873419
2015-02-20,104424.16108812438,7.275957614183426e-12,1.0,-0.2153973648534768
2015-02-23,104587.52261331257,7.275957614183426e-12,1.0,-0.05929398124076989
2015-02-24,104764.11783938759,7.275957614183426e-12,1.0,0.0
2015-02-25,104890.53255236383,7.275957614183426e-12,1.0,0.0
2015-02-26,104342.57618331058,7.275957614183426e-12,1.0,-0.5224078434149426
2015-02-27,103914.69437839571,7.275957614183426e-12,1.0,-0.9303396123772747
2015-03-02,104539.60149279478,7.275957614183426e-12,1.0,-0.33456886053453355
2015-03-03,103527.6248661674,7.275957614183426e-12,1.0,-1.299361966263287
2015-03-04,103923.74959653354,7.275957614183426e-12,1.0,-0.9217065947755105
2015-03-05,103791.4052051797,7.275957614183426e-12,1.0,-1.0478804144076745
2015-03-06,102074.13008555838,7.275957614183426e-12,1.0,-2.6850873937544684
2015-03-09,101939.56745461136,7.275957614183426e-12,1.0,-2.8133760273161745
2015-03-10,98991.06347891924,3.637978807091713e-12,1.0,-5.055593744782237
2015-03-11,100621.6378039954,3.637978807091713e-12,1.0,-4.069857063827279
2015-03-12,100783.99828395722,3.637978807091713e-12,1.0,-3.915066659001406
2015-03-13,100085.41701031447,3.637978807091713e-12,1.0,-4.581076504355178
2015-03-16,101004.35012827432,3.637978807091713e-12,1.0,-3.7049887435259548
2015-03-17,101370.90375544834,3.637978807091713e-12,1.0,-3.3555257193097128
2015-03-18,103377.48890735436,3.637978807091713e-12,1.0,-1.44249781957597
2015-03-19,102606.93299207556,3.637978807091713e-12,1.0,-2.1771264810274933
2015-03-20,105059.77119583143,3.637978807091713e-12,1.0,0.0
2015-03-23,104791.44430440581,3.637978807091713e-12,1.0,-0.25540403179201415
2015-03-24,105803.30791586886,3.637978807091713e-12,1.0,0.0
2015-03-25,104272.52334981052,3.637978807091713e-12,1.0,-1.4468210835861273
2015-03-26,104094.5142891936,3.637978807091713e-12,1.0,-1.6150663531560274
2015-03-27,103187.69707346044,3.637978807091713e-12,1.0,-2.4721446748038036
2015-03-30,105103.72667918877,3.637978807091713e-12,1.0,-0.6612092291446874
2015-03-31,104186.0866705016,3.637978807091713e-12,1.0,-1.5285167139133566
2015-04-01,104052.85818294887,3.637978807091713e-12,1.0,-1.6544376233604077
2015-04-02,105204.80877326547,3.637978807091713e-12,1.0,-0.5656714845619965
2015-04-06,107132.34614537725,3.637978807091713e-12,1.0,0.0
2015-04-07,106823.2899217574,3.637978807091713e-12,1.0,-0.2884807761051553
2015-04-08,107377.18424104076,3.637978807091713e-12,1.0,0.0
2015-04-09,108409.34121931209,3.637978807091713e-12,1.0,0.0
2015-04-10,107929.31051770232,0.0,1.0,0.0
2015-04-13,107916.73639607475,0.0,1.0,-0.6106805335964393
2015-04-14,107065.74086692664,0.0,1.0,-1.3944316859715242
2015-04-15,108356.97982741165,0.0,1.0,-0.20522447088214374
2015-04-16,108055.36914917357,0.0,1.0,-0.4830023305077583
2015-04-17,106756.60162518636,0.0,1.0,-1.6791432134232034
2015-04-20,107239.61693990222,0.0,1.0,-1.2342950367208747
2015-04-21,107037.2755352991,0.0,1.0,-1.4206477302416571
2015-04-22,108673.2519198259,0.0,1.0,0.0
2015-04-23,109809.32336425886,0.0,1.0,0.0
2015-04-24,108132.62270099974,0.0,1.0,-1.5269201301761783
2015-04-27,107829.55712697806,0.0,1.0,-1.8029127005122578
2015-04-28,107307.63843450809,0.0,1.0,-2.278208127603334
2015-04-29,107440.3402921554,0.0,1.0,-2.1573605951883428
2015-04-30,105026.06177690595,0.0,1.0,-4.355970368277296
2015-05-01,105127.99891360261,0.0,1.0,-4.263139328458828
2015-05-04,107610.1230241622,0.0,1.0,-2.002744642002291
2015-05-05,106226.70673293926,0.0,1.0,-3.262579644021087
2015-05-06,104834.33115583258,0.0,1.0,-4.530573594305161
2015-05-07,106064.53436319604,0.0,1.0,-3.410265072520869
2015-05-08,107831.60063711186,0.0,1.0,-1.8010517381903113
2015-05-11,107376.69875201589,0.0,1.0,-2.215317003797104
2015-05-12,107798.97312485169,0.0,1.0,-1.8307646179900834
2015-05-13,107697.34199966521,0.0,1.0,-1.9233169824640475
2015-05-14,108529.62366321267,0.0,1.0,-1.1653834682153357
2015-05-15,108631.31918621059,0.0,1.0,-1.0727724586195682
2015-05-18,110268.2055851701,0.0,1.0,0.0
2015-05-19,111363.56727815501,0.0,1.0,0.0
2015-05-20,112369.8915121376,0.0,1.0,0.0
2015-05-21,111630.90998031199,0.0,1.0,-0.6576330384245269
2015-05-22,112194.53140238047,0.0,1.0,-0.15605613514203293
2015-05-26,111513.87323527265,0.0,1.0,-0.761786155833826
2015-05-27,113154.86490381413,0.0,1.0,0.0
2015-05-28,112959.80543028681,0.0,1.0,-0.17238275499080552
2015-05-29,112694.5637281579,0.0,1.0,-0.40678867501411176
2015-06-01,112766.78609037952,0.0,1.0,-0.3429625529264598
2015-06-02,112743.15676861306,0.0,1.0,-0.3638448382674834
2015-06-03,113254.61698346815,0.0,1.0,0.0
2015-06-04,112770.1041172029,0.0,1.0,-0.42780848955232176
2015-06-05,113846.36783108562,0.0,1.0,0.0
2015-06-08,114343.65442589327,0.0,1.0,0.0
2015-06-09,113675.59626588342,0.0,1.0,-0.5842546867721673
2015-06-10,113677.38647340641,-7.275957614183426e-12,1.0,0.0
2015-06-11,112776.84024250483,-7.275957614183426e-12,1.0,-1.3865486616928742
2015-06-12,112095.21665080872,-7.275957614183426e-12,1.0,-1.9825686844761683
2015-06-15,110715.2701743552,-7.275957614183426e-12,1.0,-3.1892107965676333
2015-06-16,111341.5558624346,-7.275957614183426e-12,1.0,-2.641578914946437
2015-06-17,111940.08910452534,-7.275957614183426e-12,1.0,-2.118214112240886
2015-06-18,112932.30634519152,-7.275957614183426e-12,1.0,-1.250607196059644
2015-06-19,111888.33283990779,-7.275957614183426e-12,1.0,-2.1634704243643723
2015-06-22,112691.5612516154,-7.275957614183426e-12,1.0,-1.4611176565341053
2015-06-23,113897.89297342191,-7.275957614183426e-12,1.0,-0.40628641378585634
2015-06-24,114365.0297991241,-7.275957614183426e-12,1.0,0.0
2015-06-25,113253.93795941895,-7.275957614183426e-12,1.0,-0.9715311067174246
2015-06-26,110101.8160836392,-7.275957614183426e-12,1.0,-3.7277249199103877
2015-06-29,107330.98687596714,-7.275957614183426e-12,1.0,-6.150519031483547
2015-06-30,106825.4745311981,-7.275957614183426e-12,1.0,-6.592535568931181
2015-07-01,107381.9635826731,-7.275957614183426e-12,1.0,-6.105945347731184
2015-07-02,107639.56225186297,-7.275957614183426e-12,1.0,-5.880702832914959
2015-07-06,106655.12802139646,-7.275957614183426e-12,1.0,-6.741485392230169
2015-07-07,105863.01703160717,-7.275957614183426e-12,1.0,-7.434101825051101
2015-07-08,103672.02915440772,-7.275957614183426e-12,1.0,-9.349886642357411
2015-07-09,103298.3986789832,-7.275957614183426e-12,1.0,-9.67658657509103
2015-07-10,104301.04050522059,7.275957614183426e-12,1.0,-8.250210429223271
2015-07-13,106311.91560365183,7.275957614183426e-12,1.0,-7.041587983334699
2015-07-14,107280.07824260624,7.275957614183426e-12,1.0,-6.195033192368496
2015-07-15,107006.40743394424,7.275957614183426e-12,1.0,-6.434329076033878
2015-07-16,111698.50056332425,7.275957614183426e-12,1.0,-2.3315949293970832
2015-07-17,110575.37375897352,7.275957614183426e-12,1.0,-3.313649326902545
2015-07-20,108802.50111909522,7.275957614183426e-12,1.0,-4.863837039870623
2015-07-21,108628.78310837867,7.275957614183426e-12,1.0,-5.015734880514459
2015-07-22,108609.85867757449,7.275957614183426e-12,1.0,-5.032282273399698
2015-07-23,107803.51729314333,7.275957614183426e-12,1.0,-5.737341665984522
2015-07-24,104912.93252700918,7.275957614183426e-12,1.0,-8.264849218958807
2015-07-27,102598.03698378401,7.275957614183426e-12,0.75,-10.288978052126739
2015-07-28,104766.82575508927,7.275957614183426e-12,1.0,-8.392603981211337
2015-07-29,105546.81115669094,7.275957614183426e-12,1.0,-7.710590079783897
2015-07-30,107585.6308544262,7.275957614183426e-12,1.0,-5.927860078037437
2015-07-31,107568.94551971149,7.275957614183426e-12,1.0,-5.9424496206135355
2015-08-03,106782.85936007599,7.275957614183426e-12,1.0,-6.629797983147269
2015-08-04,108792.45952651917,7.275957614183426e-12,1.0,-4.872617339752225
2015-08-05,109079.45537088517,7.275957614183426e-12,1.0,-4.621670135987148
2015-08-06,109437.59885942073,7.275957614183426e-12,1.0,-4.308511918685395
2015-08-07,107798.76743452119,7.275957614183426e-12,1.0,-5.741494909883021
2015-08-10,109134.082486612,2.1827872842550278e-11,1.0,-3.998761137524272
2015-08-11,106496.5574076047,2.1827872842550278e-11,1.0,-6.880138452584615
2015-08-12,107243.88319896921,2.1827872842550278e-11,1.0,-6.226681891014051
2015-08-13,106637.25837598194,2.1827872842550278e-11,1.0,-6.757110487983575
2015-08-14,107135.51839814323,2.1827872842550278e-11,1.0,-6.321435331830981
2015-08-17,108265.55532910945,2.1827872842550278e-11,1.0,-5.333338766866089
2015-08-18,108101.14338599992,2.1827872842550278e-11,1.0,-5.4770994456315405
2015-08-19,107083.42619463378,2.1827872842550278e-11,1.0,-6.36698439836028
2015-08-20,103289.18795235183,2.1827872842550278e-11,1.0,-9.684640371472272
2015-08-21,98259.65466779766,2.1827872842550278e-11,0.75,-14.082429882294129
2015-08-24,94084.07231093588,2.1827872842550278e-11,0.5,-17.733530541469367
2015-08-25,93006.34489132703,2.1827872842550278e-11,0.5,-18.675888027408753
2015-08-26,96722.90826858602,2.1827872842550278e-11,0.5,-15.4261504251129
2015-08-27,100066.74686058353,2.1827872842550278e-11,0.75,-12.502320826265438
2015-08-28,100864.39845604925,2.1827872842550278e-11,0.75,-11.804859725729063
2015-08-31,99370.20548229787,2.1827872842550278e-11,0.75,-13.111371844316233
2015-09-01,95424.82834635559,2.1827872842550278e-11,0.5,-16.561182632519692
2015-09-02,98581.38926167616,2.1827872842550278e-11,0.75,-13.80110735350748
2015-09-03,98032.30557706802,2.1827872842550278e-11,0.75,-14.281222372558823
2015-09-04,96922.87987527651,2.1827872842550278e-11,0.5,-15.251296619678026
2015-09-08,99099.65672622291,2.1827872842550278e-11,0.75,-13.347937826548883
2015-09-09,97809.55438941777,2.1827872842550278e-11,0.75,-14.4759944878125
2015-09-10,121612.31590386506,48732.64512276701,0.75,-14.520578436370227
2015-09-11,121611.45444721077,48732.64512276701,1.0,0.0
2015-09-14,121464.84445912851,48732.64512276701,1.0,-0.12055606829856567
2015-09-15,122495.5844735974,48732.64512276701,1.0,0.0
2015-09-16,123295.97495701433,48732.64512276701,1.0,0.0
2015-09-17,123070.11633223985,48732.64512276701,1.0,-0.1831841022005993
2015-09-18,122783.61791988518,48732.64512276701,1.0,-0.4155504973360114
2015-09-21,123475.4578216777,48732.64512276701,1.0,0.0
2015-09-22,122195.27133345675,48732.64512276701,1.0,-1.0367942835002757
2015-09-23,122080.75046992284,48732.64512276701,1.0,-1.1295421587090462
2015-09-24,121975.32943752248,48732.64512276701,1.0,-1.214920285067252
2015-09-25,121330.428178785,48732.64512276701,1.0,-1.7372113298745822
2015-09-28,118248.3105705515,48732.64512276701,1.0,-4.233349155647758
2015-09-29,116949.20173806252,48732.64512276701,1.0,-5.285468220770116
2015-09-30,118585.04753812979,48732.64512276701,1.0,-3.9606334488029242
2015-10-01,119304.85703045578,48732.64512276701,1.0,-3.377675908069983
2015-10-02,120769.2148723454,48732.64512276701,1.0,-2.1917253817682822
2015-10-05,121664.13986581347,48732.64512276701,1.0,-1.4669457297984843
2015-10-06,121395.68634359361,48732.64512276701,1.0,-1.6843602079108548
2015-10-07,121815.85099364836,48732.64512276701,1.0,-1.3440782948350203
2015-10-08,122053.90861537535,48732.64512276701,1.0,-1.1512807738322755
2015-10-09,122453.8831196801,48732.64512276701,1.0,-0.8273504063236172
2015-10-12,122276.48315259314,48732.64512276701,1.0,-0.9710226552195611
2015-10-13,121838.50402224176,48732.64512276701,1.0,-1.325732115769935
2015-10-14,121385.27063573289,48732.64512276701,1.0,-1.6927956557678425
2015-10-15,122480.84389836152,48732.64512276701,1.0,-0.8055154772153952
2015-10-16,123069.92095592752,48732.64512276701,1.0,-0.3284351991112723
2015-10-19,123331.96984634349,48732.64512276701,1.0,-0.11620768844723332
2015-10-20,123382.34276957643,48732.64512276701,1.0,-0.07541178930937928
2015-10-21,123337.99738584187,48732.64512276701,1.0,-0.11132611958754837
2015-10-22,124026.32167139898,48732.64512276701,1.0,0.0
2015-10-23,126927.02833909623,48732.64512276701,1.0,0.0
2015-10-26,126933.610948584,48732.64512276701,1.0,0.0
2015-10-27,126786.61712603408,48732.64512276701,1.0,-0.11580370356710525
2015-10-28,128098.70313452916,48732.64512276701,1.0,0.0
2015-10-29,128274.25444227601,48732.64512276701,1.0,0.0
2015-10-30,127522.66610891183,48732.64512276701,1.0,-0.5859229793476611
2015-11-02,128407.6082505623,48732.64512276701,1.0,0.0
2015-11-03,129154.25349141676,48732.64512276701,1.0,0.0
2015-11-04,128882.76039562654,48732.64512276701,1.0,-0.2102084046409419
2015-11-05,129504.72846312607,48732.64512276701,1.0,0.0
2015-11-06,129490.87645768267,48732.64512276701,1.0,-0.01069613874936533
2015-11-09,128653.3626398484,48732.64512276701,1.0,-0.6574013423147518
2015-11-10,127524.0244332178,2.1827872842550278e-11,1.0,-1.0491823543900476
2015-11-11,126575.2744528675,2.1827872842550278e-11,1.0,-2.262044054316271
2015-11-12,123353.62636346299,2.1827872842550278e-11,1.0,-4.749712363911476
2015-11-13,119787.94586344365,2.1827872842550278e-11,1.0,-7.503033066818937
2015-11-16,123107.43914162078,2.1827872842550278e-11,1.0,-4.939811385594923
2015-11-17,125121.11480305817,2.1827872842550278e-11,1.0,-3.384906259477661
2015-11-18,128302.65845712574,2.1827872842550278e-11,1.0,-0.9282054950932506
2015-11-19,128018.98185285818,2.1827872842550278e-11,1.0,-1.1472527898399674
2015-11-20,129972.2568480838,2.1827872842550278e-11,1.0,0.0
2015-11-23,129626.15567170847,2.1827872842550278e-11,1.0,-0.26628850246084046
2015-11-24,129390.20886616499,2.1827872842550278e-11,1.0,-0.44782478663821496
2015-11-25,130023.55737822119,2.1827872842550278e-11,1.0,0.0
2015-11-27,130374.25072383262,2.1827872842550278e-11,1.0,0.0
2015-11-30,129782.97550981672,2.1827872842550278e-11,1.0,-0.45352146664940574
2015-12-01,131121.28171751625,2.1827872842550278e-11,1.0,0.0
2015-12-02,131869.23714366098,2.1827872842550278e-11,1.0,0.0
2015-12-03,129999.33360026701,2.1827872842550278e-11,1.0,-1.4179983018760178
2015-12-04,132127.93982375087,2.1827872842550278e-11,1.0,0.0
2015-12-07,129963.62918962786,2.1827872842550278e-11,1.0,-1.6380416110400646
2015-12-08,130715.20536035107,2.1827872842550278e-11,1.0,-1.0692170522633484
2015-12-09,128455.2548400418,2.1827872842550278e-11,1.0,-2.779642964696314
2015-12-10,128720.51275358803,-1.4551915228366852e-11,1.0,-1.991716959465057
2015-12-11,124181.79601148106,-1.4551915228366852e-11,1.0,-6.013976924842239
2015-12-14,126546.18688901924,-1.4551915228366852e-11,1.0,-4.224506143195214
2015-12-15,127924.23856980525,-1.4551915228366852e-11,1.0,-3.1815384842547707
2015-12-16,131719.64281856298,-1.4551915228366852e-11,1.0,-0.30901640162749333
2015-12-17,129399.91447664321,-1.4551915228366852e-11,1.0,-2.0646846917818036
2015-12-18,126856.82542802606,-1.4551915228366852e-11,1.0,-3.9894017894747313
2015-12-21,127369.7269192646,-1.4551915228366852e-11,1.0,-3.601216299015469
2015-12-22,127287.60687397179,-1.4551915228366852e-11,1.0,-3.6633682143502257
2015-12-23,128176.7570934916,-1.4551915228366852e-11,1.0,-2.990421810504171
2015-12-24,127827.35959214691,-1.4551915228366852e-11,1.0,-3.2548605823572414
2015-12-28,128487.65359897508,-1.4551915228366852e-11,1.0,-2.7551222168692453
2015-12-29,130908.28224075737,-1.4551915228366852e-11,1.0,-0.923088322288562
2015-12-30,129088.79764965866,-1.4551915228366852e-11,1.0,-2.3001510340252067
2015-12-31,127521.43718569714,-1.4551915228366852e-11,1.0,-3.48639556796123
2016-01-04,122961.30803152664,-1.4551915228366852e-11,1.0,-6.937693726589438
2016-01-05,122861.23822330852,-1.4551915228366852e-11,1.0,-7.013430779896712
2016-01-06,124002.02692857831,-1.4551915228366852e-11,1.0,-6.15003375214352
2016-01-07,117725.66692552702,-1.4551915228366852e-11,0.75,-10.900247833603883
2016-01-08,115859.09796821358,-1.4551915228366852e-11,0.75,-12.312945980417732
2016-01-11,116540.18519857812,-1.4551915228366852e-11,0.75,-11.797470425986878
2016-01-12,116412.06617501975,-1.4551915228366852e-11,0.75,-11.894436309000932
2016-01-13,108598.2903018456,-1.4551915228366852e-11,0.5,-17.80823159226741
2016-01-14,110229.42149865934,-1.4551915228366852e-11,0.5,-16.57372267690132
2016-01-15,108777.71235709755,-1.4551915228366852e-11,0.5,-17.672437410135082
2016-01-19,109579.16733852457,-1.4551915228366852e-11,0.5,-17.065862462780196
2016-01-20,108511.58987554401,-1.4551915228366852e-11,0.5,-17.87385013321888
2016-01-21,107307.0526021497,-1.4551915228366852e-11,0.5,-18.78549476720097
2016-01-22,110662.3908412416,-1.4551915228366852e-11,0.5,-16.24603320928394
2016-01-25,110353.92441802743,-1.4551915228366852e-11,0.5,-16.47949361412008
2016-01-26,110649.18490345549,-1.4551915228366852e-11,0.5,-16.256028020225312
2016-01-27,106854.94311578338,-1.4551915228366852e-11,0.5,-19.12767030325293
2016-01-28,113195.65774691883,-1.4551915228366852e-11,0.75,-14.328749923813492
2016-01-29,112957.39321604824,-1.4551915228366852e-11,0.75,-14.509078574353584
2016-02-01,114059.14393951929,-1.4551915228366852e-11,0.75,-13.675227138434199
2016-02-02,110137.77400756875,-1.4551915228366852e-11,0.5,-16.643085365226625
2016-02-03,108834.02359607109,-1.4551915228366852e-11,0.5,-17.62981868842592
2016-02-04,108869.20817014166,-1.4551915228366852e-11,0.5,-17.603189518155418
2016-02-05,103077.6520496356,-1.4551915228366852e-11,0.3,-21.986483564994856
2016-02-08,100420.85016247493,-1.4551915228366852e-11,0.3,-23.99726333701328
2016-02-09,100909.08516246652,-1.4551915228366852e-11,0.3,-23.627746487932868
2016-02-10,173113.59933037462,142639.65573687508,0.3,-22.656748713897983
2016-02-11,173066.62786256717,142639.65573687508,1.0,0.0
2016-02-12,173222.8190553224,142639.65573687508,1.0,0.0
2016-02-16,173526.4416234645,142639.65573687508,1.0,0.0
2016-02-17,174524.76507215286,142639.65573687508,1.0,0.0
2016-02-18,174080.32540486136,142639.65573687508,1.0,-0.2546570780987789
2016-02-19,174124.7133168055,142639.65573687508,1.0,-0.2292234888166073
2016-02-22,175057.71055966686,142639.65573687508,1.0,0.0
2016-02-23,174028.8037476643,142639.65573687508,1.0,-0.587752923714759
2016-02-24,174426.26822130135,142639.65573687508,1.0,-0.36070524191522946
2016-02-25,174690.86957745504,142639.65573687508,1.0,-0.20955431271150862
2016-02-26,174824.7826143353,142639.65573687508,1.0,-0.13305780395897643
2016-02-29,174611.90876778914,142639.65573687508,1.0,-0.2546599006993017
2016-03-01,175608.00467416647,142639.65573687508,1.0,0.0
2016-03-02,175982.5101547632,142639.65573687508,1.0,0.0
2016-03-03,175895.12871258648,142639.65573687508,1.0,-0.04965348096233299
2016-03-04,175714.3997694809,142639.65573687508,1.0,-0.15235058588863845
2016-03-07,175534.61147411933,142639.65573687508,1.0,-0.25451317875281143
2016-03-08,175276.61113700867,142639.65573687508,1.0,-0.40111884819335186
2016-03-09,175664.9737018477,142639.65573687508,1.0,-0.18043636986213593
2016-03-10,174998.6085086618,-1.4551915228366852e-11,1.0,-0.20364105972570354
2016-03-11,178244.928591919,-1.4551915228366852e-11,1.0,0.0
2016-03-14,179486.56289313396,-1.4551915228366852e-11,1.0,0.0
2016-03-15,178105.91453397326,-1.4551915228366852e-11,1.0,-0.7692210140447849
2016-03-16,183209.92356137565,-1.4551915228366852e-11,1.0,0.0
2016-03-17,186669.4694660301,-1.4551915228366852e-11,1.0,0.0
2016-03-18,185227.6645837918,-1.4551915228366852e-11,1.0,-0.7723838752864066
2016-03-21,186467.5179074838,-1.4551915228366852e-11,1.0,-0.10818671051243309
2016-03-22,186986.0141454704,-1.4551915228366852e-11,1.0,0.0
2016-03-23,182086.3739497119,-1.4551915228366852e-11,1.0,-2.6203244227382125
2016-03-24,184102.54421454403,-1.4551915228366852e-11,1.0,-1.5420778629374388
2016-03-28,183726.45490719881,-1.4551915228366852e-11,1.0,-1.7432101824127493
2016-03-29,187103.17496716024,-1.4551915228366852e-11,1.0,0.0
2016-03-30,187569.10858527044,-1.4551915228366852e-11,1.0,0.0
2016-03-31,187159.56341574682,-1.4551915228366852e-11,1.0,-0.21834361351535853
2016-04-01,187764.24948870327,-1.4551915228366852e-11,1.0,0.0
2016-04-04,183645.02534146392,-1.4551915228366852e-11,1.0,-2.1938277166480415
2016-04-05,182386.44797764334,-1.4551915228366852e-11,1.0,-2.864124307850987
2016-04-06,184616.24480254806,-1.4551915228366852e-11,1.0,-1.6765729869916524
2016-04-07,180815.9598605188,-1.4551915228366852e-11,1.0,-3.7005391852310514
2016-04-08,181583.21510414244,-1.4551915228366852e-11,1.0,-3.2919122790372874
2016-04-11,182074.62088713338,-1.4551915228366852e-11,1.0,-3.030198036667358
2016-04-12,186347.36671441083,-1.4551915228366852e-11,1.0,-0.7546073217615791
2016-04-13,189238.3519930616,-1.4551915228366852e-11,1.0,0.0
2016-04-14,189364.26654498256,-1.4551915228366852e-11,1.0,0.0
2016-04-15,190749.234908569,-1.4551915228366852e-11,1.0,0.0
2016-04-18,192536.40827699433,-1.4551915228366852e-11,1.0,0.0
2016-04-19,196074.57365046654,-1.4551915228366852e-11,1.0,0.0
2016-04-20,197046.93370122742,-1.4551915228366852e-11,1.0,0.0
2016-04-21,195615.0498197677,-1.4551915228366852e-11,1.0,-0.7266714861093988
2016-04-22,189614.32460333273,-1.4551915228366852e-11,1.0,-3.7719993700406365
2016-04-25,188403.15086114683,-1.4551915228366852e-11,1.0,-4.386661937701975
2016-04-26,187718.71735358128,-1.4551915228366852e-11,1.0,-4.734007361814652
2016-04-27,190490.58888952946,-1.4551915228366852e-11,1.0,-3.3273011097138006
2016-04-28,192638.3312589522,-1.4551915228366852e-11,1.0,-2.2373362322703056
2016-04-29,196648.23705515751,-1.4551915228366852e-11,1.0,-0.2023358793669067
2016-05-02,196761.41269204716,-1.4551915228366852e-11,1.0,-0.14490000114042867
2016-05-03,189930.90013152987,-1.4551915228366852e-11,1.0,-3.611339408349914
2016-05-04,188717.6590139717,-1.4551915228366852e-11,1.0,-4.227051155175549
2016-05-05,187135.37750291103,-1.4551915228366852e-11,1.0,-5.030048431682169
2016-05-06,190701.83886593638,-1.4551915228366852e-11,1.0,-3.22009316060294
2016-05-09,185167.1715082632,-1.4551915228366852e-11,1.0,-6.028899800580964
2016-05-10,187541.74862148703,0.0,1.0,-4.250180641105219
2016-05-11,189315.68175298406,0.0,1.0,-3.923558617748335
2016-05-12,187771.31841106867,0.0,1.0,-4.707312677203547
2016-05-13,185922.58153303416,0.0,1.0,-5.645534269038954
2016-05-16,188437.7138707536,0.0,1.0,-4.369121441659967
2016-05-17,187619.57701384265,0.0,1.0,-4.784320420676534
2016-05-18,185832.08682225904,0.0,1.0,-5.69145972906785
2016-05-19,185809.4837705474,0.0,1.0,-5.702930626527184
2016-05-20,187682.62563645,0.0,1.0,-4.752323666693577
2016-05-23,188631.89023469886,0.0,1.0,-4.270578236598126
2016-05-24,191194.9010713198,0.0,1.0,-2.9698673914818565
2016-05-25,193066.4972352698,0.0,1.0,-2.02004486504365
2016-05-26,194490.14029849603,0.0,1.0,-1.2975555390311881
2016-05-27,196336.7966675524,0.0,1.0,-0.36038979157714646
2016-05-31,196473.1498246137,0.0,1.0,-0.2911914769928438
2016-06-01,193905.32592731732,0.0,1.0,-1.5943449181876475
2016-06-02,192946.56732413796,0.0,1.0,-2.0809084922410657
2016-06-03,192661.10826462047,0.0,1.0,-2.2257770543422697
2016-06-06,196302.70476567512,0.0,1.0,-0.377691203599612
2016-06-07,195050.60922272145,0.0,1.0,-1.013121311257192
2016-06-08,196654.9362824662,0.0,1.0,-0.19893606634630037
2016-06-09,195457.52636091673,0.0,1.0,-0.8066135871571739
2016-06-10,189507.95640946078,0.0,1.0,-3.246329275186116
2016-06-13,190170.8729902829,0.0,1.0,-3.4895547886933165
2016-06-14,199577.89560814897,0.0,1.0,0.0
2016-06-15,199443.7180817522,0.0,1.0,-0.06723065497204689
2016-06-16,209496.86009959638,0.0,1.0,0.0
2016-06-17,210016.336207779,0.0,1.0,0.0
2016-06-20,208264.42674397473,0.0,1.0,-0.8341777099049226
2016-06-21,206256.78482663172,0.0,1.0,-1.7901233061354767
2016-06-22,204439.45388044266,0.0,1.0,-2.6554516796345218
2016-06-23,210238.9278023176,0.0,1.0,0.0
2016-06-24,205144.2984379386,0.0,1.0,-2.4232569189895052
2016-06-27,198921.91040817508,0.0,1.0,-5.382931463950209
2016-06-28,205727.98291334673,0.0,1.0,-2.145627803625598
2016-06-29,209645.78802749183,0.0,1.0,-0.28212652196527926
2016-06-30,214556.0502765417,0.0,1.0,0.0
2016-07-01,217946.43500558942,0.0,1.0,0.0
2016-07-05,215612.76821158748,0.0,1.0,-1.0707524506845412
2016-07-06,217106.44455447583,0.0,1.0,-0.38541142051350397
2016-07-07,216703.31236659625,0.0,1.0,-0.5703798912614872
2016-07-08,220175.75642948443,0.0,1.0,0.0
2016-07-11,220263.17673447847,0.0,1.0,0.0
2016-07-12,225248.67305902738,0.0,1.0,0.0
2016-07-13,223286.5511802506,0.0,1.0,-0.8710914262578605
2016-07-14,223959.92056300817,0.0,1.0,-0.5721465429816257
2016-07-15,223906.43205878173,0.0,1.0,-0.5958929666564141
2016-07-18,226333.4431864353,0.0,1.0,0.0
2016-07-19,219048.47778356296,0.0,1.0,-3.218687128296618
2016-07-20,220623.70855976845,0.0,1.0,-2.5227092144591405
2016-07-21,217288.49440729816,0.0,1.0,-3.996293544514601
2016-07-22,223507.1284127645,0.0,1.0,-1.2487393528241049
2016-07-25,229187.06894388748,0.0,1.0,0.0
2016-07-26,247429.28437280643,0.0,1.0,0.0
2016-07-27,249506.1743091786,0.0,1.0,0.0
2016-07-28,251428.4622419093,0.0,1.0,0.0
2016-07-29,252573.704073613,0.0,1.0,0.0
2016-08-01,256041.2897716653,0.0,1.0,0.0
2016-08-02,251541.98224867965,0.0,1.0,-1.757258576145308
2016-08-03,254175.0540894468,0.0,1.0,-0.7288807535232965
2016-08-04,258221.1559022541,0.0,1.0,0.0
2016-08-05,262069.26087514695,0.0,1.0,0.0
2016-08-08,262566.9120222074,0.0,1.0,0.0
2016-08-09,265087.25641910394,0.0,1.0,0.0
2016-08-10,263010.7929795545,2.9103830456733704e-11,1.0,-0.18532346097208385
2016-08-11,268168.0299725031,2.9103830456733704e-11,1.0,0.0
2016-08-12,269971.7423083595,2.9103830456733704e-11,1.0,0.0
2016-08-15,270946.7104345954,2.9103830456733704e-11,1.0,0.0
2016-08-16,266537.51564968843,2.9103830456733704e-11,1.0,-1.627329144478147
2016-08-17,266738.59769460425,2.9103830456733704e-11,1.0,-1.5531145343087573
2016-08-18,270340.052777533,2.9103830456733704e-11,1.0,-0.22390294242337544
2016-08-19,272660.1317900369,2.9103830456733704e-11,1.0,0.0
2016-08-22,272528.89233415696,2.9103830456733704e-11,1.0,-0.04813298336590641
2016-08-23,273241.09655265935,2.9103830456733704e-11,1.0,0.0
2016-08-24,267972.8592962174,2.9103830456733704e-11,1.0,-1.9280544994543538
2016-08-25,270167.8863890279,2.9103830456733704e-11,1.0,-1.1247247220145757
2016-08-26,272469.4370480058,2.9103830456733704e-11,1.0,-0.2824097525552206
2016-08-29,272686.3368743482,2.9103830456733704e-11,1.0,-0.20302937051206285
2016-08-30,270500.54761919787,2.9103830456733704e-11,1.0,-1.002978310377744
2016-08-31,268688.9026426584,2.9103830456733704e-11,1.0,-1.6659989904277295
2016-09-01,268046.5140436706,2.9103830456733704e-11,1.0,-1.9010985442988189
2016-09-02,270142.070760024,2.9103830456733704e-11,1.0,-1.134172652552684
2016-09-06,272898.1092263718,2.9103830456733704e-11,1.0,-0.12552552694848637
2016-09-07,269778.8428326001,2.9103830456733704e-11,1.0,-1.2671057771838448
2016-09-08,266754.42440363404,2.9103830456733704e-11,1.0,-2.373973838805464
2016-09-09,257629.55118741497,2.9103830456733704e-11,1.0,-5.713469006751591
2016-09-12,261825.87029967154,2.9103830456733704e-11,1.0,-4.177712063451572
2016-09-13,256555.70232539292,2.9103830456733704e-11,1.0,-6.106473161532932
2016-09-14,258942.8603842015,2.9103830456733704e-11,1.0,-5.2328278391688645
2016-09-15,261585.60750445118,2.9103830456733704e-11,1.0,-4.265642758450103
2016-09-16,264219.0422569566,2.9103830456733704e-11,1.0,-3.3018657916138103
2016-09-19,265192.1059702271,2.9103830456733704e-11,1.0,-2.9457466991540335
2016-09-20,266854.8703582391,2.9103830456733704e-11,1.0,-2.337212913793693
2016-09-21,268289.69245776726,2.9103830456733704e-11,1.0,-1.8121007993897609
2016-09-22,270634.8123658163,2.9103830456733704e-11,1.0,-0.9538404799736045
2016-09-23,268853.03591653897,2.9103830456733704e-11,1.0,-1.6059299612987428
2016-09-26,264002.574264143,2.9103830456733704e-11,1.0,-3.3810881324493147
2016-09-27,269247.9729710031,2.9103830456733704e-11,1.0,-1.4613920204666926
2016-09-28,270019.35453751776,2.9103830456733704e-11,1.0,-1.1790839869216703
2016-09-29,266857.6763107156,2.9103830456733704e-11,1.0,-2.336185999280498
2016-09-30,272222.5579235592,2.9103830456733704e-11,1.0,-0.3727618729212061
2016-10-03,275462.22052597,2.9103830456733704e-11,1.0,0.0
2016-10-04,274905.22215070296,2.9103830456733704e-11,1.0,-0.2022049971874494
2016-10-05,277615.5823246183,2.9103830456733704e-11,1.0,0.0
2016-10-06,278601.12341041095,2.9103830456733704e-11,1.0,0.0
2016-10-07,277168.7281790748,2.9103830456733704e-11,1.0,-0.5141383544337121
2016-10-10,276628.1540459508,-2.9103830456733704e-11,1.0,-0.10972730045136565
2016-10-11,273364.2572681198,-2.9103830456733704e-11,1.0,-1.8797002963181424
2016-10-12,270757.0418086049,-2.9103830456733704e-11,1.0,-2.8155240387350573
2016-10-13,269436.5725848832,-2.9103830456733704e-11,1.0,-3.289488108785309
2016-10-14,267786.3481265122,-2.9103830456733704e-11,1.0,-3.8818132358954505
2016-10-17,270372.0641729413,-2.9103830456733704e-11,1.0,-2.953706408910381
2016-10-18,272780.8358159687,-2.9103830456733704e-11,1.0,-2.089111315559311
2016-10-19,273628.04623840586,-2.9103830456733704e-11,1.0,-1.7850169127563704
2016-10-20,275590.5075386652,-2.9103830456733704e-11,1.0,-1.0806187121186752
2016-10-21,277348.6272388528,-2.9103830456733704e-11,1.0,-0.4495660879705395
2016-10-24,278024.8183410463,-2.9103830456733704e-11,1.0,-0.2068566925753932
2016-10-25,279134.43507337576,-2.9103830456733704e-11,1.0,0.0
2016-10-26,273469.8438811481,-2.9103830456733704e-11,1.0,-2.0293415933217367
2016-10-27,267740.6245457266,-2.9103830456733704e-11,1.0,-4.081836239464367
2016-10-28,268890.9939637223,-2.9103830456733704e-11,1.0,-3.6697160301847975
2016-10-31,267724.37579546554,-2.9103830456733704e-11,1.0,-4.087657359404928
2016-11-01,269005.82039684115,-2.9103830456733704e-11,1.0,-3.6285794240585574
2016-11-02,266682.62368783745,-2.9103830456733704e-11,1.0,-4.460865382755488
2016-11-03,259203.58421715058,-2.9103830456733704e-11,1.0,-7.140233647986133
2016-11-04,258255.20442420486,-2.9103830456733704e-11,1.0,-7.47999100995275
2016-11-07,263324.98176477314,-2.9103830456733704e-11,1.0,-5.663741667862228
2016-11-08,268477.61164196685,-2.9103830456733704e-11,1.0,-3.817810378217062
2016-11-09,273724.5821937472,-2.9103830456733704e-11,1.0,-1.9380815119447576
2016-11-10,276116.5010406406,0.0,1.0,-0.4849813487877609
2016-11-11,273919.30943138327,0.0,1.0,-1.8683204172289227
2016-11-14,268809.61300331395,0.0,1.0,-3.6988707850924007
2016-11-15,273648.0193718699,0.0,1.0,-1.965510167193681
2016-11-16,271821.7309416669,0.0,1.0,-2.6197785772244853
2016-11-17,274004.3961696403,0.0,1.0,-1.8378380662303215
2016-11-18,272620.26727695024,0.0,1.0,-2.3337026815459545
2016-11-21,280504.18948112876,0.0,1.0,0.0
2016-11-22,282380.9001958125,0.0,1.0,0.0
2016-11-23,284890.16143090255,0.0,1.0,0.0
2016-11-25,284331.14000950305,0.0,1.0,-0.19622349139462184
2016-11-28,281371.1998477882,0.0,1.0,-1.2351994064799732
2016-11-29,279580.07264167944,0.0,1.0,-1.863907395942497
2016-11-30,277425.9901272921,0.0,1.0,-2.620017225628481
2016-12-01,273398.36627891683,0.0,1.0,-4.033763431585876
2016-12-02,274869.95611116104,0.0,1.0,-3.517217045830421
2016-12-05,280141.50963580055,0.0,1.0,-1.6668360083939695
2016-12-06,280752.3635547024,0.0,1.0,-1.4524186638869792
2016-12-07,282273.4969108601,0.0,1.0,-0.9184818832984066
2016-12-08,283487.65265116043,0.0,1.0,-0.49229807470282894
2016-12-09,285721.205500126,0.0,1.0,0.0
2016-12-12,281335.4414465482,0.0,1.0,-1.534980242681307
2016-12-13,283313.3160558324,0.0,1.0,-0.8427408949499785
2016-12-14,281751.68497149117,0.0,1.0,-1.3892985372529814
2016-12-15,280888.9375506681,0.0,1.0,-1.6912528214346307
2016-12-16,277233.330431209,0.0,1.0,-2.9706843263732674
2016-12-19,277397.7793719996,0.0,1.0,-2.9131285910533227
2016-12-20,280421.60162282846,0.0,1.0,-1.8548164347903844
2016-12-21,279658.4391837346,0.0,1.0,-2.121916819502127
2016-12-22,277224.65287252073,0.0,1.0,-2.9737213983585558
2016-12-23,276701.6893482203,0.0,1.0,-3.1567541989464702
2016-12-27,278785.3449662055,0.0,1.0,-2.4274923948259293
2016-12-28,276717.8823727688,0.0,1.0,-3.1510867776151823
2016-12-29,275162.11786444485,0.0,1.0,-3.695591168040376
2016-12-30,270822.9546020992,0.0,1.0,-5.21426152880355
2017-01-03,275493.4489491136,0.0,1.0,-3.5796280969449734
2017-01-04,280444.0436972714,0.0,1.0,-1.8469618989663317
2017-01-05,283351.1734897706,0.0,1.0,-0.8294911139713559
2017-01-06,286820.9329045082,0.0,1.0,0.0
2017-01-09,287113.40752495604,0.0,1.0,0.0
2017-01-10,287725.13078270975,2.9103830456733704e-11,1.0,0.0
2017-01-11,288351.028308839,2.9103830456733704e-11,1.0,-0.382870096008717
2017-01-12,287091.84715186816,2.9103830456733704e-11,1.0,-0.8178815943976696
2017-01-13,298685.62823253026,2.9103830456733704e-11,1.0,0.0
2017-01-17,296097.19004748797,2.9103830456733704e-11,1.0,-0.8666095521098072
2017-01-18,296378.80978374387,2.9103830456733704e-11,1.0,-0.7723232156957033
2017-01-19,295865.0234523624,2.9103830456733704e-11,1.0,-0.9443389683188879
2017-01-20,294443.67276281473,2.9103830456733704e-11,1.0,-1.4202074250499637
2017-01-23,296318.76045629283,2.9103830456733704e-11,1.0,-0.792427740913866
2017-01-24,298460.96066999086,2.9103830456733704e-11,1.0,-0.07521873880201958
2017-01-25,301004.86938695086,2.9103830456733704e-11,1.0,0.0
2017-01-26,301897.8666454034,2.9103830456733704e-11,1.0,0.0
2017-01-27,304767.59944577096,2.9103830456733704e-11,1.0,0.0
2017-01-30,301466.6833178082,2.9103830456733704e-11,1.0,-1.0830928661595176
2017-01-31,300441.0775221056,2.9103830456733704e-11,1.0,-1.419613479757453
2017-02-01,303623.61215830996,2.9103830456733704e-11,1.0,-0.37536381476947556
2017-02-02,305152.9466495491,2.9103830456733704e-11,1.0,0.0
2017-02-03,303531.5668538081,2.9103830456733704e-11,1.0,-0.5313334881878305
2017-02-06,304116.16846000956,2.9103830456733704e-11,1.0,-0.3397568992608291
2017-02-07,305618.57824052573,2.9103830456733704e-11,1.0,0.0
2017-02-08,305470.64067379915,2.9103830456733704e-11,1.0,-0.04840594690881526
2017-02-09,305112.7806707609,2.9103830456733704e-11,1.0,-0.16549961480639017
2017-02-10,302373.22217962047,-1.4551915228366852e-11,1.0,-0.4655868369681927
2017-02-13,299648.58595730324,-1.4551915228366852e-11,1.0,-1.9534127531095438
2017-02-14,301725.27943594416,-1.4551915228366852e-11,1.0,-1.2739077666664285
2017-02-15,304064.03919978125,-1.4551915228366852e-11,1.0,-0.5086533186870064
2017-02-16,302187.0514666607,-1.4551915228366852e-11,1.0,-1.1228135388956584
2017-02-17,302711.2865261853,-1.4551915228366852e-11,1.0,-0.951281080842007
2017-02-21,309777.56349999824,-1.4551915228366852e-11,1.0,0.0
2017-02-22,310897.1363211135,-1.4551915228366852e-11,1.0,0.0
2017-02-23,302882.1520128632,-1.4551915228366852e-11,1.0,-2.578018055454825
2017-02-24,301185.32696743886,-1.4551915228366852e-11,1.0,-3.123801482572582
2017-02-27,308331.41771243257,-1.4551915228366852e-11,1.0,-0.8252628631583494
2017-02-28,302746.6136170335,-1.4551915228366852e-11,1.0,-2.62161395261667
2017-03-01,309142.9386084056,-1.4551915228366852e-11,1.0,-0.5642373337579003
2017-03-02,302189.30477976426,-1.4551915228366852e-11,1.0,-2.800872225582438
2017-03-03,298919.06375325145,-1.4551915228366852e-11,1.0,-3.8527445796381885
2017-03-06,297731.28565042507,-1.4551915228366852e-11,1.0,-4.234793162292092
2017-03-07,297685.5593739345,-1.4551915228366852e-11,1.0,-4.249501009727301
2017-03-08,299124.5230157935,-1.4551915228366852e-11,1.0,-3.786658650068928
2017-03-09,300039.37852866855,-1.4551915228366852e-11,1.0,-3.492395562379965
2017-03-10,300820.3865728093,0.0,1.0,-2.6580086151132836
2017-03-13,302800.1691534111,0.0,1.0,-2.604387825347914
2017-03-14,304053.02241161827,0.0,1.0,-2.2014078323404753
2017-03-15,304691.1122595684,0.0,1.0,-1.9961663638918596
2017-03-16,307503.53263447125,0.0,1.0,-1.0915519283320547
2017-03-17,309851.75438949006,0.0,1.0,-0.3362468834527024
2017-03-20,312958.02204280946,0.0,1.0,0.0
2017-03-21,303367.1835213775,0.0,1.0,-3.0645766671288674
2017-03-22,307434.5506152146,0.0,1.0,-1.7649240596361133
2017-03-23,305263.04784088535,0.0,1.0,-2.4587879715291385
2017-03-24,307838.08578074264,0.0,1.0,-1.635981793547529
2017-03-27,312284.4414783697,0.0,1.0,-0.2152303238763515
2017-03-28,316847.90298029315,0.0,1.0,0.0
2017-03-29,320631.3934792917,0.0,1.0,0.0
2017-03-30,323244.0938758054,0.0,1.0,0.0
2017-03-31,324289.2579643921,0.0,1.0,0.0
2017-04-03,329559.7724760911,0.0,1.0,0.0
2017-04-04,327946.6432487863,0.0,1.0,-0.48948001607867975
2017-04-05,323974.5620185952,0.0,1.0,-1.6947488510300739
2017-04-06,325593.23427848174,0.0,1.0,-1.2035868843480062
2017-04-07,326208.59452568414,0.0,1.0,-1.016864990902399
2017-04-10,327433.22814300004,1.4551915228366852e-11,1.0,-0.04644643672525921
2017-04-11,326517.00989925844,1.4551915228366852e-11,1.0,-0.9232809435360971
2017-04-12,321120.7692137818,1.4551915228366852e-11,1.0,-2.560689734339931
2017-04-13,320798.8186146384,1.4551915228366852e-11,1.0,-2.658380844126929
2017-04-17,324697.6935379871,1.4551915228366852e-11,1.0,-1.4753253716537
2017-04-18,323649.5551628082,1.4551915228366852e-11,1.0,-1.7933673363340075
2017-04-19,325994.61775394494,1.4551915228366852e-11,1.0,-1.0817930523983508
2017-04-20,327887.97187321645,1.4551915228366852e-11,1.0,-0.5072829703437018
2017-04-21,326729.193356538,1.4551915228366852e-11,1.0,-0.858897036578833
2017-04-24,333167.735410637,1.4551915228366852e-11,1.0,0.0
2017-04-25,338112.182735869,1.4551915228366852e-11,1.0,0.0
2017-04-26,336177.0647404859,1.4551915228366852e-11,1.0,-0.5723301596898692
2017-04-27,341211.5660128328,1.4551915228366852e-11,1.0,0.0
2017-04-28,341228.3738806751,1.4551915228366852e-11,1.0,0.0
2017-05-01,346352.7486825552,1.4551915228366852e-11,1.0,0.0
2017-05-02,351694.4244216601,1.4551915228366852e-11,1.0,0.0
2017-05-03,353991.59331259906,1.4551915228366852e-11,1.0,0.0
2017-05-04,351152.04971652746,1.4551915228366852e-11,1.0,-0.8021500085636455
2017-05-05,355935.69376871036,1.4551915228366852e-11,1.0,0.0
2017-05-08,356434.8666876627,1.4551915228366852e-11,1.0,0.0
2017-05-09,361871.7274285063,1.4551915228366852e-11,1.0,0.0
2017-05-10,376050.1418620956,-2.9103830456733704e-11,1.0,0.0
2017-05-11,374767.1965227234,-2.9103830456733704e-11,1.0,-0.9382194609126612
2017-05-12,373261.65004291205,-2.9103830456733704e-11,1.0,-1.3361788243742556
2017-05-15,369950.8845880654,-2.9103830456733704e-11,1.0,-2.2113096361088043
2017-05-16,369072.835050467,-2.9103830456733704e-11,1.0,-2.443403457027692
2017-05-17,353806.9233038314,-2.9103830456733704e-11,1.0,-6.478624290670195
2017-05-18,358412.00014901074,-2.9103830456733704e-11,1.0,-5.261369642890143
2017-05-19,360387.8643650144,-2.9103830456733704e-11,1.0,-4.739091735013207
2017-05-22,362968.50629026955,-2.9103830456733704e-11,1.0,-4.056953633222084
2017-05-23,362794.18744049716,-2.9103830456733704e-11,1.0,-4.103031133601527
2017-05-24,367382.13721463655,-2.9103830456733704e-11,1.0,-2.8903036647431524
2017-05-25,369300.6303080623,-2.9103830456733704e-11,1.0,-2.3831905994853884
2017-05-26,371673.9693910942,-2.9103830456733704e-11,1.0,-1.7558486187315143
2017-05-30,372211.7409407949,-2.9103830456733704e-11,1.0,-1.6137000856397563
2017-05-31,377104.70346639183,-2.9103830456733704e-11,1.0,-0.3203489482029581
2017-06-01,380478.80057441286,-2.9103830456733704e-11,1.0,0.0
2017-06-02,380241.2643984191,-2.9103830456733704e-11,1.0,-0.06243085702413011
2017-06-05,380719.0448268672,-2.9103830456733704e-11,1.0,0.0
2017-06-06,382360.2165679992,-2.9103830456733704e-11,1.0,0.0
2017-06-07,382006.0971642693,-2.9103830456733704e-11,1.0,-0.09261408179659217
2017-06-08,389186.56119698664,-2.9103830456733704e-11,1.0,0.0
2017-06-09,384224.7935024797,-2.9103830456733704e-11,1.0,-1.2749072525131646
2017-06-12,382540.8987208657,-2.9103830456733704e-11,1.0,-1.7075775832756015
2017-06-13,388446.1954739919,-2.9103830456733704e-11,1.0,-0.19023414393283528
2017-06-14,387737.2376032409,-2.9103830456733704e-11,1.0,-0.37239816022634714
2017-06-15,382626.69967614004,-2.9103830456733704e-11,1.0,-1.685531355623129
2017-06-16,381333.5301779288,-2.9103830456733704e-11,1.0,-2.01780631759354
2017-06-19,387586.37420534773,-2.9103830456733704e-11,1.0,-0.41116193393660816
2017-06-20,383488.94765300106,-2.9103830456733704e-11,1.0,-1.463980032214355
2017-06-21,386938.4603963099,-2.9103830456733704e-11,1.0,-0.5776409117936787
2017-06-22,388284.0280580149,-2.9103830456733704e-11,1.0,-0.2319024419023813
2017-06-23,391885.84857228055,-2.9103830456733704e-11,1.0,0.0
2017-06-26,389024.94349824137,-2.9103830456733704e-11,1.0,-0.7300353111657487
2017-06-27,382701.1355544129,-2.9103830456733704e-11,1.0,-2.3437215330253474
2017-06-28,394277.7953645784,-2.9103830456733704e-11,1.0,0.0
2017-06-29,390645.6142937355,-2.9103830456733704e-11,1.0,-0.9212238461170033
2017-06-30,389828.7756919949,-2.9103830456733704e-11,1.0,-1.1283972176190153
2017-07-03,386821.69274788565,-2.9103830456733704e-11,1.0,-1.8910784995635515
2017-07-05,384463.0197676605,-2.9103830456733704e-11,1.0,-2.4893046761211677
2017-07-06,376454.03921965504,-2.9103830456733704e-11,1.0,-4.5206086557428815
2017-07-07,381306.4607872872,-2.9103830456733704e-11,1.0,-3.28989730839316
2017-07-10,384599.27899328363,-2.9103830456733704e-11,1.0,-1.8668296592630922
2017-07-11,392030.6434872454,-2.9103830456733704e-11,1.0,-0.5699412707872787
2017-07-12,397508.91426945874,-2.9103830456733704e-11,1.0,0.0
2017-07-13,396729.0989034051,-2.9103830456733704e-11,1.0,-0.19617556690189106
2017-07-14,401649.4446818241,-2.9103830456733704e-11,1.0,0.0
2017-07-17,401097.168188679,-2.9103830456733704e-11,1.0,-0.13750211794333528
2017-07-18,404818.21855921566,-2.9103830456733704e-11,1.0,0.0
2017-07-19,408430.71405010816,-2.9103830456733704e-11,1.0,0.0
2017-07-20,408881.9859869629,-2.9103830456733704e-11,1.0,0.0
2017-07-21,408438.33193010226,-2.9103830456733704e-11,1.0,-0.10850418264080816
2017-07-24,412128.4901735207,-2.9103830456733704e-11,1.0,0.0
2017-07-25,414463.2609289298,-2.9103830456733704e-11,1.0,0.0
2017-07-26,417450.7046586132,-2.9103830456733704e-11,1.0,0.0
2017-07-27,407990.0006523176,-2.9103830456733704e-11,1.0,-2.2663044763650495
2017-07-28,408068.5826633663,-2.9103830456733704e-11,1.0,-2.247480215159659
2017-07-31,401910.0180697567,-2.9103830456733704e-11,1.0,-3.722759697235514
2017-08-01,401773.75279192266,-2.9103830456733704e-11,1.0,-3.7554019412929205
2017-08-02,407527.0987144142,-2.9103830456733704e-11,1.0,-2.377192284850587
2017-08-03,412505.9877581744,-2.9103830456733704e-11,1.0,-1.1845031869050278
2017-08-04,419647.3921293651,-2.9103830456733704e-11,1.0,0.0
2017-08-07,423855.26226536493,-2.9103830456733704e-11,1.0,0.0
2017-08-08,431913.23518470663,-2.9103830456733704e-11,1.0,0.0
2017-08-09,431816.1787756027,-2.9103830456733704e-11,1.0,-0.022471274598104492
2017-08-10,413460.1169486677,4.3655745685100555e-11,1.0,-3.6954526949410877
2017-08-11,411616.15510594344,4.3655745685100555e-11,1.0,-4.699342003280634
2017-08-14,423924.25680682197,4.3655745685100555e-11,1.0,-1.8496720468564005
2017-08-15,425184.07654703595,4.3655745685100555e-11,1.0,-1.5579885239666194
2017-08-16,421361.107437164,4.3655745685100555e-11,1.0,-2.4431128495124814
2017-08-17,412394.7212018393,4.3655745685100555e-11,1.0,-4.519082165778113
2017-08-18,409847.5055958094,4.3655745685100555e-11,1.0,-5.108833856286183
2017-08-21,403538.4458842053,4.3655745685100555e-11,1.0,-6.569557723408716
2017-08-22,408940.02350701287,4.3655745685100555e-11,1.0,-5.3189413535497065
2017-08-23,414052.1695593726,4.3655745685100555e-11,1.0,-4.135336491296869
2017-08-24,414324.9644769124,4.3655745685100555e-11,1.0,-4.072176834375694
2017-08-25,413513.7591966726,4.3655745685100555e-11,1.0,-4.259993556383043
2017-08-28,414147.7686798585,4.3655745685100555e-11,1.0,-4.11320261979256
2017-08-29,414617.65272594435,4.3655745685100555e-11,1.0,-4.004411314546974
2017-08-30,420625.6501158179,4.3655745685100555e-11,1.0,-2.6133917994111995
2017-08-31,425981.4812221946,4.3655745685100555e-11,1.0,-1.3733670282123471
2017-09-01,428074.4798515282,4.3655745685100555e-11,1.0,-0.888779277980868
2017-09-05,418968.43521705107,4.3655745685100555e-11,1.0,-2.99708342165522
2017-09-06,418960.7717913664,4.3655745685100555e-11,1.0,-2.9988577191437873
2017-09-07,419364.39925511513,4.3655745685100555e-11,1.0,-2.905406666740606
2017-09-08,408811.71813550754,4.3655745685100555e-11,1.0,-5.348647637370913
2017-09-11,421756.6708725555,4.3655745685100555e-11,1.0,-2.351528845326465
2017-09-12,420894.41210813913,4.3655745685100555e-11,1.0,-2.5511658775298525
2017-09-13,421659.5651876578,4.3655745685100555e-11,1.0,-2.3740115286497065
2017-09-14,423343.365168674,4.3655745685100555e-11,1.0,-1.9841647159452687
2017-09-15,433064.81889613677,4.3655745685100555e-11,1.0,0.0
2017-09-18,438826.5626644859,4.3655745685100555e-11,1.0,0.0
2017-09-19,436558.9916532233,4.3655745685100555e-11,1.0,-0.5167351305021879
2017-09-20,438590.3200133396,4.3655745685100555e-11,1.0,-0.05383508457461748
2017-09-21,430378.41073194105,4.3655745685100555e-11,1.0,-1.925168768556074
2017-09-22,423875.8957892332,4.3655745685100555e-11,1.0,-3.406964880264899
2017-09-25,414383.6734521141,4.3655745685100555e-11,1.0,-5.570056895361667
2017-09-26,415500.058331265,4.3655745685100555e-11,1.0,-5.315654592918446
2017-09-27,417696.300651649,4.3655745685100555e-11,1.0,-4.815173877473881
2017-09-28,417219.93557923683,4.3655745685100555e-11,1.0,-4.923728170431848
2017-09-29,418353.35451804206,4.3655745685100555e-11,1.0,-4.665444138598566
2017-10-02,417051.57746144076,4.3655745685100555e-11,1.0,-4.962093696158875
2017-10-03,423340.5887383247,4.3655745685100555e-11,1.0,-3.528950898535582
2017-10-04,425641.93959894514,4.3655745685100555e-11,1.0,-3.0045180003429564
2017-10-05,427690.035400489,4.3655745685100555e-11,1.0,-2.5377969821101183
2017-10-06,427284.21409540717,4.3655745685100555e-11,1.0,-2.6302757287515584
2017-10-09,426765.0554247679,4.3655745685100555e-11,1.0,-2.7485818466599685
2017-10-10,432237.24315533956,4.3655745685100555e-11,1.0,-0.9079165042214227
2017-10-11,434141.3325907713,4.3655745685100555e-11,1.0,-1.0676723955055478
2017-10-12,434710.7584489146,4.3655745685100555e-11,1.0,-0.9379113676667029
2017-10-13,434274.12979371566,4.3655745685100555e-11,1.0,-1.037410507497214
2017-10-16,433720.9764479175,4.3655745685100555e-11,1.0,-1.1634633476989287
2017-10-17,435629.7253329464,4.3655745685100555e-11,1.0,-0.7284967692312863
2017-10-18,435426.63175874774,4.3655745685100555e-11,1.0,-0.7747778268239509
2017-10-19,432763.17675211653,4.3655745685100555e-11,1.0,-1.3817271852354218
2017-10-20,433685.8857194902,4.3655745685100555e-11,1.0,-1.1714598391178337
2017-10-23,427108.16096133424,4.3655745685100555e-11,1.0,-2.670394798345695
2017-10-24,426852.38971825805,4.3655745685100555e-11,1.0,-2.728680067478718
2017-10-25,419685.7715700331,4.3655745685100555e-11,1.0,-4.361812324721847
2017-10-26,421915.059747342,4.3655745685100555e-11,1.0,-3.853801104121838
2017-10-27,435667.13171053474,4.3655745685100555e-11,1.0,-0.7199725866108873
2017-10-30,439892.3682473209,4.3655745685100555e-11,1.0,0.0
2017-10-31,428799.7238209448,4.3655745685100555e-11,1.0,-2.521672396948581
2017-11-01,423916.2493068438,4.3655745685100555e-11,1.0,-3.631824531107761
2017-11-02,419071.2432157203,4.3655745685100555e-11,1.0,-4.733231702691036
2017-11-03,425566.4777161493,4.3655745685100555e-11,1.0,-3.256680853148406
2017-11-06,428786.84202364576,4.3655745685100555e-11,1.0,-2.52460079449054
2017-11-07,430952.01126637484,4.3655745685100555e-11,1.0,-2.0323964738391394
2017-11-08,428712.4199731776,4.3655745685100555e-11,1.0,-2.5415190353694808
2017-11-09,427991.29175032966,4.3655745685100555e-11,1.0,-2.7054519141600712
2017-11-10,433239.7646240456,1.4551915228366852e-11,1.0,-0.918729418288814
2017-11-13,429362.3918550875,1.4551915228366852e-11,1.0,-2.393762009145183
2017-11-14,422462.7338392057,1.4551915228366852e-11,1.0,-3.9622497834096784
2017-11-15,423123.0253948048,1.4551915228366852e-11,1.0,-3.8121468029397283
2017-11-16,426200.0818442709,1.4551915228366852e-11,1.0,-3.112644681153397
2017-11-17,427930.1018610444,1.4551915228366852e-11,1.0,-2.7193621098584075
2017-11-20,424971.7074875266,1.4551915228366852e-11,1.0,-3.391888979398125
2017-11-21,430380.1307958702,1.4551915228366852e-11,1.0,-2.1624011094692595
2017-11-22,430124.07772033394,1.4551915228366852e-11,1.0,-2.220609229004607
2017-11-24,433125.5867520735,1.4551915228366852e-11,1.0,-1.538281175963229
2017-11-27,431029.1558329552,1.4551915228366852e-11,1.0,-2.014859327903252
2017-11-28,433539.4137429666,1.4551915228366852e-11,1.0,-1.4442065748188773
2017-11-29,420120.7589840278,1.4551915228366852e-11,1.0,-4.49464702969725
2017-11-30,420548.19286461244,1.4551915228366852e-11,1.0,-4.397479196964051
2017-12-01,416196.09468261077,1.4551915228366852e-11,1.0,-5.386834433869364
2017-12-04,407342.5440804071,1.4551915228366852e-11,1.0,-7.399497358093115
2017-12-05,407422.77667845145,1.4551915228366852e-11,1.0,-7.381258215103662
2017-12-06,412268.97084366495,1.4551915228366852e-11,1.0,-6.279580960614712
2017-12-07,415021.97142114985,1.4551915228366852e-11,1.0,-5.653745920908573
2017-12-08,419248.1122996991,1.4551915228366852e-11,1.0,-4.693024348177585
2017-12-11,421903.54609603336,1.4551915228366852e-11,1.0,-4.089369002458723
2017-12-12,421849.4292287266,1.4551915228366852e-11,1.0,-4.101671299841689
2017-12-13,420505.0249456527,1.4551915228366852e-11,1.0,-4.4072924881406506
2017-12-14,418627.6606485657,1.4551915228366852e-11,1.0,-4.834070589467361
2017-12-15,424229.45443756634,1.4551915228366852e-11,1.0,-3.5606241299799883
2017-12-18,426795.8701155189,1.4551915228366852e-11,1.0,-2.9772051249679117
2017-12-19,422326.0494134048,1.4551915228366852e-11,1.0,-3.993322026455294
2017-12-20,419197.2545996097,1.4551915228366852e-11,1.0,-4.704585744500971
2017-12-21,418159.25132910395,1.4551915228366852e-11,1.0,-4.940553300528712
2017-12-22,416173.62589064497,1.4551915228366852e-11,1.0,-5.391942226954143
2017-12-26,415664.81279853324,1.4551915228366852e-11,1.0,-5.507609860411619
2017-12-27,412894.302415957,1.4551915228366852e-11,1.0,-6.137425374969171
2017-12-28,414597.150308666,1.4551915228366852e-11,1.0,-5.750319797417613
2017-12-29,411299.66655789607,1.4551915228366852e-11,1.0,-6.499931290771819
2018-01-02,422418.1200312751,1.4551915228366852e-11,1.0,-3.97239176611976
2018-01-03,432601.4988612919,1.4551915228366852e-11,1.0,-1.6574212039818375
2018-01-04,428152.9001821153,1.4551915228366852e-11,1.0,-2.6687137383127473
2018-01-05,431337.1982402891,1.4551915228366852e-11,1.0,-1.9448325600915595
2018-01-08,442617.0403223586,1.4551915228366852e-11,1.0,0.0
2018-01-09,442995.22080426296,1.4551915228366852e-11,1.0,0.0
2018-01-10,446377.1583775623,2.9103830456733704e-11,1.0,0.0
2018-01-11,448701.8248375309,2.9103830456733704e-11,1.0,-0.08143476112312895
2018-01-12,446380.94131149777,2.9103830456733704e-11,1.0,-0.5982576024203414
2018-01-16,439203.71339365863,2.9103830456733704e-11,1.0,-2.19650899398213
2018-01-17,448414.8986672188,2.9103830456733704e-11,1.0,-0.14532853128430787
2018-01-18,444981.6637257182,2.9103830456733704e-11,1.0,-0.9098538585591186
2018-01-19,450524.6197115297,2.9103830456733704e-11,1.0,0.0
2018-01-22,454597.93947766727,2.9103830456733704e-11,1.0,0.0
2018-01-23,460430.6332046939,2.9103830456733704e-11,1.0,0.0
2018-01-24,454648.5504727578,2.9103830456733704e-11,1.0,-1.2557988793429353
2018-01-25,451324.22845351754,2.9103830456733704e-11,1.0,-1.9778016696660417
2018-01-26,457043.7832358326,2.9103830456733704e-11,1.0,-0.7355831095094902
2018-01-29,459755.84799273027,2.9103830456733704e-11,1.0,-0.1465552383574026
2018-01-30,449199.4130999188,2.9103830456733704e-11,1.0,-2.4392860280827646
2018-01-31,458363.1115661239,2.9103830456733704e-11,1.0,-0.4490408520778948
2018-02-01,451591.62309534673,2.9103830456733704e-11,1.0,-1.9197267670540963
2018-02-02,436201.27170710516,2.9103830456733704e-11,1.0,-5.262326124773085
2018-02-05,415909.74377299566,2.9103830456733704e-11,1.0,-9.669402125098303
2018-02-06,437017.71751777275,2.9103830456733704e-11,1.0,-5.08500390687786
2018-02-07,435142.6448777547,2.9103830456733704e-11,1.0,-5.492247149354403
2018-02-08,412859.28171628993,2.9103830456733704e-11,0.75,-10.33192582285357
2018-02-09,423247.770855145,2.9103830456733704e-11,1.0,-8.075670832487484
2018-02-12,429428.5764311441,2.9103830456733704e-11,1.0,-6.733274143331644
2018-02-13,446866.59754444816,2.9103830456733704e-11,1.0,-2.9459455305649866
2018-02-14,461754.4528900048,2.9103830456733704e-11,1.0,0.0
2018-02-15,470788.5207096523,2.9103830456733704e-11,1.0,0.0
2018-02-16,465692.4062922278,2.9103830456733704e-11,1.0,-1.0824636101455396
2018-02-20,467560.03628030594,2.9103830456733704e-11,1.0,-0.6857610768588452
2018-02-21,463252.568964531,2.9103830456733704e-11,1.0,-1.600708473894353
2018-02-22,467214.53230300744,2.9103830456733704e-11,1.0,-0.7591494374708886
2018-02-23,479414.81400105753,2.9103830456733704e-11,1.0,0.0
2018-02-26,485830.96902363433,2.9103830456733704e-11,1.0,0.0
2018-02-27,481296.84262114187,2.9103830456733704e-11,1.0,-0.9332724119264385
2018-02-28,475043.2196384015,2.9103830456733704e-11,1.0,-2.2204738011890734
2018-03-01,461658.5932759035,2.9103830456733704e-11,1.0,-4.975470336176721
2018-03-02,471731.5985240125,2.9103830456733704e-11,1.0,-2.9021143975150645
2018-03-05,479118.39286062785,2.9103830456733704e-11,1.0,-1.3816690559057245
2018-03-06,487318.30900150654,2.9103830456733704e-11,1.0,0.0
2018-03-07,485939.4463392742,2.9103830456733704e-11,1.0,-0.28294907799741664
2018-03-08,485804.67838651856,2.9103830456733704e-11,1.0,-0.31060409326490185
2018-03-09,487066.50737119385,2.9103830456733704e-11,1.0,-0.0516708741825489
2018-03-12,507367.04738595395,2.9103830456733704e-11,1.0,0.0
2018-03-13,502378.0165163678,2.9103830456733704e-11,1.0,-0.9833178751538049
2018-03-14,497454.22987354593,2.9103830456733704e-11,1.0,-1.95377637619168
2018-03-15,493496.1213186743,2.9103830456733704e-11,1.0,-2.733903618444507
2018-03-16,498010.32892498915,2.9103830456733704e-11,1.0,-1.8441714946156411
2018-03-19,488845.1238485771,2.9103830456733704e-11,1.0,-3.6505964730672074
2018-03-20,495200.9771624408,2.9103830456733704e-11,1.0,-2.3978834033851726
2018-03-21,498536.7141320273,2.9103830456733704e-11,1.0,-1.7404230920045196
2018-03-22,483054.65117217886,2.9103830456733704e-11,1.0,-4.791875297979425
2018-03-23,463618.5363836285,2.9103830456733704e-11,1.0,-8.622655181830517
2018-03-26,477825.6942396025,2.9103830456733704e-11,1.0,-5.822481633080788
2018-03-27,450792.363683635,2.9103830456733704e-11,0.75,-11.150642122660873
2018-03-28,437821.9333937361,2.9103830456733704e-11,0.75,-13.70706165300383
2018-03-29,449683.78754717077,2.9103830456733704e-11,0.75,-11.369138010830165
2018-04-02,432909.4749192949,2.9103830456733704e-11,0.75,-14.675287417714225
2018-04-03,447214.237309824,2.9103830456733704e-11,0.75,-11.855876408617398
2018-04-04,462714.4816461943,2.9103830456733704e-11,1.0,-8.80084072661354
2018-04-05,458517.6837729476,2.9103830456733704e-11,1.0,-9.628012671435217
2018-04-06,445005.5517979249,2.9103830456733704e-11,0.75,-12.291199420483977
2018-04-09,440179.23989992065,2.9103830456733704e-11,0.75,-13.242446042208877
2018-04-10,457460.95754775323,5.820766091346741e-11,1.0,-9.292862691468793
2018-04-11,456916.8186664501,5.820766091346741e-11,1.0,-9.943536731333358
2018-04-12,465321.0689353758,5.820766091346741e-11,1.0,-8.287092878263694
2018-04-13,464965.03585592855,5.820766091346741e-11,1.0,-8.357265563163427
2018-04-16,464398.31817144563,5.820766091346741e-11,1.0,-8.468963334511164
2018-04-17,473949.2286264793,5.820766091346741e-11,1.0,-6.586517380592466
2018-04-18,474543.828168584,5.820766091346741e-11,1.0,-6.46932420749063
2018-04-19,463177.36865310743,5.820766091346741e-11,1.0,-8.709607563305436
2018-04-20,461740.92802398204,5.820766091346741e-11,1.0,-8.992724221457792
2018-04-23,455439.98223931517,5.820766091346741e-11,0.75,-10.234615238450415
2018-04-24,445777.1472128897,5.820766091346741e-11,0.75,-12.139121074257083
2018-04-25,442292.7883863981,5.820766091346741e-11,0.75,-12.825874154584948
2018-04-26,464168.3855285789,5.820766091346741e-11,1.0,-8.514282131632772
2018-04-27,459818.8528074381,5.820766091346741e-11,1.0,-9.371557499347398
2018-04-30,451953.3289278485,5.820766091346741e-11,0.75,-10.921820552518513
2018-05-01,457118.2183745665,5.820766091346741e-11,1.0,-9.903841660643591
2018-05-02,456636.9392843564,5.820766091346741e-11,1.0,-9.998699829436724
2018-05-03,460241.1950801389,5.820766091346741e-11,1.0,-9.28831553972925
2018-05-04,467658.80664312,5.820766091346741e-11,1.0,-7.826334198765552
2018-05-07,474764.98842933506,5.820766091346741e-11,1.0,-6.425734411525254
2018-05-08,477378.5316030417,5.820766091346741e-11,1.0,-5.910615586372524
2018-05-09,485929.9556942332,5.820766091346741e-11,1.0,-4.225164366146463
2018-05-10,490746.88843729324,5.820766091346741e-11,1.0,-2.692798896243999
2018-05-11,487576.6983212974,5.820766091346741e-11,1.0,-3.900598031862724
2018-05-14,487191.15469253407,5.820766091346741e-11,1.0,-3.976587127084761
2018-05-15,484797.04227688455,5.820766091346741e-11,1.0,-4.44845703428201
2018-05-16,490545.48472424166,5.820766091346741e-11,1.0,-3.3154621981029315
2018-05-17,486934.2809956601,5.820766091346741e-11,1.0,-4.027215897360129
2018-05-18,486994.03184719157,5.820766091346741e-11,1.0,-4.015439245360496
2018-05-21,492360.71429664677,5.820766091346741e-11,1.0,-2.9576877660113134
2018-05-22,490055.49328623526,5.820766091346741e-11,1.0,-3.4120375355299335
2018-05-23,495922.2490005687,5.820766091346741e-11,1.0,-2.2557236313140367
2018-05-24,497734.28488149587,5.820766091346741e-11,1.0,-1.8985786629399364
2018-05-25,498253.3901218442,5.820766091346741e-11,1.0,-1.7962651124200826
2018-05-29,499164.44437134854,5.820766091346741e-11,1.0,-1.6166999920209035
2018-05-30,503154.99022356124,5.820766091346741e-11,1.0,-0.8301794892068738
2018-05-31,501488.15508883743,5.820766091346741e-11,1.0,-1.1587059757636258
2018-06-01,513696.21233102377,5.820766091346741e-11,1.0,0.0
2018-06-04,517965.6542285001,5.820766091346741e-11,1.0,0.0
2018-06-05,523844.0495164911,5.820766091346741e-11,1.0,0.0
2018-06-06,526472.8818227862,5.820766091346741e-11,1.0,0.0
2018-06-07,517945.931430695,5.820766091346741e-11,1.0,-1.61963715254785
2018-06-08,521274.23674190557,5.820766091346741e-11,1.0,-0.9874478364168632
2018-06-11,523653.5466193147,5.820766091346741e-11,1.0,-0.5355138509148286
2018-06-12,527891.9787416095,5.820766091346741e-11,1.0,0.0
2018-06-13,531262.7581223211,5.820766091346741e-11,1.0,0.0
2018-06-14,537576.039991971,5.820766091346741e-11,1.0,0.0
2018-06-15,536737.1370680087,5.820766091346741e-11,1.0,-0.156052885834507
2018-06-18,540950.8925921789,5.820766091346741e-11,1.0,0.0
2018-06-19,544504.1666532254,5.820766091346741e-11,1.0,0.0
2018-06-20,549848.598039786,5.820766091346741e-11,1.0,0.0
2018-06-21,543279.8000293882,5.820766091346741e-11,1.0,-1.1946557713915482
2018-06-22,538764.068616769,5.820766091346741e-11,1.0,-2.0159239220638847
2018-06-25,519617.04999618453,5.820766091346741e-11,1.0,-5.498158611548183
2018-06-26,532701.0735866815,5.820766091346741e-11,1.0,-3.11859019268859
2018-06-27,520790.74882980675,5.820766091346741e-11,1.0,-5.28470006353943
2018-06-28,523766.7710628928,5.820766091346741e-11,1.0,-4.743456120443895
2018-06-29,523005.1966802735,5.820766091346741e-11,1.0,-4.881962317483282
2018-07-02,531096.3443304312,5.820766091346741e-11,1.0,-3.410439487561976
2018-07-03,526053.0947619894,5.820766091346741e-11,1.0,-4.327646439879575
2018-07-05,530982.5480364404,5.820766091346741e-11,1.0,-3.4311354199325392
2018-07-06,539324.7813473588,5.820766091346741e-11,1.0,-1.9139480813345033
2018-07-09,548546.779211013,5.820766091346741e-11,1.0,-0.23675950678313618
2018-07-10,542899.7314902494,-2.9103830456733704e-11,1.0,-0.6686842572869911
2018-07-11,538268.1864563127,-2.9103830456733704e-11,1.0,-2.10610914072666
2018-07-12,539419.9107934359,-2.9103830456733704e-11,1.0,-1.8966470558492734
2018-07-13,535370.4659873595,-2.9103830456733704e-11,1.0,-2.633112479333602
2018-07-16,532636.9893254515,-2.9103830456733704e-11,1.0,-3.1302450848640766
2018-07-17,535654.3628463554,-2.9103830456733704e-11,1.0,-2.581480655590122
2018-07-18,536413.625302287,-2.9103830456733704e-11,1.0,-2.4433949246019178
2018-07-19,526322.2140501909,-2.9103830456733704e-11,1.0,-4.278702187014176
2018-07-20,520017.5639710447,-2.9103830456733704e-11,1.0,-5.425317837508197
2018-07-23,513433.1528949586,-2.9103830456733704e-11,1.0,-6.622813129768572
2018-07-24,504313.3137579656,-2.9103830456733704e-11,1.0,-8.281422275905404
2018-07-25,514485.97760977433,-2.9103830456733704e-11,1.0,-6.431337745713936
2018-07-26,513664.33962531644,-2.9103830456733704e-11,1.0,-6.580767604658204
2018-07-27,505333.2014785815,-2.9103830456733704e-11,1.0,-8.095937085208938
2018-07-30,490943.1595354744,-2.9103830456733704e-11,0.75,-10.713028770885275
2018-07-31,493137.3977350935,-2.9103830456733704e-11,0.75,-10.313966518577717
2018-08-01,492875.1036127546,-2.9103830456733704e-11,0.75,-10.36166949050016
2018-08-02,517302.7116097311,-2.9103830456733704e-11,1.0,-5.919063274159689
2018-08-03,511758.4832666655,-2.9103830456733704e-11,1.0,-6.927382357418391
2018-08-06,511557.28430456854,-2.9103830456733704e-11,1.0,-6.963974059718664
2018-08-07,531522.3438527447,-2.9103830456733704e-11,1.0,-3.3329637017125315
2018-08-08,526762.9998471485,-2.9103830456733704e-11,1.0,-4.198537247332766
2018-08-09,519728.4138724664,-2.9103830456733704e-11,1.0,-5.477905058719477
2018-08-10,519110.21649315616,-2.9103830456733704e-11,1.0,-5.021318249305634
2018-08-13,512832.4657741362,-2.9103830456733704e-11,1.0,-6.732059042727863
2018-08-14,507409.1194408452,-2.9103830456733704e-11,1.0,-7.718393526915919
2018-08-15,495337.5708122918,-2.9103830456733704e-11,1.0,-9.913824900495582
2018-08-16,492364.83678376547,-2.9103830456733704e-11,0.75,-10.4544708235959
2018-08-17,480311.7025236237,-2.9103830456733704e-11,0.75,-12.646553208294389
2018-08-20,486818.7949560103,-2.9103830456733704e-11,0.75,-11.463119722133941
2018-08-21,496768.18819487764,-2.9103830456733704e-11,1.0,-9.653641026664497
2018-08-22,501088.71950669173,-2.9103830456733704e-11,1.0,-8.867873575912268
2018-08-23,501086.6688617632,-2.9103830456733704e-11,1.0,-8.868246523108251
2018-08-24,515119.7881838509,-2.9103830456733704e-11,1.0,-6.316067728415341
2018-08-27,519524.5484614195,-2.9103830456733704e-11,1.0,-5.514981703412895
2018-08-28,516962.47482889495,-2.9103830456733704e-11,1.0,-5.980941540658699
2018-08-29,509268.27008665097,-2.9103830456733704e-11,1.0,-7.380273060221334
2018-08-30,509738.3176642239,-2.9103830456733704e-11,1.0,-7.294786331829436
2018-08-31,506114.6140778907,-2.9103830456733704e-11,1.0,-7.953822946499679
2018-09-04,505754.21283664653,-2.9103830456733704e-11,1.0,-8.019368488041296
2018-09-05,487191.33345400536,-2.9103830456733704e-11,0.75,-11.395366798997797
2018-09-06,488836.94855704106,-2.9103830456733704e-11,0.75,-11.096081666890099
2018-09-07,488361.5716058762,-2.9103830456733704e-11,0.75,-11.182537639108556
2018-09-10,500399.42174468236,-5.820766091346741e-11,1.0,-8.444727312073134
2018-09-11,502507.10082042933,-5.820766091346741e-11,1.0,-8.60991505445852
2018-09-12,516992.8236626719,-5.820766091346741e-11,1.0,-5.975422051496565
2018-09-13,509807.26948590466,-5.820766091346741e-11,1.0,-7.282246184973269
2018-09-14,519929.6604082921,-5.820766091346741e-11,1.0,-5.441304704268615
2018-09-17,510614.06492110714,-5.820766091346741e-11,1.0,-7.135515714425793
2018-09-18,511639.0362375041,-5.820766091346741e-11,1.0,-6.949105979082103
2018-09-19,515203.82152508956,-5.820766091346741e-11,1.0,-6.300784732052657
2018-09-20,514368.9539921966,-5.820766091346741e-11,1.0,-6.452620625763996
2018-09-21,513142.6654359912,-5.820766091346741e-11,1.0,-6.675643574367871
2018-09-24,525698.5418920438,-5.820766091346741e-11,1.0,-4.392128348392142
2018-09-25,529440.8505875927,-5.820766091346741e-11,1.0,-3.71152123056184
2018-09-26,532313.7936461137,-5.820766091346741e-11,1.0,-3.1890241161265056
2018-09-27,528827.6362651674,-5.820766091346741e-11,1.0,-3.8230454437018606
2018-09-28,505764.45836609125,-5.820766091346741e-11,1.0,-8.017505151573541
2018-10-01,526917.6848642274,-5.820766091346741e-11,1.0,-4.170404954619766
2018-10-02,508285.2411130908,-5.820766091346741e-11,1.0,-7.559054815247118
2018-10-03,502529.53449041495,-5.820766091346741e-11,1.0,-8.605835082250609
2018-10-04,483841.68340329785,-5.820766091346741e-11,0.75,-12.004561777879081
2018-10-05,467514.7034605211,-5.820766091346741e-11,0.75,-14.973920979845317
2018-10-08,454285.5630430464,-5.820766091346741e-11,0.5,-17.379881541468407
2018-10-09,463700.0303164384,-5.820766091346741e-11,0.5,-15.667688892991235
2018-10-10,739095.2445161857,608989.0779369432,0.3,-20.650683954219407
2018-10-11,738873.6989297624,608989.0779369432,1.0,0.0
2018-10-12,742776.0698512541,608989.0779369432,1.0,0.0
2018-10-15,742460.0446011325,608989.0779369432,1.0,-0.04254650397997986
2018-10-16,746799.8148680826,608989.0779369432,1.0,0.0
2018-10-17,747098.9928909203,608989.0779369432,1.0,0.0
2018-10-18,742102.6571499171,608989.0779369432,1.0,-0.668764887725213
2018-10-19,739627.9362551679,608989.0779369432,1.0,-1.000008928782364
2018-10-22,739860.6353334143,608989.0779369432,1.0,-0.9688619080447327
2018-10-23,744211.726955598,608989.0779369432,1.0,-0.38646363638504105
2018-10-24,737508.9069483683,608989.0779369432,1.0,-1.2836432700093539
2018-10-25,744754.8576536427,608989.0779369432,1.0,-0.3137650110070294
2018-10-26,742532.8241216273,608989.0779369432,1.0,-0.6111865780495945
2018-10-29,739150.699658815,608989.0779369432,1.0,-1.0638875581064653
2018-10-30,741627.675125662,608989.0779369432,1.0,-0.7323417401604085
2018-10-31,747569.2920046517,608989.0779369432,1.0,0.0
2018-11-01,752239.1405979136,608989.0779369432,1.0,0.0
2018-11-02,750571.3335954587,608989.0779369432,1.0,-0.22171234019135827
2018-11-05,750486.3470747367,608989.0779369432,1.0,-0.23301014645206083
2018-11-06,750824.321743315,608989.0779369432,1.0,-0.1880809942266652
2018-11-07,754225.0828705134,608989.0779369432,1.0,0.0
2018-11-08,752622.3826459649,608989.0779369432,1.0,-0.21249627743071658
2018-11-09,749483.3479948542,608989.0779369432,1.0,-0.628689629044503
2018-11-12,743390.8141587576,608989.0779369432,1.0,-1.436476849924111
2018-11-13,744938.1480916777,608989.0779369432,1.0,-1.2313213906239362
2018-11-14,744300.2656829959,608989.0779369432,1.0,-1.3158959325171953
2018-11-15,746189.5876641975,608989.0779369432,1.0,-1.0653975038503767
2018-11-16,745408.353721729,608989.0779369432,1.0,-1.1689785117234148
2018-11-19,739763.5298299863,608989.0779369432,1.0,-1.9174054760268349
2018-11-20,738275.6185794449,608989.0779369432,1.0,-2.1146822948881856
2018-11-21,738507.19017768,608989.0779369432,1.0,-2.0839790468135244
2018-11-23,735816.2348896903,608989.0779369432,1.0,-2.440763161941088
2018-11-26,741185.4834210578,608989.0779369432,1.0,-1.728873746790291
2018-11-27,740712.0891561697,608989.0779369432,1.0,-1.7916393953532421
2018-11-28,745265.3199980344,608989.0779369432,1.0,-1.1879428404023613
2018-11-29,744947.4582598718,608989.0779369432,1.0,-1.2300869887980668
2018-11-30,747136.5654317803,608989.0779369432,1.0,-0.9398411163620903
2018-12-03,749479.7980969639,608989.0779369432,1.0,-0.6291602972801434
2018-12-04,745203.0971605454,608989.0779369432,1.0,-1.1961927433692805
2018-12-06,745638.1132810643,608989.0779369432,1.0,-1.1385155153906943
2018-12-07,741504.3185934138,608989.0779369432,1.0,-1.6866005342444375
2018-12-10,740030.2687845494,8.731149137020111e-11,1.0,-1.5336318457623304
2018-12-11,730987.3818662164,8.731149137020111e-11,1.0,-3.0810034739041545
2018-12-12,737639.5913267368,8.731149137020111e-11,1.0,-2.1990108683012353
2018-12-13,732492.5709996795,8.731149137020111e-11,1.0,-2.881435842483775
2018-12-14,715041.213693854,8.731149137020111e-11,1.0,-5.195248748228987
2018-12-17,693435.0866087762,8.731149137020111e-11,1.0,-8.05992768503215
2018-12-18,704652.548745859,8.731149137020111e-11,1.0,-6.572644592511541
2018-12-19,680216.4432799512,8.731149137020111e-11,1.0,-9.812540217953494
2018-12-20,664000.6369510961,8.731149137020111e-11,0.75,-11.962535848851791
2018-12-21,633464.4116130407,8.731149137020111e-11,0.5,-16.011224500499026
2018-12-24,615979.2692990777,8.731149137020111e-11,0.5,-18.32951683936107
2018-12-26,667189.0498576119,8.731149137020111e-11,0.75,-11.53979561136447
2018-12-27,665739.0626352782,8.731149137020111e-11,0.75,-11.732044219275407
2018-12-28,668156.3095210313,8.731149137020111e-11,0.75,-11.411550120013514
2018-12-31,679936.2679030194,8.731149137020111e-11,1.0,-9.849687666811263
2019-01-02,688803.7969371885,8.731149137020111e-11,1.0,-8.673973780391574
2019-01-03,661519.0640326785,8.731149137020111e-11,0.75,-12.291558706189418
2019-01-04,707450.1840660073,8.731149137020111e-11,1.0,-6.201716154345474
2019-01-07,759579.5058866522,8.731149137020111e-11,1.0,0.0
2019-01-08,759198.1860548941,8.731149137020111e-11,1.0,-0.05020143761158049
2019-01-09,769841.920595113,8.731149137020111e-11,1.0,0.0
2019-01-10,766308.6132024908,1.1641532182693481e-10,1.0,0.0
2019-01-11,773220.3308466568,1.1641532182693481e-10,1.0,0.0
2019-01-14,760160.9042174162,1.1641532182693481e-10,1.0,-1.6889657589500888
2019-01-15,781058.519672592,1.1641532182693481e-10,1.0,0.0
2019-01-16,788126.5055599501,1.1641532182693481e-10,1.0,0.0
2019-01-17,796455.3487451185,1.1641532182693481e-10,1.0,0.0
2019-01-18,774793.5628154674,1.1641532182693481e-10,1.0,-2.719774054349821
2019-01-22,752604.9864272061,1.1641532182693481e-10,1.0,-5.505689978352494
2019-01-23,746720.1460187993,1.1641532182693481e-10,1.0,-6.244568864366489
2019-01-24,758635.2600009388,1.1641532182693481e-10,1.0,-4.748551039774971
2019-01-25,779195.477301428,1.1641532182693481e-10,1.0,-2.1670858850888326
2019-01-28,755066.1666426583,1.1641532182693481e-10,1.0,-5.196673255779157
2019-01-29,745252.4374723949,1.1641532182693481e-10,1.0,-6.42884894343393
2019-01-30,780588.7915493213,1.1641532182693481e-10,1.0,-1.9921464801255075
2019-01-31,794604.1175383495,1.1641532182693481e-10,1.0,-0.23243377167166693
2019-02-01,795547.7961486892,1.1641532182693481e-10,1.0,-0.11394896121410583
2019-02-04,811555.7031734192,1.1641532182693481e-10,1.0,0.0
2019-02-05,821834.0990847073,1.1641532182693481e-10,1.0,0.0
2019-02-06,820484.1356301623,1.1641532182693481e-10,1.0,-0.1642622831114565
2019-02-07,800475.0178028467,1.1641532182693481e-10,1.0,-2.5989529158802998
2019-02-08,803017.6855011953,1.1641532182693481e-10,1.0,-2.289563502471883
2019-02-11,805025.319557695,1.1641532182693481e-10,1.0,-2.045276479247167
2019-02-12,823305.1307421494,1.1641532182693481e-10,1.0,0.0
2019-02-13,816025.6106388178,1.1641532182693481e-10,1.0,-0.8841825262001829
2019-02-14,819171.3769962079,1.1641532182693481e-10,1.0,-0.5020925525163781
2019-02-15,824258.4539463938,1.1641532182693481e-10,1.0,0.0
2019-02-19,826078.9595850756,1.1641532182693481e-10,1.0,0.0
2019-02-20,825349.0875764876,1.1641532182693481e-10,1.0,-0.08835378266438962
2019-02-21,812505.03737838,1.1641532182693481e-10,1.0,-1.6431749107268863
2019-02-22,824710.6074238165,1.1641532182693481e-10,1.0,-0.16564423356654137
2019-02-25,833122.7219119205,1.1641532182693481e-10,1.0,0.0
2019-02-26,830640.9607141566,1.1641532182693481e-10,1.0,-0.29788662972346847
2019-02-27,836653.0246510827,1.1641532182693481e-10,1.0,0.0
2019-02-28,835450.2018014606,1.1641532182693481e-10,1.0,-0.14376603133942378
2019-03-01,828376.8165504243,1.1641532182693481e-10,1.0,-0.9892043483748691
2019-03-04,817328.3096563701,1.1641532182693481e-10,1.0,-2.30976455296648
2019-03-05,804276.3780553497,1.1641532182693481e-10,1.0,-3.86978181417982
2019-03-06,797883.9287209245,1.1641532182693481e-10,1.0,-4.633832041224784
2019-03-07,789217.8541704318,1.1641532182693481e-10,1.0,-5.6696347330404
2019-03-08,793112.30840773,1.1641532182693481e-10,1.0,-5.2041545252897325
2019-03-11,824219.0389243001,1.1641532182693481e-10,1.0,-1.4861579843051482
2019-03-12,826567.4857856163,1.1641532182693481e-10,1.0,-1.2054625475922276
2019-03-13,838734.8076849882,1.1641532182693481e-10,1.0,0.0
2019-03-14,835272.9490994504,1.1641532182693481e-10,1.0,-0.41274769495891495
2019-03-15,838073.665380717,1.1641532182693481e-10,1.0,-0.07882614364080838
2019-03-18,838410.1333777203,1.1641532182693481e-10,1.0,-0.03871000753672519
2019-03-19,841616.8681218524,1.1641532182693481e-10,1.0,0.0
2019-03-20,858328.6763415979,1.1641532182693481e-10,1.0,0.0
2019-03-21,884263.3456205884,1.1641532182693481e-10,1.0,0.0
2019-03-22,853889.6820921062,1.1641532182693481e-10,1.0,-3.4349115202966525
2019-03-25,849756.385072041,1.1641532182693481e-10,1.0,-3.9023398085476426
2019-03-26,852156.296492894,1.1641532182693481e-10,1.0,-3.6309374675212025
2019-03-27,850834.3049031406,1.1641532182693481e-10,1.0,-3.7804394904536935
2019-03-28,857181.1758012101,1.1641532182693481e-10,1.0,-3.062681491153707
2019-03-29,868091.9877224197,1.1641532182693481e-10,1.0,-1.8287943267420461
2019-04-01,882797.0620909461,1.1641532182693481e-10,1.0,-0.1658197794700189
2019-04-02,889229.3621378754,1.1641532182693481e-10,1.0,0.0
2019-04-03,897902.7023981663,1.1641532182693481e-10,1.0,0.0
2019-04-04,883783.4947068508,1.1641532182693481e-10,1.0,-1.5724652185147805
2019-04-05,894362.089071535,1.1641532182693481e-10,1.0,-0.3943203776060363
2019-04-08,893695.9005573636,1.1641532182693481e-10,1.0,-0.46851421981100005
2019-04-09,888096.5801906716,1.1641532182693481e-10,1.0,-1.0921141211964251
2019-04-10,890578.8963657168,0.0,1.0,-0.2178621886670154
2019-04-11,885981.8331601721,0.0,1.0,-1.3276348546624597
2019-04-12,889123.39418886,0.0,1.0,-0.977757187483464
2019-04-15,880514.1755056363,0.0,1.0,-1.9365713953291188
2019-04-16,885164.4002079361,0.0,1.0,-1.4186728869629297
2019-04-17,875305.2724784692,0.0,1.0,-2.5166902671461724
2019-04-18,869989.2734917108,0.0,1.0,-3.108736484688469
2019-04-22,864759.2244945946,0.0,1.0,-3.691210396744582
2019-04-23,878900.4953768487,0.0,1.0,-2.116287986500704
2019-04-24,866185.0133990153,0.0,1.0,-3.532419371769091
2019-04-25,854556.1441845404,0.0,1.0,-4.827533996484655
2019-04-26,837030.7366858891,0.0,1.0,-6.77934987273088
2019-04-29,844214.3906882621,0.0,1.0,-5.979301717937882
2019-04-30,845446.7802323365,0.0,1.0,-5.842049703796161
2019-05-01,834718.7439443105,0.0,1.0,-7.036837987579362
2019-05-02,843959.0540924239,0.0,1.0,-6.007738718423149
2019-05-03,860545.1413824927,0.0,1.0,-4.16053553641135
2019-05-06,856148.1259153788,0.0,1.0,-4.650233969812893
2019-05-07,824787.2313547235,0.0,1.0,-8.142916916071435
2019-05-08,821369.9977385397,0.0,1.0,-8.523496416172819
2019-05-09,816574.9895244585,0.0,1.0,-9.057519557129451
2019-05-10,804021.8262146504,0.0,1.0,-9.91587944194382
2019-05-13,765870.8234259143,0.0,0.75,-14.704475063903278
2019-05-14,783316.2256233322,0.0,0.75,-12.761569429381428
2019-05-15,783272.3787792455,0.0,0.75,-12.766452680536542
2019-05-16,775188.4289558022,0.0,0.75,-13.666767358491322
2019-05-17,752743.6949487067,0.0,0.5,-16.166451783891645
2019-05-20,731372.5944150751,0.0,0.5,-18.54656496058133
2019-05-21,740701.2888835209,0.0,0.5,-17.507622272968277
2019-05-22,705587.8852874306,0.0,0.3,-21.418224557860338
2019-05-23,692976.4667108513,0.0,0.3,-22.822766335370982
2019-05-24,681968.5890028735,0.0,0.3,-24.048720737621622
2019-05-28,671085.7120101019,0.0,0.2,-25.260753730027712
2019-05-29,670841.986003315,0.0,0.2,-25.287897651761764
2019-05-30,664222.295841043,0.0,0.2,-26.025136791881486
2019-05-31,653297.7769165476,0.0,0.2,-27.241807472938312
2019-06-03,649964.5831447847,0.0,0.2,-27.61302740165224
2019-06-04,675746.509576239,0.0,0.3,-24.74167771503312
2019-06-05,676727.4879352956,0.0,0.3,-24.632425525855332
2019-06-06,686600.7526555704,0.0,0.3,-23.532833699936464
2019-06-07,692785.4774057841,0.0,0.3,-22.844036936802198
2019-06-10,1198974.9080594007,987914.114109329,0.3,-21.174503032287358
2019-06-11,1199019.6959602726,987914.114109329,1.0,0.0
2019-06-12,1194629.3658609162,987914.114109329,1.0,-0.36615996502377945
2019-06-13,1196119.8147163624,987914.114109329,1.0,-0.2418543459861778
2019-06-14,1195118.909004024,987914.114109329,1.0,-0.32533134938409036
2019-06-17,1198673.6509394108,987914.114109329,1.0,-0.028860661924710335
2019-06-18,1201924.136075117,987914.114109329,1.0,0.0
2019-06-19,1202337.3182233425,987914.114109329,1.0,0.0
2019-06-20,1201462.751279257,987914.114109329,1.0,-0.07273890037596506
2019-06-21,1201054.7202739744,987914.114109329,1.0,-0.10667538384847247
2019-06-24,1200943.3264256695,987914.114109329,1.0,-0.1159401589341758
2019-06-25,1199215.0122417493,987914.114109329,1.0,-0.2596863570871229
2019-06-26,1200871.9444467707,987914.114109329,1.0,-0.12187709342143381
2019-06-27,1203779.0027907006,987914.114109329,1.0,0.0
2019-06-28,1205110.011413273,987914.114109329,1.0,0.0
2019-07-01,1208065.8918731415,987914.114109329,1.0,0.0
2019-07-02,1207379.041522848,987914.114109329,1.0,-0.05685537145896754
2019-07-03,1211381.5388443812,987914.114109329,1.0,0.0
2019-07-05,1210847.6586420687,987914.114109329,1.0,-0.044072010773896435
2019-07-08,1210203.4032935614,987914.114109329,1.0,-0.0972555312295502
2019-07-09,1213202.7328781863,987914.114109329,1.0,0.0
2019-07-10,1212278.4319362459,0.0,1.0,0.0
2019-07-11,1196337.649605513,0.0,1.0,-1.6664845037204712
2019-07-12,1217188.5428794571,0.0,1.0,0.0
2019-07-15,1231037.9084243134,0.0,1.0,0.0
2019-07-16,1214256.7787801523,0.0,1.0,-1.3631692029403355
2019-07-17,1205485.6024238965,0.0,1.0,-2.0756717421580415
2019-07-18,1200214.8126485492,0.0,1.0,-2.503829944214855
2019-07-19,1202887.733206735,0.0,1.0,-2.2867025479020127
2019-07-22,1208736.7985049307,0.0,1.0,-1.811569714203796
2019-07-23,1223819.8266414965,0.0,1.0,-0.5863411462329221
2019-07-24,1246065.618903742,0.0,1.0,0.0
2019-07-25,1177162.0148552202,0.0,1.0,-5.529693059755668
2019-07-26,1172201.1154587998,0.0,1.0,-5.927818112012942
2019-07-29,1186040.1518222927,0.0,1.0,-4.817199525516013
2019-07-30,1217250.7644690108,0.0,1.0,-2.312466855484047
2019-07-31,1182999.6139281904,0.0,1.0,-5.061210583037789
2019-08-01,1145410.171094168,0.0,1.0,-8.077860931443414
2019-08-02,1128514.2901087203,0.0,1.0,-9.433799232695339
2019-08-05,1091225.1248505074,0.0,0.75,-12.426351526291164
2019-08-06,1088286.374939411,0.0,0.75,-12.662193833992571
2019-08-07,1096376.5402866737,0.0,0.75,-12.012937067372183
2019-08-08,1157074.0900027966,0.0,1.0,-7.141801166076463
2019-08-09,1149976.7796900084,0.0,1.0,-7.7113787392890405
2019-08-12,1122267.3670577144,0.0,1.0,-9.935131021024578
2019-08-13,1138072.6946784207,0.0,1.0,-8.666712457754096
2019-08-14,1070442.043805833,0.0,0.75,-14.094247721273161
2019-08-15,1060431.9770245287,0.0,0.75,-14.897581560955771
2019-08-16,1095204.3472783712,0.0,0.75,-12.107008598639837
2019-08-19,1118337.5554422592,0.0,0.75,-10.250508602737533
2019-08-20,1103038.5220555295,0.0,0.75,-11.47829573967735
2019-08-21,1100007.1598346042,0.0,0.75,-11.721570425611803
2019-08-22,1094829.9348297399,0.0,0.75,-12.137056169405874
2019-08-23,1038271.2901367581,0.0,0.5,-16.67603420033338
2019-08-26,1055618.1797851282,0.0,0.5,-15.283901283318027
2019-08-27,1048998.5129821359,0.0,0.5,-15.815146725176552
2019-08-28,1065077.2367990112,0.0,0.75,-14.5247874075813
2019-08-29,1096780.749458274,0.0,0.75,-11.980498232252408
2019-08-30,1090817.5848682756,0.0,0.75,-12.459057667609013
2019-09-03,1077310.080694185,0.0,0.75,-13.54306993543597
2019-09-04,1090101.311508408,0.0,0.75,-12.516540463779707
2019-09-05,1118710.7867359666,0.0,0.75,-10.220555822719756
2019-09-06,1103898.0021655574,0.0,0.75,-11.409320230122406
2019-09-09,1128910.7461423133,0.0,1.0,-9.401982607023424
2019-09-10,1127923.339959181,-5.820766091346741e-11,1.0,-8.935658043306349
2019-09-11,1143494.3242164422,-5.820766091346741e-11,1.0,-8.231612615837957
2019-09-12,1141030.8495168388,-5.820766091346741e-11,1.0,-8.429312854270883
2019-09-13,1145252.593910566,-5.820766091346741e-11,1.0,-8.090506909408889
2019-09-16,1149998.1847348462,-5.820766091346741e-11,1.0,-7.7096609288853895
2019-09-17,1157605.099514971,-5.820766091346741e-11,1.0,-7.099186274523514
2019-09-18,1112659.7279079217,-5.820766091346741e-11,0.75,-10.706168998803411
2019-09-19,1117282.119134232,-5.820766091346741e-11,0.75,-10.33521010577361
2019-09-20,1070261.241698289,-5.820766091346741e-11,0.75,-14.108757559663774
2019-09-23,1071484.1150705707,-5.820766091346741e-11,0.75,-14.010618797649176
2019-09-24,1047510.4536593559,-5.820766091346741e-11,0.5,-15.934567347991676
2019-09-25,1055547.6844813458,-5.820766091346741e-11,0.5,-15.28955871441258
2019-09-26,1041598.4671810458,-5.820766091346741e-11,0.5,-16.409019607055793
2019-09-27,1026725.3163607195,-5.820766091346741e-11,0.5,-17.602628562691
2019-09-30,1031660.1700477143,-5.820766091346741e-11,0.5,-17.206593746215095
2019-10-01,1022045.5102760746,-5.820766091346741e-11,0.5,-17.978195147118715
2019-10-02,1009560.2168665464,-5.820766091346741e-11,0.5,-18.980172348007418
2019-10-03,1026480.7055471734,-5.820766091346741e-11,0.5,-17.62225921534967
2019-10-04,1029258.341175469,-5.820766091346741e-11,0.5,-17.39934674700476
2019-10-07,1026594.6432939925,-5.820766091346741e-11,0.5,-17.61311541544936
2019-10-08,1013385.3860756159,-5.820766091346741e-11,0.5,-18.673192590999534
2019-10-09,1043908.5781011704,-5.820766091346741e-11,0.5,-16.22362720997185
2019-10-10,1565497.7630163226,1044709.8852294444,0.5,-15.907041357258636
2019-10-11,1577191.5178447538,1044709.8852294444,1.0,0.0
2019-10-14,1577792.581180927,1044709.8852294444,1.0,0.0
2019-10-15,1591437.7774365442,1044709.8852294444,1.0,0.0
2019-10-16,1591028.6277766225,1044709.8852294444,1.0,-0.025709434935037044
2019-10-17,1604477.143175787,1044709.8852294444,1.0,0.0
2019-10-18,1578805.6337421117,1044709.8852294444,1.0,-1.599992218204055
2019-10-21,1579084.0287182098,1044709.8852294444,1.0,-1.5826410843918866
2019-10-22,1567949.401128015,1044709.8852294444,1.0,-2.2766134253225725
2019-10-23,1571061.2505611132,1044709.8852294444,1.0,-2.0826655435260863
2019-10-24,1596792.2781887874,1044709.8852294444,1.0,-0.47896381819368194
2019-10-25,1616991.038271776,1044709.8852294444,1.0,0.0
2019-10-28,1631391.9277658795,1044709.8852294444,1.0,0.0
2019-10-29,1634335.2369351168,1044709.8852294444,1.0,0.0
2019-10-30,1640431.6081518042,1044709.8852294444,1.0,0.0
2019-10-31,1641320.2712388108,1044709.8852294444,1.0,0.0
2019-11-01,1639720.346025944,1044709.8852294444,1.0,-0.09747794144157448
2019-11-04,1641643.161974227,1044709.8852294444,1.0,0.0
2019-11-05,1636568.2080698167,1044709.8852294444,1.0,-0.3091386741018224
2019-11-06,1641318.7705753623,1044709.8852294444,1.0,-0.019760165082080793
2019-11-07,1622969.2052467312,1044709.8852294444,1.0,-1.137516188660557
2019-11-08,1634908.6059884313,1044709.8852294444,1.0,-0.4102326340942983
2019-11-11,1639142.9296284276,1044709.8852294444,1.0,-0.15230059757887277
2019-11-12,1647438.400598548,1044709.8852294444,1.0,0.0
2019-11-13,1648615.0575295074,1044709.8852294444,1.0,0.0
2019-11-14,1659828.366268449,1044709.8852294444,1.0,0.0
2019-11-15,1673746.2895058375,1044709.8852294444,1.0,0.0
2019-11-18,1670963.3101764463,1044709.8852294444,1.0,-0.16627247192959013
2019-11-19,1666129.8502031842,1044709.8852294444,1.0,-0.45505339431712855
2019-11-20,1668496.9261549322,1044709.8852294444,1.0,-0.31362957359894045
2019-11-21,1666182.4659571848,1044709.8852294444,1.0,-0.45190980234440825
2019-11-22,1662540.5387390498,1044709.8852294444,1.0,-0.6695011565997916
2019-11-25,1672645.7832348957,1044709.8852294444,1.0,-0.06575108054559031
2019-11-26,1673892.5153077065,1044709.8852294444,1.0,0.0
2019-11-27,1676536.7728563028,1044709.8852294444,1.0,0.0
2019-11-29,1671358.6721482452,1044709.8852294444,1.0,-0.308856971817907
2019-12-02,1642193.7081509896,1044709.8852294444,1.0,-2.048452814238197
2019-12-03,1653341.654576997,1044709.8852294444,1.0,-1.383513839651033
2019-12-04,1654569.7776134007,1044709.8852294444,1.0,-1.310260269774881
2019-12-05,1646234.662162241,1044709.8852294444,1.0,-1.8074229676714015
2019-12-06,1645736.4734990522,1044709.8852294444,1.0,-1.8371383113044597
2019-12-09,1648521.2652777112,1044709.8852294444,1.0,-1.6710344820448988
2019-12-10,1643835.076269681,0.0,1.0,-1.5470990637507054
2019-12-11,1642359.4993897118,0.0,1.0,-2.0385639026791798
2019-12-12,1689892.2859077926,0.0,1.0,0.0
2019-12-13,1643538.3081250796,0.0,1.0,-2.7430137511878243
2019-12-16,1716046.118995245,0.0,1.0,0.0
2019-12-17,1716519.0543859003,0.0,1.0,0.0
2019-12-18,1737188.3167267018,0.0,1.0,0.0
2019-12-19,1776919.1909979489,0.0,1.0,0.0
2019-12-20,1784683.6298692331,0.0,1.0,0.0
2019-12-23,1876171.5682654125,0.0,1.0,0.0
2019-12-24,1901324.646907398,0.0,1.0,0.0
2019-12-26,1903849.7657350507,0.0,1.0,0.0
2019-12-27,1877333.3397199102,0.0,1.0,-1.3927793301958808
2019-12-30,1830871.0923732717,0.0,1.0,-3.833215975085244
2019-12-31,1852279.5986498392,0.0,1.0,-2.708730910041158
2020-01-02,1887893.5307841022,0.0,1.0,-0.8381036801392792
2020-01-03,1901464.3173657497,0.0,1.0,-0.12529604027762845
2020-01-06,1926748.0430836594,0.0,1.0,0.0
2020-01-07,2007466.3461794183,0.0,1.0,0.0
2020-01-08,1990627.5201151494,0.0,1.0,-0.8388098807392833
2020-01-09,1982836.029328355,0.0,1.0,-1.2269354800362775
2020-01-10,1938605.7112072497,1.1641532182693481e-10,1.0,-2.8481896248049683
2020-01-13,1971412.7862459351,1.1641532182693481e-10,1.0,-1.7959733174157448
2020-01-14,1995530.1961245565,1.1641532182693481e-10,1.0,-0.5945878035553873
2020-01-15,1973185.6503955473,1.1641532182693481e-10,1.0,-1.7076597995833669
2020-01-16,1982735.6289262564,1.1641532182693481e-10,1.0,-1.231936829238955
2020-01-17,1973565.4448185312,1.1641532182693481e-10,1.0,-1.6887407066826712
2020-01-21,1991389.1146638272,1.1641532182693481e-10,1.0,-0.8008717827917261
2020-01-22,1997936.2602368072,1.1641532182693481e-10,1.0,-0.4747320402530595
2020-01-23,1987730.8185609113,1.1641532182693481e-10,1.0,-0.9831062750350611
2020-01-24,1944382.7325161572,1.1641532182693481e-10,1.0,-3.1424493757178498
2020-01-27,1907515.3339739267,1.1641532182693481e-10,1.0,-4.9789632785484494
2020-01-28,1935699.9881920605,1.1641532182693481e-10,1.0,-3.574971910435385
2020-01-29,1896611.2049378005,1.1641532182693481e-10,1.0,-5.52214195035427
2020-01-30,1972278.0903672595,1.1641532182693481e-10,1.0,-1.752869027126089
2020-01-31,1986651.6455806936,1.1641532182693481e-10,1.0,-1.0368642362717013
2020-02-03,2113739.898159412,1.1641532182693481e-10,1.0,0.0
2020-02-04,2238699.513073251,1.1641532182693481e-10,1.0,0.0
2020-02-05,2111960.064238409,1.1641532182693481e-10,1.0,-5.661297914022242
2020-02-06,2104996.688514226,1.1641532182693481e-10,1.0,-5.97234348684339
2020-02-07,2102866.094421888,1.1641532182693481e-10,1.0,-6.067514548430548
2020-02-10,2141280.9025439937,-1.1641532182693481e-10,1.0,-3.7750880771362594
2020-02-11,2103072.137026718,-1.1641532182693481e-10,1.0,-6.058310874439157
2020-02-12,2093009.3338920823,-1.1641532182693481e-10,1.0,-6.50780412156197
2020-02-13,2134832.3557557184,-1.1641532182693481e-10,1.0,-4.639620311300533
2020-02-14,2125156.051815806,-1.1641532182693481e-10,1.0,-5.071849106786757
2020-02-18,2204825.2824722673,-1.1641532182693481e-10,1.0,-1.5131209169953241
2020-02-19,2254865.59943508,-1.1641532182693481e-10,1.0,0.0
2020-02-20,2237279.6335236505,-1.1641532182693481e-10,1.0,-0.779911934256093
2020-02-21,2203153.840664918,-1.1641532182693481e-10,1.0,-2.2933410657875717
2020-02-24,2108046.977036488,-1.1641532182693481e-10,1.0,-6.511191728472646
2020-02-25,2113332.605868915,-1.1641532182693481e-10,1.0,-6.276781800282179
2020-02-26,2187145.521136352,-1.1641532182693481e-10,1.0,-3.003286684390154
2020-02-27,2080693.1582868895,-1.1641532182693481e-10,1.0,-7.724293687030677
2020-02-28,2104182.491173809,-1.1641532182693481e-10,1.0,-6.682576039078432
2020-03-02,2245589.8698848775,-1.1641532182693481e-10,1.0,-0.41136507437632924
2020-03-03,2183209.9343294217,-1.1641532182693481e-10,1.0,-3.177824218153414
2020-03-04,2211551.2227257397,-1.1641532182693481e-10,1.0,-1.9209294212564978
2020-03-05,2187337.5678513395,-1.1641532182693481e-10,1.0,-2.9947696927328367
2020-03-06,2183255.5271840715,-1.1641532182693481e-10,1.0,-3.17580224155928
2020-03-09,2034059.1963663658,-1.1641532182693481e-10,1.0,-9.792441869884996
2020-03-10,2063451.6519093541,-1.1641532182693481e-10,1.0,-7.937382200207948
2020-03-11,1989203.579720466,-1.1641532182693481e-10,0.75,-11.781723034010152
2020-03-12,1763434.2329970028,-1.1641532182693481e-10,0.3,-21.79426421517971
2020-03-13,1938505.7993820792,-1.1641532182693481e-10,0.75,-14.030095635511913
2020-03-16,1649200.2893007935,-1.1641532182693481e-10,0.2,-26.860372976820702
2020-03-17,1644951.452311444,-1.1641532182693481e-10,0.2,-27.048802699213642
2020-03-18,1489136.2395283917,-1.1641532182693481e-10,0.2,-33.958980087262375
2020-03-19,1631153.1540600362,-1.1641532182693481e-10,0.2,-27.660737098091552
2020-03-20,1580214.6206525527,-1.1641532182693481e-10,0.2,-29.9197867470039
2020-03-23,1608294.4422920335,-1.1641532182693481e-10,0.2,-28.67448761935232
2020-03-24,1837936.9111575696,-1.1641532182693481e-10,0.5,-18.490179121184205
2020-03-25,1829264.1863704748,-1.1641532182693481e-10,0.5,-18.87480181396322
2020-03-26,1900917.535334768,-1.1641532182693481e-10,0.5,-15.697080313300615
2020-03-27,1810064.2722728616,-1.1641532182693481e-10,0.5,-19.72628999589404
2020-03-30,1820622.8430161327,-1.1641532182693481e-10,0.5,-19.258032785978006
2020-03-31,1830981.445346068,-1.1641532182693481e-10,0.5,-18.798643883485084
2020-04-01,1726021.5826899367,-1.1641532182693481e-10,0.3,-23.45346067976896
2020-04-02,1796828.9243286923,-1.1641532182693481e-10,0.3,-20.3132583698621
2020-04-03,1807556.2828230215,-1.1641532182693481e-10,0.5,-19.837515669409495
2020-04-06,1944530.453454699,-1.1641532182693481e-10,0.75,-13.762911015988289
2020-04-07,1950563.8671587617,-1.1641532182693481e-10,0.75,-13.495337919588469
2020-04-08,2024048.9635339018,-1.1641532182693481e-10,0.75,-10.236381093356755
2020-04-09,2051334.750019709,-1.1641532182693481e-10,1.0,-9.026296266454288
2020-04-13,2169759.9562047655,-1.1641532182693481e-10,1.0,-3.7743111275295615
2020-04-14,2251387.082361565,-1.1641532182693481e-10,1.0,-0.1542671578468516
2020-04-15,2244479.8020181702,-1.1641532182693481e-10,1.0,-0.4605949649288007
2020-04-16,2258252.3812311124,-1.1641532182693481e-10,1.0,0.0
2020-04-17,2328222.9997910666,-1.1641532182693481e-10,1.0,0.0
2020-04-20,2304880.141292005,-1.1641532182693481e-10,1.0,-1.0026040676153682
2020-04-21,2183358.090216415,-1.1641532182693481e-10,1.0,-6.222123464446993
2020-04-22,2324098.856657765,-1.1641532182693481e-10,1.0,-0.17713694666154625
2020-04-23,2350811.8411677475,-1.1641532182693481e-10,1.0,0.0
2020-04-24,2383231.5046825716,-1.1641532182693481e-10,1.0,0.0
2020-04-27,2457951.449864059,-1.1641532182693481e-10,1.0,0.0
2020-04-28,2432039.033422394,-1.1641532182693481e-10,1.0,-1.0542281639899014
2020-04-29,2567063.1676400085,-1.1641532182693481e-10,1.0,0.0
2020-04-30,2541729.5646488215,-1.1641532182693481e-10,1.0,-0.986871040437898
2020-05-01,2348024.820514183,-1.1641532182693481e-10,1.0,-8.532643445903014
2020-05-04,2468003.4921468697,-1.1641532182693481e-10,1.0,-3.858871754379457
2020-05-05,2445803.1519878595,-1.1641532182693481e-10,1.0,-4.723686474907728
2020-05-06,2479363.6758212578,-1.1641532182693481e-10,1.0,-3.4163355590262303
2020-05-07,2500022.759931175,-1.1641532182693481e-10,1.0,-2.6115605004946594
2020-05-08,2599583.502674568,-1.1641532182693481e-10,1.0,0.0
2020-05-11,2628791.51989327,-1.1641532182693481e-10,1.0,0.0
2020-05-12,2599669.9136107164,-1.1641532182693481e-10,1.0,-1.1077944394668462
2020-05-13,2509133.359740271,-1.1641532182693481e-10,1.0,-4.55183148787156
2020-05-14,2571703.3359175753,-1.1641532182693481e-10,1.0,-2.171651252816446
2020-05-15,2607221.2613798617,-1.1641532182693481e-10,1.0,-0.8205389567858925
2020-05-18,2714979.451678976,-1.1641532182693481e-10,1.0,0.0
2020-05-19,2677782.2987697856,-1.1641532182693481e-10,1.0,-1.3700712499384564
2020-05-20,2718275.2825493254,-1.1641532182693481e-10,1.0,0.0
2020-05-21,2689213.465401922,-1.1641532182693481e-10,1.0,-1.0691270797322616
2020-05-22,2696521.8096905574,-1.1641532182693481e-10,1.0,-0.8002674710107556
2020-05-26,2669993.8110259227,-1.1641532182693481e-10,1.0,-1.7761803535263032
2020-05-27,2664642.5727063045,-1.1641532182693481e-10,1.0,-1.9730418838492925
2020-05-28,2582059.5762314647,-1.1641532182693481e-10,1.0,-5.011107859175734
2020-05-29,2599512.3680918515,-1.1641532182693481e-10,1.0,-4.369053981394132
2020-06-01,2695203.776429732,-1.1641532182693481e-10,1.0,-0.8487553217184088
2020-06-02,2711241.830138299,-1.1641532182693481e-10,1.0,-0.25874687733723306
2020-06-03,2718411.8657849333,-1.1641532182693481e-10,1.0,0.0
2020-06-04,2732872.0122874943,-1.1641532182693481e-10,1.0,0.0
2020-06-05,2907068.0351517904,-1.1641532182693481e-10,1.0,0.0
2020-06-08,3063473.254917326,-1.1641532182693481e-10,1.0,0.0
2020-06-09,3014534.5324857235,-1.1641532182693481e-10,1.0,-1.5974914209891846
2020-06-10,3024919.945823081,2.3283064365386963e-10,1.0,-0.6633577958376897
2020-06-11,2687416.423957938,2.3283064365386963e-10,0.75,-12.275505599918702
2020-06-12,2819548.021785494,2.3283064365386963e-10,1.0,-7.962375148544093
2020-06-15,2881115.001279787,2.3283064365386963e-10,1.0,-5.95266347910258
2020-06-16,2939558.3097346257,2.3283064365386963e-10,1.0,-4.044916827127459
2020-06-17,2884038.7363084042,2.3283064365386963e-10,1.0,-5.8572249103498075
2020-06-18,2898022.2826874666,2.3283064365386963e-10,1.0,-5.40076437632632
2020-06-19,2859946.22748364,2.3283064365386963e-10,1.0,-6.643669146025514
2020-06-22,2871778.248263526,2.3283064365386963e-10,1.0,-6.257440189696497
2020-06-23,2883254.928743385,2.3283064365386963e-10,1.0,-5.882810495722924
2020-06-24,2716861.396736925,2.3283064365386963e-10,0.75,-11.314342556248462
2020-06-25,2758871.083201729,2.3283064365386963e-10,1.0,-9.943033490717287
2020-06-26,2675224.602594915,2.3283064365386963e-10,0.75,-12.673479414230721
2020-06-29,2823473.400186091,2.3283064365386963e-10,1.0,-7.834240248254154
2020-06-30,2857286.8604762,2.3283064365386963e-10,1.0,-6.730478032088786
2020-07-01,2856009.8654669663,2.3283064365386963e-10,1.0,-6.772162581062208
2020-07-02,2922724.696952354,2.3283064365386963e-10,1.0,-4.594411187988979
2020-07-06,3079445.043752378,2.3283064365386963e-10,1.0,0.0
2020-07-07,3017704.3845127895,2.3283064365386963e-10,1.0,-2.0049281075773258
2020-07-08,3050667.498702514,2.3283064365386963e-10,1.0,-0.9345042577800882
2020-07-09,3030529.69453323,2.3283064365386963e-10,1.0,-1.5884468962480174
2020-07-10,3174819.131621656,-2.3283064365386963e-10,1.0,0.0
2020-07-13,3074445.510725452,-2.3283064365386963e-10,1.0,-3.7417131189543316
2020-07-14,3076548.9253600594,-2.3283064365386963e-10,1.0,-3.675856986971677
2020-07-15,3292264.343933422,-2.3283064365386963e-10,1.0,0.0
2020-07-16,3105490.713081319,-2.3283064365386963e-10,1.0,-5.673105538936039
2020-07-17,3066953.535155556,-2.3283064365386963e-10,1.0,-6.843642710313978
2020-07-20,3166513.695182199,-2.3283064365386963e-10,1.0,-3.819579341584182
2020-07-21,3140934.045907497,-2.3283064365386963e-10,1.0,-4.59654153545653
2020-07-22,3126649.943135771,-2.3283064365386963e-10,1.0,-5.030410182670322
2020-07-23,3032071.2145550116,-2.3283064365386963e-10,1.0,-7.903166398465611
2020-07-24,2982630.6836458305,-2.3283064365386963e-10,1.0,-9.40488453966785
2020-07-27,2994296.2193523287,-2.3283064365386963e-10,1.0,-9.050552855215052
2020-07-28,2992406.5718572685,-2.3283064365386963e-10,1.0,-9.107949446061173
2020-07-29,2995937.132834255,-2.3283064365386963e-10,1.0,-9.000711368915502
2020-07-30,2966381.653039385,-2.3283064365386963e-10,1.0,-9.898436360207022
2020-07-31,2918873.0901681837,-2.3283064365386963e-10,0.75,-11.341472456586839
2020-08-03,2921407.4437969206,-2.3283064365386963e-10,0.75,-11.264493412258064
2020-08-04,2970752.259030175,-2.3283064365386963e-10,1.0,-9.765682561173739
2020-08-05,3031688.540925994,-2.3283064365386963e-10,1.0,-7.914789815938837
2020-08-06,3059405.2568980097,-2.3283064365386963e-10,1.0,-7.07291586304412
2020-08-07,3021291.7232323666,-2.3283064365386963e-10,1.0,-8.230585165506845
2020-08-10,3101767.742066517,4.656612873077393e-10,1.0,-5.218351064378395
2020-08-11,3031002.953150429,4.656612873077393e-10,1.0,-7.935614017884483
2020-08-12,3145478.9708304238,4.656612873077393e-10,1.0,-4.458492932788836
2020-08-13,3162097.0649266224,4.656612873077393e-10,1.0,-3.9537310922999196
2020-08-14,3207153.4490422704,4.656612873077393e-10,1.0,-2.5851780416108907
2020-08-17,3279744.298422442,4.656612873077393e-10,1.0,-0.3802867632439872
2020-08-18,3268643.3272513314,4.656612873077393e-10,1.0,-0.7174702336893631
2020-08-19,3276415.0244574174,4.656612873077393e-10,1.0,-0.48141090205013026
2020-08-20,3351054.421838246,4.656612873077393e-10,1.0,0.0
2020-08-21,3366979.7011950403,4.656612873077393e-10,1.0,0.0
2020-08-24,3411889.6754664443,4.656612873077393e-10,1.0,0.0
2020-08-25,3440208.890839045,4.656612873077393e-10,1.0,0.0
2020-08-26,3487912.9652027665,4.656612873077393e-10,1.0,0.0
2020-08-27,3533956.418650741,4.656612873077393e-10,1.0,0.0
2020-08-28,3571370.412542522,4.656612873077393e-10,1.0,0.0
2020-08-31,3708994.5710055046,4.656612873077393e-10,1.0,0.0
2020-09-01,3647359.9310648018,4.656612873077393e-10,1.0,-1.661761395460704
2020-09-02,3580894.5622344194,4.656612873077393e-10,1.0,-3.4537664134773163
2020-09-03,3406536.2866072534,4.656612873077393e-10,1.0,-8.154724376322156
2020-09-04,3449767.1830353322,4.656612873077393e-10,1.0,-6.989155228121461
2020-09-08,3105578.3744850378,4.656612873077393e-10,0.5,-16.2689964886328
2020-09-09,3222808.7019068375,4.656612873077393e-10,0.75,-13.108292821438738
2020-09-10,3982974.48415276,1596062.7065328634,0.75,-13.67658960977175
2020-09-11,3944463.0778193967,1596062.7065328634,1.0,0.0
2020-09-14,4085631.3499325025,1596062.7065328634,1.0,0.0
2020-09-15,4148773.5362320356,1596062.7065328634,1.0,0.0
2020-09-16,4087922.844766498,1596062.7065328634,1.0,-1.4667151854425595
2020-09-17,4055669.2149732932,1596062.7065328634,1.0,-2.2441408393503393
2020-09-18,4086315.4706111024,1596062.7065328634,1.0,-1.505458542759081
2020-09-21,4178595.0462548924,1596062.7065328634,1.0,0.0
2020-09-22,4179448.8820749787,1596062.7065328634,1.0,0.0
2020-09-23,4075780.198788917,1596062.7065328634,1.0,-2.4804390772831497
2020-09-24,4058315.620521931,1596062.7065328634,1.0,-2.8983070488688076
2020-09-25,4171362.94624552,1596062.7065328634,1.0,-0.19346894907934176
2020-09-28,4202756.351226529,1596062.7065328634,1.0,0.0
2020-09-29,4203164.283344225,1596062.7065328634,1.0,0.0
2020-09-30,4241718.682403369,1596062.7065328634,1.0,0.0
2020-10-01,4318676.981238876,1596062.7065328634,1.0,0.0
2020-10-02,4214873.072826913,1596062.7065328634,1.0,-2.4036043645520633
2020-10-05,4303903.288965716,1596062.7065328634,1.0,-0.34208838348733045
2020-10-06,4263995.332793512,1596062.7065328634,1.0,-1.266166668239145
2020-10-07,4314001.467475816,1596062.7065328634,1.0,-0.10826264116003931
2020-10-08,4299714.940241569,1596062.7065328634,1.0,-0.43907060147543797
2020-10-09,4306313.322347792,1596062.7065328634,1.0,-0.28628348322399827
2020-10-12,4358182.121597135,1596062.7065328634,1.0,0.0
2020-10-13,4409109.216370666,1596062.7065328634,1.0,0.0
2020-10-14,4405801.495035066,1596062.7065328634,1.0,-0.07502017240395924
2020-10-15,4404998.374792806,1596062.7065328634,1.0,-0.09323519505022247
2020-10-16,4395172.653621693,1596062.7065328634,1.0,-0.3160856777425228
2020-10-19,4357407.114774196,1596062.7065328634,1.0,-1.172620115748194
2020-10-20,4317428.199015405,1596062.7065328634,1.0,-2.0793546463956294
2020-10-21,4257354.207441515,1596062.7065328634,1.0,-3.4418518907560065
2020-10-22,4257295.258655398,1596062.7065328634,1.0,-3.443188867982568
2020-10-23,4278165.674220675,1596062.7065328634,1.0,-2.9698412020235048
2020-10-26,4265680.52711058,1596062.7065328634,1.0,-3.253008311237719
2020-10-27,4283459.400611473,1596062.7065328634,1.0,-2.8497778030234664
2020-10-28,4174922.819252665,1596062.7065328634,1.0,-5.311422004437678
2020-10-29,4179003.7817343166,1596062.7065328634,1.0,-5.218864476796966
2020-10-30,4056795.6555568124,1596062.7065328634,1.0,-7.99058366496666
2020-11-02,4064887.1989803594,1596062.7065328634,1.0,-7.807064885402213
2020-11-03,4143628.956974778,1596062.7065328634,1.0,-6.0211767585656935
2020-11-04,4284117.931733492,1596062.7065328634,1.0,-2.834842107632354
2020-11-05,4353154.371126268,1596062.7065328634,1.0,-1.2690736949006054
2020-11-06,4373756.204433954,1596062.7065328634,1.0,-0.8018175600062072
2020-11-09,4158973.342099086,1596062.7065328634,1.0,-5.673161221383362
2020-11-10,4014682.6471055094,0.0,1.0,-8.505850484455285
2020-11-11,4160317.665987639,0.0,1.0,-5.642671527828893
2020-11-12,4142968.5371266007,0.0,1.0,-6.036155290867072
2020-11-13,4140683.2651540083,0.0,1.0,-6.087985986375983
2020-11-16,4195020.102452358,0.0,1.0,-4.855609226539741
2020-11-17,4289275.098539871,0.0,1.0,-2.7178759234600234
2020-11-18,4410399.427199732,0.0,1.0,0.0
2020-11-19,4478521.078349832,0.0,1.0,0.0
2020-11-20,4488603.283575318,0.0,1.0,0.0
2020-11-23,4552303.6462697955,0.0,1.0,0.0
2020-11-24,4705988.849305251,0.0,1.0,0.0
2020-11-25,4835994.280973611,0.0,1.0,0.0
2020-11-27,4998311.627721102,0.0,1.0,0.0
2020-11-30,4916437.056922122,0.0,1.0,-1.6380445417787894
2020-12-01,4795591.186983511,0.0,1.0,-4.055778347498077
2020-12-02,4813049.174856027,0.0,1.0,-3.7065006478906293
2020-12-03,4931505.086416374,0.0,1.0,-1.3365821557466069
2020-12-04,4922902.297880791,0.0,1.0,-1.508696044922123
2020-12-07,5058712.926238988,0.0,1.0,0.0
2020-12-08,5089191.490931008,0.0,1.0,0.0
2020-12-09,4852980.7715165615,0.0,1.0,-4.6414193656374785
2020-12-10,4924480.645744775,2.3283064365386963e-10,1.0,-2.653279341707336
2020-12-11,4849772.990814271,2.3283064365386963e-10,1.0,-4.704450609559158
2020-12-14,4787355.81650261,2.3283064365386963e-10,1.0,-5.930916039733857
2020-12-15,4770865.874021471,2.3283064365386963e-10,1.0,-6.254934943532721
2020-12-16,4641116.527854881,2.3283064365386963e-10,1.0,-8.804442982241895
2020-12-17,4718973.955588808,2.3283064365386963e-10,1.0,-7.274584499363626
2020-12-18,4713813.691569971,2.3283064365386963e-10,1.0,-7.375981038048268
2020-12-21,4556813.32616946,2.3283064365386963e-10,0.75,-10.460957613999225
2020-12-22,4393361.803425266,2.3283064365386963e-10,0.75,-13.67269611972191
2020-12-23,4504243.198260544,2.3283064365386963e-10,0.75,-11.493933637844991
2020-12-24,4446139.114732678,2.3283064365386963e-10,0.75,-12.635649048463907
2020-12-28,4336763.536699708,2.3283064365386963e-10,0.75,-14.784823003263577
2020-12-29,4355597.5016133115,2.3283064365386963e-10,0.75,-14.414745262090623
2020-12-30,4428377.964888661,2.3283064365386963e-10,0.75,-12.984646524303974
2020-12-31,4348577.099571612,2.3283064365386963e-10,0.75,-14.552692557927498
2021-01-04,4421555.489058544,2.3283064365386963e-10,0.75,-13.118704671698802
2021-01-05,4580322.368860045,2.3283064365386963e-10,1.0,-9.999016994698914
2021-01-06,4724807.348831301,2.3283064365386963e-10,1.0,-7.159961317019485
2021-01-07,4866306.490256293,2.3283064365386963e-10,1.0,-4.379575833841164
2021-01-08,4911788.519816961,2.3283064365386963e-10,1.0,-3.4858773035005814
2021-01-11,4807287.4949729545,2.3283064365386963e-10,1.0,-5.539268790738359
2021-01-12,5110880.553293616,2.3283064365386963e-10,1.0,0.0
2021-01-13,5067756.556737193,2.3283064365386963e-10,1.0,-0.8437684290749503
2021-01-14,5196349.2500662785,2.3283064365386963e-10,1.0,0.0
2021-01-15,5021434.751867064,2.3283064365386963e-10,1.0,-3.366103581220666
2021-01-19,5100401.574387452,2.3283064365386963e-10,1.0,-1.8464439371084047
2021-01-20,5098397.134108061,2.3283064365386963e-10,1.0,-1.8850179471090818
2021-01-21,5039060.926218438,2.3283064365386963e-10,1.0,-3.0269005464910648
2021-01-22,5006534.01837741,2.3283064365386963e-10,1.0,-3.6528574688556046
2021-01-25,5146463.827845739,2.3283064365386963e-10,1.0,-0.9600090336480562
2021-01-26,5122225.968213569,2.3283064365386963e-10,1.0,-1.4264491912618016
2021-01-27,5051775.410657389,2.3283064365386963e-10,1.0,-2.782219447760279
2021-01-28,5071076.301841057,2.3283064365386963e-10,1.0,-2.410787693371914
2021-01-29,5019405.2877841955,2.3283064365386963e-10,1.0,-3.4051591563024
2021-02-01,5045670.249153586,2.3283064365386963e-10,1.0,-2.899708885248052
2021-02-02,5170730.359054671,2.3283064365386963e-10,1.0,-0.49301711218277083
2021-02-03,5306626.6322085,2.3283064365386963e-10,1.0,0.0
2021-02-04,5373701.565283489,2.3283064365386963e-10,1.0,0.0
2021-02-05,5390676.927466804,2.3283064365386963e-10,1.0,0.0
2021-02-08,5675574.476206452,2.3283064365386963e-10,1.0,0.0
2021-02-09,5562776.472164316,2.3283064365386963e-10,1.0,-1.9874288411686851
2021-02-10,5480897.333908562,-2.3283064365386963e-10,1.0,-2.848049665798246
2021-02-11,5442047.760927439,-2.3283064365386963e-10,1.0,-4.114591681564928
2021-02-12,5502932.435733446,-2.3283064365386963e-10,1.0,-3.0418425693604765
2021-02-16,5461647.646850203,-2.3283064365386963e-10,1.0,-3.7692542006644048
2021-02-17,5474233.619254492,-2.3283064365386963e-10,1.0,-3.5474973995325927
2021-02-18,5443367.129919317,-2.3283064365386963e-10,1.0,-4.091345241977024
2021-02-19,5459961.349067386,-2.3283064365386963e-10,1.0,-3.7989656913669996
2021-02-22,5327111.295768304,-2.3283064365386963e-10,1.0,-6.139698842804372
2021-02-23,5285205.158151156,-2.3283064365386963e-10,1.0,-6.8780582422419
2021-02-24,5433808.944324497,-2.3283064365386963e-10,1.0,-4.2597543719230755
2021-02-25,5169782.762421501,-2.3283064365386963e-10,1.0,-8.911727190002825
2021-02-26,5229843.7560803145,-2.3283064365386963e-10,1.0,-7.853490813921327
2021-03-01,5406222.559158472,-2.3283064365386963e-10,1.0,-4.745808872338397
2021-03-02,5366423.494451534,-2.3283064365386963e-10,1.0,-5.447042991876196
2021-03-03,5329543.612797897,-2.3283064365386963e-10,1.0,-6.0968429690987165
2021-03-04,5239534.620025223,-2.3283064365386963e-10,1.0,-7.6827439761248115
2021-03-05,5306008.176632915,-2.3283064365386963e-10,1.0,-6.511522333516355
2021-03-08,5325040.366287863,-2.3283064365386963e-10,1.0,-6.17618729853908
2021-03-09,5495842.191484814,-2.3283064365386963e-10,1.0,-3.1667681478786793
2021-03-10,5486416.400961645,9.313225746154785e-10,1.0,-2.750221135985243
2021-03-11,5701340.909354493,9.313225746154785e-10,1.0,0.0
2021-03-12,5745691.797187322,9.313225746154785e-10,1.0,0.0
2021-03-15,5796882.493625184,9.313225746154785e-10,1.0,0.0
2021-03-16,5680193.895695615,9.313225746154785e-10,1.0,-2.0129543432679737
2021-03-17,5842192.303520268,9.313225746154785e-10,1.0,0.0
2021-03-18,5504549.253767446,9.313225746154785e-10,1.0,-5.7793895204266414
2021-03-19,5540809.959600965,9.313225746154785e-10,1.0,-5.158720019156208
2021-03-22,5610479.442647278,9.313225746154785e-10,1.0,-3.966197085525048
2021-03-23,5486472.534486774,9.313225746154785e-10,1.0,-6.088806231509209
2021-03-24,5250911.552202039,9.313225746154785e-10,0.75,-10.120871080569303
2021-03-25,5301396.7642836915,9.313225746154785e-10,1.0,-9.256722667460208
2021-03-26,5235788.600764966,9.313225746154785e-10,0.75,-10.379728554808235
2021-03-29,5237336.668374559,9.313225746154785e-10,0.75,-10.353230495018924
2021-03-30,5323938.5385471955,9.313225746154785e-10,1.0,-8.870878225983654
2021-03-31,5526423.778306814,9.313225746154785e-10,1.0,-5.40496630046198
2021-04-01,5593451.196471056,9.313225746154785e-10,1.0,-4.257667227066979
2021-04-05,5684282.327793207,9.313225746154785e-10,1.0,-2.7029232781658123
2021-04-06,5743542.151563399,9.313225746154785e-10,1.0,-1.688581046834537
2021-04-07,5714986.116774524,9.313225746154785e-10,1.0,-2.177370756335681
2021-04-08,5827154.8135712035,9.313225746154785e-10,1.0,-0.2573946417341201
2021-04-09,5814161.5996990055,9.313225746154785e-10,1.0,-0.47979769177355186
2021-04-12,5930951.071399259,9.313225746154785e-10,1.0,0.0
2021-04-13,6189598.071410221,9.313225746154785e-10,1.0,0.0
2021-04-14,6021447.259518446,9.313225746154785e-10,1.0,-2.716667705266097
2021-04-15,6189573.908139779,9.313225746154785e-10,1.0,-0.0003903851294226277
2021-04-16,6114168.263848195,9.313225746154785e-10,1.0,-1.2186543728976005
2021-04-19,5911443.761858777,9.313225746154785e-10,1.0,-4.493899383164147
2021-04-20,5833492.143931109,9.313225746154785e-10,1.0,-5.753296472091885
2021-04-21,5920817.895588213,9.313225746154785e-10,1.0,-4.342449585919078
2021-04-22,5806504.867810459,9.313225746154785e-10,1.0,-6.189306626697964
2021-04-23,5929930.811321539,9.313225746154785e-10,1.0,-4.195220062641649
2021-04-26,6049167.733414559,9.313225746154785e-10,1.0,-2.2688119062901784
2021-04-27,5950948.675003006,9.313225746154785e-10,1.0,-3.855652558597261
2021-04-28,5872183.829681746,9.313225746154785e-10,1.0,-5.128188261441611
2021-04-29,5801042.487215664,9.313225746154785e-10,1.0,-6.277557600860978
2021-04-30,5772817.562779449,9.313225746154785e-10,1.0,-6.733563372327566
2021-05-03,5676584.358364762,9.313225746154785e-10,1.0,-8.288320293607944
2021-05-04,5518923.023968311,9.313225746154785e-10,0.75,-10.83551855393908
2021-05-05,5446087.340295522,9.313225746154785e-10,0.75,-12.012261903547158
2021-05-06,5327175.66122411,9.313225746154785e-10,0.75,-13.933415388789841
2021-05-07,5486151.426960161,9.313225746154785e-10,0.75,-11.36498099447334
2021-05-10,6554332.01195737,2626460.4335633623,0.75,-14.877719239835463
2021-05-11,6595104.431140597,2626460.4335633623,1.0,0.0
2021-05-12,6449956.425447387,2626460.4335633623,1.0,-2.2008446903108028
2021-05-13,6379179.799479915,2626460.4335633623,1.0,-3.2740138373114256
2021-05-14,6500346.367476888,2626460.4335633623,1.0,-1.4367939833717076
2021-05-17,6460945.256039103,2626460.4335633623,1.0,-2.0342236654817025
2021-05-18,6493041.847150223,2626460.4335633623,1.0,-1.5475506878777707
2021-05-19,6479468.818171395,2626460.4335633623,1.0,-1.7533552982602774
2021-05-20,6622839.719615475,2626460.4335633623,1.0,0.0
2021-05-21,6616625.908672865,2626460.4335633623,1.0,-0.09382396684320639
2021-05-24,6742341.662089683,2626460.4335633623,1.0,0.0
2021-05-25,6734105.54777641,2626460.4335633623,1.0,-0.12215510168495532
2021-05-26,6784199.592919243,2626460.4335633623,1.0,0.0
2021-05-27,6779989.701765389,2626460.4335633623,1.0,-0.0620543528561174
2021-05-28,6842177.740037547,2626460.4335633623,1.0,0.0
2021-06-01,6863371.341558002,2626460.4335633623,1.0,0.0
2021-06-02,6886443.670563638,2626460.4335633623,1.0,0.0
2021-06-03,6759591.159326014,2626460.4335633623,1.0,-1.8420612627655684
2021-06-04,6867708.340925524,2626460.4335633623,1.0,-0.27206103083655603
2021-06-07,6926510.549157042,2626460.4335633623,1.0,0.0
2021-06-08,6934113.074718283,2626460.4335633623,1.0,0.0
2021-06-09,6887591.792418111,2626460.4335633623,1.0,-0.6709045814350453
2021-06-10,6913893.2931058295,2.3283064365386963e-10,1.0,0.0
2021-06-11,6920316.440123931,2.3283064365386963e-10,1.0,-0.3935791750523292
2021-06-14,7016344.750822602,2.3283064365386963e-10,1.0,0.0
2021-06-15,6897321.499176315,2.3283064365386963e-10,1.0,-1.6963712000088425
2021-06-16,6877960.25414291,2.3283064365386963e-10,1.0,-1.9723160932687536
2021-06-17,6953786.967230552,2.3283064365386963e-10,1.0,-0.8916007666914548
2021-06-18,6944883.4388109185,2.3283064365386963e-10,1.0,-1.0184977299370186
2021-06-21,6935911.20879737,2.3283064365386963e-10,1.0,-1.1463738582087442
2021-06-22,6997246.670304145,2.3283064365386963e-10,1.0,-0.272194158022495
2021-06-23,7128468.76491457,2.3283064365386963e-10,1.0,0.0
2021-06-24,7185104.646370436,2.3283064365386963e-10,1.0,0.0
2021-06-25,7159804.085875851,2.3283064365386963e-10,1.0,-0.35212514973411796
2021-06-28,7397234.845886872,2.3283064365386963e-10,1.0,0.0
2021-06-29,7341257.233812444,2.3283064365386963e-10,1.0,-0.7567369867343579
2021-06-30,7331542.256614029,2.3283064365386963e-10,1.0,-0.8880695373538151
2021-07-01,7379026.979016781,2.3283064365386963e-10,1.0,-0.24614423158696286
2021-07-02,7388345.042572376,2.3283064365386963e-10,1.0,-0.12017738384281365
2021-07-06,7305717.488359623,2.3283064365386963e-10,1.0,-1.2371833453163439
2021-07-07,7249236.034579519,2.3283064365386963e-10,1.0,-2.000731548892835
2021-07-08,7204737.190060197,2.3283064365386963e-10,1.0,-2.6022920704445442
2021-07-09,7257981.896756378,2.3283064365386963e-10,1.0,-1.8825000426736997
2021-07-12,7384025.089506905,2.3283064365386963e-10,1.0,-0.17857695010606098
2021-07-13,7294872.701865721,2.3283064365386963e-10,1.0,-1.3837892963215654
2021-07-14,7178437.011213386,2.3283064365386963e-10,1.0,-2.957832747396754
2021-07-15,6999913.476746118,2.3283064365386963e-10,1.0,-5.371214750085694
2021-07-16,6858642.60278035,2.3283064365386963e-10,1.0,-7.280994240787139
2021-07-19,6889143.711423714,2.3283064365386963e-10,1.0,-6.868663021367712
2021-07-20,6943041.665273078,2.3283064365386963e-10,1.0,-6.140040029502944
2021-07-21,7049232.525913434,2.3283064365386963e-10,1.0,-4.704491978741757
2021-07-22,7072150.973653852,2.3283064365386963e-10,1.0,-4.3946674535252646
2021-07-23,7144123.460519625,2.3283064365386963e-10,1.0,-3.4217027124397204
2021-07-26,7215851.250692119,2.3283064365386963e-10,1.0,-2.45204591950476
2021-07-27,7135964.289453298,2.3283064365386963e-10,1.0,-3.5320029967529023
2021-07-28,7203931.205710726,2.3283064365386963e-10,1.0,-2.6131878222526628
2021-07-29,7214832.457879682,2.3283064365386963e-10,1.0,-2.4658185363495977
2021-07-30,7190894.665970171,2.3283064365386963e-10,1.0,-2.7894231319617195
2021-08-02,7262618.694410628,2.3283064365386963e-10,1.0,-1.8198171922457735
2021-08-03,7221919.0197266415,2.3283064365386963e-10,1.0,-2.370018389475799
2021-08-04,7313045.951263525,2.3283064365386963e-10,1.0,-1.138113043283459
2021-08-05,7441294.829939131,2.3283064365386963e-10,1.0,0.0
2021-08-06,7385040.371899618,2.3283064365386963e-10,1.0,-0.7559767396015542
2021-08-09,7378279.988232771,2.3283064365386963e-10,1.0,-0.8468263003479896
2021-08-10,7292831.284741328,-4.656612873077393e-10,1.0,-1.4044445602953834
2021-08-11,6988269.300171907,-4.656612873077393e-10,1.0,-6.087993287734433
2021-08-12,7009813.246789839,-4.656612873077393e-10,1.0,-5.798474499535736
2021-08-13,7044794.078595314,-4.656612873077393e-10,1.0,-5.328383841862369
2021-08-16,6917972.135253342,-4.656612873077393e-10,1.0,-7.032683244591581
2021-08-17,6978882.781785946,-4.656612873077393e-10,1.0,-6.214134216167952
2021-08-18,6793159.974101407,-4.656612873077393e-10,1.0,-8.709974146300892
2021-08-19,6741748.500906526,-4.656612873077393e-10,1.0,-9.400868330308139
2021-08-20,6918300.580774172,-4.656612873077393e-10,1.0,-7.02826942242304
2021-08-23,7225563.79314165,-4.656612873077393e-10,1.0,-2.8991061599859407
2021-08-24,7135630.471205938,-4.656612873077393e-10,1.0,-4.107677033617728
2021-08-25,7202040.856654679,-4.656612873077393e-10,1.0,-3.2152196459390705
2021-08-26,7198465.73350902,-4.656612873077393e-10,1.0,-3.263264014928126
2021-08-27,7259718.780234234,-4.656612873077393e-10,1.0,-2.4401136341802703
2021-08-30,7202713.242152507,-4.656612873077393e-10,1.0,-3.206183779020819
2021-08-31,7161937.169605599,-4.656612873077393e-10,1.0,-3.7541539035595104
2021-09-01,7276836.308807588,-4.656612873077393e-10,1.0,-2.2100793597085278
2021-09-02,7224697.689022958,-4.656612873077393e-10,1.0,-2.910745318741042
2021-09-03,7327577.614576419,-4.656612873077393e-10,1.0,-1.528191235014431
2021-09-07,7363884.83069903,-4.656612873077393e-10,1.0,-1.0402759332777787
2021-09-08,7184057.2542203395,-4.656612873077393e-10,1.0,-3.45689267254709
2021-09-09,7317513.24327417,-4.656612873077393e-10,1.0,-1.6634415043863173
2021-09-10,7214055.762577179,-4.656612873077393e-10,1.0,-2.4694515595766453
2021-09-13,7116919.413149843,-4.656612873077393e-10,1.0,-4.359125988184251
2021-09-14,7191262.856298912,-4.656612873077393e-10,1.0,-3.3600600346359832
2021-09-15,7297749.950257094,-4.656612873077393e-10,1.0,-1.9290309410198607
2021-09-16,7328565.824988491,-4.656612873077393e-10,1.0,-1.5149111482196427
2021-09-17,7205209.147758289,-4.656612873077393e-10,1.0,-3.172642498063373
2021-09-20,6981091.87422518,-4.656612873077393e-10,1.0,-6.1844472800940675
2021-09-21,7014487.930773196,-4.656612873077393e-10,1.0,-5.735653658671472
2021-09-22,7143522.055233674,-4.656612873077393e-10,1.0,-4.001625812585797
2021-09-23,7321973.712124,-4.656612873077393e-10,1.0,-1.6034993981834536
2021-09-24,7195007.49142409,-4.656612873077393e-10,1.0,-3.3097376752784173
2021-09-27,7173603.378698718,-4.656612873077393e-10,1.0,-3.5973773027160463
2021-09-28,6835165.879879627,-4.656612873077393e-10,1.0,-8.145476881534359
2021-09-29,6782871.016366106,-4.656612873077393e-10,1.0,-8.848242525265057
2021-09-30,6905607.335111759,-4.656612873077393e-10,1.0,-7.198847876206968
2021-10-01,6823289.6210527215,-4.656612873077393e-10,1.0,-8.30507624022558
2021-10-04,6610619.687346958,-4.656612873077393e-10,0.75,-11.163045700730123
2021-10-05,6736563.050120191,-4.656612873077393e-10,1.0,-9.47055312179728
2021-10-06,6654123.419763028,-4.656612873077393e-10,0.75,-10.578419860600283
2021-10-07,6791753.476813296,-4.656612873077393e-10,1.0,-8.72887539024103
2021-10-08,6778038.214085031,-4.656612873077393e-10,1.0,-8.913188242260855
2021-10-11,6707009.825419521,-4.656612873077393e-10,1.0,-9.867704765107609
2021-10-12,6732275.428007499,-4.656612873077393e-10,1.0,-9.528172423419905
2021-10-13,6921626.81454144,-4.656612873077393e-10,1.0,-6.983569758677888
2021-10-14,7103856.598138582,-4.656612873077393e-10,1.0,-4.534670907580596
2021-10-15,7084665.344167716,-4.656612873077393e-10,1.0,-4.792572985235851
2021-10-18,7190456.816966547,-4.656612873077393e-10,1.0,-3.3708920114731677
2021-10-19,7205138.619020244,-4.656612873077393e-10,1.0,-3.1735903000206527
2021-10-20,7234128.782495264,-4.656612873077393e-10,1.0,-2.7840053670546654
2021-10-21,7272114.100376768,-4.656612873077393e-10,1.0,-2.2735388588782275
2021-10-22,7273464.1158308145,-4.656612873077393e-10,1.0,-2.255396647275284
2021-10-25,7433701.191790618,-4.656612873077393e-10,1.0,-0.10204726895056793
2021-10-26,7506276.3987370115,-4.656612873077393e-10,1.0,0.0
2021-10-27,7415132.457221151,-4.656612873077393e-10,1.0,-1.214236415957129
2021-10-28,7478591.780880162,-4.656612873077393e-10,1.0,-0.3688195902499416
2021-10-29,7476683.906703733,-4.656612873077393e-10,1.0,-0.3942366422619041
2021-11-01,7622902.44307225,-4.656612873077393e-10,1.0,0.0
2021-11-02,7707749.465624142,-4.656612873077393e-10,1.0,0.0
2021-11-03,7712189.329336668,-4.656612873077393e-10,1.0,0.0
2021-11-04,7840944.35167295,-4.656612873077393e-10,1.0,0.0
2021-11-05,7803654.581016803,-4.656612873077393e-10,1.0,-0.47557754504648236
2021-11-08,8178798.6695942525,-4.656612873077393e-10,1.0,0.0
2021-11-09,8102224.124470398,-4.656612873077393e-10,1.0,-0.9362566339789056
2021-11-10,7669952.604448541,9.313225746154785e-10,1.0,-5.656312717980323
2021-11-11,7790775.260426795,9.313225746154785e-10,1.0,-4.744259210218547
2021-11-12,7800309.513607072,9.313225746154785e-10,1.0,-4.62768642776675
2021-11-15,7785967.575318026,9.313225746154785e-10,1.0,-4.803041499684138
2021-11-16,7929209.611086824,9.313225746154785e-10,1.0,-3.0516591566840776
2021-11-17,7943207.292480543,9.313225746154785e-10,1.0,-2.880513222431441
2021-11-18,8171709.767993607,9.313225746154785e-10,1.0,-0.08667411788726098
2021-11-19,8339835.019653054,9.313225746154785e-10,1.0,0.0
2021-11-22,8323743.247867444,9.313225746154785e-10,1.0,-0.1929507208198921
2021-11-23,8196518.703801911,9.313225746154785e-10,1.0,-1.7184550475328797
2021-11-24,8328402.813318316,9.313225746154785e-10,1.0,-0.1370795262471949
2021-11-26,8446669.439643174,9.313225746154785e-10,1.0,0.0
2021-11-29,8919154.702896824,9.313225746154785e-10,1.0,0.0
2021-11-30,8736576.96938966,9.313225746154785e-10,1.0,-2.0470295626542385
2021-12-01,8241560.6188767105,9.313225746154785e-10,1.0,-7.5970661636807355
2021-12-02,8254514.552473229,9.313225746154785e-10,1.0,-7.451828929570292
2021-12-03,7967343.02220914,9.313225746154785e-10,0.75,-10.67154581788506
2021-12-06,7670772.770818901,9.313225746154785e-10,0.75,-13.99663952092304
2021-12-07,8101153.829781547,9.313225746154785e-10,1.0,-9.171282485431059
2021-12-08,8169454.251705935,9.313225746154785e-10,1.0,-8.405510120229174
2021-12-09,7808449.51410483,9.313225746154785e-10,0.75,-12.453031994514587
2021-12-10,9590056.491030406,3842939.888210943,0.75,-13.567966319627342
2021-12-13,9408846.941859476,3842939.888210943,1.0,0.0
2021-12-14,9468989.690543462,3842939.888210943,1.0,0.0
2021-12-15,9751730.947883224,3842939.888210943,1.0,0.0
2021-12-16,9508394.08850169,3842939.888210943,1.0,-2.495319658448478
2021-12-17,9556047.485428546,3842939.888210943,1.0,-2.0066536238590014
2021-12-20,9385119.557306334,3842939.888210943,1.0,-3.7594493996624143
2021-12-21,9587243.882493371,3842939.888210943,1.0,-1.6867473709942504
2021-12-22,9632241.15271227,3842939.888210943,1.0,-1.2253188260581651
2021-12-23,9755679.63555844,3842939.888210943,1.0,0.0
2021-12-27,9915358.201119516,3842939.888210943,1.0,0.0
2021-12-28,9825883.199752443,3842939.888210943,1.0,-0.9023879879293835
2021-12-29,9783427.051295815,3842939.888210943,1.0,-1.330573713502403
2021-12-30,9742464.557077114,3842939.888210943,1.0,-1.7436953918909512
2021-12-31,9695691.86481597,3842939.888210943,1.0,-2.2154150344134136
2022-01-03,9941695.71589749,3842939.888210943,1.0,0.0
2022-01-04,9760277.759590449,3842939.888210943,1.0,-1.824819039843878
2022-01-05,9403241.944040943,3842939.888210943,1.0,-5.416115995136725
2022-01-06,9395024.639088348,3842939.888210943,1.0,-5.4987709585093745
2022-01-07,9212820.136636836,3842939.888210943,1.0,-7.331501587753568
2022-01-10,9284628.796382403,4.656612873077393e-10,1.0,-6.162640488594271
2022-01-11,9365103.525286434,4.656612873077393e-10,1.0,-5.799736856651553
2022-01-12,9413806.474659078,4.656612873077393e-10,1.0,-5.309851119203724
2022-01-13,8925349.93052227,4.656612873077393e-10,0.75,-10.22306268889329
2022-01-14,9020608.914497621,4.656612873077393e-10,1.0,-9.264886270125766
2022-01-18,8705182.086580994,4.656612873077393e-10,0.75,-12.437653139385679
2022-01-19,8430323.277047291,4.656612873077393e-10,0.5,-15.202360664020368
2022-01-20,8221967.746626854,4.656612873077393e-10,0.5,-17.298135231806242
2022-01-21,7842511.630387922,4.656612873077393e-10,0.3,-21.114950059805395
2022-01-24,7799473.515735157,4.656612873077393e-10,0.3,-21.547855228930054
2022-01-25,7536819.925596299,4.656612873077393e-10,0.3,-24.189794769675164
2022-01-26,7584665.826007388,4.656612873077393e-10,0.3,-23.70852978452198
2022-01-27,7127319.233506961,4.656612873077393e-10,0.2,-28.30881735688347
2022-01-28,7367424.335242858,4.656612873077393e-10,0.2,-25.893685083704437
2022-01-31,7986811.512456127,4.656612873077393e-10,0.5,-19.663488596974066
2022-02-01,8066296.942549961,4.656612873077393e-10,0.5,-18.863972776280313
2022-02-02,8069903.481882099,4.656612873077393e-10,0.5,-18.82769587307183
2022-02-03,7771697.169653602,4.656612873077393e-10,0.3,-21.827247667356215
2022-02-04,8021467.518275902,4.656612873077393e-10,0.5,-19.314896095150086
2022-02-07,7983376.597402646,4.656612873077393e-10,0.5,-19.698039192281346
2022-02-08,8077484.757503896,4.656612873077393e-10,0.5,-18.751438503721104
2022-02-09,8433205.50859174,4.656612873077393e-10,0.5,-15.173369316600235
2022-02-10,12213317.84670763,8150362.260065155,0.5,-17.771704602109235
2022-02-11,12000778.342413012,8150362.260065155,1.0,0.0
2022-02-14,12008185.03725493,8150362.260065155,1.0,0.0
2022-02-15,12231967.726701744,8150362.260065155,1.0,0.0
2022-02-16,12193785.354158701,8150362.260065155,1.0,-0.3121523322833203
2022-02-17,11966414.002711581,8150362.260065155,1.0,-2.170981234772824
2022-02-18,11846387.536963765,8150362.260065155,1.0,-3.152233543719037
2022-02-22,11778462.893420812,8150362.260065155,1.0,-3.7075378501118417
2022-02-23,11635841.207104966,8150362.260065155,1.0,-4.873512855135032
2022-02-24,11898403.419321466,8150362.260065155,1.0,-2.7269881251576904
2022-02-25,11963695.850150025,8150362.260065155,1.0,-2.193202946130212
2022-02-28,12084941.708239011,8150362.260065155,1.0,-1.2019817395510481
2022-03-01,12012269.644294169,8150362.260065155,1.0,-1.7960976297213875
2022-03-02,12077251.317178555,8150362.260065155,1.0,-1.2648529899686642
2022-03-03,11885481.569083124,8150362.260065155,1.0,-2.832628121330458
2022-03-04,11809646.694487453,8150362.260065155,1.0,-3.4526009359261693
2022-03-07,11591846.80538171,8150362.260065155,1.0,-5.233180266840336
2022-03-08,11629520.27345578,8150362.260065155,1.0,-4.925188381022726
2022-03-09,11840269.10632713,8150362.260065155,1.0,-3.2022535468235156
2022-03-10,11709277.201125914,9.313225746154785e-10,1.0,-3.896691962694719
2022-03-11,11335255.110847164,9.313225746154785e-10,1.0,-7.330894226421996
2022-03-14,11136606.187563794,9.313225746154785e-10,1.0,-8.954908675460558
2022-03-15,11658040.993471479,9.313225746154785e-10,1.0,-4.692022952099627
2022-03-16,12543207.025149116,9.313225746154785e-10,1.0,0.0
2022-03-17,12774704.227405256,9.313225746154785e-10,1.0,0.0
2022-03-18,13406497.407357942,9.313225746154785e-10,1.0,0.0
2022-03-21,13383161.298439939,9.313225746154785e-10,1.0,-0.1740656653929317
2022-03-22,13873426.605580445,9.313225746154785e-10,1.0,0.0
2022-03-23,13668642.913383953,9.313225746154785e-10,1.0,-1.4760858872033817
2022-03-24,14205282.385860862,9.313225746154785e-10,1.0,0.0
2022-03-25,13786518.237062521,9.313225746154785e-10,1.0,-2.9479466681715185
2022-03-28,14275804.386129195,9.313225746154785e-10,1.0,0.0
2022-03-29,14632329.140410013,9.313225746154785e-10,1.0,0.0
2022-03-30,14204150.862045135,9.313225746154785e-10,1.0,-2.9262482702250106
2022-03-31,13735349.034408648,9.313225746154785e-10,1.0,-6.130125268465848
2022-04-01,13704594.719794711,9.313225746154785e-10,1.0,-6.340305850920097
2022-04-04,14159567.471257199,9.313225746154785e-10,1.0,-3.23093927573835
2022-04-05,13541440.834230924,9.313225746154785e-10,1.0,-7.455329194081549
2022-04-06,12902015.129153837,9.313225746154785e-10,0.75,-11.825280819289251
2022-04-07,12922792.331668803,9.313225746154785e-10,0.75,-11.683285636460928
2022-04-08,12572255.3740192,9.313225746154785e-10,0.75,-14.078918992476192
2022-04-11,12201021.563320749,9.313225746154785e-10,0.5,-16.615998408447073
2022-04-12,12079385.35513014,9.313225746154785e-10,0.5,-17.447282389441504
2022-04-13,12558203.402777344,9.313225746154785e-10,0.75,-14.17495272098937
2022-04-14,12039313.50417456,9.313225746154785e-10,0.5,-17.72114071077268
2022-04-18,11987632.471435377,9.313225746154785e-10,0.5,-18.074338292943352
2022-04-19,12216607.088319728,9.313225746154785e-10,0.5,-16.50948409449594
2022-04-20,11634447.455632621,9.313225746154785e-10,0.3,-20.48806896024612
2022-04-21,11312332.205795169,9.313225746154785e-10,0.3,-22.689463193156513
2022-04-22,11112359.430974185,9.313225746154785e-10,0.3,-24.056113525458837
2022-04-25,11339337.306158504,9.313225746154785e-10,0.3,-22.504905423137828
2022-04-26,10487904.687946714,9.313225746154785e-10,0.2,-28.32375087174377
2022-04-27,10351507.510085827,9.313225746154785e-10,0.2,-29.255914005528126
2022-04-28,10699948.14774762,9.313225746154785e-10,0.2,-26.874607281778278
2022-04-29,10259363.195644947,9.313225746154785e-10,0.2,-29.88564501797785
2022-05-02,10776539.083466727,9.313225746154785e-10,0.2,-26.35117088977157
2022-05-03,10912465.072095806,9.313225746154785e-10,0.2,-25.42222794894001
2022-05-04,11537354.620152235,9.313225746154785e-10,0.3,-21.15161906596542
2022-05-05,10604588.591984697,9.313225746154785e-10,0.2,-27.526311838502394
2022-05-06,10389751.95485261,9.313225746154785e-10,0.2,-28.99454451062547
2022-05-09,9577404.8713498,9.313225746154785e-10,0.2,-34.54627230261011
2022-05-10,17319641.687988423,15400370.51282732,0.2,-34.021480378581174
2022-05-11,17252745.071143676,15400370.51282732,1.0,0.0
2022-05-12,17300396.5900843,15400370.51282732,1.0,0.0
2022-05-13,17506579.73954621,15400370.51282732,1.0,0.0
2022-05-16,17409698.704137713,15400370.51282732,1.0,-0.5533978472656711
2022-05-17,17487329.559701484,15400370.51282732,1.0,-0.10995968447932174
2022-05-18,17388427.28791374,15400370.51282732,1.0,-0.6749031129454218
2022-05-19,17440700.95858382,15400370.51282732,1.0,-0.3763086904609536
2022-05-20,17342466.067643467,15400370.51282732,1.0,-0.9374399474045765
2022-05-23,17347977.013062116,15400370.51282732,1.0,-0.9059606664677095
2022-05-24,17214446.108305,15400370.51282732,1.0,-1.6687076264320162
2022-05-25,17290481.00728298,15400370.51282732,1.0,-1.2343857879622084
2022-05-26,17412226.05000547,15400370.51282732,1.0,-0.5389612988058503
2022-05-27,17513022.69966096,15400370.51282732,1.0,0.0
2022-05-31,17468781.40415402,15400370.51282732,1.0,-0.2526194150813027
2022-06-01,17429666.845434505,15400370.51282732,1.0,-0.4759649756410628
2022-06-02,17589081.53033479,15400370.51282732,1.0,0.0
2022-06-03,17455156.037798315,15400370.51282732,1.0,-0.7614126542395127
2022-06-06,17471092.60480113,15400370.51282732,1.0,-0.6708077697529097
2022-06-07,17481426.35150566,15400370.51282732,1.0,-0.612056852675699
2022-06-08,17481219.102560017,15400370.51282732,1.0,-0.613235134471055
2022-06-09,17400267.282181393,15400370.51282732,1.0,-1.073474176737198
2022-06-10,17227359.704757653,1.862645149230957e-09,1.0,-1.7296570744130466
2022-06-13,15921562.012923548,1.862645149230957e-09,1.0,-9.480424060434165
2022-06-14,15971284.81473591,1.862645149230957e-09,1.0,-9.197732768528969
2022-06-15,16818215.090477586,1.862645149230957e-09,1.0,-4.382641802687299
2022-06-16,15686489.419441711,1.862645149230957e-09,0.75,-10.816892898084511
2022-06-17,16071205.07665863,1.862645149230957e-09,1.0,-8.629651588449185
2022-06-21,16547890.428778404,1.862645149230957e-09,1.0,-5.919530816664348
2022-06-22,16593361.733308382,1.862645149230957e-09,1.0,-5.66101075436572
2022-06-23,17032726.143985614,1.862645149230957e-09,1.0,-3.163072417338357
2022-06-24,17888032.565784354,1.862645149230957e-09,1.0,0.0
2022-06-27,17716573.243919596,1.862645149230957e-09,1.0,-0.9585141419784728
2022-06-28,16771655.345284374,1.862645149230957e-09,1.0,-6.2409167491977255
2022-06-29,16657365.41551473,1.862645149230957e-09,1.0,-6.879835139743673
2022-06-30,16109138.261128835,1.862645149230957e-09,1.0,-9.944605691618257
2022-07-01,16025401.625339488,1.862645149230957e-09,0.75,-10.412721094927152
2022-07-05,16803798.636928104,1.862645149230957e-09,1.0,-6.061225150775593
2022-07-06,16786050.368204005,1.862645149230957e-09,1.0,-6.1604438248183
2022-07-07,17534139.192426927,1.862645149230957e-09,1.0,-1.9783806411127745
2022-07-08,17555052.68074806,1.862645149230957e-09,1.0,-1.861467345901452
2022-07-11,16555278.66592561,1.862645149230957e-09,1.0,-7.450533729505788
2022-07-12,16454482.58608949,1.862645149230957e-09,1.0,-8.014017049795132
2022-07-13,16551792.86206675,1.862645149230957e-09,1.0,-7.4700205223995395
2022-07-14,16258752.712508403,1.862645149230957e-09,1.0,-9.108211578239098
2022-07-15,16719678.300964706,1.862645149230957e-09,1.0,-6.531485564569231
2022-07-18,16943793.953307144,1.862645149230957e-09,1.0,-5.278605173624953
2022-07-19,17589507.980364837,1.862645149230957e-09,1.0,-1.6688508606056827
2022-07-20,18371082.845193017,1.862645149230957e-09,1.0,0.0
2022-07-21,18985854.103510726,1.862645149230957e-09,1.0,0.0
2022-07-22,17114558.212007217,1.862645149230957e-09,1.0,-9.856263938936952
2022-07-25,16895456.25938,1.862645149230957e-09,0.75,-11.010291308117571
2022-07-26,16162179.019272761,1.862645149230957e-09,0.75,-14.872520713807821
2022-07-27,17113996.074831434,1.862645149230957e-09,1.0,-9.859224760044702
2022-07-28,17120423.40684962,1.862645149230957e-09,1.0,-9.825371492326834
2022-07-29,17425076.377169624,1.862645149230957e-09,1.0,-8.2207401248938
2022-08-01,17519144.16416996,1.862645149230957e-09,1.0,-7.725277626933587
2022-08-02,17737936.279464085,1.862645149230957e-09,1.0,-6.572882195570467
2022-08-03,18450138.720495816,1.862645149230957e-09,1.0,-2.821655428795533
2022-08-04,18588943.63087197,1.862645149230957e-09,1.0,-2.0905589523379
2022-08-05,17710434.43495634,1.862645149230957e-09,1.0,-6.7177365927327255
2022-08-08,17627282.044780556,1.862645149230957e-09,1.0,-7.15570682953343
2022-08-09,17100432.558956858,1.862645149230957e-09,1.0,-9.930664874356271
2022-08-10,17868895.061565053,1.862645149230957e-09,1.0,-5.31585921182907
2022-08-11,17890893.279408418,1.862645149230957e-09,1.0,-5.767245540456546
2022-08-12,18422405.295496546,1.862645149230957e-09,1.0,-2.967729578781455
2022-08-15,18688142.620662272,1.862645149230957e-09,1.0,-1.568070002146512
2022-08-16,18657664.132733695,1.862645149230957e-09,1.0,-1.7286026163887172
2022-08-17,18044298.49378904,1.862645149230957e-09,1.0,-4.959248104343017
2022-08-18,18329536.79967446,1.862645149230957e-09,1.0,-3.456875314947806
2022-08-19,17372895.09546054,1.862645149230957e-09,1.0,-8.495583075990918
2022-08-22,16715406.045382835,1.862645149230957e-09,0.75,-11.958630071364851
2022-08-23,16570297.71110704,1.862645149230957e-09,0.75,-12.722927181648464
2022-08-24,16708217.886862813,1.862645149230957e-09,0.75,-11.996490672635844
2022-08-25,17360197.62028265,1.862645149230957e-09,1.0,-8.56246168523686
2022-08-26,16320836.121179402,1.862645149230957e-09,0.75,-14.03686116938257
2022-08-29,15901480.458231907,1.862645149230957e-09,0.5,-16.245640719995205
2022-08-30,15649700.498526454,1.862645149230957e-09,0.5,-17.571785745300627
2022-08-31,15780932.709217554,1.862645149230957e-09,0.5,-16.880575278941713
2022-09-01,15596990.489845505,1.862645149230957e-09,0.5,-17.849413543310526
2022-09-02,15197973.387180457,1.862645149230957e-09,0.5,-19.951068283147936
2022-09-06,14903074.251268178,1.862645149230957e-09,0.3,-21.50432543083532
2022-09-07,15277050.12735707,1.862645149230957e-09,0.5,-19.534564818276213
2022-09-08,15831695.880302522,1.862645149230957e-09,0.5,-16.613201629022104
2022-09-09,16317840.533449586,1.862645149230957e-09,0.75,-14.052639167641082
2022-09-12,16414038.138458863,1.862645149230957e-09,0.75,-13.545958749236894
2022-09-13,15035325.407756079,1.862645149230957e-09,0.3,-20.80774809611617
2022-09-14,15170802.853695055,1.862645149230957e-09,0.3,-20.094177638867556
2022-09-15,15134469.73944154,1.862645149230957e-09,0.3,-20.28554703449984
2022-09-16,14844272.112138823,1.862645149230957e-09,0.3,-21.814040963298417
2022-09-19,15016008.821645927,1.862645149230957e-09,0.3,-20.909490087837156
2022-09-20,14754494.888352297,1.862645149230957e-09,0.3,-22.286904724375802
2022-09-21,14527232.251594398,1.862645149230957e-09,0.3,-23.483915064384025
2022-09-22,13979615.727191454,1.862645149230957e-09,0.2,-26.36825474916904
2022-09-23,13761601.640115637,1.862645149230957e-09,0.2,-27.51655224417351
2022-09-26,13522463.295214608,1.862645149230957e-09,0.2,-28.776112881252295
2022-09-27,13658619.949796371,1.862645149230957e-09,0.2,-28.058964978190165
2022-09-28,14129146.656746928,1.862645149230957e-09,0.2,-25.580663478635557
2022-09-29,13482590.833348317,1.862645149230957e-09,0.2,-28.986124301591392
2022-09-30,13275133.41402801,1.862645149230957e-09,0.2,-30.07881898990645
2022-10-03,13601132.368662896,1.862645149230957e-09,0.2,-28.36175662938507
2022-10-04,14324997.172846122,1.862645149230957e-09,0.3,-24.54910327053842
2022-10-05,14362537.949383363,1.862645149230957e-09,0.3,-24.35137302183552
2022-10-06,14436018.555941409,1.862645149230957e-09,0.3,-23.964344836759256
2022-10-07,13453731.202270163,1.862645149230957e-09,0.2,-29.138130268353862
2022-10-10,23550707.658995327,20940942.677777328,0.2,-30.85656554187614
2022-10-11,23527283.00636692,20940942.677777328,1.0,0.0
2022-10-12,23605861.794592798,20940942.677777328,1.0,0.0
2022-10-13,23640173.75978563,20940942.677777328,1.0,0.0
2022-10-14,23558728.34642502,20940942.677777328,1.0,-0.3445212128650156
2022-10-17,23661152.658229534,20940942.677777328,1.0,0.0
2022-10-18,23746051.327235244,20940942.677777328,1.0,0.0
2022-10-19,23707432.730802868,20940942.677777328,1.0,-0.16263165568114274
2022-10-20,23742997.69461954,20940942.677777328,1.0,-0.012859538512837975
2022-10-21,23796612.297883175,20940942.677777328,1.0,0.0
2022-10-24,23814685.64214853,20940942.677777328,1.0,0.0
2022-10-25,23955498.032475494,20940942.677777328,1.0,0.0
2022-10-26,23888491.518876348,20940942.677777328,1.0,-0.2797124631193564
2022-10-27,23745856.1248995,20940942.677777328,1.0,-0.875130658071862
2022-10-28,23859031.442125533,20940942.677777328,1.0,-0.4026908153576487
2022-10-31,23812939.577974714,20940942.677777328,1.0,-0.5950970182607718
2022-11-01,23816511.08751664,20940942.677777328,1.0,-0.5801880836308873
2022-11-02,23730993.946909763,20940942.677777328,1.0,-0.9371714387293468
2022-11-03,23779331.12646522,20940942.677777328,1.0,-0.7353923753597255
2022-11-04,23856937.818073742,20940942.677777328,1.0,-0.41143045437059034
2022-11-07,23877268.78527095,20940942.677777328,1.0,-0.3265607214614781
2022-11-08,23940859.664020702,20940942.677777328,1.0,-0.06110650855576855
2022-11-09,23797011.673020996,20940942.677777328,1.0,-0.6615865770757268
2022-11-10,24072921.113662027,1.862645149230957e-09,1.0,0.0
2022-11-11,25316942.747969627,1.862645149230957e-09,1.0,0.0
2022-11-14,25035319.336600017,1.862645149230957e-09,1.0,-1.1123910741244467
2022-11-15,25796386.605184056,1.862645149230957e-09,1.0,0.0
2022-11-16,24772464.204008598,1.862645149230957e-09,1.0,-3.9692473866463533
2022-11-17,24396048.731799956,1.862645149230957e-09,1.0,-5.428426449085263
2022-11-18,24174205.3286626,1.862645149230957e-09,1.0,-6.288405044276477
2022-11-21,23192463.83408109,1.862645149230957e-09,0.75,-10.094137643989562
2022-11-22,23601359.515942506,1.862645149230957e-09,1.0,-8.509048661879007
2022-11-23,24356178.8789741,1.862645149230957e-09,1.0,-5.58298240855381
2022-11-25,24105420.94994064,1.862645149230957e-09,1.0,-6.555048507854188
2022-11-28,23578685.754788507,1.862645149230957e-09,1.0,-8.596943767116123
2022-11-29,23558331.71944674,1.862645149230957e-09,1.0,-8.675846427606082
2022-11-30,25319114.296809446,1.862645149230957e-09,1.0,-1.8501517893932358
2022-12-01,25658432.754684906,1.862645149230957e-09,1.0,-0.5347797449718253
2022-12-02,25633295.414832957,1.862645149230957e-09,1.0,-0.632224942381364
2022-12-05,24565839.425721057,1.862645149230957e-09,1.0,-4.770230801300317
2022-12-06,23366366.140130267,1.862645149230957e-09,1.0,-9.42000328280648
2022-12-07,23931043.196858708,1.862645149230957e-09,1.0,-7.231025945123987
2022-12-08,24352339.688372992,1.862645149230957e-09,1.0,-5.59786507665716
2022-12-09,24385839.228055093,1.862645149230957e-09,1.0,-5.46800371198305
2022-12-12,24409326.543333,1.862645149230957e-09,1.0,-5.376954854492334
2022-12-13,24689525.71096028,1.862645149230957e-09,1.0,-4.290759443035097
2022-12-14,24387359.04609696,1.862645149230957e-09,1.0,-5.462112119237424
2022-12-15,23532303.618402883,1.862645149230957e-09,1.0,-8.776744671388128
2022-12-16,23324824.629128184,1.862645149230957e-09,1.0,-9.581039445110445
2022-12-19,22692143.08101438,1.862645149230957e-09,0.75,-12.033637003819154
2022-12-20,22559711.158871435,1.862645149230957e-09,0.75,-12.547010927732712
2022-12-21,22905108.34826576,1.862645149230957e-09,0.75,-11.208074608159514
2022-12-22,21966473.76451841,1.862645149230957e-09,0.75,-14.846702754470211
2022-12-23,21965472.92855213,1.862645149230957e-09,0.75,-14.850582507016952
2022-12-27,21059651.270994768,1.862645149230957e-09,0.5,-18.362010954035675
2022-12-28,21016412.798789963,1.862645149230957e-09,0.5,-18.529625406658724
2022-12-29,22041941.5148456,1.862645149230957e-09,0.75,-14.554151121242548
2022-12-30,22045936.333688103,1.862645149230957e-09,0.75,-14.538665158407344
2023-01-03,21615508.963411383,1.862645149230957e-09,0.5,-16.207221987177387
2023-01-04,22000271.8846135,1.862645149230957e-09,0.75,-14.71568393926802
2023-01-05,21379921.261268266,1.862645149230957e-09,0.5,-17.12048052120701
2023-01-06,21750107.93125385,1.862645149230957e-09,0.5,-15.685447484792553
2023-01-09,22477653.45648497,1.862645149230957e-09,0.75,-12.865108588627495
2023-01-10,28499517.72116,11420363.743201764,0.75,-11.191221450520812
2023-01-11,28826672.41589919,11420363.743201764,1.0,0.0
2023-01-12,29068291.031033196,11420363.743201764,1.0,0.0
2023-01-13,29140872.25248629,11420363.743201764,1.0,0.0
2023-01-17,29688793.434821505,11420363.743201764,1.0,0.0
2023-01-18,29352695.095713936,11420363.743201764,1.0,-1.1320713987432207
2023-01-19,28749269.72877943,11420363.743201764,1.0,-3.164573555690955
2023-01-20,29588408.5063301,11420363.743201764,1.0,-0.33812397500016383
2023-01-23,30845327.010262825,11420363.743201764,1.0,0.0
2023-01-24,30769302.764006317,11420363.743201764,1.0,-0.24646925037044745
2023-01-25,30761864.454660628,11420363.743201764,1.0,-0.27058411659706844
2023-01-26,31493205.0841168,11420363.743201764,1.0,0.0
2023-01-27,32447758.701938685,11420363.743201764,1.0,0.0
2023-01-30,31421737.67488989,11420363.743201764,1.0,-3.1620705654085555
2023-01-31,32228614.741697818,11420363.743201764,1.0,-0.6753747223464578
2023-02-01,33471902.622643735,11420363.743201764,1.0,0.0
2023-02-02,34344814.7126321,11420363.743201764,1.0,0.0
2023-02-03,33852778.26300551,11420363.743201764,1.0,-1.4326367859123004
2023-02-06,33783539.137803376,11420363.743201764,1.0,-1.634236724014945
2023-02-07,34356692.28356826,11420363.743201764,1.0,0.0
2023-02-08,34329290.06619234,11420363.743201764,1.0,-0.07975801963052276
2023-02-09,34390725.376273304,11420363.743201764,1.0,0.0
2023-02-10,33434640.842171356,-1.862645149230957e-09,1.0,-2.294032778791761
2023-02-13,34115947.0571,-1.862645149230957e-09,1.0,-0.7989896001521388
2023-02-14,34539780.82774309,-1.862645149230957e-09,1.0,0.0
2023-02-15,34767130.92547068,-1.862645149230957e-09,1.0,0.0
2023-02-16,33602001.18263103,-1.862645149230957e-09,1.0,-3.3512392648599767
2023-02-17,33264959.251715478,-1.862645149230957e-09,1.0,-4.320666197551261
2023-02-21,32267846.131492928,-1.862645149230957e-09,1.0,-7.1886426272429516
2023-02-22,32369956.726249717,-1.862645149230957e-09,1.0,-6.894943975560473
2023-02-23,33346039.378308702,-1.862645149230957e-09,1.0,-4.087457058818951
2023-02-24,32699305.192252196,-1.862645149230957e-09,1.0,-5.947645601390645
2023-02-27,32509128.24203537,-1.862645149230957e-09,1.0,-6.494647741499655
2023-02-28,32661328.349924225,-1.862645149230957e-09,1.0,-6.056877629795235
2023-03-01,31999487.78523226,-1.862645149230957e-09,1.0,-7.960516345658024
2023-03-02,32471133.7756708,-1.862645149230957e-09,1.0,-6.6039304615665415
2023-03-03,33445407.68441735,-1.862645149230957e-09,1.0,-3.801645996866042
2023-03-06,33285170.03858222,-1.862645149230957e-09,1.0,-4.2625343174428085
2023-03-07,32678982.039165907,-1.862645149230957e-09,1.0,-6.0061006781982655
2023-03-08,32867259.00673194,-1.862645149230957e-09,1.0,-5.464563420005647
2023-03-09,31999957.124509297,-1.862645149230957e-09,1.0,-7.959166394527335
2023-03-10,38218971.99741041,15315156.079908002,0.75,-11.6335493300533
2023-03-13,38423425.207515046,15315156.079908002,1.0,0.0
2023-03-14,39507512.04674,15315156.079908002,1.0,0.0
2023-03-15,39630840.38783009,15315156.079908002,1.0,0.0
2023-03-16,40291603.9699567,15315156.079908002,1.0,0.0
2023-03-17,39900833.419037044,15315156.079908002,1.0,-0.969856030579066
2023-03-20,39927257.79210598,15315156.079908002,1.0,-0.9042732032271456
2023-03-21,40794413.882307775,15315156.079908002,1.0,0.0
2023-03-22,40404896.599630594,15315156.079908002,1.0,-0.9548299524560929
2023-03-23,40769241.99028903,15315156.079908002,1.0,-0.06170426198882028
2023-03-24,40551388.5981924,15315156.079908002,1.0,-0.5957317705715887
2023-03-27,40647117.612786844,15315156.079908002,1.0,-0.3610697041655799
2023-03-28,40605947.85876439,15315156.079908002,1.0,-0.4619897814615347
2023-03-29,41062422.56113067,15315156.079908002,1.0,0.0
2023-03-30,41083245.653601676,15315156.079908002,1.0,0.0
2023-03-31,41909360.45123311,15315156.079908002,1.0,0.0
2023-04-03,41503606.79753105,15315156.079908002,1.0,-0.9681695194900528
2023-04-04,41083553.956558384,15315156.079908002,1.0,-1.970458355325318
2023-04-05,40552410.51006719,15315156.079908002,1.0,-3.237820683865859
2023-04-06,40762237.49056323,15315156.079908002,1.0,-2.737152150066109
2023-04-10,40682642.69099476,-1.862645149230957e-09,1.0,-2.4519648374781946
2023-04-11,40939732.769753635,-1.862645149230957e-09,1.0,-2.313630346632853
2023-04-12,39895880.99129613,-1.862645149230957e-09,1.0,-4.804366943943046
2023-04-13,40059214.17764313,-1.862645149230957e-09,1.0,-4.414637335596817
2023-04-14,39712193.20710772,-1.862645149230957e-09,1.0,-5.242664694638022
2023-04-17,39987182.4581915,-1.862645149230957e-09,1.0,-4.586512350333552
2023-04-18,39761676.49484375,-1.862645149230957e-09,1.0,-5.124592533184715
2023-04-19,40028355.92984211,-1.862645149230957e-09,1.0,-4.4882682559181335
2023-04-20,38670162.21587479,-1.862645149230957e-09,1.0,-7.729056708292031
2023-04-21,38443560.00240626,-1.862645149230957e-09,1.0,-8.269752655518928
2023-04-24,38518352.37943676,-1.862645149230957e-09,1.0,-8.091290430791041
2023-04-25,37419662.26500385,-1.862645149230957e-09,0.75,-10.712876879745266
2023-04-26,36886905.90454675,-1.862645149230957e-09,0.75,-11.984087785187334
2023-04-27,37736449.238416635,-1.862645149230957e-09,1.0,-9.956990915364102
2023-04-28,39011334.60941563,-1.862645149230957e-09,1.0,-6.9149846492878515
2023-05-01,39215336.579842016,-1.862645149230957e-09,1.0,-6.428215182443396
2023-05-02,38061374.52538125,-1.862645149230957e-09,1.0,-9.181686106447465
2023-05-03,36752498.19089592,-1.862645149230957e-09,0.75,-12.30479827135004
2023-05-04,36146332.708282486,-1.862645149230957e-09,0.75,-13.751170814588413
2023-05-05,38456517.00938465,-1.862645149230957e-09,1.0,-8.238835917971805
2023-05-08,39232856.65234258,-1.862645149230957e-09,1.0,-6.386410506084875
2023-05-09,39093816.00346744,-1.862645149230957e-09,1.0,-6.718175647280315
2023-05-10,38926622.28391498,0.0,1.0,-6.557301675155166
2023-05-11,38572499.60029554,0.0,1.0,-7.962089650164026
2023-05-12,37924018.2959756,0.0,1.0,-9.509432051331258
2023-05-15,39088698.42112367,0.0,1.0,-6.730386719672429
2023-05-16,39273141.084912,0.0,1.0,-6.290287749412657
2023-05-17,41313285.34511961,0.0,1.0,-1.4222958778077999
2023-05-18,42417515.68234304,0.0,1.0,0.0
2023-05-19,42157437.5087241,0.0,1.0,-0.6131386278409607
2023-05-22,43482589.17947895,0.0,1.0,0.0
2023-05-23,43719774.25549446,0.0,1.0,0.0
2023-05-24,43437165.5661586,0.0,1.0,-0.6464093059683252
2023-05-25,44548510.45707525,0.0,1.0,0.0
2023-05-26,46057361.561398655,0.0,1.0,0.0
2023-05-30,46170060.27764274,0.0,1.0,0.0
2023-05-31,45097552.75476453,0.0,1.0,-2.322950233178627
2023-06-01,46156478.78906395,0.0,1.0,-0.0294162244907564
2023-06-02,47155800.483732015,0.0,1.0,0.0
2023-06-05,47126613.12716399,0.0,1.0,-0.06189558075277023
2023-06-06,48729397.96743687,0.0,1.0,0.0
2023-06-07,48453012.42252556,0.0,1.0,-0.5671844029265518
2023-06-08,49410050.97764517,0.0,1.0,0.0
2023-06-09,49792334.103005394,0.0,1.0,0.0
2023-06-12,50392569.420158654,0.0,1.0,0.0
2023-06-13,50766426.32153455,0.0,1.0,0.0
2023-06-14,50213850.63367899,0.0,1.0,-1.0884667838460154
2023-06-15,50674869.54969892,0.0,1.0,-0.18034905836339174
2023-06-16,50340427.90917636,0.0,1.0,-0.8391341349499143
2023-06-20,50902069.60909613,0.0,1.0,0.0
2023-06-21,49340520.98375875,0.0,1.0,-3.067750756166382
2023-06-22,49163085.32423011,0.0,1.0,-3.4163331633086798
2023-06-23,48684224.934278406,0.0,1.0,-4.357081532931227
2023-06-26,47455330.73266883,0.0,1.0,-6.7713138245588596
2023-06-27,48733684.186030984,0.0,1.0,-4.259916030364433
2023-06-28,48917839.74897636,0.0,1.0,-3.8981319921915234
2023-06-29,49109415.73613915,0.0,1.0,-3.521770110181608
2023-06-30,49616965.16795032,0.0,1.0,-2.5246604922251894
2023-07-03,51319085.305146836,0.0,1.0,0.0
2023-07-05,51485188.24363416,0.0,1.0,0.0
2023-07-06,50869093.034800686,0.0,1.0,-1.196645539913409
2023-07-07,51207778.25105771,0.0,1.0,-0.5388151467247481
2023-07-10,51073606.047658026,-1.862645149230957e-09,1.0,-0.2015259905954247
2023-07-11,51499089.36877725,-1.862645149230957e-09,1.0,0.0
2023-07-12,52425619.73878977,-1.862645149230957e-09,1.0,0.0
2023-07-13,53502381.56260589,-1.862645149230957e-09,1.0,0.0
2023-07-14,52545505.56361547,-1.862645149230957e-09,1.0,-1.788473654898384
2023-07-17,52607490.0691209,-1.862645149230957e-09,1.0,-1.6726199233539356
2023-07-18,52771679.05881747,-1.862645149230957e-09,1.0,-1.3657382764043624
2023-07-19,54075038.59216228,-1.862645149230957e-09,1.0,0.0
2023-07-20,51601557.748634115,-1.862645149230957e-09,1.0,-4.574163806305035
2023-07-21,50877583.568157434,-1.862645149230957e-09,1.0,-5.91299628673458
2023-07-24,51221110.7548554,-1.862645149230957e-09,1.0,-5.277717615388872
2023-07-25,51113507.03004319,-1.862645149230957e-09,1.0,-5.4767072557361764
2023-07-26,51494640.37519905,-1.862645149230957e-09,1.0,-4.771884189348019
2023-07-27,51349753.6855318,-1.862645149230957e-09,1.0,-5.039820548598713
2023-07-28,52867123.78099599,-1.862645149230957e-09,1.0,-2.233775217945699
2023-07-31,52873584.69977518,-1.862645149230957e-09,1.0,-2.221827156608336
2023-08-01,53514224.2401019,-1.862645149230957e-09,1.0,-1.0371039330920846
2023-08-02,50887035.36042692,-1.862645149230957e-09,1.0,-5.895517256639439
2023-08-03,50998492.025347196,-1.862645149230957e-09,1.0,-5.689402443183841
2023-08-04,50516130.43937155,-1.862645149230957e-09,1.0,-6.581425081602375
2023-08-07,51183874.55102391,-1.862645149230957e-09,1.0,-5.346577859969245
2023-08-08,50540965.45346232,-1.862645149230957e-09,1.0,-6.535498135016028
2023-08-09,49494633.957596056,-1.862645149230957e-09,1.0,-8.470460223083624
2023-08-10,49902267.000999704,3.725290298461914e-09,1.0,-7.160429874904415
2023-08-11,48953690.791102864,3.725290298461914e-09,1.0,-9.470816728740557
2023-08-14,50030998.64896273,3.725290298461914e-09,1.0,-7.478570609445116
2023-08-15,49047819.61221441,3.725290298461914e-09,1.0,-9.29674598637554
2023-08-16,48292045.05882922,3.725290298461914e-09,0.75,-10.694386326653975
2023-08-17,47028284.25431094,3.725290298461914e-09,0.75,-13.031436539506613
2023-08-18,46987811.04554477,3.725290298461914e-09,0.75,-13.106282919314904
2023-08-21,48808736.67921746,3.725290298461914e-09,1.0,-9.73887777069128
2023-08-22,47879452.47764791,3.725290298461914e-09,0.75,-11.457386394565368
2023-08-23,49195251.5600174,3.725290298461914e-09,1.0,-9.024102726858091
2023-08-24,47435833.426898375,3.725290298461914e-09,0.75,-12.277763156744566
2023-08-25,47962089.630638875,3.725290298461914e-09,0.75,-11.304566988158241
2023-08-28,48486918.0628852,3.725290298461914e-09,0.75,-10.334011171814549
2023-08-29,50493664.57288522,3.725290298461914e-09,1.0,-6.622970805972107
2023-08-30,51055537.06721773,3.725290298461914e-09,1.0,-5.583910069335027
2023-08-31,50547300.718111545,3.725290298461914e-09,1.0,-6.523782443609854
2023-09-01,50146156.58973548,3.725290298461914e-09,1.0,-7.265611092871714
2023-09-05,50539935.58947129,3.725290298461914e-09,1.0,-6.5374026440424515
2023-09-06,49720627.4484811,3.725290298461914e-09,1.0,-8.052534509540449
2023-09-07,48909469.63783932,3.725290298461914e-09,1.0,-9.552594115155507
2023-09-08,48492114.75565608,3.725290298461914e-09,0.75,-10.32440102098309
2023-09-11,49615414.43149446,3.725290298461914e-09,1.0,-8.247103056740503
2023-09-12,49341120.64413936,3.725290298461914e-09,1.0,-8.754349643143973
2023-09-13,49870522.01881775,3.725290298461914e-09,1.0,-7.775337166294576
2023-09-14,50317518.2328789,3.725290298461914e-09,1.0,-6.948715076512217
2023-09-15,49348064.55537663,3.725290298461914e-09,1.0,-8.741508392507722
2023-09-18,49010725.879041076,3.725290298461914e-09,1.0,-9.365342762520442
2023-09-19,49150905.13564509,3.725290298461914e-09,1.0,-9.106111774889978
2023-09-20,48280139.09314566,3.725290298461914e-09,0.75,-10.716403815672065
2023-09-21,46454737.808183335,3.725290298461914e-09,0.75,-14.092085706034881
2023-09-22,46057954.58249913,3.725290298461914e-09,0.75,-14.825849816083455
2023-09-25,46019313.71165791,3.725290298461914e-09,0.75,-14.897307686197342
2023-09-26,45164934.958517,3.725290298461914e-09,0.5,-16.477295006381603
2023-09-27,46157778.84276279,3.725290298461914e-09,0.75,-14.641246600140253
2023-09-28,47708154.10391831,3.725290298461914e-09,0.75,-11.77416540793149
2023-09-29,48081480.544888936,3.725290298461914e-09,0.75,-11.083779509575905
2023-10-02,48369842.44665486,3.725290298461914e-09,0.75,-10.550517011252467
2023-10-03,46651888.80487776,3.725290298461914e-09,0.75,-13.727497900224236
2023-10-04,48433629.516099125,3.725290298461914e-09,0.75,-10.432556726609217
2023-10-05,48514608.73697752,3.725290298461914e-09,0.75,-10.282803304352521
2023-10-06,49440769.47523725,3.725290298461914e-09,1.0,-8.570070845213838
2023-10-09,49802062.06894989,3.725290298461914e-09,1.0,-7.901938924980666
2023-10-10,50454272.86662841,-3.725290298461914e-09,1.0,-6.1334627579500935
2023-10-11,49353284.59190379,-3.725290298461914e-09,1.0,-8.731855072486011
2023-10-12,48663339.78967382,-3.725290298461914e-09,0.75,-10.007757633432075
2023-10-13,47987639.07740541,-3.725290298461914e-09,0.75,-11.257318854025174
2023-10-16,48939539.384075716,-3.725290298461914e-09,1.0,-9.496986672203526
2023-10-17,49160392.82941667,-3.725290298461914e-09,1.0,-9.088566352790265
2023-10-18,48495634.14522615,-3.725290298461914e-09,0.75,-10.317892676908452
2023-10-19,47726790.21092487,-3.725290298461914e-09,0.75,-11.739701989149454
2023-10-20,46974141.10303649,-3.725290298461914e-09,0.75,-13.131562499069585
2023-10-23,47032154.973189786,-3.725290298461914e-09,0.75,-13.02427848843607
2023-10-24,47310120.958819054,-3.725290298461914e-09,0.75,-12.51024097155937
2023-10-25,45621180.16760256,-3.725290298461914e-09,0.5,-15.633568915815873
2023-10-26,44377567.30611523,-3.725290298461914e-09,0.5,-17.93335989861432
2023-10-27,46126990.11768555,-3.725290298461914e-09,0.75,-14.698183637780584
2023-10-30,45580678.78980365,-3.725290298461914e-09,0.5,-15.708467388111714
2023-10-31,46463094.09924679,-3.725290298461914e-09,0.75,-14.076632566691828
2023-11-01,48801589.11398012,-3.725290298461914e-09,1.0,-9.752095635020963
2023-11-02,49550063.146715164,-3.725290298461914e-09,1.0,-8.36795601677661
2023-11-03,51623608.52076389,-3.725290298461914e-09,1.0,-4.533385708491582
2023-11-06,51220192.823760346,-3.725290298461914e-09,1.0,-5.279415128916286
2023-11-07,51987648.15336443,-3.725290298461914e-09,1.0,-3.860173738462026
2023-11-08,51369179.6591834,-3.725290298461914e-09,1.0,-5.00389644358215
2023-11-09,50541900.66996433,-3.725290298461914e-09,1.0,-6.533768655895238
2023-11-10,51521361.77286284,-1.862645149230957e-09,1.0,-4.148220778100219
2023-11-13,51728570.80125202,-1.862645149230957e-09,1.0,-4.33928084380574
2023-11-14,54148996.681992285,-1.862645149230957e-09,1.0,0.0
2023-11-15,54844197.151652016,-1.862645149230957e-09,1.0,0.0
2023-11-16,54827194.36209292,-1.862645149230957e-09,1.0,-0.03100198460756197
2023-11-17,55096916.16027013,-1.862645149230957e-09,1.0,0.0
2023-11-20,55853533.48811019,-1.862645149230957e-09,1.0,0.0
2023-11-21,55182152.041437484,-1.862645149230957e-09,1.0,-1.202039342444875
2023-11-22,54735374.40740092,-1.862645149230957e-09,1.0,-2.0019486877178485
2023-11-24,54387396.86981877,-1.862645149230957e-09,1.0,-2.6249666345702662
2023-11-27,54419269.92614716,-1.862645149230957e-09,1.0,-2.567901209452304
2023-11-28,54716537.91363201,-1.862645149230957e-09,1.0,-2.0356734900580946
2023-11-29,56264856.68935914,-1.862645149230957e-09,1.0,0.0
2023-11-30,54826300.247677624,-1.862645149230957e-09,1.0,-2.5567583858319507
2023-12-01,56243627.026859865,-1.862645149230957e-09,1.0,-0.03773165657648206
2023-12-04,56039245.17229888,-1.862645149230957e-09,1.0,-0.40098123470904135
2023-12-05,56489326.156711854,-1.862645149230957e-09,1.0,0.0
2023-12-06,55558296.424701765,-1.862645149230957e-09,1.0,-1.648151598458158
2023-12-07,57035185.29729293,-1.862645149230957e-09,1.0,0.0
2023-12-08,57929489.4475307,-1.862645149230957e-09,1.0,0.0
2023-12-11,57207832.80505588,-1.862645149230957e-09,1.0,-1.2457500477860401
2023-12-12,58253459.759858996,-1.862645149230957e-09,1.0,0.0
2023-12-13,59853994.42782747,-1.862645149230957e-09,1.0,0.0
2023-12-14,62144095.05153539,-1.862645149230957e-09,1.0,0.0
2023-12-15,62611346.96105009,-1.862645149230957e-09,1.0,0.0
2023-12-18,62857905.29506622,-1.862645149230957e-09,1.0,0.0
2023-12-19,63878785.77994482,-1.862645149230957e-09,1.0,0.0
2023-12-20,61402469.92890282,-1.862645149230957e-09,1.0,-3.876585662684056
2023-12-21,63273852.74563542,-1.862645149230957e-09,1.0,-0.9470014605370362
2023-12-22,63110017.061561,-1.862645149230957e-09,1.0,-1.2034804810350341
2023-12-26,64291826.600264065,-1.862645149230957e-09,1.0,0.0
2023-12-27,65020190.28631839,-1.862645149230957e-09,1.0,0.0
2023-12-28,64993008.87025103,-1.862645149230957e-09,1.0,-0.04180457785138376
2023-12-29,64224958.96058076,-1.862645149230957e-09,1.0,-1.2230529043914011
2024-01-02,62782802.94445488,-1.862645149230957e-09,1.0,-3.441065509053587
2024-01-03,60717891.49413164,-1.862645149230957e-09,1.0,-6.616865889259087
2024-01-04,60552277.09628745,-1.862645149230957e-09,1.0,-6.871578151888433
2024-01-05,60862668.62845117,-1.862645149230957e-09,1.0,-6.394201000580665
2024-01-08,63260918.794943534,-1.862645149230957e-09,1.0,-2.7057310715761553
2024-01-09,62599503.55818384,-1.862645149230957e-09,1.0,-3.722976997567959
2024-01-10,62791750.30333449,-7.450580596923828e-09,1.0,-2.845250511768195
2024-01-11,61662380.31653954,-7.450580596923828e-09,1.0,-5.164257371429755
2024-01-12,60970099.005668804,-7.450580596923828e-09,1.0,-6.228974819690449
2024-01-16,62326386.445084885,-7.450580596923828e-09,1.0,-4.143026695817499
2024-01-17,61492535.88937591,-7.450580596923828e-09,1.0,-5.425475350669304
2024-01-18,61640519.86570278,-7.450580596923828e-09,1.0,-5.197878390901551
2024-01-19,62764419.09237337,-7.450580596923828e-09,1.0,-3.469339575925052
2024-01-22,62654767.21367177,-7.450580596923828e-09,1.0,-3.637982390132058
2024-01-23,62679940.0353486,-7.450580596923828e-09,1.0,-3.5992669979346825
2024-01-24,63645017.01428329,-7.450580596923828e-09,1.0,-2.1149942286841705
2024-01-25,62601581.40131792,-7.450580596923828e-09,1.0,-3.7197813084675033
2024-01-26,62340000.63697107,-7.450580596923828e-09,1.0,-4.12208828910685
2024-01-29,63726226.00662695,-7.450580596923828e-09,1.0,-1.9900961132125754
2024-01-30,62738461.35100977,-7.450580596923828e-09,1.0,-3.509262161893033
2024-01-31,61238995.15655455,-7.450580596923828e-09,1.0,-5.815416892988521
2024-02-01,62369033.665966906,-7.450580596923828e-09,1.0,-4.077435960548619
2024-02-02,64142052.256474964,-7.450580596923828e-09,1.0,-1.350562073067642
2024-02-05,63729301.06363718,-7.450580596923828e-09,1.0,-1.9853667253152278
2024-02-06,63479459.35290115,-7.450580596923828e-09,1.0,-2.369619231553434
2024-02-07,64778135.15657816,-7.450580596923828e-09,1.0,-0.3722768707294359
2024-02-08,64999970.392163366,-7.450580596923828e-09,1.0,-0.031097869855481138
2024-02-09,65073693.91408756,-7.450580596923828e-09,1.0,0.0
2024-02-12,66156999.006905034,-7.450580596923828e-09,1.0,0.0
2024-02-13,64603892.72682214,-7.450580596923828e-09,1.0,-2.3476069099216446
2024-02-14,66160696.13498366,-7.450580596923828e-09,1.0,0.0
2024-02-15,66465883.33962926,-7.450580596923828e-09,1.0,0.0
2024-02-16,65607676.18813495,-7.450580596923828e-09,1.0,-1.2911994972052323
2024-02-20,63562187.37554081,-7.450580596923828e-09,1.0,-4.36870138210767
2024-02-21,62742751.93816541,-7.450580596923828e-09,1.0,-5.601567622955207
2024-02-22,67611998.3727499,-7.450580596923828e-09,1.0,0.0
2024-02-23,66795451.64791246,-7.450580596923828e-09,1.0,-1.2076950016116301
2024-02-26,67249015.43428172,-7.450580596923828e-09,1.0,-0.5368617215941787
2024-02-27,67771901.35490257,-7.450580596923828e-09,1.0,0.0
2024-02-28,67784405.74702026,-7.450580596923828e-09,1.0,0.0
2024-02-29,69744578.1923762,-7.450580596923828e-09,1.0,0.0
2024-03-01,71969872.33309166,-7.450580596923828e-09,1.0,0.0
2024-03-04,72458560.34738395,-7.450580596923828e-09,1.0,0.0
2024-03-05,71729379.4626391,-7.450580596923828e-09,1.0,-1.00634194393179
2024-03-06,73018803.33621065,-7.450580596923828e-09,1.0,0.0
2024-03-07,74702829.59713072,-7.450580596923828e-09,1.0,0.0
2024-03-08,73578454.27133445,-7.450580596923828e-09,1.0,-1.5051308388985682
2024-03-11,71913125.8349311,-7.450580596923828e-09,1.0,-3.734401731827788
2024-03-12,73611406.48068713,-7.450580596923828e-09,1.0,-1.4610197797454116
2024-03-13,71746428.67428707,-7.450580596923828e-09,1.0,-3.957548782003839
2024-03-14,69079230.40443175,-7.450580596923828e-09,1.0,-7.527960082672651
2024-03-15,69438043.75252649,-7.450580596923828e-09,1.0,-7.0476391229047115
2024-03-18,70774213.67819911,-7.450580596923828e-09,1.0,-5.258992115986057
2024-03-19,70290028.19353499,-7.450580596923828e-09,1.0,-5.907140904024368
2024-03-20,71094779.1891372,-7.450580596923828e-09,1.0,-4.829871140693837
2024-03-21,70769941.31287616,-7.450580596923828e-09,1.0,-5.264711263903195
2024-03-22,71147422.96523345,-7.450580596923828e-09,1.0,-4.759400214250829
2024-03-25,71376413.12629963,-7.450580596923828e-09,1.0,-4.452865425272789
2024-03-26,70402234.34996034,-7.450580596923828e-09,1.0,-5.756937548903177
2024-03-27,70400818.05668655,-7.450580596923828e-09,1.0,-5.758833452018801
2024-03-28,70286265.53589493,-7.450580596923828e-09,1.0,-5.91217773818493
2024-04-01,69459201.98498428,-7.450580596923828e-09,1.0,-7.019315922067618
2024-04-02,67859566.85150543,-7.450580596923828e-09,1.0,-9.160647304166016
2024-04-03,67965265.70596819,-7.450580596923828e-09,1.0,-9.019154866687023
2024-04-04,65282551.731623545,-7.450580596923828e-09,0.75,-12.610336069343479
2024-04-05,66046444.89152543,-7.450580596923828e-09,0.75,-11.58776013209782
2024-04-08,66572091.01763687,-7.450580596923828e-09,0.75,-10.88411057966958
2024-04-09,67215658.90236595,-7.450580596923828e-09,0.75,-10.022606553383275
2024-04-10,82269499.80868272,32967140.776871465,0.75,-11.47232313799717
2024-04-11,83624187.86984026,32967140.776871465,1.0,0.0
2024-04-12,82099534.46201465,32967140.776871465,1.0,-1.823220585650073
2024-04-15,80929128.72437632,32967140.776871465,1.0,-3.2228225040089606
2024-04-16,81020485.23955652,32967140.776871465,1.0,-3.113575983944221
2024-04-17,79601821.28023815,32967140.776871465,1.0,-4.810051603565781
2024-04-18,79382644.65665513,32967140.776871465,1.0,-5.072148766080726
2024-04-19,77501398.36917755,32967140.776871465,1.0,-7.3217924820899185
2024-04-22,78114374.0548653,32967140.776871465,1.0,-6.588780059127035
2024-04-23,79072484.80519563,32967140.776871465,1.0,-5.443046061899326
2024-04-24,79540766.5883878,32967140.776871465,1.0,-4.883062407503727
2024-04-25,80086347.09658593,32967140.776871465,1.0,-4.230642907720585
2024-04-26,80917165.57563524,32967140.776871465,1.0,-3.237128351450734
2024-04-29,82967631.93292752,32967140.776871465,1.0,-0.7851268318858465
2024-04-30,81658006.8876435,32967140.776871465,1.0,-2.351210854516271
2024-05-01,80025735.80730337,32967140.776871465,1.0,-4.303123479223295
2024-05-02,81162062.21318719,32967140.776871465,1.0,-2.944274520770637
2024-05-03,82155829.22559011,32967140.776871465,1.0,-1.7559018289488582
2024-05-06,83132317.02314284,32967140.776871465,1.0,-0.5881920760330841
2024-05-07,82321008.91218567,32967140.776871465,1.0,-1.5583756217554816
2024-05-08,81752703.39391997,32967140.776871465,1.0,-2.2379702853834895
2024-05-09,81647380.02268954,32967140.776871465,1.0,-2.363918738711817
2024-05-10,81102873.75981747,-3.725290298461914e-09,1.0,-2.5491396346992152
2024-05-13,81708723.29955891,-3.725290298461914e-09,1.0,-2.29056283722928
2024-05-14,83792021.6590007,-3.725290298461914e-09,1.0,0.0
2024-05-15,84784801.342291,-3.725290298461914e-09,1.0,0.0
2024-05-16,84436352.32437795,-3.725290298461914e-09,1.0,-0.4109805205608658
2024-05-17,84904741.04483645,-3.725290298461914e-09,1.0,0.0
2024-05-20,84874668.12349766,-3.725290298461914e-09,1.0,-0.03541960197829332
2024-05-21,85452854.01893099,-3.725290298461914e-09,1.0,0.0
2024-05-22,85173960.55847,-3.725290298461914e-09,1.0,-0.32637114776670345
2024-05-23,84489955.70192783,-3.725290298461914e-09,1.0,-1.1268182064344427
2024-05-24,86693615.088789,-3.725290298461914e-09,1.0,0.0
2024-05-28,88879808.9044246,-3.725290298461914e-09,1.0,0.0
2024-05-29,87988198.55710065,-3.725290298461914e-09,1.0,-1.0031641137783245
2024-05-30,87732563.23166035,-3.725290298461914e-09,1.0,-1.2907832351416428
2024-05-31,87574668.07293668,-3.725290298461914e-09,1.0,-1.4684334356427007
2024-06-03,88160398.40541069,-3.725290298461914e-09,1.0,-0.8094194934504266
2024-06-04,87720927.50160235,-3.725290298461914e-09,1.0,-1.3038747687547627
2024-06-05,90096663.97717051,-3.725290298461914e-09,1.0,0.0
2024-06-06,89842887.28108191,-3.725290298461914e-09,1.0,-0.2816715790419292
2024-06-07,89786241.81558704,-3.725290298461914e-09,1.0,-0.3445434579710141
2024-06-10,88243958.54083161,0.0,1.0,-1.466036003655527
2024-06-11,87417866.14749324,0.0,1.0,-2.9732486325531946
2024-06-12,89431178.10058092,0.0,1.0,-0.7386354246792345
2024-06-13,90415256.55349806,0.0,1.0,0.0
2024-06-14,90751703.29690988,0.0,1.0,0.0
2024-06-17,92067157.54112342,0.0,1.0,0.0
2024-06-18,92482561.6033702,0.0,1.0,0.0
2024-06-20,92230766.41695122,0.0,1.0,-0.2722623401142952
2024-06-21,91691599.96562746,0.0,1.0,-0.8552548978205627
2024-06-24,89710382.40850581,0.0,1.0,-2.9975155821844903
2024-06-25,91472703.09171642,0.0,1.0,-1.0919447884507776
2024-06-26,92854607.46660769,0.0,1.0,0.0
2024-06-27,93152244.18334569,0.0,1.0,0.0
2024-06-28,93673002.65166141,0.0,1.0,0.0
2024-07-01,95929587.6691862,0.0,1.0,0.0
2024-07-02,98890598.44641116,0.0,1.0,0.0
2024-07-03,101797194.25112374,0.0,1.0,0.0
2024-07-05,102753417.92949414,0.0,1.0,0.0
2024-07-08,104503551.44332542,0.0,1.0,0.0
2024-07-09,105361385.29278247,0.0,1.0,0.0
2024-07-10,106057915.58206718,1.4901161193847656e-08,1.0,0.0
2024-07-11,102322464.3302869,1.4901161193847656e-08,1.0,-4.100085421929855
2024-07-12,104248586.50141032,1.4901161193847656e-08,1.0,-2.2948615848512177
2024-07-15,105766286.05915968,1.4901161193847656e-08,1.0,-0.8724245970796348
2024-07-16,106338048.73058245,1.4901161193847656e-08,1.0,-0.3365501758833272
2024-07-17,101676521.66112468,1.4901161193847656e-08,1.0,-4.705483730115956
2024-07-18,100781504.44585831,1.4901161193847656e-08,1.0,-5.544322738262679
2024-07-19,98319554.31292044,1.4901161193847656e-08,1.0,-7.851741827409131
2024-07-22,101871883.99315837,1.4901161193847656e-08,1.0,-4.522383849982808
2024-07-23,103436498.6337781,1.4901161193847656e-08,1.0,-3.055976533025562
2024-07-24,97604060.32633708,1.4901161193847656e-08,1.0,-8.522325874065602
2024-07-25,97209834.18540084,1.4901161193847656e-08,1.0,-8.891807331413942
2024-07-26,95666381.48002142,1.4901161193847656e-08,0.75,-10.338380999962364
2024-07-29,95628377.48631796,1.4901161193847656e-08,0.75,-10.373999568901658
2024-07-30,92476484.0974951,1.4901161193847656e-08,0.75,-13.328055735606275
2024-07-31,97739448.0393524,1.4901161193847656e-08,1.0,-8.395436141707524
2024-08-01,96234558.26454577,1.4901161193847656e-08,1.0,-9.80586738765094
2024-08-02,93865838.0512156,1.4901161193847656e-08,0.75,-12.025908388466366
2024-08-05,90488685.49577941,1.4901161193847656e-08,0.5,-15.191084713168888
2024-08-06,91996104.96202108,1.4901161193847656e-08,0.75,-13.778282558802605
2024-08-07,89243262.54698223,1.4901161193847656e-08,0.5,-16.358335279160833
2024-08-08,93035954.87305285,1.4901161193847656e-08,0.75,-12.803701675761427
2024-08-09,93283692.98754539,1.4901161193847656e-08,0.75,-12.571513522621588
2024-08-12,93332361.42249906,1.4901161193847656e-08,0.75,-12.525899895298851
2024-08-13,97230253.84587336,1.4901161193847656e-08,1.0,-8.872669366863887
2024-08-14,95925561.42131087,1.4901161193847656e-08,0.75,-10.095469197625613
2024-08-15,100438037.98308192,1.4901161193847656e-08,1.0,-5.86623058769021
2024-08-16,100889127.23272483,1.4901161193847656e-08,1.0,-5.443455190410846
2024-08-19,103044510.20646858,1.4901161193847656e-08,1.0,-3.4233607329724296
2024-08-20,103037306.5793002,1.4901161193847656e-08,1.0,-3.4301122047496406
2024-08-21,103838935.0714947,1.4901161193847656e-08,1.0,-2.678800120663672
2024-08-22,100485702.91849339,1.4901161193847656e-08,1.0,-5.821557472512159
2024-08-23,103493235.57377668,1.4901161193847656e-08,1.0,-3.0028008424780603
2024-08-26,100976306.91324925,1.4901161193847656e-08,1.0,-5.361747581334419
2024-08-27,101433042.76521572,1.4901161193847656e-08,1.0,-4.933680006193329
2024-08-28,100963846.05591655,1.4901161193847656e-08,1.0,-5.373426298824244
2024-08-29,99845440.86669236,1.4901161193847656e-08,1.0,-6.421631722845904
2024-08-30,101679359.09187764,1.4901161193847656e-08,1.0,-4.702824398476405
2024-09-03,96481014.94180363,1.4901161193847656e-08,1.0,-9.574880238827664
2024-09-04,95297575.49488306,1.4901161193847656e-08,0.75,-10.684037867221576
2024-09-05,97544025.90691182,1.4901161193847656e-08,1.0,-8.578592068711217
2024-09-06,91221732.81101435,1.4901161193847656e-08,0.75,-14.504049120615175
2024-09-09,92567781.46824509,1.4901161193847656e-08,0.75,-13.242488894410334
2024-09-10,118192964.32768592,47362438.11968982,0.75,-10.953651038348337
2024-09-11,120847296.29826505,47362438.11968982,1.0,0.0
2024-09-12,122719345.59290719,47362438.11968982,1.0,0.0
2024-09-13,123418797.34789316,47362438.11968982,1.0,0.0
2024-09-16,123457231.98369299,47362438.11968982,1.0,0.0
2024-09-17,123606256.91027363,47362438.11968982,1.0,0.0
2024-09-18,123396669.91564742,47362438.11968982,1.0,-0.16956018236063028
2024-09-19,126627619.63047221,47362438.11968982,1.0,0.0
2024-09-20,125407364.83392563,47362438.11968982,1.0,-0.963656112392822
2024-09-23,127632134.87700896,47362438.11968982,1.0,0.0
2024-09-24,128575863.28783819,47362438.11968982,1.0,0.0
2024-09-25,129409018.60621661,47362438.11968982,1.0,0.0
2024-09-26,129880658.66534983,47362438.11968982,1.0,0.0
2024-09-27,130282650.43445176,47362438.11968982,1.0,0.0
2024-09-30,129531281.8418211,47362438.11968982,1.0,-0.5767219120313227
2024-10-01,127334107.55983393,47362438.11968982,1.0,-2.2631892003926577
2024-10-02,126848042.95691755,47362438.11968982,1.0,-2.636273875363194
2024-10-03,127038179.43191761,47362438.11968982,1.0,-2.4903323594621836
2024-10-04,129468360.3066653,47362438.11968982,1.0,-0.6250180857321028
2024-10-07,127904431.07612549,47362438.11968982,1.0,-1.8254305929420809
2024-10-08,129574466.97173099,47362438.11968982,1.0,-0.5435746512365207
2024-10-09,129203197.21172017,47362438.11968982,1.0,-0.8285471773347813
2024-10-10,127509106.51778565,-7.450580596923828e-09,1.0,-1.6483757128417253
2024-10-11,126124080.85218371,-7.450580596923828e-09,1.0,-3.191959611199588
2024-10-14,127344084.46915233,-7.450580596923828e-09,1.0,-2.2555313048208894
2024-10-15,124262013.80528708,-7.450580596923828e-09,1.0,-4.621211350158863
2024-10-16,124913960.35806847,-7.450580596923828e-09,1.0,-4.120802008924747
2024-10-17,124648082.5249539,-7.450580596923828e-09,1.0,-4.324879706321863
2024-10-18,124792509.87974653,-7.450580596923828e-09,1.0,-4.214022770029115
2024-10-21,126664174.7510925,-7.450580596923828e-09,1.0,-2.7774041066042057
2024-10-22,124562557.78416972,-7.450580596923828e-09,1.0,-4.390525239705614
2024-10-23,122457391.01626462,-7.450580596923828e-09,1.0,-6.006371064828937
2024-10-24,128086255.50057599,-7.450580596923828e-09,1.0,-1.6858690904364328
2024-10-25,129747995.09195837,-7.450580596923828e-09,1.0,-0.4103810758458453
2024-10-28,130113706.79892328,-7.450580596923828e-09,1.0,-0.12967469955907487
2024-10-29,130556557.72056942,-7.450580596923828e-09,1.0,0.0
2024-10-30,126573946.53362858,-7.450580596923828e-09,1.0,-3.0504872803592358
2024-10-31,123087264.04676498,-7.450580596923828e-09,1.0,-5.72111719565323
2024-11-01,123538259.75792111,-7.450580596923828e-09,1.0,-5.37567632387305
2024-11-04,123354489.7007589,-7.450580596923828e-09,1.0,-5.516435287168891
