date,value,cash,stocks_value
2015-01-02,99910.0,9910.000000000007,90000.0
2015-01-05,98480.9441186919,9910.000000000007,88570.94411869188
2015-01-06,97629.42619567108,9910.000000000007,87719.42619567107
2015-01-07,98556.80561402653,9910.000000000007,88646.80561402651
2015-01-08,100214.81170848093,9910.000000000007,90304.81170848092
2015-01-09,99551.42518501304,9910.000000000007,89641.42518501304
2015-01-12,97876.61411041586,9910.000000000007,87966.61411041586
2015-01-13,97338.93622974842,9910.000000000007,87428.93622974842
2015-01-14,96787.48877978104,9910.000000000007,86877.48877978102
2015-01-15,95413.15419731507,9910.000000000007,85503.15419731506
2015-01-16,97502.88353937474,9910.000000000007,87592.88353937474
2015-01-20,98288.43053695804,9910.000000000007,88378.43053695804
2015-01-21,99729.36223479256,9910.000000000007,89819.36223479254
2015-01-22,101574.45816176996,9910.000000000007,91664.45816176996
2015-01-23,101875.15141886519,9910.000000000007,91965.15141886518
2015-01-26,102579.09883024369,9910.000000000007,92669.09883024367
2015-01-27,101101.04636852941,9910.000000000007,91191.0463685294
2015-01-28,98692.09774714048,9910.000000000007,88782.09774714048
2015-01-29,100423.7012232152,9910.000000000007,90513.7012232152
2015-01-30,102582.63338280658,9910.000000000007,92672.63338280657
2015-02-02,105091.31793497517,9910.000000000007,95181.31793497516
2015-02-03,107097.57485665192,9910.000000000007,97187.57485665192
2015-02-04,105144.51597520692,9910.000000000007,95234.51597520692
2015-02-05,106889.48151675865,9910.000000000007,96979.48151675865
2015-02-06,106079.4226911806,9910.000000000007,96169.4226911806
2015-02-09,105717.49525425263,10486.041216791557,95231.45403746108
2015-02-10,109284.66269450376,10486.041216791557,98798.62147771221
2015-02-11,109364.0578145505,10486.041216791557,98878.01659775895
2015-02-12,110849.09701812573,10486.041216791557,100363.05580133418
2015-02-13,111627.63638901897,10486.041216791557,101141.5951722274
2015-02-17,112537.58652197791,10486.041216791557,102051.54530518636
2015-02-18,112081.47986656695,10486.041216791557,101595.43864977539
2015-02-19,111678.37069742888,10486.041216791557,101192.32948063732
2015-02-20,112234.5405905921,10486.041216791557,101748.49937380056
2015-02-23,111775.5048316046,10486.041216791557,101289.46361481305
2015-02-24,111860.41382240955,10486.041216791557,101374.372605618
2015-02-25,111389.15786885389,10486.041216791557,100903.11665206232
2015-02-26,111387.8747454175,10486.041216791557,100901.83352862594
2015-02-27,111107.19254737833,10486.041216791557,100621.15133058678
2015-03-02,112193.89575393844,10486.041216791557,101707.85453714688
2015-03-03,110322.594323172,10486.041216791557,99836.55310638045
2015-03-04,109865.74237181744,10486.041216791557,99379.70115502589
2015-03-05,109763.12917312852,10486.041216791557,99277.08795633697
2015-03-06,108436.26042593678,10486.041216791557,97950.21920914523
2015-03-09,108651.99682171317,10777.112286089286,97874.88453562389
2015-03-10,107414.64803007123,10777.112286089286,96637.53574398195
2015-03-11,108315.95034482074,10777.112286089286,97538.83805873145
2015-03-12,108444.74335409337,10777.112286089286,97667.63106800408
2015-03-13,108470.31902181637,10777.112286089286,97693.20673572709
2015-03-16,109547.79986226957,10777.112286089286,98770.6875761803
2015-03-17,108954.77238701636,10777.112286089286,98177.66010092708
2015-03-18,109641.89533495493,10777.112286089286,98864.78304886565
2015-03-19,108825.16748007256,10777.112286089286,98048.05519398327
2015-03-20,110281.56757669579,10777.112286089286,99504.45529060651
2015-03-23,109064.9138173257,10777.112286089286,98287.80153123642
2015-03-24,108634.9148899418,10777.112286089286,97857.80260385251
2015-03-25,105198.69009264087,10777.112286089286,94421.57780655158
2015-03-26,104416.43101897175,10777.112286089286,93639.31873288246
2015-03-27,103973.07821799978,10777.112286089286,93195.96593191048
2015-03-30,104895.89335519366,10777.112286089286,94118.78106910439
2015-03-31,104474.26462059948,10777.112286089286,93697.1523345102
2015-04-01,104644.31685054975,10777.112286089286,93867.20456446045
2015-04-02,105109.31833109021,10777.112286089286,94332.20604500092
2015-04-06,107303.02572343888,10777.112286089286,96525.91343734959
2015-04-07,106621.36865779036,5234.7511462535695,101386.61751153678
2015-04-08,108014.97876089433,5234.7511462535695,102780.22761464075
2015-04-09,108564.92288515429,5234.7511462535695,103330.17173890072
2015-04-10,109385.03241938015,5234.7511462535695,104150.28127312659
2015-04-13,109079.166796215,5234.7511462535695,103844.41564996143
2015-04-14,108343.45859875195,5234.7511462535695,103108.70745249838
2015-04-15,110014.85066798003,5234.7511462535695,104780.09952172646
2015-04-16,109865.61334878168,5234.7511462535695,104630.86220252811
2015-04-17,108922.06814709507,5234.7511462535695,103687.3170008415
2015-04-20,109359.31530557986,5234.7511462535695,104124.56415932628
2015-04-21,111165.76522881974,5234.7511462535695,105931.01408256618
2015-04-22,112380.94862855852,5234.7511462535695,107146.19748230494
2015-04-23,112219.59579478044,5234.7511462535695,106984.84464852687
2015-04-24,112078.89320002691,5234.7511462535695,106844.14205377335
2015-04-27,113303.19980430102,5234.7511462535695,108068.44865804746
2015-04-28,113505.77144571109,5234.7511462535695,108271.02029945751
2015-04-29,112186.52133521897,5234.7511462535695,106951.7701889654
2015-04-30,110801.64101125798,5234.7511462535695,105566.88986500441
2015-05-01,113269.29618143267,5234.7511462535695,108034.54503517911
2015-05-04,113538.21397417816,5234.7511462535695,108303.46282792458
2015-05-05,111505.81424254284,5234.7511462535695,106271.06309628928
2015-05-06,110914.10440721287,5234.7511462535695,105679.3532609593
2015-05-07,112584.21989717137,11167.146623771092,101417.07327340028
2015-05-08,114108.58040569336,11167.146623771092,102941.43378192226
2015-05-11,113730.67759745478,11167.146623771092,102563.53097368368
2015-05-12,112865.81328663579,11167.146623771092,101698.6666628647
2015-05-13,112472.03657214643,11167.146623771092,101304.88994837533
2015-05-14,113992.52520544085,11167.146623771092,102825.37858166975
2015-05-15,113399.66380953073,11167.146623771092,102232.51718575963
2015-05-18,114053.94279828886,11167.146623771092,102886.79617451776
2015-05-19,114197.39207503307,11167.146623771092,103030.24545126197
2015-05-20,114399.31268940453,11167.146623771092,103232.16606563343
2015-05-21,114267.92440829979,11167.146623771092,103100.7777845287
2015-05-22,114139.28523214883,11167.146623771092,102972.13860837775
2015-05-26,113925.34847920653,11167.146623771092,102758.20185543544
2015-05-27,115578.93628941124,11167.146623771092,104411.78966564014
2015-05-28,115486.68443129584,11167.146623771092,104319.53780752476
2015-05-29,115047.05366033828,11167.146623771092,103879.90703656718
2015-06-01,115335.03895419696,11167.146623771092,104167.89233042586
2015-06-02,114742.64456811963,11167.146623771092,103575.49794434855
2015-06-03,115410.94950126173,11167.146623771092,104243.80287749063
2015-06-04,115459.1585254694,11167.146623771092,104292.01190169831
2015-06-05,115443.82913049805,11167.146623771092,104276.68250672697
2015-06-08,114381.24340109035,5615.734937013687,108765.50846407667
2015-06-09,114408.09818987927,5615.734937013687,108792.36325286557
2015-06-10,115778.957888503,5615.734937013687,110163.22295148933
2015-06-11,115626.1455695664,5615.734937013687,110010.41063255271
2015-06-12,115081.47238760022,5615.734937013687,109465.73745058654
2015-06-15,114440.66099011741,5615.734937013687,108824.92605310371
2015-06-16,114419.65574294151,5615.734937013687,108803.92080592783
2015-06-17,114713.07472536233,5615.734937013687,109097.33978834865
2015-06-18,115879.30823329865,5615.734937013687,110263.57329628497
2015-06-19,115786.35243103487,5615.734937013687,110170.6174940212
2015-06-22,116786.85426859741,5615.734937013687,111171.11933158373
2015-06-23,116333.81435114433,5615.734937013687,110718.07941413065
2015-06-24,115266.60862665923,5615.734937013687,109650.87368964555
2015-06-25,115190.78395196208,5615.734937013687,109575.04901494838
2015-06-26,113548.85809933144,5615.734937013687,107933.12316231776
2015-06-29,110482.6878183913,5615.734937013687,104866.95288137763
2015-06-30,111321.32908599029,5615.734937013687,105705.59414897661
2015-07-01,110743.3375152188,5615.734937013687,105127.60257820511
2015-07-02,111041.00668549543,5615.734937013687,105425.27174848174
2015-07-06,111026.22963542017,5615.734937013687,105410.49469840647
2015-07-07,111259.9778517778,5462.491280346032,105797.48657143177
2015-07-08,110073.24559163098,5462.491280346032,104610.75431128495
2015-07-09,109642.26423121124,5462.491280346032,104179.77295086521
2015-07-10,110755.18701297799,5462.491280346032,105292.69573263195
2015-07-13,111373.58198270464,5462.491280346032,105911.0907023586
2015-07-14,113854.77101871234,5462.491280346032,108392.27973836631
2015-07-15,113091.6828568628,5462.491280346032,107629.19157651677
2015-07-16,114798.77817593908,5462.491280346032,109336.28689559305
2015-07-17,115064.60998925634,5462.491280346032,109602.1187089103
2015-07-20,112989.89458300656,5462.491280346032,107527.40330266053
2015-07-21,113021.7016655806,5462.491280346032,107559.21038523456
2015-07-22,110710.469361828,5462.491280346032,105247.97808148197
2015-07-23,111676.92684377111,5462.491280346032,106214.43556342508
2015-07-24,110595.39460299595,5462.491280346032,105132.90332264992
2015-07-27,109925.16716287084,5462.491280346032,104462.67588252481
2015-07-28,112739.19367442199,5462.491280346032,107276.70239407595
2015-07-29,113845.35060569955,5462.491280346032,108382.85932535352
2015-07-30,114061.42927737704,5462.491280346032,108598.93799703101
2015-07-31,112255.3100046573,5462.491280346032,106792.81872431126
2015-08-03,113154.92477971244,5462.491280346032,107692.43349936641
2015-08-04,113566.50748952366,5462.491280346032,108104.01620917763
2015-08-05,114046.37462364124,5462.491280346032,108583.88334329521
2015-08-06,112943.99657238982,5462.491280346032,107481.50529204379
2015-08-07,115351.37972368108,11441.619187885895,103909.76053579518
2015-08-10,116925.2301182784,11441.619187885895,105483.6109303925
2015-08-11,114671.99207484431,11441.619187885895,103230.37288695842
2015-08-12,115208.91589853792,11441.619187885895,103767.29671065202
2015-08-13,115556.97120242653,11441.619187885895,104115.35201454064
2015-08-14,115333.16314512605,11441.619187885895,103891.54395724015
2015-08-17,117696.81594255817,11441.619187885895,106255.19675467227
2015-08-18,117148.06403372342,11441.619187885895,105706.44484583753
2015-08-19,116647.5775700218,11441.619187885895,105205.9583821359
2015-08-20,112935.16520575687,11441.619187885895,101493.54601787098
2015-08-21,108972.78836673454,11441.619187885895,97531.16917884865
2015-08-24,104816.50194204788,30197.735633776643,74618.76630827124
2015-08-25,105059.57603456236,30197.735633776643,74861.84040078572
2015-08-26,108422.09786879671,30197.735633776643,78224.36223502007
2015-08-27,110465.62965208928,30197.735633776643,80267.89401831264
2015-08-28,110540.84309172994,30197.735633776643,80343.1074579533
2015-08-31,109742.70807296006,30197.735633776643,79544.97243918342
2015-09-01,107599.93358959965,30197.735633776643,77402.19795582301
2015-09-02,109974.79936379813,30197.735633776643,79777.06373002149
2015-09-03,109582.4792164169,30197.735633776643,79384.74358264027
2015-09-04,109081.1824775162,30197.735633776643,78883.44684373956
2015-09-08,111046.54825116212,46046.29237454447,65000.25587661765
2015-09-09,109886.21734235954,46046.29237454447,63839.924967815066
2015-09-10,110378.87864301325,46046.29237454447,64332.58626846878
2015-09-11,110451.2940757713,46046.29237454447,64405.00170122683
2015-09-14,110253.02178887307,46046.29237454447,64206.7294143286
2015-09-15,111468.7827121767,46046.29237454447,65422.49033763223
2015-09-16,112069.3083995791,46046.29237454447,66023.01602503462
2015-09-17,111064.83389488058,46046.29237454447,65018.5415203361
2015-09-18,109673.55987478318,46046.29237454447,63627.26750023871
2015-09-21,110262.23750721855,46046.29237454447,64215.94513267408
2015-09-22,109630.97479775616,46046.29237454447,63584.68242321169
2015-09-23,109518.10578711149,46046.29237454447,63471.81341256702
2015-09-24,109380.5345743529,46046.29237454447,63334.24219980843
2015-09-25,110285.67596173726,46046.29237454447,64239.38358719279
2015-09-28,108849.44391151215,46046.29237454447,62803.15153696768
2015-09-29,108977.4446136059,46046.29237454447,62931.15223906143
2015-09-30,110195.86360672455,46046.29237454447,64149.57123218008
2015-10-01,110298.76761643746,46046.29237454447,64252.475241892986
2015-10-02,110909.98632823593,46046.29237454447,64863.69395369146
2015-10-05,112426.20592002268,46046.29237454447,66379.91354547821
2015-10-06,112875.42362021195,46046.29237454447,66829.13124566748
2015-10-07,113111.99091255158,39541.375919647675,73570.61499290391
2015-10-08,113833.38486299409,39541.375919647675,74292.00894334642
2015-10-09,112767.35861559398,39541.375919647675,73225.98269594631
2015-10-12,112218.08750137484,39541.375919647675,72676.71158172717
2015-10-13,111273.79917964607,39541.375919647675,71732.4232599984
2015-10-14,111252.4252783419,39541.375919647675,71711.04935869423
2015-10-15,111679.52716019291,39541.375919647675,72138.15124054524
2015-10-16,112390.15636078187,39541.375919647675,72848.7804411342
2015-10-19,113123.61981603305,39541.375919647675,73582.24389638538
2015-10-20,110900.0011714101,39541.375919647675,71358.62525176242
2015-10-21,111155.9521879863,39541.375919647675,71614.57626833863
2015-10-22,112467.11470669668,52788.17023920819,59678.94446748848
2015-10-23,112767.24084705948,52788.17023920819,59979.07060785129
2015-10-26,113378.20857186733,52788.17023920819,60590.03833265914
2015-10-27,114242.19399030987,52788.17023920819,61454.02375110168
2015-10-28,114233.33268922224,52788.17023920819,61445.16245001404
2015-10-29,114417.31658020595,52788.17023920819,61629.14634099775
2015-10-30,113328.14825001488,52788.17023920819,60539.97801080669
2015-11-02,114854.76437068541,52788.17023920819,62066.59413147722
2015-11-03,114112.44829538945,52788.17023920819,61324.27805618126
2015-11-04,115652.72896067225,52788.17023920819,62864.558721464055
2015-11-05,116073.87530202561,52788.17023920819,63285.70506281742
2015-11-06,116044.04445833023,52788.17023920819,63255.874219122044
2015-11-09,115272.17135710234,22980.601015146884,92291.57034195546
2015-11-10,116367.22896784775,22980.601015146884,93386.62795270087
2015-11-11,115958.79949155645,22980.601015146884,92978.19847640957
2015-11-12,114219.1940631465,22980.601015146884,91238.59304799962
2015-11-13,112347.2906542546,22980.601015146884,89366.68963910772
2015-11-16,113275.2538496782,22980.601015146884,90294.65283453133
2015-11-17,113837.29441903337,22980.601015146884,90856.69340388649
2015-11-18,116349.64661744788,22980.601015146884,93369.045602301
2015-11-19,115371.44166450786,22980.601015146884,92390.84064936098
2015-11-20,115925.81647382729,22980.601015146884,92945.21545868041
2015-11-23,115643.79242950342,22980.601015146884,92663.19141435654
2015-11-24,115081.03145106626,22980.601015146884,92100.43043591938
2015-11-25,116200.7108674192,22980.601015146884,93220.10985227232
2015-11-27,116455.99915424551,22980.601015146884,93475.39813909863
2015-11-30,115397.05852715742,22980.601015146884,92416.45751201054
2015-12-01,116861.07368305282,22980.601015146884,93880.47266790594
2015-12-02,116404.5458342162,22980.601015146884,93423.94481906932
2015-12-03,114712.54096088634,22980.601015146884,91731.93994573946
2015-12-04,116942.97913198709,22980.601015146884,93962.3781168402
2015-12-07,115472.37079121766,5669.305627655507,109803.06516356215
2015-12-08,114419.08016028325,5669.305627655507,108749.77453262775
2015-12-09,114096.52050759265,5669.305627655507,108427.21487993715
2015-12-10,115754.40125079089,5669.305627655507,110085.09562313539
2015-12-11,113638.02652691415,5669.305627655507,107968.72089925865
2015-12-14,113938.18944807778,5669.305627655507,108268.88382042228
2015-12-15,115548.91569436621,5669.305627655507,109879.61006671071
2015-12-16,116660.14146277626,5669.305627655507,110990.83583512074
2015-12-17,114959.34935891753,5669.305627655507,109290.04373126203
2015-12-18,113163.08788102205,5669.305627655507,107493.78225336655
2015-12-21,112700.54907325454,5669.305627655507,107031.24344559904
2015-12-22,112128.08694876052,5669.305627655507,106458.78132110501
2015-12-23,113231.98247801926,5669.305627655507,107562.67685036376
2015-12-24,112893.89449425726,5669.305627655507,107224.58886660176
2015-12-28,112224.75057525534,5669.305627655507,106555.44494759984
2015-12-29,113338.7095548581,5669.305627655507,107669.40392720258
2015-12-30,112414.11434964638,25004.596368007642,87409.51798163874
2015-12-31,111798.7235867398,25004.596368007642,86794.12721873216
2016-01-04,110608.72272569739,25004.596368007642,85604.12635768975
2016-01-05,110486.43334214152,25004.596368007642,85481.83697413388
2016-01-06,109534.47405982134,25004.596368007642,84529.8776918137
2016-01-07,107907.08248655898,20431.490442890823,87475.59204366816
2016-01-08,107060.62256003666,20431.490442890823,86629.13211714584
2016-01-11,107553.57000679537,20431.490442890823,87122.07956390455
2016-01-12,108052.21931481318,20431.490442890823,87620.72887192236
2016-01-13,105453.4548041282,20431.490442890823,85021.96436123738
2016-01-14,107573.92654305788,20431.490442890823,87142.43610016706
2016-01-15,107278.25750419745,20431.490442890823,86846.76706130663
2016-01-19,107134.3288803989,20431.490442890823,86702.83843750808
2016-01-20,106597.80508340022,20431.490442890823,86166.3146405094
2016-01-21,105302.60601440942,20431.490442890823,84871.1155715186
2016-01-22,106290.67958360756,20431.490442890823,85859.18914071674
2016-01-25,104603.61428693877,20431.490442890823,84172.12384404795
2016-01-26,104819.91876553619,35371.674647115586,69448.2441184206
2016-01-27,102482.09865840839,35371.674647115586,67110.4240112928
2016-01-28,102793.22376034493,35371.674647115586,67421.54911322934
2016-01-29,102676.39710743289,35371.674647115586,67304.7224603173
2016-02-01,103995.09425582507,35371.674647115586,68623.41960870948
2016-02-02,102376.47868563345,50200.135774866394,52176.34291076707
2016-02-03,102798.74692891812,50200.135774866394,52598.61115405173
2016-02-04,103377.1150536087,50200.135774866394,53176.97927874229
2016-02-05,102174.14656083306,50200.135774866394,51974.01078596666
2016-02-08,101690.20238142702,52092.04962101065,49598.15276041637
2016-02-09,101947.11375698476,52092.04962101065,49855.06413597412
2016-02-10,102037.40725067172,52092.04962101065,49945.35762966107
2016-02-11,101825.6455277482,52092.04962101065,49733.59590673755
2016-02-12,102895.86763789243,52092.04962101065,50803.81801688177
2016-02-16,104503.83867224706,52092.04962101065,52411.78905123641
2016-02-17,106850.42046011868,52092.04962101065,54758.37083910803
2016-02-18,106739.57715271773,52092.04962101065,54647.52753170708
2016-02-19,106953.7285605107,52092.04962101065,54861.67893950005
2016-02-22,109086.99975733584,52092.04962101065,56994.950136325184
2016-02-23,108274.01875488288,52092.04962101065,56181.96913387223
2016-02-24,108765.22815308045,52092.04962101065,56673.17853206979
2016-02-25,109867.05627630213,52092.04962101065,57775.00665529148
2016-02-26,110242.96814177657,52092.04962101065,58150.91852076592
2016-02-29,110298.39544975106,52092.04962101065,58206.34582874041
2016-03-01,112247.73015808401,52092.04962101065,60155.68053707337
2016-03-02,112649.52998188617,52092.04962101065,60557.48036087552
2016-03-03,113170.04337319538,52092.04962101065,61077.99375218473
2016-03-04,113871.27459338019,52092.04962101065,61779.224972369535
2016-03-07,112946.46441295215,22516.949270476445,90429.5151424757
2016-03-08,111420.96244068866,22516.949270476445,88904.01317021222
2016-03-09,112129.87228425451,22516.949270476445,89612.92301377807
2016-03-10,111891.42945980991,22516.949270476445,89374.48018933347
2016-03-11,113482.18122157386,22516.949270476445,90965.23195109742
2016-03-14,114101.6930237445,22516.949270476445,91584.74375326806
2016-03-15,114038.18699898355,22516.949270476445,91521.23772850711
2016-03-16,114847.26582476887,22516.949270476445,92330.31655429243
2016-03-17,115691.8865717738,22516.949270476445,93174.93730129735
2016-03-18,117909.89542250914,22516.949270476445,95392.9461520327
2016-03-21,118318.99019022286,22516.949270476445,95802.04091974642
2016-03-22,117358.22950229725,22516.949270476445,94841.28023182081
2016-03-23,116165.33250736789,22516.949270476445,93648.38323689144
2016-03-24,116107.56109635622,22516.949270476445,93590.61182587978
2016-03-28,117153.52143673181,22516.949270476445,94636.57216625537
2016-03-29,118061.93888543686,22516.949270476445,95544.98961496042
2016-03-30,117855.04149423224,22516.949270476445,95338.0922237558
2016-03-31,118044.34083578207,22516.949270476445,95527.39156530563
2016-04-01,120317.5453691709,22516.949270476445,97800.59609869446
2016-04-04,120281.56546128207,22516.949270476445,97764.61619080562
2016-04-05,120597.24363993702,22516.949270476445,98080.29436946058
2016-04-06,121610.8915681999,22516.949270476445,99093.94229772346
2016-04-07,119263.04402435361,5855.414953600492,113407.62907075312
2016-04-08,118998.78912466567,5855.414953600492,113143.37417106517
2016-04-11,119338.17533087259,5855.414953600492,113482.76037727209
2016-04-12,120569.83650307127,5855.414953600492,114714.42154947079
2016-04-13,124398.23361223793,5855.414953600492,118542.81865863744
2016-04-14,126079.611730623,5855.414953600492,120224.19677702252
2016-04-15,126415.9523652792,5855.414953600492,120560.5374116787
2016-04-18,126464.17866758071,5855.414953600492,120608.76371398022
2016-04-19,126844.0111203329,5855.414953600492,120988.59616673242
2016-04-20,129051.72524449753,5855.414953600492,123196.31029089705
2016-04-21,128022.20871773394,5855.414953600492,122166.79376413346
2016-04-22,128956.86869977013,5855.414953600492,123101.45374616963
2016-04-25,128236.41747799175,5855.414953600492,122381.00252439125
2016-04-26,129138.64490385441,5855.414953600492,123283.22995025392
2016-04-27,127571.03165209098,5855.414953600492,121715.6166984905
2016-04-28,126632.63600101243,5855.414953600492,120777.22104741193
2016-04-29,125079.44742236135,5855.414953600492,119224.03246876085
2016-05-02,126631.55161536945,5855.414953600492,120776.13666176895
2016-05-03,124183.27797982126,5855.414953600492,118327.86302622077
2016-05-04,121777.70770834139,5855.414953600492,115922.29275474089
2016-05-05,120376.34818786272,24509.470195525762,95866.87799233696
2016-05-06,120666.30253586028,24509.470195525762,96156.83234033451
2016-05-09,120878.0496925639,17438.876712523852,103439.17298004005
2016-05-10,122103.63939597057,17438.876712523852,104664.76268344672
2016-05-11,120546.73138722517,17438.876712523852,103107.85467470132
2016-05-12,118878.76901727202,17438.876712523852,101439.89230474817
2016-05-13,118549.57221773309,17438.876712523852,101110.69550520924
2016-05-16,119887.9618467425,17438.876712523852,102449.08513421865
2016-05-17,119383.58467646892,17438.876712523852,101944.70796394507
2016-05-18,121745.88832999713,17438.876712523852,104307.01161747328
2016-05-19,121288.10745725683,17438.876712523852,103849.23074473298
2016-05-20,122734.66189538251,17438.876712523852,105295.78518285866
2016-05-23,123416.39620952321,17438.876712523852,105977.51949699936
2016-05-24,125648.37999875429,17438.876712523852,108209.50328623044
2016-05-25,127304.13753942767,17438.876712523852,109865.26082690382
2016-05-26,127939.3896926853,17438.876712523852,110500.51298016145
2016-05-27,128181.53228083864,17438.876712523852,110742.65556831479
2016-05-31,128219.02125190456,17438.876712523852,110780.14453938071
2016-06-01,127359.76229190879,17438.876712523852,109920.88557938494
2016-06-02,127123.90449292393,17438.876712523852,109685.02778040008
2016-06-03,125909.76676492851,17438.876712523852,108470.89005240466
2016-06-06,127013.31279312122,17438.876712523852,109574.43608059737
2016-06-07,127822.90513059252,6275.675388274445,121547.22974231809
2016-06-08,127752.03745206445,6275.675388274445,121476.36206379
2016-06-09,127577.81503676734,6275.675388274445,121302.1396484929
2016-06-10,125544.76882045591,6275.675388274445,119269.09343218146
2016-06-13,124939.43729461226,6275.675388274445,118663.76190633781
2016-06-14,123490.65008622999,6275.675388274445,117214.97469795555
2016-06-15,124113.96953932341,6275.675388274445,117838.29415104898
2016-06-16,124404.05511734277,6275.675388274445,118128.37972906831
2016-06-17,124425.26430042909,6275.675388274445,118149.58891215464
2016-06-20,125504.68069095156,6275.675388274445,119229.00530267712
2016-06-21,125389.18766024456,6275.675388274445,119113.5122719701
2016-06-22,125189.53835078445,6275.675388274445,118913.86296251
2016-06-23,127715.22141562685,6275.675388274445,121439.5460273524
2016-06-24,121115.30638269335,6275.675388274445,114839.63099441891
2016-06-27,117842.6592464836,47449.85069975104,70392.80854673256
2016-06-28,119136.87512230595,47449.85069975104,71687.02442255491
2016-06-29,119730.33795906203,47449.85069975104,72280.48725931099
2016-06-30,120186.73181566768,47449.85069975104,72736.88111591664
2016-07-01,120416.10614607134,47449.85069975104,72966.2554463203
2016-07-05,120636.18115928753,47449.85069975104,73186.33045953649
2016-07-06,121404.25120526912,47449.85069975104,73954.40050551808
2016-07-07,122046.0400490328,23108.608289591102,98937.4317594417
2016-07-08,123612.0914911406,23108.608289591102,100503.4832015495
2016-07-11,124083.83288716135,23108.608289591102,100975.22459757025
2016-07-12,125650.38909764521,23108.608289591102,102541.78080805411
2016-07-13,125341.70587048703,23108.608289591102,102233.09758089593
2016-07-14,126617.62858132404,23108.608289591102,103509.02029173294
2016-07-15,126591.27383210772,23108.608289591102,103482.66554251662
2016-07-18,128016.82067667355,23108.608289591102,104908.21238708246
2016-07-19,125459.01867048992,23108.608289591102,102350.41038089881
2016-07-20,126614.18506763273,23108.608289591102,103505.57677804162
2016-07-21,124982.41827269294,23108.608289591102,101873.80998310185
2016-07-22,125670.00472538339,23108.608289591102,102561.3964357923
2016-07-25,126350.14353459352,23108.608289591102,103241.53524500241
2016-07-26,127261.14434750573,23108.608289591102,104152.53605791464
2016-07-27,127528.5698366793,23108.608289591102,104419.96154708818
2016-07-28,127868.96387105575,23108.608289591102,104760.35558146465
2016-07-29,127447.17783950313,23108.608289591102,104338.56954991203
2016-08-01,127283.17669915417,23108.608289591102,104174.56840956306
2016-08-02,126351.46483895933,23108.608289591102,103242.85654936824
2016-08-03,127205.94029386857,23108.608289591102,104097.33200427747
2016-08-04,127898.79125677518,23108.608289591102,104790.18296718408
2016-08-05,130539.05897433337,23108.608289591102,107430.45068474226
2016-08-08,129848.11470063706,6375.106377124532,123473.00832351253
2016-08-09,129840.46165711174,6375.106377124532,123465.35527998721
2016-08-10,128447.29161797257,6375.106377124532,122072.18524084805
2016-08-11,129612.50335069303,6375.106377124532,123237.39697356851
2016-08-12,130172.9355260616,6375.106377124532,123797.82914893707
2016-08-15,129780.76582899236,6375.106377124532,123405.65945186782
2016-08-16,129424.64983516937,6375.106377124532,123049.54345804485
2016-08-17,130242.75670140772,6375.106377124532,123867.65032428318
2016-08-18,130373.90113759766,6375.106377124532,123998.79476047313
2016-08-19,130546.2674083006,6375.106377124532,124171.16103117607
2016-08-22,130190.50816253215,6375.106377124532,123815.40178540762
2016-08-23,130777.1180397195,6375.106377124532,124402.01166259497
2016-08-24,129425.3300049266,6375.106377124532,123050.22362780207
2016-08-25,129316.95496557612,6375.106377124532,122941.8485884516
2016-08-26,129233.04559618374,6375.106377124532,122857.9392190592
2016-08-29,128141.45829062059,6375.106377124532,121766.35191349605
2016-08-30,127727.73824616958,6375.106377124532,121352.63186904506
2016-08-31,127660.95692760861,6375.106377124532,121285.85055048409
2016-09-01,126065.3253729599,6375.106377124532,119690.21899583536
2016-09-02,126332.99405265317,6375.106377124532,119957.88767552865
2016-09-06,127988.02712185244,6375.106377124532,121612.92074472792
2016-09-07,127641.14742305988,6266.751695211562,121374.39572784833
2016-09-08,126702.8143422837,6266.751695211562,120436.06264707213
2016-09-09,124862.5298268609,6266.751695211562,118595.77813164933
2016-09-12,126428.1601509068,6266.751695211562,120161.40845569523
2016-09-13,125149.33538969964,6266.751695211562,118882.58369448807
2016-09-14,125238.48481039843,6266.751695211562,118971.73311518686
2016-09-15,126296.36830522513,6266.751695211562,120029.61661001356
2016-09-16,126704.95555540506,6266.751695211562,120438.20386019349
2016-09-19,126977.24559144277,6266.751695211562,120710.4938962312
2016-09-20,127828.9714858573,6266.751695211562,121562.21979064573
2016-09-21,128913.85798118706,6266.751695211562,122647.10628597549
2016-09-22,129764.25500754087,6266.751695211562,123497.5033123293
2016-09-23,129668.60303004968,6266.751695211562,123401.85133483812
2016-09-26,129051.59850126988,6266.751695211562,122784.84680605831
2016-09-27,128343.3136139584,6266.751695211562,122076.56191874683
2016-09-28,128533.89834276598,6266.751695211562,122267.14664755441
2016-09-29,126655.89254455717,6266.751695211562,120389.1408493456
2016-09-30,127298.45931070641,6266.751695211562,121031.70761549486
2016-10-03,127954.2286256995,6266.751695211562,121687.47693048793
2016-10-04,127042.29733828083,6266.751695211562,120775.54564306927
2016-10-05,126674.89322716388,6266.751695211562,120408.14153195231
2016-10-06,125357.19380790685,6266.751695211562,119090.44211269528
2016-10-07,124095.31872370937,6092.663413640927,118002.65531006844
2016-10-10,125664.17218573774,6092.663413640927,119571.50877209681
2016-10-11,124058.6809177133,6092.663413640927,117966.01750407237
2016-10-12,123908.54917891652,6092.663413640927,117815.8857652756
2016-10-13,123040.94184826294,6092.663413640927,116948.27843462201
2016-10-14,123854.6454519571,6092.663413640927,117761.98203831617
2016-10-17,122844.99527308777,6092.663413640927,116752.33185944684
2016-10-18,123689.39052415312,6092.663413640927,117596.72711051219
2016-10-19,123956.7022950295,6092.663413640927,117864.03888138858
2016-10-20,123495.96814685667,6092.663413640927,117403.30473321574
2016-10-21,123846.21569345202,6092.663413640927,117753.55227981109
2016-10-24,124366.13393306802,6092.663413640927,118273.4705194271
2016-10-25,124936.54729956583,6092.663413640927,118843.88388592491
2016-10-26,125484.3635580996,6092.663413640927,119391.70014445868
2016-10-27,125356.62140292214,6092.663413640927,119263.95798928122
2016-10-28,124937.34664013938,6092.663413640927,118844.68322649846
2016-10-31,124492.07711509033,6092.663413640927,118399.4137014494
2016-11-01,123728.21498639064,6092.663413640927,117635.55157274971
2016-11-02,122411.04188272989,6092.663413640927,116318.37846908896
2016-11-03,121610.11432950266,6092.663413640927,115517.45091586173
2016-11-04,122001.92957176015,6092.663413640927,115909.26615811922
2016-11-07,124445.51358719685,17953.548840284944,106491.96474691191
2016-11-08,124910.16178536777,17953.548840284944,106956.61294508283
2016-11-09,123834.87437153573,17953.548840284944,105881.32553125078
2016-11-10,121709.47020044581,17953.548840284944,103755.92136016086
2016-11-11,122250.64676633647,17953.548840284944,104297.09792605153
2016-11-14,120412.55407007367,17953.548840284944,102459.00522978873
2016-11-15,122187.1338830754,17953.548840284944,104233.58504279045
2016-11-16,122476.31666409,17953.548840284944,104522.76782380506
2016-11-17,123577.206821102,17953.548840284944,105623.65798081705
2016-11-18,123498.69884581146,17953.548840284944,105545.15000552652
2016-11-21,124041.91388276833,17953.548840284944,106088.36504248339
2016-11-22,125749.19691318258,17953.548840284944,107795.64807289763
2016-11-23,125862.93985841576,17953.548840284944,107909.39101813082
2016-11-25,126720.56247393256,17953.548840284944,108767.01363364761
2016-11-28,126429.9488270962,17953.548840284944,108476.39998681126
2016-11-29,125389.77179613528,17953.548840284944,107436.22295585033
2016-11-30,124245.17738862407,17953.548840284944,106291.62854833913
2016-12-01,122493.92050583514,17953.548840284944,104540.37166555019
2016-12-02,122495.73840762766,17953.548840284944,104542.18956734272
2016-12-05,123715.4790221115,17953.548840284944,105761.93018182655
2016-12-06,124377.56533188265,17953.548840284944,106424.01649159771
2016-12-07,126457.17837795608,6208.622791090296,120248.55558686578
2016-12-08,126416.46868380376,6208.622791090296,120207.84589271346
2016-12-09,126833.7575782492,6208.622791090296,120625.13478715891
2016-12-12,126685.83355199192,6208.622791090296,120477.21076090162
2016-12-13,128686.85109615997,6208.622791090296,122478.22830506967
2016-12-14,128345.32348098661,6208.622791090296,122136.70068989632
2016-12-15,128343.4298584436,6208.622791090296,122134.80706735331
2016-12-16,128360.34588102698,6208.622791090296,122151.72308993668
2016-12-19,128473.17231683827,6208.622791090296,122264.54952574798
2016-12-20,129361.0076671961,6208.622791090296,123152.3848761058
2016-12-21,129053.25569398509,6208.622791090296,122844.6329028948
2016-12-22,128634.63201511325,6208.622791090296,122426.00922402296
2016-12-23,129225.87324850788,6208.622791090296,123017.25045741758
2016-12-27,130534.76809701044,6208.622791090296,124326.14530592014
2016-12-28,130170.95653171418,6208.622791090296,123962.33374062389
2016-12-29,129300.3254004161,6208.622791090296,123091.7026093258
2016-12-30,128280.3971351806,6208.622791090296,122071.7743440903
2017-01-03,129764.12759175569,6208.622791090296,123555.5048006654
2017-01-04,131647.94152666454,6208.622791090296,125439.31873557423
2017-01-05,133295.14895828048,6208.622791090296,127086.52616719018
2017-01-06,134838.73144116777,6208.622791090296,128630.10865007748
2017-01-09,135181.85222907458,6636.9749780653,128544.87725100928
2017-01-10,134609.70007008786,6636.9749780653,127972.72509202256
2017-01-11,134707.17506299366,6636.9749780653,128070.20008492835
2017-01-12,133933.03634275342,6636.9749780653,127296.06136468812
2017-01-13,135200.0683787107,6636.9749780653,128563.0934006454
2017-01-17,133902.462677414,6636.9749780653,127265.4876993487
2017-01-18,134532.98599397513,6636.9749780653,127896.01101590984
2017-01-19,135335.64482993426,6636.9749780653,128698.66985186897
2017-01-20,135187.05023833338,6636.9749780653,128550.07526026809
2017-01-23,134613.80962308156,6636.9749780653,127976.83464501626
2017-01-24,136236.13576381165,6636.9749780653,129599.16078574635
2017-01-25,137617.06981026818,6636.9749780653,130980.09483220287
2017-01-26,138146.31588787804,6636.9749780653,131509.34090981274
2017-01-27,138143.70058445528,6636.9749780653,131506.72560638998
2017-01-30,136991.8475426371,6636.9749780653,130354.8725645718
2017-01-31,136554.56362214644,6636.9749780653,129917.58864408114
2017-02-01,137090.7865754438,6636.9749780653,130453.81159737852
2017-02-02,137758.77445133275,6636.9749780653,131121.79947326746
2017-02-03,138260.5574616022,6636.9749780653,131623.5824835369
2017-02-06,139234.36802984044,6636.9749780653,132597.39305177514
2017-02-07,139164.51416388052,6832.5103045276555,132332.00385935287
2017-02-08,138743.75101981807,6832.5103045276555,131911.24071529042
2017-02-09,138251.73951684358,6832.5103045276555,131419.22921231593
2017-02-10,138602.56676303572,6832.5103045276555,131770.05645850807
2017-02-13,138536.57241153307,6832.5103045276555,131704.06210700542
2017-02-14,139916.17317831318,6832.5103045276555,133083.66287378554
2017-02-15,141315.50774452396,6832.5103045276555,134482.9974399963
2017-02-16,140548.2773571688,6832.5103045276555,133715.76705264114
2017-02-17,140248.09781105068,6832.5103045276555,133415.58750652304
2017-02-21,141518.89208181674,6832.5103045276555,134686.3817772891
2017-02-22,141750.1658480548,6832.5103045276555,134917.65554352716
2017-02-23,139713.91591084268,6832.5103045276555,132881.40560631503
2017-02-24,140241.74898243925,6832.5103045276555,133409.2386779116
2017-02-27,140911.2801488271,6832.5103045276555,134078.76984429944
2017-02-28,140015.93953673655,6832.5103045276555,133183.4292322089
2017-03-01,141706.591961343,6832.5103045276555,134874.08165681534
2017-03-02,140459.2932466925,29107.516467583155,111351.77677910935
2017-03-03,140365.5156702343,29107.516467583155,111257.99920265116
2017-03-06,140233.7309533571,29107.516467583155,111126.21448577393
2017-03-07,139687.84130573508,6858.2039097605775,132829.6373959745
2017-03-08,140010.04379434156,6858.2039097605775,133151.839884581
2017-03-09,139389.28132567205,6858.2039097605775,132531.07741591148
2017-03-10,141071.36139284406,6858.2039097605775,134213.1574830835
2017-03-13,142415.78762773678,6858.2039097605775,135557.5837179762
2017-03-14,143083.75355116982,6858.2039097605775,136225.54964140925
2017-03-15,143271.28919531332,6858.2039097605775,136413.08528555275
2017-03-16,143632.16006543435,6858.2039097605775,136773.95615567378
2017-03-17,144173.06405079362,6858.2039097605775,137314.86014103304
2017-03-20,146719.51629231125,6858.2039097605775,139861.31238255068
2017-03-21,142697.5770738349,6858.2039097605775,135839.37316407432
2017-03-22,144470.92901396577,6858.2039097605775,137612.7251042052
2017-03-23,143499.80995141,6858.2039097605775,136641.60604164941
2017-03-24,144411.10400509986,6858.2039097605775,137552.90009533928
2017-03-27,145122.43697120438,6858.2039097605775,138264.2330614438
2017-03-28,145729.0700348342,6858.2039097605775,138870.86612507363
2017-03-29,145783.57059435546,6858.2039097605775,138925.3666845949
2017-03-30,147361.40859543745,6858.2039097605775,140503.20468567687
2017-03-31,148382.41869562207,6858.2039097605775,141524.2147858615
2017-04-03,150331.6086968184,6858.2039097605775,143473.40478705784
2017-04-04,147941.28137278624,6858.2039097605775,141083.07746302566
2017-04-05,146587.8260061842,6858.2039097605775,139729.6220964236
2017-04-06,145315.79040203418,6858.2039097605775,138457.5864922736
2017-04-07,146072.65425705834,7171.676784253803,138900.97747280454
2017-04-10,144355.71804188497,7171.676784253803,137184.04125763118
2017-04-11,144246.8856842757,7171.676784253803,137075.2089000219
2017-04-12,142747.33416925426,7171.676784253803,135575.65738500046
2017-04-13,140405.83702534199,7171.676784253803,133234.1602410882
2017-04-17,143434.87065455303,7171.676784253803,136263.19387029923
2017-04-18,142213.3039980581,7171.676784253803,135041.6272138043
2017-04-19,141950.10009107986,7171.676784253803,134778.42330682607
2017-04-20,143954.78471751075,7171.676784253803,136783.10793325695
2017-04-21,142989.8069007767,7171.676784253803,135818.1301165229
2017-04-24,145951.61142801685,7171.676784253803,138779.93464376306
2017-04-25,148287.7343606725,7171.676784253803,141116.0575764187
2017-04-26,147748.31418759326,7171.676784253803,140576.63740333947
2017-04-27,147971.5814499525,7171.676784253803,140799.9046656987
2017-04-28,146428.19020409122,7171.676784253803,139256.51341983743
2017-05-01,148063.0687490159,7171.676784253803,140891.3919647621
2017-05-02,140495.72589619787,28376.676733894863,112119.049162303
2017-05-03,141196.26803502708,28376.676733894863,112819.59130113221
2017-05-04,141297.21731348234,28376.676733894863,112920.54057958748
2017-05-05,141120.5739621939,28376.676733894863,112743.89722829906
2017-05-08,140605.381807165,20284.906355527797,120320.4754516372
2017-05-09,141484.9155610028,20284.906355527797,121200.00920547498
2017-05-10,142192.96825105435,20284.906355527797,121908.06189552654
2017-05-11,141466.1703328436,20284.906355527797,121181.2639773158
2017-05-12,141605.05678857063,20284.906355527797,121320.15043304283
2017-05-15,140971.78379177622,20284.906355527797,120686.87743624844
2017-05-16,141322.8694309626,20284.906355527797,121037.9630754348
2017-05-17,137382.21458596553,20284.906355527797,117097.30823043773
2017-05-18,138730.7530732861,20284.906355527797,118445.84671775831
2017-05-19,139168.58218310145,20284.906355527797,118883.67582757364
2017-05-22,139354.6540133208,20284.906355527797,119069.74765779302
2017-05-23,139259.00241212762,20284.906355527797,118974.09605659984
2017-05-24,140022.9262574204,20284.906355527797,119738.0199018926
2017-05-25,141458.70989578177,20284.906355527797,121173.80354025398
2017-05-26,142021.13864545975,20284.906355527797,121736.23228993196
2017-05-30,142789.73971968508,20284.906355527797,122504.83336415728
2017-05-31,142829.97487711225,20284.906355527797,122545.06852158447
2017-06-01,143109.09613239847,20284.906355527797,122824.18977687065
2017-06-02,143089.34478726683,20284.906355527797,122804.43843173904
2017-06-05,143749.49467505858,20284.906355527797,123464.58831953077
2017-06-06,144287.40369375166,20284.906355527797,124002.49733822385
2017-06-07,144696.7098185429,7104.122533005884,137592.587285537
2017-06-08,145305.0725750294,7104.122533005884,138200.9500420235
2017-06-09,142837.25613656046,7104.122533005884,135733.13360355457
2017-06-12,144181.57236516575,7104.122533005884,137077.44983215985
2017-06-13,143960.40894175603,7104.122533005884,136856.28640875014
2017-06-14,143174.0663874097,7104.122533005884,136069.9438544038
2017-06-15,142388.46945656987,7104.122533005884,135284.34692356398
2017-06-16,141693.63002675644,7104.122533005884,134589.50749375054
2017-06-19,143994.94723857156,7104.122533005884,136890.82470556567
2017-06-20,144098.09271665203,7104.122533005884,136993.97018364613
2017-06-21,147941.37541132138,7104.122533005884,140837.25287831548
2017-06-22,148357.48651318395,7104.122533005884,141253.36398017805
2017-06-23,148020.46811230644,7104.122533005884,140916.34557930054
2017-06-26,148957.24570083432,7104.122533005884,141853.12316782842
2017-06-27,145876.01051208383,7104.122533005884,138771.88797907793
2017-06-28,146514.850654519,7104.122533005884,139410.7281215131
2017-06-29,143520.58310002286,7104.122533005884,136416.46056701697
2017-06-30,141925.17917191438,7104.122533005884,134821.05663890849
2017-07-03,141361.4114132597,34111.39018370355,107250.02122955615
2017-07-05,142007.73079845431,34111.39018370355,107896.34061475076
2017-07-06,139887.81490146165,34111.39018370355,105776.42471775808
2017-07-07,139843.51873852618,20174.993628116918,119668.52511040926
2017-07-10,142632.27191643455,20174.993628116918,122457.27828831764
2017-07-11,144938.65825017006,20174.993628116918,124763.66462205314
2017-07-12,147680.00834353402,20174.993628116918,127505.01471541711
2017-07-13,145205.38028537473,20174.993628116918,125030.38665725783
2017-07-14,147929.28749423544,20174.993628116918,127754.29386611853
2017-07-17,147009.76508844914,20174.993628116918,126834.77146033224
2017-07-18,151010.6480724629,20174.993628116918,130835.654444346
2017-07-19,150746.1287394027,20174.993628116918,130571.13511128578
2017-07-20,152042.67768634114,20174.993628116918,131867.68405822423
2017-07-21,152962.89227850188,20174.993628116918,132787.89865038497
2017-07-24,153855.57489534168,20174.993628116918,133680.58126722477
2017-07-25,151859.86934480947,20174.993628116918,131684.87571669256
2017-07-26,153925.48509846936,20174.993628116918,133750.49147035246
2017-07-27,150482.07280914564,20174.993628116918,130307.07918102873
2017-07-28,150112.23425916224,20174.993628116918,129937.24063104532
2017-07-31,147011.57988233876,20174.993628116918,126836.58625422185
2017-08-01,147448.93404509287,20174.993628116918,127273.94041697595
2017-08-02,147330.69734378727,20174.993628116918,127155.70371567036
2017-08-03,148183.93909495586,20174.993628116918,128008.94546683894
2017-08-04,149075.4430859357,20174.993628116918,128900.44945781879
2017-08-07,150892.49109244673,7408.31458694215,143484.17650550458
2017-08-08,150460.31743777383,7408.31458694215,143052.0028508317
2017-08-09,149357.5699360314,7408.31458694215,141949.25534908925
2017-08-10,143811.546921012,7408.31458694215,136403.23233406985
2017-08-11,143663.8613292804,7408.31458694215,136255.54674233825
2017-08-14,148518.07654302107,7408.31458694215,141109.76195607893
2017-08-15,148764.42780968736,7408.31458694215,141356.11322274522
2017-08-16,148921.24729562286,7408.31458694215,141512.93270868072
2017-08-17,145111.2637417871,7408.31458694215,137702.94915484494
2017-08-18,145654.05968635075,7408.31458694215,138245.7450994086
2017-08-21,143015.11226393926,7408.31458694215,135606.7976769971
2017-08-22,145661.44998003947,7408.31458694215,138253.13539309733
2017-08-23,147748.18138577053,7408.31458694215,140339.86679882839
2017-08-24,147323.33196212671,7408.31458694215,139915.01737518457
2017-08-25,146272.9142426632,7408.31458694215,138864.59965572105
2017-08-28,146825.42318302926,7408.31458694215,139417.1085960871
2017-08-29,147415.43533945532,7408.31458694215,140007.12075251318
2017-08-30,150222.46468394235,7408.31458694215,142814.1500970002
2017-08-31,152143.4772011988,7408.31458694215,144735.16261425667
2017-09-01,153317.50266110804,7408.31458694215,145909.1880741659
2017-09-05,150940.03842823056,7408.31458694215,143531.72384128842
2017-09-06,151315.42895704208,7408.31458694215,143907.11437009994
2017-09-07,151802.67596254588,7453.001607489998,144349.67435505587
2017-09-08,150373.757400995,7453.001607489998,142920.755793505
2017-09-11,153918.9282008289,7453.001607489998,146465.9265933389
2017-09-12,155063.1298347852,7453.001607489998,147610.1282272952
2017-09-13,155742.64404759736,7453.001607489998,148289.64244010736
2017-09-14,156536.8538395393,7453.001607489998,149083.8522320493
2017-09-15,158659.23595435655,7453.001607489998,151206.23434686655
2017-09-18,162048.40194994034,7453.001607489998,154595.40034245033
2017-09-19,161595.792257963,7453.001607489998,154142.790650473
2017-09-20,161822.48031431637,7453.001607489998,154369.47870682637
2017-09-21,161168.48734729755,7453.001607489998,153715.48573980754
2017-09-22,159785.93831296545,7453.001607489998,152332.93670547544
2017-09-25,157826.82664574,7453.001607489998,150373.82503824998
2017-09-26,157527.22434195052,7453.001607489998,150074.22273446052
2017-09-27,157874.64590715693,7453.001607489998,150421.64429966692
2017-09-28,157685.08654062852,7453.001607489998,150232.0849331385
2017-09-29,158837.27118874717,7453.001607489998,151384.26958125716
2017-10-02,160001.88073195657,7453.001607489998,152548.87912446656
2017-10-03,161117.51872316477,7453.001607489998,153664.51711567477
2017-10-04,160874.66234780627,7453.001607489998,153421.66074031626
2017-10-05,161628.9444961286,7453.001607489998,154175.9428886386
2017-10-06,161722.4423935842,7453.001607489998,154269.4407860942
2017-10-09,159552.6105941338,7833.497372145834,151719.11322198797
2017-10-10,161690.44697034452,7833.497372145834,153856.9495981987
2017-10-11,162088.3186698702,7833.497372145834,154254.82129772438
2017-10-12,162786.49591171043,7833.497372145834,154952.9985395646
2017-10-13,163506.60304353008,7833.497372145834,155673.10567138426
2017-10-16,164758.485484037,7833.497372145834,156924.98811189117
2017-10-17,164854.13431604634,7833.497372145834,157020.63694390052
2017-10-18,164739.7489224667,7833.497372145834,156906.25155032089
2017-10-19,163671.4722043948,7833.497372145834,155837.974832249
2017-10-20,162991.4178466976,7833.497372145834,155157.92047455176
2017-10-23,160912.78989919374,7833.497372145834,153079.29252704792
2017-10-24,161240.37738853708,7833.497372145834,153406.88001639125
2017-10-25,154436.57044803596,7833.497372145834,146603.07307589013
2017-10-26,154038.76971912762,34888.383020247624,119150.38669888
2017-10-27,154991.47351816995,34888.383020247624,120103.09049792233
2017-10-30,155468.11928496306,34888.383020247624,120579.73626471542
2017-10-31,157095.31181739364,60997.28416745264,96098.027649941
2017-11-01,155815.8722257075,60997.28416745264,94818.58805825486
2017-11-02,153916.53623320162,87476.2370166391,66440.29921656252
2017-11-03,155221.41628320515,87476.2370166391,67745.17926656606
2017-11-06,155716.01404169356,87476.2370166391,68239.77702505446
2017-11-07,156084.3117213547,22518.0260253263,133566.28569602838
2017-11-08,156300.65620700968,22518.0260253263,133782.63018168337
2017-11-09,156345.069909638,22518.0260253263,133827.0438843117
2017-11-10,156956.2365293938,22518.0260253263,134438.21050406748
2017-11-13,157267.37071578964,22518.0260253263,134749.34469046333
2017-11-14,154096.32718513807,22518.0260253263,131578.30115981176
2017-11-15,154507.56472126915,22518.0260253263,131989.53869594284
2017-11-16,155880.18738336908,22518.0260253263,133362.16135804277
2017-11-17,156366.89956130148,22518.0260253263,133848.87353597517
2017-11-20,155266.0666921819,22518.0260253263,132748.04066685558
2017-11-21,155696.2999358493,22518.0260253263,133178.27391052298
2017-11-22,156385.96635507618,22518.0260253263,133867.94032974986
2017-11-24,156560.9502617941,22518.0260253263,134042.92423646778
2017-11-27,155596.4395248527,22518.0260253263,133078.4134995264
2017-11-28,157297.9255823031,22518.0260253263,134779.8995569768
2017-11-29,157041.4344574386,22518.0260253263,134523.40843211228
2017-11-30,156322.992835676,22518.0260253263,133804.9668103497
2017-12-01,156101.735561939,22518.0260253263,133583.70953661267
2017-12-04,156132.5359332877,22518.0260253263,133614.5099079614
2017-12-05,154985.9857195833,22518.0260253263,132467.95969425698
2017-12-06,154840.46934604834,22518.0260253263,132322.44332072203
2017-12-07,154952.21359749645,22354.700097594556,132597.5134999019
2017-12-08,155533.75888100613,22354.700097594556,133179.05878341157
2017-12-11,155617.61637234886,22354.700097594556,133262.9162747543
2017-12-12,154500.0260274658,22354.700097594556,132145.32592987124
2017-12-13,154059.53442247104,22354.700097594556,131704.8343248765
2017-12-14,154230.71039551077,22354.700097594556,131876.01029791622
2017-12-15,156182.00653268964,22354.700097594556,133827.3064350951
2017-12-18,158861.53554010065,22354.700097594556,136506.8354425061
2017-12-19,158518.7811091859,22354.700097594556,136164.08101159133
2017-12-20,160068.85659380062,22354.700097594556,137714.15649620607
2017-12-21,158635.53832857616,22354.700097594556,136280.8382309816
2017-12-22,158562.74436278018,22354.700097594556,136208.04426518563
2017-12-26,156951.8431837952,22354.700097594556,134597.14308620064
2017-12-27,156781.5767478727,22354.700097594556,134426.87665027814
2017-12-28,157366.23666794135,22354.700097594556,135011.5365703468
2017-12-29,156394.58036671724,22354.700097594556,134039.8802691227
2018-01-02,161292.00691501264,22354.700097594556,138937.30681741808
2018-01-03,163754.489342759,22354.700097594556,141399.78924516446
2018-01-04,165217.48801026383,22354.700097594556,142862.78791266927
2018-01-05,165634.6729237346,22354.700097594556,143279.97282614003
2018-01-08,166139.9859985651,8156.915382843374,157983.07061572172
2018-01-09,166884.2539277383,8156.915382843374,158727.3385448949
2018-01-10,167651.1749584295,8156.915382843374,159494.25957558613
2018-01-11,168463.79711394446,8156.915382843374,160306.88173110108
2018-01-12,168895.8276460141,8156.915382843374,160738.91226317073
2018-01-16,167297.21955878971,8156.915382843374,159140.30417594634
2018-01-17,167848.89149087959,8156.915382843374,159691.9761080362
2018-01-18,166439.9836631695,8156.915382843374,158283.06828032612
2018-01-19,165826.45515489115,8156.915382843374,157669.53977204778
2018-01-22,165896.70469226709,8156.915382843374,157739.7893094237
2018-01-23,167093.58253353246,8156.915382843374,158936.66715068909
2018-01-24,166548.4660548246,8156.915382843374,158391.5506719812
2018-01-25,165733.548508323,8156.915382843374,157576.63312547962
2018-01-26,167077.92949437752,36037.2928265864,131040.63666779111
2018-01-29,165667.33867068222,36037.2928265864,129630.04584409582
2018-01-30,164167.56668925547,36037.2928265864,128130.27386266906
2018-01-31,164500.01414652794,36037.2928265864,128462.72131994154
2018-02-01,165173.5171829125,36037.2928265864,129136.22435632609
2018-02-02,161630.96729712439,36037.2928265864,125593.67447053798
2018-02-05,155406.4874443284,36037.2928265864,119369.194617742
2018-02-06,157411.3895286949,36037.2928265864,121374.09670210852
2018-02-07,156051.51504748888,43613.46882001313,112438.04622747574
2018-02-08,150877.11675049824,43613.46882001313,107263.64793048511
2018-02-09,153116.02948944314,43613.46882001313,109502.56066943001
2018-02-12,154611.8771928579,43613.46882001313,110998.40837284479
2018-02-13,155404.18105839065,43613.46882001313,111790.71223837753
2018-02-14,157334.3408175283,43613.46882001313,113720.87199751518
2018-02-15,158017.73810585757,43613.46882001313,114404.26928584444
2018-02-16,158456.24544312473,43613.46882001313,114842.77662311161
2018-02-20,157871.98474654512,43613.46882001313,114258.51592653198
2018-02-21,157012.29726883594,43613.46882001313,113398.82844882281
2018-02-22,157218.11222167622,43613.46882001313,113604.6434016631
2018-02-23,159301.10705826047,43613.46882001313,115687.63823824734
2018-02-26,160966.01805666054,43613.46882001313,117352.54923664742
2018-02-27,160345.68158277727,43613.46882001313,116732.21276276415
2018-02-28,158305.84496812927,43613.46882001313,114692.37614811613
2018-03-01,156017.18679189932,43613.46882001313,112403.71797188619
2018-03-02,156705.80489889396,43613.46882001313,113092.33607888082
2018-03-05,159639.97886368193,43613.46882001313,116026.5100436688
2018-03-06,160789.88506081264,43613.46882001313,117176.4162407995
2018-03-07,160223.84789744162,31942.14421654359,128281.70368089803
2018-03-08,160234.5396157398,31942.14421654359,128292.39539919622
2018-03-09,162904.36439398822,31942.14421654359,130962.22017744461
2018-03-12,163504.53113047528,31942.14421654359,131562.3869139317
2018-03-13,161463.45963245805,31942.14421654359,129521.31541591446
2018-03-14,159850.04491844107,31942.14421654359,127907.90070189748
2018-03-15,159935.94265620437,31942.14421654359,127993.79843966076
2018-03-16,159381.13471485113,31942.14421654359,127438.99049830754
2018-03-19,157255.83169862756,31942.14421654359,125313.68748208397
2018-03-20,156470.202732063,31942.14421654359,124528.05851551938
2018-03-21,157293.4009025826,31942.14421654359,125351.256686039
2018-03-22,153667.26638241418,31942.14421654359,121725.12216587058
2018-03-23,150913.67113439948,31942.14421654359,118971.52691785588
2018-03-26,153562.8724432523,31942.14421654359,121620.72822670871
2018-03-27,150063.49336686297,53497.17554943638,96566.31781742658
2018-03-28,149980.26098734824,53497.17554943638,96483.08543791185
2018-03-29,151170.75493981928,53497.17554943638,97673.57939038289
2018-04-02,147832.46256638368,75888.55642555894,71943.90614082474
2018-04-03,148553.1809363551,75888.55642555894,72664.62451079616
2018-04-04,149319.67426147987,75888.55642555894,73431.11783592094
2018-04-05,149919.2038288542,75888.55642555894,74030.64740329527
2018-04-06,148464.66134959186,75888.55642555894,72576.10492403292
2018-04-09,147856.2207874232,59089.22811936843,88766.99266805477
2018-04-10,151620.06269722627,59089.22811936843,92530.83457785784
2018-04-11,151478.48494329007,59089.22811936843,92389.25682392162
2018-04-12,153141.2250024818,59089.22811936843,94051.99688311337
2018-04-13,153059.49933134537,59089.22811936843,93970.27121197694
2018-04-16,152182.6480337427,59089.22811936843,93093.41991437427
2018-04-17,155209.99645826814,59089.22811936843,96120.76833889971
2018-04-18,156317.12648642156,59089.22811936843,97227.89836705315
2018-04-19,155422.35352286207,59089.22811936843,96333.12540349363
2018-04-20,153822.5806049987,59089.22811936843,94733.35248563025
2018-04-23,151733.5811320959,59089.22811936843,92644.35301272746
2018-04-24,149367.18568386952,59089.22811936843,90277.95756450109
2018-04-25,148928.4811587563,59089.22811936843,89839.25303938788
2018-04-26,152100.79048495254,59089.22811936843,93011.5623655841
2018-04-27,152303.72607662925,59089.22811936843,93214.4979572608
2018-04-30,151565.69367169624,59089.22811936843,92476.46555232779
2018-05-01,152674.21248486388,59089.22811936843,93584.98436549543
2018-05-02,152192.88048053184,76076.37289467677,76116.50758585506
2018-05-03,151647.91269879602,76076.37289467677,75571.53980411925
2018-05-04,153365.3795503078,76076.37289467677,77289.00665563106
2018-05-07,155198.51199439002,43375.07048053923,111823.44151385079
2018-05-08,155772.91612782486,43375.07048053923,112397.84564728563
2018-05-09,158769.17311143986,43375.07048053923,115394.10263090064
2018-05-10,160258.306643439,43375.07048053923,116883.23616289976
2018-05-11,159115.07844895846,43375.07048053923,115740.00796841922
2018-05-14,159193.48782184283,43375.07048053923,115818.41734130362
2018-05-15,157911.10248899943,43375.07048053923,114536.03200846018
2018-05-16,159638.05033111837,43375.07048053923,116262.97985057914
2018-05-17,158887.63515428867,43375.07048053923,115512.56467374944
2018-05-18,157322.78056397778,43375.07048053923,113947.71008343855
2018-05-21,159389.02704825343,43375.07048053923,116013.9565677142
2018-05-22,160148.93283934062,43375.07048053923,116773.86235880139
2018-05-23,160081.379430332,43375.07048053923,116706.30894979277
2018-05-24,161251.74406249804,43375.07048053923,117876.6735819588
2018-05-25,161325.6687224642,43375.07048053923,117950.59824192498
2018-05-29,161599.55288238276,43375.07048053923,118224.48240184352
2018-05-30,162789.2708362855,43375.07048053923,119414.20035574626
2018-05-31,160276.60893820613,43375.07048053923,116901.5384576669
2018-06-01,162131.73571587837,43375.07048053923,118756.66523533913
2018-06-04,162606.354966602,43375.07048053923,119231.28448606278
2018-06-05,162455.20705067087,43375.07048053923,119080.13657013165
2018-06-06,164107.27665455284,43375.07048053923,120732.2061740136
2018-06-07,163418.69368362802,8023.309068797331,155395.3846148307
2018-06-08,164863.6396597762,8023.309068797331,156840.33059097888
2018-06-11,165746.12442637974,8023.309068797331,157722.8153575824
2018-06-12,165343.53795742706,8023.309068797331,157320.22888862973
2018-06-13,163948.692633377,8023.309068797331,155925.38356457968
2018-06-14,164094.43352174715,8023.309068797331,156071.12445294982
2018-06-15,163050.30837743895,8023.309068797331,155026.99930864162
2018-06-18,163927.35136387718,8023.309068797331,155904.04229507985
2018-06-19,161358.98598887085,8023.309068797331,153335.6769200735
2018-06-20,163284.93277758083,8023.309068797331,155261.6237087835
2018-06-21,161915.65285328098,8023.309068797331,153892.34378448364
2018-06-22,160368.5092267979,8023.309068797331,152345.20015800057
2018-06-25,155641.77778422984,8023.309068797331,147618.4687154325
2018-06-26,159668.87388641524,8023.309068797331,151645.5648176179
2018-06-27,158702.6972256656,8023.309068797331,150679.38815686826
2018-06-28,160276.63234996249,8023.309068797331,152253.32328116515
2018-06-29,158492.94440210678,8023.309068797331,150469.63533330944
2018-07-02,158226.46678917418,8023.309068797331,150203.15772037685
2018-07-03,153283.45117205632,65419.463164317414,87863.98800773891
2018-07-05,153596.85910044482,65419.463164317414,88177.3959361274
2018-07-06,155013.61869690963,65419.463164317414,89594.15553259222
2018-07-09,155904.54616554116,29519.491877479464,126385.05428806168
2018-07-10,157487.14407571248,29519.491877479464,127967.65219823302
2018-07-11,155758.50017209753,29519.491877479464,126239.00829461805
2018-07-12,156235.54286899604,29519.491877479464,126716.05099151659
2018-07-13,155383.08322175546,29519.491877479464,125863.59134427598
2018-07-16,154780.9067269019,29519.491877479464,125261.41484942245
2018-07-17,155066.31539581655,29519.491877479464,125546.82351833709
2018-07-18,155030.90366130602,29519.491877479464,125511.41178382654
2018-07-19,153510.76572970423,29519.491877479464,123991.27385222477
2018-07-20,151011.7433694309,29519.491877479464,121492.2514919514
2018-07-23,149559.71017606126,29519.491877479464,120040.21829858179
2018-07-24,148422.9330535126,29519.491877479464,118903.44117603314
2018-07-25,150060.06992639563,29519.491877479464,120540.57804891617
2018-07-26,150453.362797955,29519.491877479464,120933.87092047551
2018-07-27,148870.4346469178,50949.77754132742,97920.65710559036
2018-07-30,147253.02428051643,50949.77754132742,96303.24673918901
2018-07-31,148708.78074365016,50949.77754132742,97759.00320232274
2018-08-01,148146.9556725634,50949.77754132742,97197.17813123597
2018-08-02,152822.4342336771,50949.77754132742,101872.6566923497
2018-08-03,152534.84559689963,50949.77754132742,101585.0680555722
2018-08-06,152102.48540691478,50949.77754132742,101152.70786558736
2018-08-07,155535.8027652396,29449.67276009133,126086.13000514827
2018-08-08,155000.2688886777,29449.67276009133,125550.59612858636
2018-08-09,152494.35261058633,29449.67276009133,123044.67985049498
2018-08-10,151583.21179478103,29449.67276009133,122133.53903468969
2018-08-13,152138.20777216693,29449.67276009133,122688.53501207562
2018-08-14,151458.74724963304,29449.67276009133,122009.07448954172
2018-08-15,147951.83728250093,29449.67276009133,118502.16452240958
2018-08-16,146127.68075201468,29449.67276009133,116678.00799192337
2018-08-17,144180.7795331048,49745.962341245366,94434.81719185942
2018-08-20,145514.42188115598,49745.962341245366,95768.45953991062
2018-08-21,147698.95552992693,49745.962341245366,97952.99318868155
2018-08-22,149086.28773894097,49745.962341245366,99340.3253976956
2018-08-23,150142.32791523618,49745.962341245366,100396.36557399083
2018-08-24,154445.04150765797,49745.962341245366,104699.0791664126
2018-08-27,157544.95302544557,49745.962341245366,107798.99068420021
2018-08-28,157518.19867271773,49745.962341245366,107772.23633147238
2018-08-29,157387.47042383064,49745.962341245366,107641.50808258528
2018-08-30,157879.402299352,49745.962341245366,108133.43995810661
2018-08-31,157627.71799915843,49745.962341245366,107881.75565791305
2018-09-04,160153.67059080704,49745.962341245366,110407.70824956169
2018-09-05,157444.55886419996,49745.962341245366,107698.5965229546
2018-09-06,153996.3875394346,70974.26475431693,83022.12278511765
2018-09-07,153501.07183992193,22145.34627142761,131355.72556849432
2018-09-10,156373.53574644364,22145.34627142761,134228.18947501603
2018-09-11,156477.39864803362,22145.34627142761,134332.052376606
2018-09-12,157389.63023374957,22145.34627142761,135244.28396232196
2018-09-13,156895.35737993274,22145.34627142761,134750.01110850513
2018-09-14,159818.935728675,22145.34627142761,137673.58945724738
2018-09-17,157526.4278628242,22145.34627142761,135381.0815913966
2018-09-18,159048.6615402961,22145.34627142761,136903.3152688685
2018-09-19,158685.2064972775,22145.34627142761,136539.8602258499
2018-09-20,159047.63085193242,22145.34627142761,136902.2845805048
2018-09-21,157035.5229206403,22145.34627142761,134890.1766492127
2018-09-24,160058.53184815252,22145.34627142761,137913.1855767249
2018-09-25,159883.37434937668,22145.34627142761,137738.02807794907
2018-09-26,160170.31734622977,22145.34627142761,138024.97107480216
2018-09-27,161493.0736937224,22145.34627142761,139347.7274222948
2018-09-28,160117.1084060689,22145.34627142761,137971.7621346413
2018-10-01,161609.2551862592,22145.34627142761,139463.90891483158
2018-10-02,158561.02270335204,22145.34627142761,136415.67643192442
2018-10-03,158154.5759697254,22145.34627142761,136009.2296982978
2018-10-04,154645.69776220038,48800.29337395646,105845.4043882439
2018-10-05,152223.10677129216,48800.29337395646,103422.81339733569
2018-10-08,151217.38450410412,21815.882468855005,129401.50203524911
2018-10-09,152756.73097662014,21815.882468855005,130940.84850776514
2018-10-10,147971.25789370344,21815.882468855005,126155.37542484845
2018-10-11,147260.05200131773,21815.882468855005,125444.16953246274
2018-10-12,148557.82434944765,21815.882468855005,126741.94188059265
2018-10-15,148125.6516707587,21815.882468855005,126309.76920190369
2018-10-16,153052.9009004935,21815.882468855005,131237.01843163848
2018-10-17,151455.06681732705,21815.882468855005,129639.18434847204
2018-10-18,148966.82526325685,21815.882468855005,127150.94279440185
2018-10-19,145356.14792867203,44957.5273996406,100398.62052903144
2018-10-22,144817.52580694665,44957.5273996406,99859.99840730605
2018-10-23,148122.05053760234,44957.5273996406,103164.52313796175
2018-10-24,143223.54699294007,66247.03419826744,76976.51279467263
2018-10-25,146050.78091725515,66247.03419826744,79803.74671898769
2018-10-26,145838.39993221848,87734.71418959482,58103.68574262368
2018-10-29,145706.5720273867,87734.71418959482,57971.857837791875
2018-10-30,145875.00619905166,87734.71418959482,58140.29200945683
2018-10-31,147558.13000625855,87734.71418959482,59823.41581666373
2018-11-01,148270.44323248137,87734.71418959482,60535.72904288657
2018-11-02,148260.03903171548,87734.71418959482,60525.32484212065
2018-11-05,147467.70573024475,87734.71418959482,59732.99154064995
2018-11-06,147639.95995014414,87734.71418959482,59905.245760549325
2018-11-07,148545.81934061603,59364.819136123704,89181.00020449233
2018-11-08,147222.85126435832,59364.819136123704,87858.03212823463
2018-11-09,145220.3211677222,59364.819136123704,85855.5020315985
2018-11-12,140616.50093885834,59364.819136123704,81251.68180273465
2018-11-13,143265.72690193626,59364.819136123704,83900.90776581255
2018-11-14,143117.53067038785,59364.819136123704,83752.71153426415
2018-11-15,144263.7144384019,59364.819136123704,84898.89530227818
2018-11-16,140393.3687343958,73082.98485983025,67310.38387456555
2018-11-19,137924.69836706456,73082.98485983025,64841.71350723431
2018-11-20,137044.16654676886,87914.17197637378,49129.99457039509
2018-11-21,136962.35224097464,87914.17197637378,49048.18026460085
2018-11-23,135974.1496804134,87914.17197637378,48059.977704039615
2018-11-26,137628.87832137436,87914.17197637378,49714.70634500058
2018-11-27,137547.26494146016,87914.17197637378,49633.0929650864
2018-11-28,138701.95999152117,87914.17197637378,50787.78801514739
2018-11-29,138236.0993421845,87914.17197637378,50321.92736581073
2018-11-30,139223.47901300486,87914.17197637378,51309.307036631086
2018-12-03,140330.91392429062,87914.17197637378,52416.74194791684
2018-12-04,138648.26216263158,87914.17197637378,50734.0901862578
2018-12-06,139364.75893537272,87914.17197637378,51450.58695899895
2018-12-07,137770.6517005533,92980.6331418419,44790.018558711396
2018-12-10,138414.25319837697,92980.6331418419,45433.62005653509
2018-12-11,138007.8472320201,92980.6331418419,45027.2140901782
2018-12-12,138679.85089274409,92980.6331418419,45699.21775090218
2018-12-13,139190.7322869696,92980.6331418419,46210.0991451277
2018-12-14,138418.45241155432,92980.6331418419,45437.81926971241
2018-12-17,137519.15247609888,92980.6331418419,44538.51933425699
2018-12-18,138608.1599244703,92980.6331418419,45627.52678262841
2018-12-19,137384.0764540154,92980.6331418419,44403.44331217348
2018-12-20,136587.0301164246,92980.6331418419,43606.39697458269
2018-12-21,134396.84024760232,100774.0048123767,33622.83543522562
2018-12-24,133414.81373729176,108675.85981762943,24738.95391966231
2018-12-26,135225.02433181112,108675.85981762943,26549.1645141817
2018-12-27,135039.56956859815,108675.85981762943,26363.709750968716
2018-12-28,135264.5549423062,108675.85981762943,26588.695124676768
2018-12-31,135283.98356775727,108675.85981762943,26608.123750127837
2019-01-02,136206.31990297406,108675.85981762943,27530.460085344617
2019-01-03,135125.95714454222,116235.58794703944,18890.369197502787
2019-01-04,135748.06954131878,116235.58794703944,19512.481594279343
2019-01-07,136372.38815284768,102270.7657090248,34101.62244382288
2019-01-08,136561.46937114268,102270.7657090248,34290.703662117885
2019-01-09,137049.61951784432,102270.7657090248,34778.85380881952
2019-01-10,137141.84279642664,102270.7657090248,34871.077087401856
2019-01-11,137419.47360128764,102270.7657090248,35148.70789226285
2019-01-14,137186.95706831865,102270.7657090248,34916.19135929386
2019-01-15,137390.60003241588,102270.7657090248,35119.8343233911
2019-01-16,137060.40368373325,102270.7657090248,34789.63797470847
2019-01-17,137509.93950240704,102270.7657090248,35239.17379338226
2019-01-18,138437.49657251302,102270.7657090248,36166.730863488214
2019-01-22,137051.06551880165,102270.7657090248,34780.29980977686
2019-01-23,137030.31154678116,102270.7657090248,34759.545837756355
2019-01-24,138275.85393013293,102270.7657090248,36005.08822110813
2019-01-25,139609.62707970905,102270.7657090248,37338.86137068426
2019-01-28,137656.4535266824,102270.7657090248,35385.68781765759
2019-01-29,136668.07559751504,108529.86469274241,28138.210904772626
2019-01-30,138906.9204393977,108529.86469274241,30377.0557466553
2019-01-31,140199.25805264997,108529.86469274241,31669.39335990754
2019-02-01,140464.51210836836,108529.86469274241,31934.64741562596
2019-02-04,140705.40701908967,108529.86469274241,32175.54232634727
2019-02-05,140642.91420125836,108529.86469274241,32113.049508515942
2019-02-06,141027.28720036446,108529.86469274241,32497.42250762204
2019-02-07,140001.6676220216,94486.3331611648,45515.33446085679
2019-02-08,139738.8001505745,94486.3331611648,45252.46698940971
2019-02-11,140003.92924292907,94486.3331611648,45517.59608176426
2019-02-12,140584.14317959122,94486.3331611648,46097.810018426404
2019-02-13,141242.81249764317,94486.3331611648,46756.47933647838
2019-02-14,141155.40804421407,94486.3331611648,46669.07488304928
2019-02-15,141661.20758916912,94486.3331611648,47174.87442800432
2019-02-19,141689.3517181354,94486.3331611648,47203.01855697062
2019-02-20,141746.76021739526,94486.3331611648,47260.42705623046
2019-02-21,141007.12412272603,94486.3331611648,46520.790961561244
2019-02-22,141865.09286728993,94486.3331611648,47378.75970612512
2019-02-25,142724.7256820937,94486.3331611648,48238.39252092889
2019-02-26,142688.43227056527,94486.3331611648,48202.09910940048
2019-02-27,142618.5747087042,94486.3331611648,48132.2415475394
2019-02-28,142256.04846161627,94486.3331611648,47769.71530045147
2019-03-01,141759.07358284175,94486.3331611648,47272.74042167696
2019-03-04,141359.34794118715,94486.3331611648,46873.01478002235
2019-03-05,140425.76509273367,94486.3331611648,45939.43193156887
2019-03-06,138490.08321057883,103059.50301028839,35430.58020029043
2019-03-07,138108.5688470393,75931.7332898709,62176.83555716841
2019-03-08,138502.25663651337,75931.7332898709,62570.523346642476
2019-03-11,140543.2824798725,75931.7332898709,64611.5491900016
2019-03-12,140788.47919138195,75931.7332898709,64856.745901511036
2019-03-13,141631.6281079086,75931.7332898709,65699.8948180377
2019-03-14,141129.0716239094,75931.7332898709,65197.33833403851
2019-03-15,141690.57610505287,75931.7332898709,65758.84281518197
2019-03-18,142020.3987400616,75931.7332898709,66088.66545019069
2019-03-19,144099.96395031578,75931.7332898709,68168.23066044488
2019-03-20,143722.3880723014,75931.7332898709,67790.6547824305
2019-03-21,148067.71616828672,75931.7332898709,72135.98287841582
2019-03-22,145196.47215728374,75931.7332898709,69264.73886741286
2019-03-25,144101.5751599546,75931.7332898709,68169.84187008372
2019-03-26,144489.11956292993,75931.7332898709,68557.38627305903
2019-03-27,143258.66204943002,75931.7332898709,67326.92875955912
2019-03-28,143552.40626823052,75931.7332898709,67620.67297835961
2019-03-29,144718.35933062225,75931.7332898709,68786.62604075136
2019-04-01,145995.41574572097,75931.7332898709,70063.68245585008
2019-04-02,146292.73423754025,75931.7332898709,70361.00094766935
2019-04-03,148248.71728205337,75931.7332898709,72316.98399218248
2019-04-04,147557.41572363896,75931.7332898709,71625.68243376804
2019-04-05,148021.08332850388,75931.7332898709,72089.35003863297
2019-04-08,146730.81023613422,47620.613944246594,99110.19629188761
2019-04-09,144711.66771063124,47620.613944246594,97091.05376638465
2019-04-10,144962.7780620159,47620.613944246594,97342.16411776928
2019-04-11,144923.8234794602,47620.613944246594,97303.20953521362
2019-04-12,144509.79135327524,47620.613944246594,96889.17740902866
2019-04-15,144112.02932569146,47620.613944246594,96491.41538144488
2019-04-16,145009.1733242451,47620.613944246594,97388.5593799985
2019-04-17,144081.4762742112,47620.613944246594,96460.86232996461
2019-04-18,144273.47605318134,47620.613944246594,96652.86210893473
2019-04-22,144273.85000894318,47620.613944246594,96653.2360646966
2019-04-23,144127.35561793426,47620.613944246594,96506.74167368765
2019-04-24,144796.37104744732,47620.613944246594,97175.75710320071
2019-04-25,144547.67421137082,47620.613944246594,96927.06026712421
2019-04-26,144731.9397933898,47620.613944246594,97111.3258491432
2019-04-29,144596.08637237217,47620.613944246594,96975.47242812556
2019-04-30,144117.02651064025,47620.613944246594,96496.41256639366
2019-05-01,143530.99098381225,47620.613944246594,95910.37703956568
2019-05-02,144883.32309789077,47620.613944246594,97262.70915364417
2019-05-03,145125.7167458243,47620.613944246594,97505.1028015777
2019-05-06,143628.46363336372,47620.613944246594,96007.84968911712
2019-05-07,140598.07154451398,40350.51918799376,100247.55235652023
2019-05-08,140542.37304084422,40350.51918799376,100191.85385285046
2019-05-09,139741.87828505342,40350.51918799376,99391.35909705964
2019-05-10,140426.76081672742,40350.51918799376,100076.24162873364
2019-05-13,135930.01282121282,40350.51918799376,95579.49363321906
2019-05-14,137915.74544605793,40350.51918799376,97565.22625806417
2019-05-15,138609.06832021417,40350.51918799376,98258.54913222039
2019-05-16,138130.46213423304,40350.51918799376,97779.94294623927
2019-05-17,135343.4554270709,40350.51918799376,94992.93623907716
2019-05-20,132154.4293585007,57015.97519785297,75138.45416064771
2019-05-21,133473.9067374811,57015.97519785297,76457.93153962813
2019-05-22,131225.64212463013,73326.20395018718,57899.438174442956
2019-05-23,129692.04664988419,90388.73216837132,39303.31448151286
2019-05-24,129637.75000353492,90388.73216837132,39249.0178351636
2019-05-28,131616.7429577835,90388.73216837132,41228.010789412205
2019-05-29,130561.09315566476,90388.73216837132,40172.36098729343
2019-05-30,130540.97120582056,90388.73216837132,40152.23903744923
2019-05-31,129821.12090177854,90388.73216837132,39432.38873340722
2019-06-03,128796.53738275492,90388.73216837132,38407.805214383596
2019-06-04,130560.97433763514,90388.73216837132,40172.242169263816
2019-06-05,130340.80705492139,90388.73216837132,39952.074886550065
2019-06-06,132138.61465682974,90388.73216837132,41749.88248845843
2019-06-07,132906.25946935063,106319.69026163897,26586.56920771167
2019-06-10,133443.2034144557,106319.69026163897,27123.513152816733
2019-06-11,133535.96680438967,106319.69026163897,27216.276542750693
2019-06-12,133243.61086545038,106319.69026163897,26923.920603811413
2019-06-13,133342.2525124354,106319.69026163897,27022.56225079642
2019-06-14,132819.58635082803,106319.69026163897,26499.896089189053
2019-06-17,133031.58967579625,106319.69026163897,26711.899414157266
2019-06-18,133765.33549545563,106319.69026163897,27445.645233816656
2019-06-19,133923.4801605402,106319.69026163897,27603.78989890122
2019-06-20,133691.60535668756,106319.69026163897,27371.915095048585
2019-06-21,133391.86763986884,106319.69026163897,27072.177378229877
2019-06-24,133398.7715409316,106319.69026163897,27079.081279292637
2019-06-25,132788.02070209457,106319.69026163897,26468.330440455597
2019-06-26,133369.70586210716,106319.69026163897,27050.015600468207
2019-06-27,133827.84929830773,106319.69026163897,27508.15903666877
2019-06-28,133731.03169714307,106319.69026163897,27411.34143550409
2019-07-01,134188.04933407044,106319.69026163897,27868.359072431474
2019-07-02,134030.71055565285,106319.69026163897,27711.020294013877
2019-07-03,134305.2208680691,106319.69026163897,27985.530606430115
2019-07-05,134459.61354953452,106319.69026163897,28139.923287895544
2019-07-08,134601.75519750066,104309.54453066298,30292.21066683769
2019-07-09,134818.3624001233,104309.54453066298,30508.81786946032
2019-07-10,135468.1095164175,104309.54453066298,31158.564985754507
2019-07-11,136006.226926437,104309.54453066298,31696.682395774016
2019-07-12,136459.05396561965,104309.54453066298,32149.50943495665
2019-07-15,136648.9825836782,104309.54453066298,32339.438053015212
2019-07-16,136331.06346169038,104309.54453066298,32021.51893102741
2019-07-17,136704.9464796774,104309.54453066298,32395.40194901441
2019-07-18,136727.81921249503,104309.54453066298,32418.274681832056
2019-07-19,137141.86424489276,104309.54453066298,32832.31971422978
2019-07-22,137407.15143667164,104309.54453066298,33097.60690600865
2019-07-23,137592.9924065284,104309.54453066298,33283.44787586544
2019-07-24,137926.32822582565,104309.54453066298,33616.78369516267
2019-07-25,136495.377494434,104309.54453066298,32185.832963771016
2019-07-26,136469.2745192998,104309.54453066298,32159.729988636824
2019-07-29,136330.78348940273,104309.54453066298,32021.23895873976
2019-07-30,136776.5463699622,104309.54453066298,32467.001839299213
2019-07-31,135908.89739659225,104309.54453066298,31599.35286592925
2019-08-01,135099.76713494182,104309.54453066298,30790.222604278824
2019-08-02,134929.21266065037,104309.54453066298,30619.668129987396
2019-08-05,133788.39988919537,110120.57808962431,23667.821799571047
2019-08-06,133977.45475594248,110120.57808962431,23856.876666318178
2019-08-07,133822.67709160157,103705.79844829647,30116.8786433051
2019-08-08,135279.36396895535,103705.79844829647,31573.56552065889
2019-08-09,134776.95596347007,103705.79844829647,31071.157515173596
2019-08-12,134191.12039894742,103705.79844829647,30485.321950650956
2019-08-13,134913.8553713441,103705.79844829647,31208.056923047647
2019-08-14,133464.7077369817,103705.79844829647,29758.90928868524
2019-08-15,133200.44408997206,103705.79844829647,29494.64564167559
2019-08-16,134337.43864151748,103705.79844829647,30631.64019322102
2019-08-19,135321.0305938741,103705.79844829647,31615.23214557763
2019-08-20,134831.53564341305,103705.79844829647,31125.737195116577
2019-08-21,135097.71175884758,103705.79844829647,31391.913310551114
2019-08-22,135223.14453891024,103705.79844829647,31517.346090613762
2019-08-23,133607.75101106783,103705.79844829647,29901.95256277136
2019-08-26,134116.30920416076,103705.79844829647,30410.510755864278
2019-08-27,133820.01380282178,103705.79844829647,30114.215354525302
2019-08-28,134121.41814630356,103705.79844829647,30415.61969800711
2019-08-29,135004.59555644638,103705.79844829647,31298.797108149913
2019-08-30,135281.56331685086,103705.79844829647,31575.764868554397
2019-09-03,134924.73025424161,103705.79844829647,31218.93180594516
2019-09-04,135517.39990679928,103705.79844829647,31811.601458502824
2019-09-05,136766.99784918304,103705.79844829647,33061.19940088657
2019-09-06,136572.01369670473,103705.79844829647,32866.215248408254
2019-09-09,136809.72756512382,92332.11088103625,44477.61668408757
2019-09-10,135882.037294982,92332.11088103625,43549.92641394577
2019-09-11,136564.19679800596,92332.11088103625,44232.085916969714
2019-09-12,136553.7330241296,92332.11088103625,44221.62214309332
2019-09-13,136700.35498962866,92332.11088103625,44368.24410859242
2019-09-16,136678.36644495418,92332.11088103625,44346.25556391795
2019-09-17,137027.79700343352,92332.11088103625,44695.68612239726
2019-09-18,135404.99794926262,99506.86479756904,35898.133151693575
2019-09-19,135186.7175188536,99506.86479756904,35679.85272128455
2019-09-20,134198.75001685327,99506.86479756904,34691.885219284224
2019-09-23,134354.226450608,99506.86479756904,34847.361653038955
2019-09-24,132879.75020637215,99506.86479756904,33372.8854088031
2019-09-25,133684.24195596212,99506.86479756904,34177.37715839309
2019-09-26,134108.35648869735,99506.86479756904,34601.49169112829
2019-09-27,133591.1643895242,99506.86479756904,34084.29959195517
2019-09-30,133872.60634422806,99506.86479756904,34365.74154665902
2019-10-01,134007.91259567693,99506.86479756904,34501.047798107895
2019-10-02,133722.64316323918,99506.86479756904,34215.77836567015
2019-10-03,133854.1375150454,99506.86479756904,34347.27271747637
2019-10-04,134061.7371384664,99506.86479756904,34554.87234089736
2019-10-07,134416.3267807578,104165.84689711349,30250.47988364433
2019-10-08,134051.5481329377,104165.84689711349,29885.701235824206
2019-10-09,134799.81195969397,104165.84689711349,30633.965062580468
2019-10-10,135127.04649079684,104165.84689711349,30961.199593683355
2019-10-11,135919.19608510841,104165.84689711349,31753.349187994936
2019-10-14,136050.9734541472,104165.84689711349,31885.12655703371
2019-10-15,137368.70837387868,104165.84689711349,33202.861476765174
2019-10-16,137193.57269702904,104165.84689711349,33027.72579991556
2019-10-17,137829.23892076255,104165.84689711349,33663.39202364907
2019-10-18,136380.86573428236,104165.84689711349,32215.018837168882
2019-10-21,136950.56729640186,104165.84689711349,32784.72039928837
2019-10-22,136437.17711668537,104165.84689711349,32271.3302195719
2019-10-23,136481.0810039519,104165.84689711349,32315.234106838405
2019-10-24,138163.88759591678,104165.84689711349,33998.040698803285
2019-10-25,139528.20866449396,104165.84689711349,35362.36176738047
2019-10-28,140541.11009059753,104165.84689711349,36375.26319348403
2019-10-29,140048.3699570378,104165.84689711349,35882.523059924315
2019-10-30,140339.12071834656,104165.84689711349,36173.27382123308
2019-10-31,140010.59369388758,104165.84689711349,35844.74679677408
2019-11-01,140081.77620417968,104165.84689711349,35915.92930706618
2019-11-04,140405.32870389515,104165.84689711349,36239.48180678168
2019-11-05,140085.0852764918,104165.84689711349,35919.2383793783
2019-11-06,140217.92835433048,104165.84689711349,36052.08145721699
2019-11-07,139247.4710545143,83526.19412193554,55721.27693257874
2019-11-08,139486.36426066473,83526.19412193554,55960.17013872921
2019-11-11,140804.1493383927,83526.19412193554,57277.95521645715
2019-11-12,141736.64298988436,83526.19412193554,58210.448867948835
2019-11-13,142282.69524377235,83526.19412193554,58756.50112183683
2019-11-14,143079.82346236202,83526.19412193554,59553.62934042649
2019-11-15,144227.17311288242,83526.19412193554,60700.9789909469
2019-11-18,144503.32037564018,83526.19412193554,60977.12625370463
2019-11-19,144222.7872205509,83526.19412193554,60696.59309861536
2019-11-20,144508.44020768124,83526.19412193554,60982.246085745704
2019-11-21,144093.43990937067,83526.19412193554,60567.245787435124
2019-11-22,143887.42197417992,83526.19412193554,60361.22785224438
2019-11-25,143974.4414831724,83526.19412193554,60448.24736123686
2019-11-26,144397.49818032805,83526.19412193554,60871.304058392525
2019-11-27,144365.50403129437,83526.19412193554,60839.309909358824
2019-11-29,144090.2470076108,83526.19412193554,60564.052885675264
2019-12-02,141551.9783823286,96327.13050371647,45224.84787861215
2019-12-03,141328.30315031006,96327.13050371647,45001.172646593586
2019-12-04,141184.64938674303,96327.13050371647,44857.51888302654
2019-12-05,141029.97812943737,96327.13050371647,44702.84762572088
2019-12-06,141640.7431827382,96327.13050371647,45313.612679021724
2019-12-09,141586.12038814172,77843.68211625559,63742.438271886116
2019-12-10,142310.13416021754,77843.68211625559,64466.45204396194
2019-12-11,142315.40728338732,77843.68211625559,64471.72516713175
2019-12-12,143468.98249783562,77843.68211625559,65625.30038158003
2019-12-13,142444.12100927153,77843.68211625559,64600.43889301594
2019-12-16,144373.18065359828,77843.68211625559,66529.49853734268
2019-12-17,144465.1716491252,77843.68211625559,66621.48953286961
2019-12-18,144859.14128287067,77843.68211625559,67015.45916661508
2019-12-19,146217.9986497027,77843.68211625559,68374.3165334471
2019-12-20,146926.9281584858,77843.68211625559,69083.2460422302
2019-12-23,148002.7470370122,77843.68211625559,70159.06492075659
2019-12-24,149132.40858165926,77843.68211625559,71288.72646540367
2019-12-26,149333.64101327898,77843.68211625559,71489.95889702339
2019-12-27,148530.82763212832,77843.68211625559,70687.14551587275
2019-12-30,146602.19956836704,77843.68211625559,68758.51745211147
2019-12-31,147293.36017676815,77843.68211625559,69449.67806051258
2020-01-02,149434.96934081765,77843.68211625559,71591.28722456207
2020-01-03,149512.164216173,77843.68211625559,71668.4820999174
2020-01-06,150397.109111609,77843.68211625559,72553.42699535341
2020-01-07,150535.68965186307,43202.53590286449,107333.1537489986
2020-01-08,150122.8258714797,43202.53590286449,106920.28996861521
2020-01-09,150532.78059776907,43202.53590286449,107330.24469490457
2020-01-10,148973.95770500298,43202.53590286449,105771.4218021385
2020-01-13,150205.7637142256,43202.53590286449,107003.22781136112
2020-01-14,150461.1405705475,43202.53590286449,107258.604667683
2020-01-15,149766.27096487745,43202.53590286449,106563.73506201294
2020-01-16,150240.3491272948,43202.53590286449,107037.8132244303
2020-01-17,149637.63274565237,43202.53590286449,106435.09684278788
2020-01-21,149448.1962257455,43202.53590286449,106245.66032288098
2020-01-22,148536.95633953664,43202.53590286449,105334.42043667217
2020-01-23,149074.62684755458,43202.53590286449,105872.09094469008
2020-01-24,147890.30099383788,43202.53590286449,104687.76509097338
2020-01-27,145457.36348912667,43202.53590286449,102254.8275862622
2020-01-28,147021.929284935,43202.53590286449,103819.39338207053
2020-01-29,147124.53814340616,43202.53590286449,103922.00224054165
2020-01-30,148674.38947767531,43202.53590286449,105471.85357481084
2020-01-31,146172.23662523465,43202.53590286449,102969.70072237018
2020-02-03,148140.87717921287,43202.53590286449,104938.3412763484
2020-02-04,150500.09379146708,43202.53590286449,107297.5578886026
2020-02-05,150599.1959992266,43202.53590286449,107396.6600963621
2020-02-06,152068.77045667724,43202.53590286449,108866.23455381274
2020-02-07,151102.4052920383,28610.238350264426,122492.16694177387
2020-02-10,154577.0595578022,28610.238350264426,125966.82120753775
2020-02-11,156022.89105477542,28610.238350264426,127412.65270451098
2020-02-12,157576.1993385224,28610.238350264426,128965.96098825797
2020-02-13,159409.72411820735,28610.238350264426,130799.48576794291
2020-02-14,157759.16095767217,28610.238350264426,129148.92260740773
2020-02-18,160540.1200380438,28610.238350264426,131929.88168777936
2020-02-19,163579.55657752827,28610.238350264426,134969.31822726384
2020-02-20,161092.66916215114,28610.238350264426,132482.4308118867
2020-02-21,157685.48816563707,28610.238350264426,129075.24981537263
2020-02-24,149869.94534294505,75875.14303777262,73994.80230517244
2020-02-25,147084.91451855842,75875.14303777262,71209.77148078581
2020-02-26,146410.15879917564,101379.94735539699,45030.21144377865
2020-02-27,144781.4633582447,122888.28907598258,21893.174282262135
2020-02-28,145095.2945085626,122888.28907598258,22207.005432580023
2020-03-02,145553.34946838155,122888.28907598258,22665.06039239898
2020-03-03,144336.10016408365,122888.28907598258,21447.811088101054
2020-03-04,145013.3746101264,122888.28907598258,22125.085534143815
2020-03-05,144253.02710896745,122888.28907598258,21364.738032984875
2020-03-06,143782.28038349064,143782.28038349064,0.0
2020-03-09,143749.92937040434,111398.91628411895,32351.013086285395
2020-03-10,145705.79255982922,111398.91628411895,34306.87627571026
2020-03-11,144424.09429162054,111398.91628411895,33025.17800750159
2020-03-12,141302.23094320914,117193.470604972,24108.76033823714
2020-03-13,144258.5668207805,117193.470604972,27065.09621580851
2020-03-16,140294.99760990252,134176.55657020528,6118.441039697225
2020-03-17,140668.91714087263,134176.55657020528,6492.360570667333
2020-03-18,139985.47571794761,139985.47571794761,0.0
2020-03-19,139985.47571794761,139985.47571794761,0.0
2020-03-20,139985.47571794761,139985.47571794761,0.0
2020-03-23,139985.47571794761,139985.47571794761,0.0
2020-03-24,139985.47571794761,139985.47571794761,0.0
2020-03-25,139985.47571794761,139985.47571794761,0.0
2020-03-26,139985.47571794761,139985.47571794761,0.0
2020-03-27,139985.47571794761,139985.47571794761,0.0
2020-03-30,139985.47571794761,139985.47571794761,0.0
2020-03-31,139985.47571794761,139985.47571794761,0.0
2020-04-01,139985.47571794761,139985.47571794761,0.0
2020-04-02,139985.47571794761,139985.47571794761,0.0
2020-04-03,139985.47571794761,139985.47571794761,0.0
2020-04-06,139985.47571794761,139985.47571794761,0.0
2020-04-07,139964.4778965899,118966.65653889776,20997.821357692148
2020-04-08,140847.5206453807,118966.65653889776,21880.864106482935
2020-04-09,141870.58690239393,118966.65653889776,22903.93036349617
2020-04-13,141650.94229565142,118966.65653889776,22684.285756753656
2020-04-14,141663.15883090702,118966.65653889776,22696.502292009252
2020-04-15,141441.82969569048,118966.65653889776,22475.173156792735
2020-04-16,140651.05444361153,123012.860377393,17638.19406621854
2020-04-17,141759.96182477765,123012.860377393,18747.10144738466
2020-04-20,141131.79642336885,123012.860377393,18118.936045975846
2020-04-21,140449.63264980164,123012.860377393,17436.772272408645
2020-04-22,140848.29209657531,123012.860377393,17835.431719182325
2020-04-23,141634.06139678747,123012.860377393,18621.20101939446
2020-04-24,141076.53872151155,126838.68164307505,14237.85707843649
2020-04-27,141645.9605721544,126838.68164307505,14807.278929079368
2020-04-28,141421.99870633837,126838.68164307505,14583.317063263326
2020-04-29,141475.3138917598,126838.68164307505,14636.632248684775
2020-04-30,140842.8158238338,131829.05610368354,9013.759720150254
2020-05-01,140580.35803984178,131829.05610368354,8751.301936158252
2020-05-04,140566.35388085325,131829.05610368354,8737.297777169711
2020-05-05,140572.18233221667,131829.05610368354,8743.12622853312
2020-05-06,140521.85035898004,131829.05610368354,8692.794255296485
2020-05-07,140691.8324456004,119584.89153762413,21106.940907976263
2020-05-08,140933.20410447195,119584.89153762413,21348.312566847813
2020-05-11,140600.7076531412,119584.89153762413,21015.816115517075
2020-05-12,140048.0404629393,119584.89153762413,20463.148925315167
2020-05-13,139207.72859124813,119584.89153762413,19622.837053624
2020-05-14,139595.44544407647,123164.62866877089,16430.816775305568
2020-05-15,139365.36389992907,123164.62866877089,16200.735231158174
2020-05-18,140436.2230441236,123164.62866877089,17271.594375352706
2020-05-19,140026.28768505357,123164.62866877089,16861.659016282665
2020-05-20,140414.13620167458,123164.62866877089,17249.50753290369
2020-05-21,140610.13449389493,123164.62866877089,17445.50582512404
2020-05-22,140427.13072200282,123164.62866877089,17262.502053231947
2020-05-26,141267.46006983178,123164.62866877089,18102.83140106088
2020-05-27,142003.0613117533,123164.62866877089,18838.43264298239
2020-05-28,141657.97861570359,123164.62866877089,18493.3499469327
2020-05-29,141430.89127306893,123164.62866877089,18266.26260429805
2020-06-01,142104.42419169197,123164.62866877089,18939.795522921086
2020-06-02,142135.6974723063,123164.62866877089,18971.0688035354
2020-06-03,143254.3050639881,123164.62866877089,20089.67639521721
2020-06-04,143800.2532558433,123164.62866877089,20635.624587072416
2020-06-05,145077.97564188356,123164.62866877089,21913.346973112664
2020-06-08,146398.1845134272,113451.17992187299,32947.00459155423
2020-06-09,144722.11996049806,113451.17992187299,31270.940038625075
2020-06-10,143690.94252093282,118826.63730328757,24864.305217645244
2020-06-11,141308.21933915594,128534.53009830503,12773.689240850917
2020-06-12,141271.6675680051,128534.53009830503,12737.13746970008
2020-06-15,141777.8389308828,128534.53009830503,13243.308832577766
2020-06-16,142070.9772785135,128534.53009830503,13536.447180208484
2020-06-17,141855.25582739554,128534.53009830503,13320.725729090515
2020-06-18,142011.47319117936,128534.53009830503,13476.943092874342
2020-06-19,141913.88005260556,128534.53009830503,13379.349954300524
2020-06-22,142213.04770455573,128534.53009830503,13678.517606250713
2020-06-23,142208.5974150929,128534.53009830503,13674.06731678787
2020-06-24,142215.5096942639,128534.53009830503,13680.979595958866
2020-06-25,142310.5073390831,128534.53009830503,13775.977240778058
2020-06-26,142102.55869197822,134038.13482208925,8064.423869888963
2020-06-29,141843.7939836741,134038.13482208925,7805.659161584856
2020-06-30,142000.18338525575,134038.13482208925,7962.0485631664815
2020-07-01,142175.7294331378,134038.13482208925,8137.594611048553
2020-07-02,142257.6921635495,134038.13482208925,8219.557341460246
2020-07-06,142234.45386451037,134038.13482208925,8196.319042421113
2020-07-07,142247.6575798517,120907.30789042052,21340.34968943117
2020-07-08,142417.58421214973,120907.30789042052,21510.276321729212
2020-07-09,142211.8855846277,120907.30789042052,21304.577694207153
2020-07-10,143215.11915809513,120907.30789042052,22307.811267674617
2020-07-13,142444.92663165045,120907.30789042052,21537.618741229926
2020-07-14,142741.44397514433,120907.30789042052,21834.136084723817
2020-07-15,143502.1865389378,120907.30789042052,22594.87864851728
2020-07-16,142730.82864148638,120907.30789042052,21823.520751065862
2020-07-17,142580.45874573072,120907.30789042052,21673.150855310207
2020-07-20,143271.54747507029,120907.30789042052,22364.239584649753
2020-07-21,143028.4711704789,120907.30789042052,22121.163280058383
2020-07-22,143005.90128960036,120907.30789042052,22098.593399179852
2020-07-23,142596.13798257953,120907.30789042052,21688.830092159
2020-07-24,142138.5953707823,120907.30789042052,21231.287480361774
2020-07-27,142562.16619838355,120907.30789042052,21654.858307963037
2020-07-28,142428.25724431718,120907.30789042052,21520.949353896653
2020-07-29,142377.28423539677,120907.30789042052,21469.976344976243
2020-07-30,142161.18265582022,120907.30789042052,21253.8747653997
2020-07-31,141909.5161061963,124677.18172639121,17232.33437980509
2020-08-03,142540.76895158397,124677.18172639121,17863.587225192758
2020-08-04,142685.27110343066,124677.18172639121,18008.089377039458
2020-08-05,142984.0574507817,124677.18172639121,18306.8757243905
2020-08-06,143031.2695593377,124677.18172639121,18354.08783294649
2020-08-07,142637.9660960508,85559.9484505723,57078.017645478525
2020-08-10,143226.21237154264,85559.9484505723,57666.263920970334
2020-08-11,141557.02470775048,85559.9484505723,55997.07625717817
2020-08-12,141996.38277205688,85559.9484505723,56436.43432148459
2020-08-13,141606.82429068323,85559.9484505723,56046.87584011093
2020-08-14,141857.74939609808,85559.9484505723,56297.8009455258
2020-08-17,141019.74123363668,85559.9484505723,55459.792783064404
2020-08-18,140539.93889276363,85559.9484505723,54979.99044219134
2020-08-19,140520.16406947657,85559.9484505723,54960.215618904265
2020-08-20,140718.99906924012,85559.9484505723,55159.05061866783
2020-08-21,140045.4250566407,85559.9484505723,54485.47660606842
2020-08-24,141624.99587378133,85559.9484505723,56065.047423209035
2020-08-25,141613.40620674452,85559.9484505723,56053.457756172225
2020-08-26,142916.3232474327,85559.9484505723,57356.37479686043
2020-08-27,142805.02074642066,85559.9484505723,57245.07229584836
2020-08-28,144304.3041620369,85559.9484505723,58744.355711464596
2020-08-31,143945.948828022,85559.9484505723,58386.0003774497
2020-09-01,144331.8155621343,85559.9484505723,58771.867111562
2020-09-02,144687.01991773862,85559.9484505723,59127.071467166345
2020-09-03,142604.71289901657,85559.9484505723,57044.764448444264
2020-09-04,142100.5204685054,95203.89957362309,46896.620894882304
2020-09-08,140817.38597861648,84467.89178949423,56349.494189122255
2020-09-09,144069.63366880105,84467.89178949423,59601.741879306835
2020-09-10,142399.80820399662,84467.89178949423,57931.91641450238
2020-09-11,141247.02863572096,84467.89178949423,56779.13684622671
2020-09-14,143408.97572063844,84467.89178949423,58941.08393114421
2020-09-15,143874.4857198376,84467.89178949423,59406.59393034338
2020-09-16,142394.41519987467,84467.89178949423,57926.523410380425
2020-09-17,142112.35647403213,84467.89178949423,57644.464684537896
2020-09-18,142174.24287436216,84467.89178949423,57706.351084867914
2020-09-21,144751.3320444087,84467.89178949423,60283.440254914465
2020-09-22,146168.47265932863,84467.89178949423,61700.580869834404
2020-09-23,145009.63750754224,84467.89178949423,60541.74571804801
2020-09-24,143925.57464598052,84467.89178949423,59457.682856486295
2020-09-25,146628.1107950563,84467.89178949423,62160.219005562074
2020-09-28,147016.03904941367,84467.89178949423,62548.14725991944
2020-09-29,146708.8093143264,84467.89178949423,62240.917524832184
2020-09-30,147475.10407603593,84467.89178949423,63007.21228654171
2020-10-01,148861.9371653958,84467.89178949423,64394.04537590156
2020-10-02,147281.5668129108,84467.89178949423,62813.67502341658
2020-10-05,149321.24528405763,84467.89178949423,64853.3534945634
2020-10-06,148349.97916612308,84467.89178949423,63882.08737662887
2020-10-07,149232.72039633556,76446.2858162642,72786.43458007136
2020-10-08,149663.01703061815,76446.2858162642,73216.73121435395
2020-10-09,150438.5294092162,76446.2858162642,73992.24359295199
2020-10-12,151193.69098351695,76446.2858162642,74747.40516725276
2020-10-13,150565.86489850245,76446.2858162642,74119.57908223826
2020-10-14,149886.42480046937,76446.2858162642,73440.13898420517
2020-10-15,150870.4960557631,76446.2858162642,74424.21023949892
2020-10-16,151431.12747529452,76446.2858162642,74984.84165903031
2020-10-19,150991.82576465816,76446.2858162642,74545.53994839395
2020-10-20,150197.40003320354,76446.2858162642,73751.11421693934
2020-10-21,148982.42649211187,76446.2858162642,72536.1406758477
2020-10-22,150558.56936104715,76446.2858162642,74112.28354478296
2020-10-23,149975.07399789168,76446.2858162642,73528.78818162749
2020-10-26,149140.88008657302,76446.2858162642,72694.59427030884
2020-10-27,148587.53116083267,76446.2858162642,72141.2453445685
2020-10-28,146159.06926011783,76446.2858162642,69712.78344385365
2020-10-29,145752.48027531005,76446.2858162642,69306.19445904584
2020-10-30,143938.4605423061,103688.81765837275,40249.64288393335
2020-11-02,144792.76045943744,103688.81765837275,41103.94280106471
2020-11-03,146030.11843058057,103688.81765837275,42341.30077220782
2020-11-04,144783.955101608,103688.81765837275,41095.137443235246
2020-11-05,146136.3369183946,103688.81765837275,42447.519260021865
2020-11-06,145899.96630453382,103688.81765837275,42211.14864616107
2020-11-09,151394.09007696382,94600.00851751759,56794.08155944624
2020-11-10,150423.75021017238,94600.00851751759,55823.741692654774
2020-11-11,150881.00607065068,94600.00851751759,56280.997553133086
2020-11-12,150765.22282810757,94600.00851751759,56165.21431058997
2020-11-13,152086.4749665664,94600.00851751759,57486.46644904881
2020-11-16,152355.8403644599,94600.00851751759,57755.831846942296
2020-11-17,154130.37007020414,94600.00851751759,59530.36155268655
2020-11-18,155594.8157819989,94600.00851751759,60994.80726448132
2020-11-19,156799.56670688157,94600.00851751759,62199.55818936398
2020-11-20,157041.4716335085,94600.00851751759,62441.46311599092
2020-11-23,158669.66003062538,94600.00851751759,64069.65151310778
2020-11-24,159424.71391026425,94600.00851751759,64824.705392746655
2020-11-25,160867.4409498503,94600.00851751759,66267.43243233272
2020-11-27,161910.30945455394,94600.00851751759,67310.30093703634
2020-11-30,160997.86211382403,94600.00851751759,66397.85359630644
2020-12-01,161608.27674735195,94600.00851751759,67008.26822983436
2020-12-02,163076.50088795595,94600.00851751759,68476.49237043837
2020-12-03,164826.87775728694,94600.00851751759,70226.86923976934
2020-12-04,164342.8641885493,94600.00851751759,69742.85567103172
2020-12-07,167031.51347923017,116907.02208804374,50124.49139118641
2020-12-08,167232.30579392836,116907.02208804374,50325.28370588461
2020-12-09,165710.87688210915,116907.02208804374,48803.85479406541
2020-12-10,166253.14158057797,116907.02208804374,49346.11949253422
2020-12-11,165976.75842721804,116907.02208804374,49069.736339174306
2020-12-14,166105.58045531914,116907.02208804374,49198.5583672754
2020-12-15,166243.67589691968,116907.02208804374,49336.653808875955
2020-12-16,166686.60277559466,116907.02208804374,49779.58068755092
2020-12-17,166425.13295223768,116907.02208804374,49518.11086419394
2020-12-18,165790.46574047103,116907.02208804374,48883.443652427304
2020-12-21,165597.14765923296,116907.02208804374,48690.1255711892
2020-12-22,165745.63861461222,116907.02208804374,48838.61652656848
2020-12-23,165014.25812355065,116907.02208804374,48107.2360355069
2020-12-24,164680.52603445912,116907.02208804374,47773.50394641537
2020-12-28,164354.42964707187,116907.02208804374,47447.40755902814
2020-12-29,164907.25266207627,116907.02208804374,48000.23057403253
2020-12-30,164671.12146136144,116907.02208804374,47764.099373317695
2020-12-31,164293.6158892179,125198.30248533095,39095.31340388696
2021-01-04,163465.44228621517,125198.30248533095,38267.13980088422
2021-01-05,164182.6695245927,125198.30248533095,38984.367039261764
2021-01-06,163764.47287288614,125198.30248533095,38566.1703875552
2021-01-07,164102.18049789942,57366.38490713079,106735.79559076863
2021-01-08,164133.95848416572,57366.38490713079,106767.57357703493
2021-01-11,162693.1830561558,57366.38490713079,105326.798149025
2021-01-12,164674.28532499634,57366.38490713079,107307.90041786555
2021-01-13,165254.55627498392,57366.38490713079,107888.17136785311
2021-01-14,167005.99855195728,57366.38490713079,109639.61364482649
2021-01-15,166725.86660536155,57366.38490713079,109359.48169823075
2021-01-19,168216.85876811604,57366.38490713079,110850.47386098525
2021-01-20,168786.24501551245,57366.38490713079,111419.86010838166
2021-01-21,170139.37939362435,57366.38490713079,112772.99448649355
2021-01-22,170137.07881786133,57366.38490713079,112770.69391073052
2021-01-25,173671.12221554056,57366.38490713079,116304.73730840975
2021-01-26,173722.30260960432,57366.38490713079,116355.91770247351
2021-01-27,172461.63443795516,57366.38490713079,115095.24953082437
2021-01-28,173581.87570461154,57366.38490713079,116215.49079748076
2021-01-29,174772.94437549368,57366.38490713079,117406.55946836287
2021-02-01,173221.0410969848,57366.38490713079,115854.656189854
2021-02-02,175519.4218600229,57366.38490713079,118153.03695289211
2021-02-03,176834.9414372818,57366.38490713079,119468.55653015102
2021-02-04,179432.43599653803,57366.38490713079,122066.05108940722
2021-02-05,181766.45386320012,57366.38490713079,124400.06895606933
2021-02-08,183193.2763556509,64040.19722304163,119153.07913260926
2021-02-09,183215.44936252723,64040.19722304163,119175.25213948562
2021-02-10,180194.6305524712,64040.19722304163,116154.4333294296
2021-02-11,179967.5678179419,64040.19722304163,115927.37059490025
2021-02-12,180348.68788809865,64040.19722304163,116308.490665057
2021-02-16,180948.19961961923,64040.19722304163,116908.00239657759
2021-02-17,179386.10662616327,64040.19722304163,115345.90940312164
2021-02-18,176962.04549706564,64040.19722304163,112921.848274024
2021-02-19,178237.92152152793,64040.19722304163,114197.72429848628
2021-02-22,174178.7235418092,83760.58255911921,90418.14098268996
2021-02-23,173146.94835474758,83760.58255911921,89386.36579562837
2021-02-24,176603.5747110509,83760.58255911921,92842.9921519317
2021-02-25,172394.39898321853,104918.15132295772,67476.24766026082
2021-02-26,172475.87617076206,104918.15132295772,67557.72484780432
2021-03-01,175388.8489147587,104918.15132295772,70470.69759180097
2021-03-02,175732.32590151957,104918.15132295772,70814.17457856186
2021-03-03,176243.87583571966,104918.15132295772,71325.72451276194
2021-03-04,174852.52322678527,104918.15132295772,69934.37190382754
2021-03-05,175922.20031504054,104918.15132295772,71004.04899208283
2021-03-08,176783.23099697422,61799.39135317248,114983.83964380174
2021-03-09,187705.39227864792,61799.39135317248,125906.00092547543
2021-03-10,188253.19914303228,61799.39135317248,126453.8077898598
2021-03-11,192902.18413016872,61799.39135317248,131102.79277699624
2021-03-12,193859.747201013,61799.39135317248,132060.35584784052
2021-03-15,195400.96203322383,61799.39135317248,133601.57068005134
2021-03-16,192682.95778500254,61799.39135317248,130883.56643183006
2021-03-17,195687.11344656505,61799.39135317248,133887.72209339257
2021-03-18,188412.1758694842,61799.39135317248,126612.78451631172
2021-03-19,189385.7812360311,61799.39135317248,127586.3898828586
2021-03-22,191215.17131825248,61799.39135317248,129415.77996508
2021-03-23,188053.9605633447,61799.39135317248,126254.56921017222
2021-03-24,183430.72033868326,61799.39135317248,121631.32898551077
2021-03-25,184306.50077579386,61799.39135317248,122507.10942262138
2021-03-26,183398.83389618868,83364.44056521002,100034.39333097865
2021-03-29,183808.7378374599,83364.44056521002,100444.29727224988
2021-03-30,184448.75060776147,83364.44056521002,101084.31004255144
2021-03-31,187772.50667460728,83364.44056521002,104408.06610939727
2021-04-01,189067.3293577531,83364.44056521002,105702.88879254309
2021-04-05,191376.65137222875,83364.44056521002,108012.21080701871
2021-04-06,190722.13512796466,83364.44056521002,107357.69456275465
2021-04-07,190286.64816454938,66519.87845728255,123766.76970726682
2021-04-08,191989.75049350597,66519.87845728255,125469.87203622343
2021-04-09,191666.72928403434,66519.87845728255,125146.8508267518
2021-04-12,193687.0086410725,66519.87845728255,127167.13018378994
2021-04-13,196240.76120441203,66519.87845728255,129720.88274712948
2021-04-14,193333.59482480938,66519.87845728255,126813.71636752682
2021-04-15,195264.98616414587,66519.87845728255,128745.1077068633
2021-04-16,194600.26571237476,66519.87845728255,128080.38725509221
2021-04-19,192078.3387908748,66519.87845728255,125558.46033359224
2021-04-20,190451.5527418883,66519.87845728255,123931.67428460575
2021-04-21,190581.1996053438,66519.87845728255,124061.32114806124
2021-04-22,187366.39043866395,66519.87845728255,120846.5119813814
2021-04-23,189049.41249410523,66519.87845728255,122529.53403682269
2021-04-26,190738.08401247772,66519.87845728255,124218.20555519515
2021-04-27,189647.99792387255,66519.87845728255,123128.11946659001
2021-04-28,187536.05288899766,66519.87845728255,121016.1744317151
2021-04-29,187672.20705021382,66519.87845728255,121152.32859293126
2021-04-30,187835.52503657033,66519.87845728255,121315.64657928776
2021-05-03,186240.1775720359,66519.87845728255,119720.29911475335
2021-05-04,184391.65930751624,66519.87845728255,117871.78085023367
2021-05-05,183820.76705728317,66519.87845728255,117300.88860000062
2021-05-06,183885.21981631214,66519.87845728255,117365.34135902958
2021-05-07,185626.42766909665,35147.133028469456,150479.2946406272
2021-05-10,180626.38935840488,35147.133028469456,145479.25632993542
2021-05-11,179760.8963823625,35147.133028469456,144613.76335389304
2021-05-12,174660.18193870084,35147.133028469456,139513.0489102314
2021-05-13,173281.1954760753,35147.133028469456,138134.06244760586
2021-05-14,178141.6956034058,35147.133028469456,142994.56257493634
2021-05-17,177185.45829957956,35147.133028469456,142038.3252711101
2021-05-18,177819.5650224773,35147.133028469456,142672.43199400784
2021-05-19,176498.86360113136,60368.08737092301,116130.77623020836
2021-05-20,180201.9930699012,60368.08737092301,119833.90569897817
2021-05-21,180622.45124162053,60368.08737092301,120254.36387069753
2021-05-24,181756.0719911459,60368.08737092301,121387.98462022291
2021-05-25,182043.2447676775,60368.08737092301,121675.15739675451
2021-05-26,184836.88904379154,60368.08737092301,124468.80167286853
2021-05-27,187876.77185630886,60368.08737092301,127508.68448538586
2021-05-28,187931.2110685811,60368.08737092301,127563.1236976581
2021-06-01,188993.10750399664,60368.08737092301,128625.02013307365
2021-06-02,190438.29044697364,60368.08737092301,130070.20307605065
2021-06-03,188856.03617324744,60368.08737092301,128487.94880232442
2021-06-04,191503.62656992214,60368.08737092301,131135.53919899915
2021-06-07,194297.68804472353,19272.24590654805,175025.44213817548
2021-06-08,193086.37466401112,19272.24590654805,173814.12875746307
2021-06-09,192064.89862613598,19272.24590654805,172792.65271958793
2021-06-10,193401.07378374872,19272.24590654805,174128.82787720067
2021-06-11,193841.09441356346,19272.24590654805,174568.8485070154
2021-06-14,194089.53978312187,19272.24590654805,174817.29387657382
2021-06-15,192538.8166708871,19272.24590654805,173266.57076433906
2021-06-16,192453.98253618326,19272.24590654805,173181.7366296352
2021-06-17,194410.95655760326,19272.24590654805,175138.7106510552
2021-06-18,193935.87558194448,19272.24590654805,174663.62967539643
2021-06-21,194066.0496383659,19272.24590654805,174793.80373181784
2021-06-22,194563.27692143296,19272.24590654805,175291.0310148849
2021-06-23,197348.46343643658,19272.24590654805,178076.21752988853
2021-06-24,199774.0267931797,19272.24590654805,180501.78088663166
2021-06-25,198794.3748200101,19272.24590654805,179522.12891346205
2021-06-28,200154.81306452563,19272.24590654805,180882.56715797758
2021-06-29,200892.3285209614,19272.24590654805,181620.08261441335
2021-06-30,202316.0662442955,19272.24590654805,183043.82033774746
2021-07-01,202558.13009452086,19272.24590654805,183285.8841879728
2021-07-02,203874.802785034,19272.24590654805,184602.55687848595
2021-07-06,201758.9030405682,19272.24590654805,182486.65713402015
2021-07-07,198075.9898155216,39488.32783351871,158587.6619820029
2021-07-08,199706.5049804278,39488.32783351871,160218.1771469091
2021-07-09,201762.99599890583,39488.32783351871,162274.66816538712
2021-07-12,204727.7556074444,39488.32783351871,165239.42777392568
2021-07-13,200954.12100171947,39488.32783351871,161465.79316820076
2021-07-14,201263.0995831157,39488.32783351871,161774.77174959698
2021-07-15,202249.48020728448,39488.32783351871,162761.15237376577
2021-07-16,203574.68277335793,39488.32783351871,164086.35493983922
2021-07-19,205060.01523484322,39488.32783351871,165571.6874013245
2021-07-20,207151.56928108912,39488.32783351871,167663.2414475704
2021-07-21,211079.42039877022,39488.32783351871,171591.0925652515
2021-07-22,209771.62367697462,39488.32783351871,170283.2958434559
2021-07-23,213258.227916403,39488.32783351871,173769.9000828843
2021-07-26,213339.83736583107,39488.32783351871,173851.50953231237
2021-07-27,210419.39132683238,39488.32783351871,170931.06349331368
2021-07-28,215371.53731234127,39488.32783351871,175883.20947882257
2021-07-29,217299.8941732005,39488.32783351871,177811.5663396818
2021-07-30,218100.42414287254,39488.32783351871,178612.09630935383
2021-08-02,218126.91874346865,39488.32783351871,178638.59090994994
2021-08-03,226193.32599495622,39488.32783351871,186704.9981614375
2021-08-04,230850.69275661625,39488.32783351871,191362.36492309754
2021-08-05,231439.07345235234,39488.32783351871,191950.74561883364
2021-08-06,231358.08598787893,39488.32783351871,191869.75815436023
2021-08-09,241613.14404371925,48167.872591582105,193445.27145213715
2021-08-10,237108.29382929718,48167.872591582105,188940.42123771508
2021-08-11,231024.11103299493,78939.75265156668,152084.35838142826
2021-08-12,230804.40116738278,78939.75265156668,151864.64851581608
2021-08-13,231020.27516851132,78939.75265156668,152080.52251694462
2021-08-16,228464.77977554937,78939.75265156668,149525.02712398267
2021-08-17,226461.0455794324,78939.75265156668,147521.2929278657
2021-08-18,222447.74518585793,78939.75265156668,143507.99253429126
2021-08-19,222713.64814012754,78939.75265156668,143773.89548856087
2021-08-20,225844.50258621987,78939.75265156668,146904.74993465317
2021-08-23,231285.69007220143,78939.75265156668,152345.93742063473
2021-08-24,230791.71082215314,78939.75265156668,151851.95817058644
2021-08-25,231433.63432968094,78939.75265156668,152493.88167811427
2021-08-26,229889.24421184888,78939.75265156668,150949.4915602822
2021-08-27,233821.09618054127,78939.75265156668,154881.34352897457
2021-08-30,233100.26583300426,78939.75265156668,154160.51318143756
2021-08-31,232272.89531727886,78939.75265156668,153333.14266571216
2021-09-01,233414.46506417333,78939.75265156668,154474.71241260663
2021-09-02,231393.86827423255,78939.75265156668,152454.11562266588
2021-09-03,231651.36089799326,78939.75265156668,152711.60824642656
2021-09-07,230424.7293122543,45937.355963772054,184487.37334848224
2021-09-08,227967.40778010277,45937.355963772054,182030.05181633073
2021-09-09,230872.4997277262,45937.355963772054,184935.14376395414
2021-09-10,230176.04039214086,45937.355963772054,184238.6844283688
2021-09-13,225340.1868147118,45937.355963772054,179402.83085093976
2021-09-14,225444.72310456785,45937.355963772054,179507.3671407958
2021-09-15,226303.77835794404,45937.355963772054,180366.422394172
2021-09-16,226623.1391892743,45937.355963772054,180685.78322550227
2021-09-17,225556.7430972254,45937.355963772054,179619.38713345336
2021-09-20,222080.19721285623,45937.355963772054,176142.8412490842
2021-09-21,223391.0731914387,45937.355963772054,177453.71722766667
2021-09-22,224570.41861195536,45937.355963772054,178633.06264818332
2021-09-23,227069.75989484225,45937.355963772054,181132.4039310702
2021-09-24,223620.9592462903,45937.355963772054,177683.60328251825
2021-09-27,221767.47746651972,45937.355963772054,175830.12150274767
2021-09-28,214111.5984875664,78422.9260998778,135688.6723876886
2021-09-29,213055.82724805071,78422.9260998778,134632.9011481729
2021-09-30,215029.5227432228,78422.9260998778,136606.596643345
2021-10-01,215705.8598331305,78422.9260998778,137282.9337332527
2021-10-04,212547.2081412495,78422.9260998778,134124.28204137168
2021-10-05,213323.8344694972,78422.9260998778,134900.9083696194
2021-10-06,214381.6675280223,109623.90120113826,104757.76632688404
2021-10-07,217001.08457680556,86722.2665399001,130278.81803690546
2021-10-08,215637.33581498827,86722.2665399001,128915.06927508817
2021-10-11,215254.5608711573,86722.2665399001,128532.2943312572
2021-10-12,216339.49587989866,86722.2665399001,129617.22933999855
2021-10-13,219505.21484941847,86722.2665399001,132782.94830951837
2021-10-14,223049.0761040582,86722.2665399001,136326.8095641581
2021-10-15,222310.11490421442,86722.2665399001,135587.84836431433
2021-10-18,225564.30234791827,86722.2665399001,138842.03580801818
2021-10-19,226588.3027000149,86722.2665399001,139866.0361601148
2021-10-20,225638.67780222205,86722.2665399001,138916.41126232196
2021-10-21,228536.9797583989,86722.2665399001,141814.7132184988
2021-10-22,227438.6242119254,86722.2665399001,140716.3576720253
2021-10-25,231771.79250363243,86722.2665399001,145049.52596373233
2021-10-26,233426.7395944042,86722.2665399001,146704.4730545041
2021-10-27,231915.4486587237,86722.2665399001,145193.1821188236
2021-10-28,233440.89667753343,86722.2665399001,146718.63013763333
2021-10-29,234521.12381851516,86722.2665399001,147798.85727861506
2021-11-01,235678.6590870115,86722.2665399001,148956.3925471114
2021-11-02,237248.09507235035,86722.2665399001,150525.82853245025
2021-11-03,238857.1623575067,86722.2665399001,152134.8958176066
2021-11-04,240544.56513830106,110643.77560352805,129900.789534773
2021-11-05,239172.7348539551,110643.77560352805,128528.95925042705
2021-11-08,244668.9679896277,85530.69892147538,159138.26906815232
2021-11-09,240174.54268665917,85530.69892147538,154643.8437651838
2021-11-10,236762.91761873235,85530.69892147538,151232.21869725696
2021-11-11,239062.86827848243,85530.69892147538,153532.16935700705
2021-11-12,238423.0356070415,85530.69892147538,152892.33668556612
2021-11-15,237775.7875641617,85530.69892147538,152245.0886426863
2021-11-16,240422.85712493758,85530.69892147538,154892.1582034622
2021-11-17,240186.36534642975,85530.69892147538,154655.66642495437
2021-11-18,242846.47292647776,85530.69892147538,157315.77400500237
2021-11-19,245027.3526391107,85530.69892147538,159496.65371763532
2021-11-22,245815.52580401956,85530.69892147538,160284.82688254418
2021-11-23,242842.9498296188,85530.69892147538,157312.2509081434
2021-11-24,246149.64305572648,85530.69892147538,160618.9441342511
2021-11-26,241974.45492642646,85530.69892147538,156443.75600495108
2021-11-29,247548.0151904114,85530.69892147538,162017.316268936
2021-11-30,245031.14752404526,85530.69892147538,159500.44860256987
2021-12-01,240673.00104223005,85530.69892147538,155142.30212075467
2021-12-02,242451.15135769593,85530.69892147538,156920.45243622054
2021-12-03,236337.8973428838,85530.69892147538,150807.19842140842
2021-12-06,235649.08792933097,85530.69892147538,150118.38900785559
2021-12-07,242471.59098186836,48339.01213329481,194132.57884857355
2021-12-08,243354.300853631,48339.01213329481,195015.2887203362
2021-12-09,239216.44678350195,48339.01213329481,190877.43465020714
2021-12-10,237655.17181969405,48339.01213329481,189316.15968639925
2021-12-13,236444.3601140372,48339.01213329481,188105.3479807424
2021-12-14,235261.21894821714,48339.01213329481,186922.20681492233
2021-12-15,240321.90689177366,48339.01213329481,191982.89475847885
2021-12-16,236924.1246052923,48339.01213329481,188585.1124719975
2021-12-17,238344.59528889498,48339.01213329481,190005.58315560018
2021-12-20,232280.04222104096,48339.01213329481,183941.03008774616
2021-12-21,237810.12340667346,48339.01213329481,189471.11127337866
2021-12-22,236614.09808487995,48339.01213329481,188275.08595158515
2021-12-23,237905.83302315813,82715.63930075761,155190.19372240052
2021-12-27,240633.4605012244,82715.63930075761,157917.8212004668
2021-12-28,240498.75464366702,82715.63930075761,157783.1153429094
2021-12-29,238654.76459541236,82715.63930075761,155939.12529465475
2021-12-30,237725.08869420315,82715.63930075761,155009.44939344554
2021-12-31,236766.110174359,82715.63930075761,154050.47087360139
2022-01-03,241204.8926618002,82715.63930075761,158489.2533610426
2022-01-04,240173.99218112262,82715.63930075761,157458.352880365
2022-01-05,234692.83243764538,82715.63930075761,151977.19313688777
2022-01-06,234217.37381911968,82715.63930075761,151501.73451836206
2022-01-07,233526.48906200513,65266.269579333864,168260.21948267127
2022-01-10,234238.19518648667,65266.269579333864,168971.9256071528
2022-01-11,237272.97336313457,65266.269579333864,172006.7037838007
2022-01-12,239050.00507361421,65266.269579333864,173783.73549428035
2022-01-13,233725.82121721344,65266.269579333864,168459.55163787957
2022-01-14,235703.76153546586,65266.269579333864,170437.491956132
2022-01-18,230910.0552060065,65266.269579333864,165643.78562667264
2022-01-19,224800.43189003578,65266.269579333864,159534.1623107019
2022-01-20,221268.13950791486,65266.269579333864,156001.869928581
2022-01-21,215670.51735834146,122568.37279367355,93102.1445646679
2022-01-24,213878.83627918,182751.29836829763,31127.537910882344
2022-01-25,214482.7855682909,182751.29836829763,31731.487199993277
2022-01-26,214766.6393663453,182751.29836829763,32015.34099804766
2022-01-27,215229.1318398798,182751.29836829763,32477.83347158214
2022-01-28,215813.33298126014,182751.29836829763,33062.034612962525
2022-01-31,214815.32376204355,182751.29836829763,32064.025393745927
2022-02-01,215046.5699988108,182751.29836829763,32295.271630513165
2022-02-02,215527.31796003226,182751.29836829763,32776.019591734614
2022-02-03,215235.21855004193,182751.29836829763,32483.920181744303
2022-02-04,215003.9723132747,182751.29836829763,32252.67394497706
2022-02-07,214986.5514282584,69772.60980358734,145213.94162467105
2022-02-08,216970.60608335864,69772.60980358734,147197.9962797713
2022-02-09,221588.8459981359,69772.60980358734,151816.23619454855
2022-02-10,217572.98738972816,69772.60980358734,147800.37758614082
2022-02-11,209423.2249526696,69772.60980358734,139650.61514908227
2022-02-14,210631.02037902683,69772.60980358734,140858.41057543948
2022-02-15,216978.77022369995,69772.60980358734,147206.1604201126
2022-02-16,215611.111641152,69772.60980358734,145838.50183756466
2022-02-17,209786.9088371527,96161.69569475834,113625.21314239436
2022-02-18,209539.21399912637,96161.69569475834,113377.51830436803
2022-02-22,206578.92285355757,96161.69569475834,110417.22715879923
2022-02-23,203144.86730184656,122455.00126414286,80689.8660377037
2022-02-24,206300.71652350586,122455.00126414286,83845.715259363
2022-02-25,207907.19421479947,122455.00126414286,85452.19295065661
2022-02-28,207696.0942100693,122455.00126414286,85241.09294592644
2022-03-01,205256.71948486898,122455.00126414286,82801.7182207261
2022-03-02,207248.3911240583,122455.00126414286,84793.38985991545
2022-03-03,204808.96189798653,122455.00126414286,82353.96063384369
2022-03-04,202718.35059848902,122455.00126414286,80263.34933434616
2022-03-07,198876.02200691472,119293.78030746905,79582.24169944567
2022-03-08,199955.76673892597,119293.78030746905,80661.98643145693
2022-03-09,203411.81565869277,119293.78030746905,84118.03535122372
2022-03-10,201906.17055809393,119293.78030746905,82612.39025062487
2022-03-11,199125.03927279345,119293.78030746905,79831.25896532442
2022-03-14,197663.29018269206,119293.78030746905,78369.509875223
2022-03-15,200909.09988154465,119293.78030746905,81615.3195740756
2022-03-16,205068.58245282902,119293.78030746905,85774.80214535998
2022-03-17,206220.82553080338,119293.78030746905,86927.04522333434
2022-03-18,208563.76586823424,119293.78030746905,89269.9855607652
2022-03-21,207906.4330513365,119293.78030746905,88612.65274386747
2022-03-22,210470.95184439968,119293.78030746905,91177.17153693062
2022-03-23,209315.13990688114,119293.78030746905,90021.35959941208
2022-03-24,211487.4294948968,119293.78030746905,92193.64918742776
2022-03-25,211386.68261481784,119293.78030746905,92092.90230734879
2022-03-28,213368.83547455806,119293.78030746905,94075.055167089
2022-03-29,215651.82422269293,119293.78030746905,96358.04391522387
2022-03-30,214384.93775422222,119293.78030746905,95091.15744675318
2022-03-31,211433.64104706922,119293.78030746905,92139.86073960018
2022-04-01,211485.01160199288,119293.78030746905,92191.23129452382
2022-04-04,214677.0745294292,119293.78030746905,95383.29422196014
2022-04-05,211539.1283729123,119293.78030746905,92245.34806544324
2022-04-06,208521.00736066076,135321.54348537358,73199.46387528717
2022-04-07,208283.1380123865,124936.54416989493,83346.59384249158
2022-04-08,206979.855778187,124936.54416989493,82043.31160829206
2022-04-11,205177.6084491084,124936.54416989493,80241.06427921347
2022-04-12,204294.48034341482,124936.54416989493,79357.93617351989
2022-04-13,205871.34454973968,124936.54416989493,80934.80037984475
2022-04-14,203830.90289855166,124936.54416989493,78894.35872865673
2022-04-18,203847.34452945934,124936.54416989493,78910.80035956441
2022-04-19,206296.30606073973,124936.54416989493,81359.76189084482
2022-04-20,198398.12575655562,135347.7917647822,63050.333991773434
2022-04-21,196176.20497496362,149409.23579166416,46766.96918329947
2022-04-22,195192.9742556031,163574.620758783,31618.35349682008
2022-04-25,195292.78600824525,163574.620758783,31718.165249462247
2022-04-26,193915.9417744061,163574.620758783,30341.321015623078
2022-04-27,192692.73349687102,178041.90778040228,14650.825716468731
2022-04-28,193157.7749725549,178041.90778040228,15115.86719215263
2022-04-29,192620.93444605244,178041.90778040228,14579.02666565016
2022-05-02,193038.4773274807,178041.90778040228,14996.56954707843
2022-05-03,193049.15442626277,178041.90778040228,15007.246645860503
2022-05-04,193629.81240877524,178041.90778040228,15587.90462837296
2022-05-05,192788.83525158968,178041.90778040228,14746.927471187393
2022-05-06,192439.04171944235,178041.90778040228,14397.133939040063
2022-05-09,191895.8842679768,167905.8999864445,23989.9842815323
2022-05-10,192202.46206941403,167905.8999864445,24296.562082969533
2022-05-11,191654.35090434365,167905.8999864445,23748.450917899132
2022-05-12,191810.85025224512,167905.8999864445,23904.9502658006
2022-05-13,193253.08897780173,167905.8999864445,25347.188991357223
2022-05-16,193476.8689793657,167905.8999864445,25570.968992921204
2022-05-17,194282.05218370713,167905.8999864445,26376.15219726262
2022-05-18,192929.49296169556,167905.8999864445,25023.59297525105
2022-05-19,193003.9877503644,167905.8999864445,25098.08776391991
2022-05-20,192866.18093317244,167905.8999864445,24960.280946727933
2022-05-23,193514.42588454048,167905.8999864445,25608.525898095984
2022-05-24,192775.08088233523,167905.8999864445,24869.180895890713
2022-05-25,193271.97292655025,167905.8999864445,25366.072940105747
2022-05-26,194175.4911825761,167905.8999864445,26269.591196131616
2022-05-27,194815.68758840385,167905.8999864445,26909.787601959328
2022-05-31,194728.61473517615,167905.8999864445,26822.714748731647
2022-06-01,194445.96060975618,167905.8999864445,26540.06062331167
2022-06-02,195432.3254145729,167905.8999864445,27526.425428128387
2022-06-03,194947.83405253064,167905.8999864445,27041.93406608614
2022-06-06,194872.23459104655,167905.8999864445,26966.334604602045
2022-06-07,194993.6440853127,170616.3914180652,24377.25266724749
2022-06-08,195038.96993883981,170616.3914180652,24422.57852077461
2022-06-09,194079.01382471088,170616.3914180652,23462.62240664568
2022-06-10,192940.73310424597,170616.3914180652,22324.341686180775
2022-06-13,191418.14618503922,187015.16539249444,4402.980792544796
2022-06-14,191523.32087874372,187015.16539249444,4508.155486249281
2022-06-15,191770.4745110534,187015.16539249444,4755.309118558979
2022-06-16,191364.33450060184,187015.16539249444,4349.1691081073905
2022-06-17,191439.0313942848,187015.16539249444,4423.8660017903485
2022-06-21,191852.85905515664,187015.16539249444,4837.693662662212
2022-06-22,191833.4705180297,187015.16539249444,4818.305125535262
2022-06-23,191812.7213981965,187015.16539249444,4797.556005702075
2022-06-24,192029.80549872178,187015.16539249444,5014.640106227342
2022-06-27,192013.75037365424,187015.16539249444,4998.584981159804
2022-06-28,191763.60339710733,187015.16539249444,4748.438004612899
2022-06-29,191678.42979859415,187015.16539249444,4663.264406099718
2022-06-30,191596.4532113106,187015.16539249444,4581.287818816163
2022-07-01,191653.394640815,187015.16539249444,4638.22924832056
2022-07-05,191771.83509375967,187015.16539249444,4756.669701265217
2022-07-06,191744.6231282175,187015.16539249444,4729.457735723046
2022-07-07,191982.06227677205,167981.30439744063,24000.757879331424
2022-07-08,192006.53077993845,167981.30439744063,24025.22638249783
2022-07-11,190863.79643725313,167981.30439744063,22882.49203981249
2022-07-12,190719.47749422226,167981.30439744063,22738.173096781622
2022-07-13,190952.08741516364,167981.30439744063,22970.783017723006
2022-07-14,190908.6224121469,167981.30439744063,22927.318014706274
2022-07-15,191761.83549539055,167981.30439744063,23780.531097949923
2022-07-18,192009.6742635842,167981.30439744063,24028.369866143574
2022-07-19,193156.52956537422,167981.30439744063,25175.225167933582
2022-07-20,194236.16619312292,167981.30439744063,26254.86179568229
2022-07-21,195076.27615771478,167981.30439744063,27094.971760274137
2022-07-22,194209.81685522542,167981.30439744063,26228.512457784782
2022-07-25,193889.85092938022,167981.30439744063,25908.546531939577
2022-07-26,193088.95464500788,167981.30439744063,25107.650247567242
2022-07-27,194675.75069975154,167981.30439744063,26694.44630231092
2022-07-28,194700.29627318188,167981.30439744063,26718.99187574125
2022-07-29,195169.3738162698,167981.30439744063,27188.069418829153
2022-08-01,195452.19887721637,167981.30439744063,27470.89447977575
2022-08-02,195580.60114261357,167981.30439744063,27599.296745172942
2022-08-03,196127.4168017886,167981.30439744063,28146.112404347994
2022-08-04,196731.445550169,167981.30439744063,28750.141152728367
2022-08-05,195988.67402682404,167981.30439744063,28007.3696293834
2022-08-08,195753.8400210415,156595.24029688837,39158.599724153144
2022-08-09,195275.71829107555,156595.24029688837,38680.4779941872
2022-08-10,196714.20938637218,156595.24029688837,40118.9690894838
2022-08-11,196848.2278370589,156595.24029688837,40252.98754017053
2022-08-12,197729.2072108495,156595.24029688837,41133.96691396112
2022-08-15,197737.3377207128,156595.24029688837,41142.09742382442
2022-08-16,197408.4849641988,156595.24029688837,40813.24466731045
2022-08-17,196589.84937336997,156595.24029688837,39994.6090764816
2022-08-18,197228.66936128325,156595.24029688837,40633.42906439489
2022-08-19,196816.84908785537,156595.24029688837,40221.60879096702
2022-08-22,195491.86902197258,156595.24029688837,38896.6287250842
2022-08-23,196040.95255375706,156595.24029688837,39445.712256868705
2022-08-24,196318.13972953323,156595.24029688837,39722.89943264487
2022-08-25,197367.26891176734,156595.24029688837,40772.028614878975
2022-08-26,195302.5269732811,156595.24029688837,38707.28667639274
2022-08-29,194929.31955141228,163550.16690476218,31379.152646650087
2022-08-30,194263.1102743706,163550.16690476218,30712.94336960843
2022-08-31,194184.40569475,170192.29836529234,23992.10732945764
2022-09-01,194049.84967221812,170192.29836529234,23857.551306925772
2022-09-02,193742.30030831508,170192.29836529234,23550.00194302274
2022-09-06,193334.3325985489,170192.29836529234,23142.034233256556
2022-09-07,193390.48493542467,154704.65078150894,38685.83415391572
2022-09-08,193786.51506855397,154704.65078150894,39081.864287045035
2022-09-09,194937.40713218003,154704.65078150894,40232.75635067109
2022-09-12,195156.838158391,154704.65078150894,40452.18737688207
2022-09-13,192083.9839804527,154704.65078150894,37379.333198943765
2022-09-14,192465.39740322102,154704.65078150894,37760.74662171209
2022-09-15,192314.72286106675,154704.65078150894,37610.07207955781
2022-09-16,192374.75229694895,154704.65078150894,37670.101515440016
2022-09-19,192737.4868150078,154704.65078150894,38032.83603349887
2022-09-20,192306.77764967293,154704.65078150894,37602.126868163985
2022-09-21,191697.10458917136,161560.47793031018,30136.626658861165
2022-09-22,190729.6623121995,168315.07020033596,22414.592111863552
2022-09-23,189972.22930139463,168315.07020033596,21657.159101058674
2022-09-26,189630.15743768588,175213.86525090475,14416.292186781124
2022-09-27,189716.81999889336,175213.86525090475,14502.954747988604
2022-09-28,190761.62201043795,175213.86525090475,15547.75675953319
2022-09-29,190658.87648850348,175213.86525090475,15445.011237598723
2022-09-30,190436.53602045917,175213.86525090475,15222.670769554423
2022-10-03,190866.8241592779,175213.86525090475,15652.958908373155
2022-10-04,191173.78189442976,175213.86525090475,15959.916643524994
2022-10-05,191223.92713900105,175213.86525090475,16010.061888096303
2022-10-06,191661.47844286848,175213.86525090475,16447.613191963726
2022-10-07,191038.80621902097,167155.97008712686,23882.836131894102
2022-10-10,190919.80914477076,167155.97008712686,23763.8390576439
2022-10-11,190167.7763779406,167155.97008712686,23011.80629081374
2022-10-12,190339.5145428554,167155.97008712686,23183.54445572854
2022-10-13,191112.88730973328,167155.97008712686,23956.917222606437
2022-10-14,190490.54788647947,167155.97008712686,23334.577799352614
2022-10-17,191831.2474387562,167155.97008712686,24675.277351629327
2022-10-18,191969.4662099111,167155.97008712686,24813.496122784258
2022-10-19,192529.17035473665,167155.97008712686,25373.2002676098
2022-10-20,192425.5764901632,167155.97008712686,25269.606403036334
2022-10-21,193378.40913581528,167155.97008712686,26222.439048688433
2022-10-24,193296.92457594426,167155.97008712686,26140.9544888174
2022-10-25,194066.68062203552,167155.97008712686,26910.710534908656
2022-10-26,193666.1589654055,167155.97008712686,26510.188878278655
2022-10-27,192426.2453567491,170661.53034573462,21764.71501101448
2022-10-28,192412.49180323616,170661.53034573462,21750.96145750154
2022-10-31,192148.1250574431,174932.75563169466,17215.369425748453
2022-11-01,192159.6029964788,174932.75563169466,17226.847364784124
2022-11-02,191686.03835861952,174932.75563169466,16753.28272692486
2022-11-03,191692.56766373356,174932.75563169466,16759.812032038884
2022-11-04,191964.37595481757,174932.75563169466,17031.620323122923
2022-11-07,191975.083388459,160774.06217188673,31201.021216572277
2022-11-08,192123.59306978266,160774.06217188673,31349.53089789591
2022-11-09,191671.5067017481,160774.06217188673,30897.444529861357
2022-11-10,194804.34775770022,160774.06217188673,34030.28558581348
2022-11-11,195825.04374737872,160774.06217188673,35050.981575491984
2022-11-14,195934.12320423633,160774.06217188673,35160.06103234959
2022-11-15,196784.4740590973,160774.06217188673,36010.41188721056
2022-11-16,195775.5576628365,160774.06217188673,35001.495490949776
2022-11-17,195811.92362565774,160774.06217188673,35037.86145377101
2022-11-18,195619.1195801705,160774.06217188673,34845.05740828377
2022-11-21,194829.87167419767,160774.06217188673,34055.80950231095
2022-11-22,195702.30816715723,160774.06217188673,34928.2459952705
2022-11-23,196041.7023724827,160774.06217188673,35267.64020059596
2022-11-25,195674.3125231265,160774.06217188673,34900.25035123974
2022-11-28,194971.67382475056,160774.06217188673,34197.611652863816
2022-11-29,194970.03077944537,160774.06217188673,34195.96860755862
2022-11-30,197005.06386055594,160774.06217188673,36231.0016886692
2022-12-01,197059.43378179733,160774.06217188673,36285.3716099106
2022-12-02,196831.22493913953,160774.06217188673,36057.1627672528
2022-12-05,196353.01134819275,160774.06217188673,35578.94917630602
2022-12-06,195118.8148913078,160774.06217188673,34344.75271942107
2022-12-07,194757.57074919104,163104.32184950128,31653.24889968975
2022-12-08,194860.380267683,163104.32184950128,31756.05841818171
2022-12-09,194561.9166220348,163104.32184950128,31457.59477253352
2022-12-12,194887.69629824988,163104.32184950128,31783.374448748582
2022-12-13,195575.83077803388,163104.32184950128,32471.50892853258
2022-12-14,195217.0006918227,163104.32184950128,32112.67884232141
2022-12-15,194094.76537949106,163104.32184950128,30990.443529989767
2022-12-16,194080.167850144,163104.32184950128,30975.846000642712
2022-12-19,193468.95401144715,163104.32184950128,30364.632161945847
2022-12-20,193738.63386361563,163104.32184950128,30634.31201411433
2022-12-21,194369.53359782818,163104.32184950128,31265.211748326892
2022-12-22,193487.35878980244,163104.32184950128,30383.036940301146
2022-12-23,193816.0237385869,163104.32184950128,30711.701889085605
2022-12-27,193369.49541986937,163104.32184950128,30265.17357036808
2022-12-28,193104.04719301438,163104.32184950128,29999.725343513106
2022-12-29,193967.4239406742,163104.32184950128,30863.102091172903
2022-12-30,193935.93742044907,163104.32184950128,30831.61557094779
2023-01-03,194377.74040381916,163104.32184950128,31273.418554317872
2023-01-04,194585.4506648351,163104.32184950128,31481.128815333817
2023-01-05,194067.80119824514,163104.32184950128,30963.479348743873
2023-01-06,194739.6555209164,163104.32184950128,31635.33367141511
2023-01-09,195002.52770090554,155994.2204992841,39008.307201621436
2023-01-10,195259.92767918698,155994.2204992841,39265.70717990286
2023-01-11,195636.37289258064,155994.2204992841,39642.152393296536
2023-01-12,196650.7574066972,155994.2204992841,40656.536907413116
2023-01-13,196753.57013647587,155994.2204992841,40759.349637191764
2023-01-17,197801.82934433603,155994.2204992841,41807.608845051924
2023-01-18,197108.2810613261,155994.2204992841,41114.060562041996
2023-01-19,196424.9021375755,155994.2204992841,40430.681638291404
2023-01-20,198260.90909935485,155994.2204992841,42266.688600070745
2023-01-23,200786.21768946984,155994.2204992841,44791.997190185735
2023-01-24,200590.90284863327,155994.2204992841,44596.68234934917
2023-01-25,200923.3988744195,155994.2204992841,44929.17837513541
2023-01-26,202826.47859088925,155994.2204992841,46832.25809160517
2023-01-27,204240.37318991753,155994.2204992841,48246.152690633426
2023-01-30,202417.0544257739,155994.2204992841,46422.83392648982
2023-01-31,203589.70912273173,155994.2204992841,47595.48862344763
2023-02-01,206204.4626790225,155994.2204992841,50210.24217973838
2023-02-02,207923.56064017068,155994.2204992841,51929.340140886576
2023-02-03,207076.61148186735,155994.2204992841,51082.39098258325
2023-02-06,206928.16614520774,155994.2204992841,50933.945645923646
2023-02-07,208031.08673685763,114374.95244484028,93656.13429201735
2023-02-08,206783.73935070512,114374.95244484028,92408.78690586484
2023-02-09,206269.66392801827,114374.95244484028,91894.71148317799
2023-02-10,203932.43826193805,114374.95244484028,89557.48581709777
2023-02-13,205513.8821326744,114374.95244484028,91138.92968783413
2023-02-14,207996.01691771607,114374.95244484028,93621.06447287578
2023-02-15,208472.51659582305,114374.95244484028,94097.56415098278
2023-02-16,205235.0077365569,114374.95244484028,90860.05529171662
2023-02-17,204801.3700902997,114374.95244484028,90426.4176454594
2023-02-21,201582.69612676732,114374.95244484028,87207.74368192704
2023-02-22,201746.18044167678,114374.95244484028,87371.2279968365
2023-02-23,204505.34738790966,114374.95244484028,90130.39494306938
2023-02-24,202802.13953356197,114374.95244484028,88427.1870887217
2023-02-27,203816.7442159996,114374.95244484028,89441.79177115935
2023-02-28,204026.67226809353,114374.95244484028,89651.71982325325
2023-03-01,203040.70883627306,114374.95244484028,88665.75639143278
2023-03-02,203093.5091748271,114374.95244484028,88718.55672998683
2023-03-03,205920.8433730049,114374.95244484028,91545.89092816462
2023-03-06,204748.6701317839,114374.95244484028,90373.71768694362
2023-03-07,203475.28575698135,106778.59409387523,96696.6916631061
2023-03-08,203961.4305876719,106778.59409387523,97182.83649379667
2023-03-09,200839.88502671372,106778.59409387523,94061.29093283847
2023-03-10,199644.87450105368,106778.59409387523,92866.28040717845
2023-03-13,200297.0014050235,106778.59409387523,93518.40731114827
2023-03-14,204083.88224182776,106778.59409387523,97305.28814795252
2023-03-15,205150.08189507225,106778.59409387523,98371.48780119703
2023-03-16,208559.08988396684,106778.59409387523,101780.49579009159
2023-03-17,206686.30059621017,106778.59409387523,99907.70650233494
2023-03-20,207229.5159363769,106778.59409387523,100450.92184250167
2023-03-21,210051.037781342,106778.59409387523,103272.44368746676
2023-03-22,208225.35637343835,106778.59409387523,101446.76227956312
2023-03-23,211066.11577147123,106778.59409387523,104287.52167759601
2023-03-24,211101.7298757641,106778.59409387523,104323.1357818889
2023-03-27,210643.38475872355,106778.59409387523,103864.79066484832
2023-03-28,209621.63079074325,106778.59409387523,102843.03669686802
2023-03-29,212226.76944830315,106778.59409387523,105448.17535442792
2023-03-30,213726.35799356073,106778.59409387523,106947.76389968551
2023-03-31,216446.84720524013,106778.59409387523,109668.2531113649
2023-04-03,215407.61287436337,106778.59409387523,108629.01878048813
2023-04-04,215152.17431022413,106778.59409387523,108373.58021634891
2023-04-05,212745.15970545917,106778.59409387523,105966.56561158394
2023-04-06,213320.6795433551,106778.59409387523,106542.08544947987
2023-04-10,213445.8930116703,85301.47055119186,128144.42246047844
2023-04-11,213208.70596479712,85301.47055119186,127907.23541360527
2023-04-12,211777.8545694084,85301.47055119186,126476.38401821654
2023-04-13,214273.18775450223,85301.47055119186,128971.71720331039
2023-04-14,214550.60207012284,85301.47055119186,129249.13151893098
2023-04-17,213055.48817844794,85301.47055119186,127754.01762725608
2023-04-18,212163.9248980675,85301.47055119186,126862.45434687565
2023-04-19,211429.19468900724,85301.47055119186,126127.7241378154
2023-04-20,208800.75467224082,85301.47055119186,123499.28412104894
2023-04-21,208509.85284733027,85301.47055119186,123208.38229613841
2023-04-24,208483.53739617678,85301.47055119186,123182.0668449849
2023-04-25,205685.8899533528,85301.47055119186,120384.41940216093
2023-04-26,205023.15376038878,106657.71741029478,98365.436350094
2023-04-27,209992.9141700105,106657.71741029478,103335.19675971573
2023-04-28,210933.30031572244,106657.71741029478,104275.58290542767
2023-05-01,211034.23196838162,106657.71741029478,104376.51455808683
2023-05-02,209112.0194035488,106657.71741029478,102454.301993254
2023-05-03,206167.75547896413,106657.71741029478,99510.03806866934
2023-05-04,206777.32019480885,106657.71741029478,100119.60278451408
2023-05-05,208404.475814863,106657.71741029478,101746.75840456823
2023-05-08,210153.4521314461,115541.82343938392,94611.6286920622
2023-05-09,209630.9074804862,115541.82343938392,94089.0840411023
2023-05-10,209906.45593154797,115541.82343938392,94364.63249216406
2023-05-11,210234.81652881223,115541.82343938392,94692.99308942829
2023-05-12,209674.69308474724,115541.82343938392,94132.8696453633
2023-05-15,211009.9702739533,115541.82343938392,95468.14683456939
2023-05-16,211024.39458284277,115541.82343938392,95482.57114345883
2023-05-17,213111.67069479593,115541.82343938392,97569.84725541201
2023-05-18,216537.8712876778,115541.82343938392,100996.04784829385
2023-05-19,216258.92381897144,115541.82343938392,100717.1003795875
2023-05-22,217854.71488205623,115541.82343938392,102312.89144267232
2023-05-23,216988.33713888374,115541.82343938392,101446.51369949982
2023-05-24,216612.5590035182,115541.82343938392,101070.73556413429
2023-05-25,218730.56951199577,115541.82343938392,103188.74607261184
2023-05-26,222912.08482080157,115541.82343938392,107370.26138141764
2023-05-30,224923.64864757087,115541.82343938392,109381.82520818696
2023-05-31,224386.48980495697,115541.82343938392,108844.66636557305
2023-06-01,225297.45592173227,115541.82343938392,109755.63248234834
2023-06-02,226309.53870921553,115541.82343938392,110767.71526983159
2023-06-05,226024.00639241788,115541.82343938392,110482.18295303395
2023-06-06,228198.9798645086,115541.82343938392,112657.15642512467
2023-06-07,227728.65588011348,43118.910723644825,184609.74515646865
2023-06-08,233343.26411144808,43118.910723644825,190224.35338780325
2023-06-09,235386.72282682234,43118.910723644825,192267.8121031775
2023-06-12,241944.45578205853,43118.910723644825,198825.5450584137
2023-06-13,245332.699147821,43118.910723644825,202213.78842417616
2023-06-14,249585.27781194157,43118.910723644825,206466.36708829674
2023-06-15,250149.31161263346,43118.910723644825,207030.40088898863
2023-06-16,249542.25574327915,43118.910723644825,206423.34501963432
2023-06-20,249669.4589830265,43118.910723644825,206550.54825938167
2023-06-21,238946.9502617778,43118.910723644825,195828.03953813296
2023-06-22,237624.961003242,78432.28075428196,159192.68024896004
2023-06-23,235630.16552922336,78432.28075428196,157197.8847749414
2023-06-26,231137.78810135333,112120.46506679384,119017.32303455951
2023-06-27,234766.5197371202,112120.46506679384,122646.05467032637
2023-06-28,234384.52798255248,112120.46506679384,122264.06291575862
2023-06-29,233521.99651887646,112120.46506679384,121401.53145208262
2023-06-30,236307.78510471428,112120.46506679384,124187.32003792044
2023-07-03,239597.24904929052,112120.46506679384,127476.78398249668
2023-07-05,238629.79424798302,112120.46506679384,126509.32918118918
2023-07-06,236804.9473134085,112120.46506679384,124684.48224661467
2023-07-07,236518.75197974313,44783.25712531913,191735.494854424
2023-07-10,235791.81974670928,44783.25712531913,191008.56262139016
2023-07-11,236149.87075019832,44783.25712531913,191366.6136248792
2023-07-12,240305.7588883673,44783.25712531913,195522.50176304817
2023-07-13,245125.83528838676,44783.25712531913,200342.57816306764
2023-07-14,244576.1254415074,44783.25712531913,199792.86831618828
2023-07-17,248756.9138098859,44783.25712531913,203973.65668456678
2023-07-18,249841.24476856968,44783.25712531913,205057.98764325056
2023-07-19,248062.70186192964,44783.25712531913,203279.44473661052
2023-07-20,238380.39491560953,44783.25712531913,193597.1377902904
2023-07-21,238168.33465618963,44783.25712531913,193385.0775308705
2023-07-24,239604.77551906678,44783.25712531913,194821.51839374765
2023-07-25,241633.21167436437,44783.25712531913,196849.95454904524
2023-07-26,242891.36299919078,44783.25712531913,198108.10587387165
2023-07-27,242700.97220576135,44783.25712531913,197917.71508044223
2023-07-28,249363.17691289348,44783.25712531913,204579.91978757436
2023-07-31,248739.2042241509,44783.25712531913,203955.94709883176
2023-08-01,248395.11789601212,44783.25712531913,203611.860770693
2023-08-02,239892.89195097762,44783.25712531913,195109.6348256585
2023-08-03,242730.84126934205,44783.25712531913,197947.58414402293
2023-08-04,243237.4339906153,44783.25712531913,198454.17686529618
2023-08-07,244886.47895640542,24290.111164627968,220596.36779177745
2023-08-08,241706.91113444555,24290.111164627968,217416.79996981757
2023-08-09,235845.58235976042,24290.111164627968,211555.47119513244
2023-08-10,236348.0343332331,24290.111164627968,212057.92316860514
2023-08-11,232292.74018441528,24290.111164627968,208002.6290197873
2023-08-14,237284.0790896518,24290.111164627968,212993.9679250238
2023-08-15,235334.90071036815,24290.111164627968,211044.78954574018
2023-08-16,231010.31943975645,24290.111164627968,206720.20827512848
2023-08-17,226997.59743186776,24290.111164627968,202707.4862672398
2023-08-18,226780.58531441694,24290.111164627968,202490.47414978896
2023-08-21,235258.59435380553,24290.111164627968,210968.48318917755
2023-08-22,233930.92063625436,24290.111164627968,209640.8094716264
2023-08-23,239451.59824563313,24290.111164627968,215161.48708100515
2023-08-24,232415.17405139815,24290.111164627968,208125.06288677017
2023-08-25,234286.21961776368,24290.111164627968,209996.1084531357
2023-08-28,235555.63035523027,24290.111164627968,211265.5191906023
2023-08-29,243744.2262271167,24290.111164627968,219454.11506248874
2023-08-30,244933.69066320176,24290.111164627968,220643.5794985738
2023-08-31,244663.77390617479,24290.111164627968,220373.6627415468
2023-09-01,243698.41120545883,24290.111164627968,219408.30004083086
2023-09-05,247787.32525466138,24290.111164627968,223497.2140900334
2023-09-06,244592.58633293142,24290.111164627968,220302.47516830344
2023-09-07,241815.41245366057,11872.324689306886,229943.0877643537
2023-09-08,240475.80528184533,11872.324689306886,228603.48059253846
2023-09-11,246510.1612053538,11872.324689306886,234637.8365160469
2023-09-12,242288.06625286042,11872.324689306886,230415.74156355354
2023-09-13,242243.21690638864,11872.324689306886,230370.89221708177
2023-09-14,244015.55498079717,11872.324689306886,232143.23029149027
2023-09-15,238845.63700824138,11872.324689306886,226973.3123189345
2023-09-18,237236.5361314306,11872.324689306886,225364.2114421237
2023-09-19,237547.96861445426,11872.324689306886,225675.64392514736
2023-09-20,232700.36863474408,11872.324689306886,220828.04394543718
2023-09-21,228203.50434460357,11872.324689306886,216331.17965529667
2023-09-22,227991.9426192189,11872.324689306886,216119.617929912
2023-09-25,230031.8721324408,11872.324689306886,218159.54744313392
2023-09-26,227384.04709327058,11872.324689306886,215511.7224039637
2023-09-27,226949.17798517016,51058.22837518687,175890.94960998328
2023-09-28,230414.87966657337,51058.22837518687,179356.65129138652
2023-09-29,230871.22660043032,51058.22837518687,179812.99822524347
2023-10-02,233651.8744782934,51058.22837518687,182593.64610310653
2023-10-03,229481.61050240917,51058.22837518687,178423.3821272223
2023-10-04,233874.38619776414,51058.22837518687,182816.15782257728
2023-10-05,234195.91802083817,51058.22837518687,183137.6896456513
2023-10-06,238138.49145689863,51058.22837518687,187080.26308171178
2023-10-09,238289.33376523276,11699.206066948289,226590.1276982845
2023-10-10,240036.9281866019,11699.206066948289,228337.7221196536
2023-10-11,241620.20506234095,11699.206066948289,229920.99899539267
2023-10-12,242041.0429967413,11699.206066948289,230341.83692979303
2023-10-13,238763.991924908,11699.206066948289,227064.78585795974
2023-10-16,241064.6883051297,11699.206066948289,229365.4822381814
2023-10-17,240075.14015614218,11699.206066948289,228375.93408919388
2023-10-18,235474.6383241866,11699.206066948289,223775.4322572383
2023-10-19,231382.2179516225,50113.15497664716,181269.06297497533
2023-10-20,227468.17383646034,50113.15497664716,177355.0188598132
2023-10-23,228835.81996769633,50113.15497664716,178722.66499104915
2023-10-24,229725.30960092635,50113.15497664716,179612.15462427918
2023-10-25,223810.6511412373,50113.15497664716,173697.49616459012
2023-10-26,220721.31433791318,50113.15497664716,170608.159361266
2023-10-27,222417.20666773658,50113.15497664716,172304.05169108944
2023-10-30,226581.11439731478,50113.15497664716,176467.95942066764
2023-10-31,226760.1160890659,50113.15497664716,176646.96111241874
2023-11-01,230667.49373132025,50113.15497664716,180554.33875467308
2023-11-02,234862.12195990578,50113.15497664716,184748.9669832586
2023-11-03,236430.30219934782,50113.15497664716,186317.14722270067
2023-11-06,236952.74422245024,50113.15497664716,186839.5892458031
2023-11-07,239014.58964063076,34482.2403392388,204532.34930139195
2023-11-08,240971.4727476318,34482.2403392388,206489.232408393
2023-11-09,235955.92659466603,34482.2403392388,201473.68625542722
2023-11-10,239772.33931101454,34482.2403392388,205290.09897177573
2023-11-13,242231.1562037071,34482.2403392388,207748.9158644683
2023-11-14,246569.09463351814,34482.2403392388,212086.85429427933
2023-11-15,246193.609835347,34482.2403392388,211711.36949610818
2023-11-16,246133.0488549823,34482.2403392388,211650.8085157435
2023-11-17,245524.91140693246,34482.2403392388,211042.67106769365
2023-11-20,247394.79210231526,34482.2403392388,212912.55176307645
2023-11-21,248142.42241794057,34482.2403392388,213660.18207870176
2023-11-22,248511.20709700976,34482.2403392388,214028.96675777095
2023-11-24,247612.68863945757,34482.2403392388,213130.44830021876
2023-11-27,246483.25511288937,34482.2403392388,212001.01477365056
2023-11-28,249420.2753605848,34482.2403392388,214938.035021346
2023-11-29,246715.64435173458,34482.2403392388,212233.40401249577
2023-11-30,243729.71419234594,34482.2403392388,209247.47385310713
2023-12-01,242328.6852569791,34482.2403392388,207846.4449177403
2023-12-04,239586.21692302727,34482.2403392388,205103.97658378846
2023-12-05,241191.77472120812,34482.2403392388,206709.5343819693
2023-12-06,240679.10372177605,34482.2403392388,206196.86338253724
2023-12-07,246479.8103907035,12101.330964079956,234378.47942662353
2023-12-08,248808.8051113687,12101.330964079956,236707.47414728874
2023-12-11,251426.47558811243,12101.330964079956,239325.1446240325
2023-12-12,253367.11221328803,12101.330964079956,241265.78124920808
2023-12-13,255206.26722676563,12101.330964079956,243104.9362626857
2023-12-14,258330.04344223905,12101.330964079956,246228.71247815908
2023-12-15,261683.35131973814,12101.330964079956,249582.0203556582
2023-12-18,262364.0136318657,12101.330964079956,250262.68266778573
2023-12-19,264557.6549119655,12101.330964079956,252456.32394788554
2023-12-20,257628.0484821804,12101.330964079956,245526.71751810046
2023-12-21,264342.1042923623,12101.330964079956,252240.77332828235
2023-12-22,264541.0188237304,12101.330964079956,252439.68785965047
2023-12-26,269927.9432884028,12101.330964079956,257826.61232432286
2023-12-27,272354.54676190205,12101.330964079956,260253.2157978221
2023-12-28,271220.475233132,12101.330964079956,259119.14426905205
2023-12-29,269204.20625810866,12101.330964079956,257102.87529402872
2024-01-02,260560.96102308418,12101.330964079956,248459.6300590042
2024-01-03,255199.64363551763,12101.330964079956,243098.31267143768
2024-01-04,255469.51502861112,12101.330964079956,243368.18406453117
2024-01-05,257428.21220872045,12101.330964079956,245326.88124464048
2024-01-08,267292.9872898286,38561.91809286174,228731.06919696686
2024-01-09,265909.0780491431,38561.91809286174,227347.15995628134
2024-01-10,264723.5052539352,38561.91809286174,226161.58716107343
2024-01-11,261495.5598717857,38561.91809286174,222933.64177892395
2024-01-12,258435.99669715622,38561.91809286174,219874.07860429448
2024-01-16,258365.42668849303,38561.91809286174,219803.50859563128
2024-01-17,257283.73229431573,38561.91809286174,218721.814201454
2024-01-18,259625.12117487565,38561.91809286174,221063.2030820139
2024-01-19,265608.08999577153,38561.91809286174,227046.1719029098
2024-01-22,263164.3253964335,38561.91809286174,224602.4073035717
2024-01-23,263437.11877139495,38561.91809286174,224875.20067853318
2024-01-24,266836.2181379993,38561.91809286174,228274.30004513758
2024-01-25,259337.4580780881,73307.73370065718,186029.72437743092
2024-01-26,253520.0006231052,73307.73370065718,180212.26692244803
2024-01-29,253840.4361945696,73307.73370065718,180532.70249391242
2024-01-30,249505.80040494632,73307.73370065718,176198.06670428914
2024-01-31,250499.6085257109,73307.73370065718,177191.87482505373
2024-02-01,251716.15618340514,73307.73370065718,178408.42248274796
2024-02-02,252602.86242917113,73307.73370065718,179295.12872851396
2024-02-05,250583.87137328298,73307.73370065718,177276.1376726258
2024-02-06,250396.16270800182,73307.73370065718,177088.42900734465
2024-02-07,251947.29964312038,47704.5503052292,204242.74933789117
2024-02-08,253201.43874526536,47704.5503052292,205496.88844003616
2024-02-09,254454.8347291235,47704.5503052292,206750.2844238943
2024-02-12,255211.14130986523,47704.5503052292,207506.59100463602
2024-02-13,249982.83345929268,47704.5503052292,202278.28315406348
2024-02-14,254966.66361671343,47704.5503052292,207262.11331148422
2024-02-15,259081.33478777017,47704.5503052292,211376.78448254097
2024-02-16,255568.68312856893,47704.5503052292,207864.13282333972
2024-02-20,253148.20143728313,47704.5503052292,205443.65113205393
2024-02-21,250552.62917513584,47704.5503052292,202848.07886990663
2024-02-22,253691.8767452131,47704.5503052292,205987.3264399839
2024-02-23,251131.81843394454,47704.5503052292,203427.26812871534
2024-02-26,253515.92930732324,47704.5503052292,205811.37900209404
2024-02-27,255646.1492444908,47704.5503052292,207941.5989392616
2024-02-28,256068.05745311503,47704.5503052292,208363.50714788583
2024-02-29,258086.99358331715,47704.5503052292,210382.44327808794
2024-03-01,259069.69222864014,47704.5503052292,211365.14192341093
2024-03-04,255827.36434960843,47704.5503052292,208122.81404437922
2024-03-05,250900.7691651663,47704.5503052292,203196.2188599371
2024-03-06,255826.37610186363,47704.5503052292,208121.82579663442
2024-03-07,259952.14409425438,49220.214514949075,210731.92957930532
2024-03-08,253857.25870222942,49220.214514949075,204637.04418728035
2024-03-11,250711.74667619792,49220.214514949075,201491.53216124885
2024-03-12,253200.44077721512,49220.214514949075,203980.22626226605
2024-03-13,249811.5959024685,49220.214514949075,200591.38138751945
2024-03-14,243528.54921864954,49220.214514949075,194308.33470370047
2024-03-15,242544.6777926479,49220.214514949075,193324.46327769884
2024-03-18,245804.6216605371,49220.214514949075,196584.40714558802
2024-03-19,243837.325821404,49220.214514949075,194617.11130645493
2024-03-20,247529.85182049824,49220.214514949075,198309.63730554917
2024-03-21,245843.02160916768,84846.64914830844,160996.37246085925
2024-03-22,246337.92510486045,84846.64914830844,161491.275956552
2024-03-25,247389.7928356247,84846.64914830844,162543.14368731627
2024-03-26,248043.87710330368,84846.64914830844,163197.22795499524
2024-03-27,247402.55993313983,84846.64914830844,162555.9107848314
2024-03-28,244498.75729488977,84846.64914830844,159652.10814658133
2024-04-01,243858.31071336393,84846.64914830844,159011.6615650555
2024-04-02,240111.03289718658,84846.64914830844,155264.38374887814
2024-04-03,239476.89899842252,84846.64914830844,154630.24985011408
2024-04-04,237958.90858844374,120653.55651329993,117305.3520751438
2024-04-05,238080.87262493704,120653.55651329993,117427.3161116371
2024-04-08,239677.4435658056,77785.89236182414,161891.55120398145
2024-04-09,239780.85674029906,77785.89236182414,161994.96437847492
2024-04-10,238357.9393341569,77785.89236182414,160572.04697233276
2024-04-11,243713.6083972199,77785.89236182414,165927.71603539577
2024-04-12,238525.78775365345,77785.89236182414,160739.8953918293
2024-04-15,234246.69012220265,77785.89236182414,156460.7977603785
2024-04-16,235103.05912274047,77785.89236182414,157317.16676091633
2024-04-17,229179.58070822025,77785.89236182414,151393.6883463961
2024-04-18,226853.0904726931,105849.71440575027,121003.37606694283
2024-04-19,219422.6077050277,162282.74124256423,57139.866462463484
2024-04-22,220282.3634503862,162282.74124256423,57999.62220782198
2024-04-23,221573.4365581835,162282.74124256423,59290.695315619254
2024-04-24,221657.33455746272,162282.74124256423,59374.59331489849
2024-04-25,222953.46760146084,162282.74124256423,60670.72635889662
2024-04-26,224850.34213432609,162282.74124256423,62567.60089176186
2024-04-29,225251.87458656752,162282.74124256423,62969.133344003305
2024-04-30,223975.67931693257,162282.74124256423,61692.938074368336
2024-05-01,219895.4578407341,189776.67370038878,30118.784140345313
2024-05-02,219791.49614103453,189776.67370038878,30014.82244064573
2024-05-03,220749.6854094483,189776.67370038878,30973.011709059523
2024-05-06,221530.00458503622,189776.67370038878,31753.330884647447
2024-05-07,221266.98125304675,132724.77186807405,88542.2093849727
2024-05-08,220740.15647534523,132724.77186807405,88015.38460727117
2024-05-09,220560.3965238399,132724.77186807405,87835.62465576586
2024-05-10,220013.2497138191,132724.77186807405,87288.47784574504
2024-05-13,220436.26475130307,132724.77186807405,87711.492883229
2024-05-14,221669.3877127642,132724.77186807405,88944.61584469014
2024-05-15,222550.70215990325,132724.77186807405,89825.93029182918
2024-05-16,223010.35670359386,132724.77186807405,90285.5848355198
2024-05-17,223627.2336174032,132724.77186807405,90902.46174932914
2024-05-20,224206.53603918862,132724.77186807405,91481.76417111458
2024-05-21,225094.35714318877,132724.77186807405,92369.58527511472
2024-05-22,224184.73780678737,132724.77186807405,91459.96593871331
2024-05-23,221977.31896686254,132724.77186807405,89252.54709878849
2024-05-24,224368.72241801932,132724.77186807405,91643.95054994525
2024-05-28,225049.04358863435,132724.77186807405,92324.27172056031
2024-05-29,223668.5157636284,132724.77186807405,90943.74389555436
2024-05-30,223666.86219342504,132724.77186807405,90942.09032535099
2024-05-31,223809.4836693532,132724.77186807405,91084.71180127916
2024-06-03,223098.18484791165,132724.77186807405,90373.41297983761
2024-06-04,222306.19015714573,132724.77186807405,89581.41828907166
2024-06-05,224699.03318397628,132724.77186807405,91974.26131590223
2024-06-06,224753.6879115451,132724.77186807405,92028.91604347105
2024-06-07,224674.5251571309,117903.40942752216,106771.11572960875
2024-06-10,225943.68727661602,117903.40942752216,108040.27784909387
2024-06-11,225631.45217418252,117903.40942752216,107728.04274666037
2024-06-12,228664.65879161202,117903.40942752216,110761.24936408986
2024-06-13,233769.5084168458,117903.40942752216,115866.09898932364
2024-06-14,234187.90129473433,117903.40942752216,116284.49186721219
2024-06-17,238801.44056238487,117903.40942752216,120898.03113486271
2024-06-18,240989.91991288878,117903.40942752216,123086.51048536664
2024-06-20,237100.80820954696,117903.40942752216,119197.39878202481
2024-06-21,234050.87423376003,117903.40942752216,116147.46480623787
2024-06-24,230177.70584991173,117903.40942752216,112274.29642238957
2024-06-25,232790.39418777492,117903.40942752216,114886.98476025274
2024-06-26,233956.1604351314,117903.40942752216,116052.75100760923
2024-06-27,232119.18962641153,117903.40942752216,114215.78019888938
2024-06-28,232017.61808081582,117903.40942752216,114114.20865329367
2024-07-01,234933.81505520735,117903.40942752216,117030.40562768519
2024-07-02,237755.22271865638,117903.40942752216,119851.81329113423
2024-07-03,242214.11842832697,117903.40942752216,124310.7090008048
2024-07-05,240544.3813762383,117903.40942752216,122640.97194871616
2024-07-08,242610.1943889082,69627.1804894077,172983.01389950048
2024-07-09,243156.13888972282,69627.1804894077,173528.9584003151
2024-07-10,246010.75711741243,69627.1804894077,176383.57662800472
2024-07-11,238899.3494655787,69627.1804894077,169272.168976171
2024-07-12,240326.9452937656,69627.1804894077,170699.7648043579
2024-07-15,240069.63257884528,69627.1804894077,170442.45208943757
2024-07-16,237750.71480096556,69627.1804894077,168123.53431155786
2024-07-17,225564.8091348738,69627.1804894077,155937.6286454661
2024-07-18,226775.36377246052,69627.1804894077,157148.18328305281
2024-07-19,223682.91406085284,99874.39017409648,123808.52388675635
2024-07-22,228089.04347725952,99874.39017409648,128214.65330316304
2024-07-23,227415.13439742906,99874.39017409648,127540.7442233326
2024-07-24,218351.55717064766,158228.1897025595,60123.36746808818
2024-07-25,216994.12176690015,187416.21297575947,29577.908791140686
2024-07-26,217463.77172880928,187416.21297575947,30047.558753049812
2024-07-29,217184.36022373158,187416.21297575947,29768.147247972105
2024-07-30,215856.66421723767,215856.66421723767,0.0
2024-07-31,215856.66421723767,215856.66421723767,0.0
2024-08-01,215856.66421723767,215856.66421723767,0.0
2024-08-02,215856.66421723767,215856.66421723767,0.0
2024-08-05,215856.66421723767,215856.66421723767,0.0
2024-08-06,215856.66421723767,215856.66421723767,0.0
2024-08-07,215808.09646778886,167240.34701891037,48567.74944887847
2024-08-08,218792.08557171677,167240.34701891037,51551.73855280642
2024-08-09,218404.73731891662,167240.34701891037,51164.39030000625
2024-08-12,218275.48247543946,167240.34701891037,51035.1354565291
2024-08-13,220488.56965266087,167240.34701891037,53248.22263375051
2024-08-14,220484.77983487083,167240.34701891037,53244.43281596045
2024-08-15,222544.20337945243,167240.34701891037,55303.856360542064
2024-08-16,222711.79240249915,167240.34701891037,55471.44538358878
2024-08-19,224001.3909791999,167240.34701891037,56761.04396028955
2024-08-20,223545.0883496193,167240.34701891037,56304.741330708945
2024-08-21,224266.82481156132,167240.34701891037,57026.47779265095
2024-08-22,222330.95059680275,167240.34701891037,55090.60357789238
2024-08-23,223534.39327790373,167240.34701891037,56294.04625899335
2024-08-26,221979.2700745552,167240.34701891037,54738.923055644846
2024-08-27,222556.2542709926,167240.34701891037,55315.90725208223
2024-08-28,221413.11681088395,167240.34701891037,54172.76979197357
2024-08-29,221692.04815823882,167240.34701891037,54451.70113932845
2024-08-30,223918.36690753076,167240.34701891037,56678.01988862037
2024-09-03,220133.77675371023,167240.34701891037,52893.429734799865
2024-09-04,220006.02796208835,167240.34701891037,52765.680943178
2024-09-05,219566.9487299531,167240.34701891037,52326.601711042706
2024-09-06,217028.54005715367,177005.93220402952,40022.60785312415
2024-09-09,217527.05053199138,168572.44937703345,48954.601154957934
2024-09-10,218372.52215153613,168572.44937703345,49800.072774502696
2024-09-11,219754.36782219782,168572.44937703345,51181.91844516437
2024-09-12,219377.72797961772,168572.44937703345,50805.27860258427
2024-09-13,220310.1501129855,168572.44937703345,51737.70073595203
2024-09-16,220521.95729124852,168572.44937703345,51949.507914215064
2024-09-17,220985.04897178945,168572.44937703345,52412.59959475599
2024-09-18,220239.59012636825,168572.44937703345,51667.14074933479
2024-09-19,222128.3380511434,168572.44937703345,53555.888674109956
2024-09-20,222467.01416569692,168572.44937703345,53894.564788663476
2024-09-23,223940.57010161626,168572.44937703345,55368.12072458281
2024-09-24,224125.1830139053,168572.44937703345,55552.73363687184
2024-09-25,225149.83538032597,168572.44937703345,56577.38600329252
2024-09-26,227201.54930861507,168572.44937703345,58629.099931581615
2024-09-27,226912.6906205392,168572.44937703345,58340.241243505734
2024-09-30,226387.22184440802,168572.44937703345,57814.772467374554
2024-10-01,224926.3096988682,168572.44937703345,56353.860321834756
2024-10-02,224606.22267922506,168572.44937703345,56033.7733021916
2024-10-03,225097.3673529515,168572.44937703345,56524.91797591805
2024-10-04,226530.46262636705,168572.44937703345,57958.013249333606
2024-10-07,225665.22038471996,124070.15343146703,101595.06695325294
2024-10-08,229644.040463651,124070.15343146703,105573.88703218396
2024-10-09,230925.45259033452,124070.15343146703,106855.2991588675
2024-10-10,231032.41561879916,124070.15343146703,106962.26218733215
2024-10-11,229076.4390599685,124070.15343146703,105006.2856285015
2024-10-14,229641.3170466691,124070.15343146703,105571.16361520208
2024-10-15,226696.99238715746,124070.15343146703,102626.83895569041
2024-10-16,227019.41812729085,124070.15343146703,102949.26469582382
2024-10-17,227876.01575811216,124070.15343146703,103805.86232664513
2024-10-18,228646.29226391506,124070.15343146703,104576.13883244802
2024-10-21,229332.70522719977,124070.15343146703,105262.55179573275
2024-10-22,228894.48405294618,124070.15343146703,104824.33062147915
2024-10-23,226643.43329304294,124070.15343146703,102573.2798615759
2024-10-24,231312.71540246267,124070.15343146703,107242.56197099564
2024-10-25,233406.75068005302,124070.15343146703,109336.59724858601
2024-10-28,232842.52071695315,124070.15343146703,108772.36728548612
2024-10-29,233505.24907281235,124070.15343146703,109435.09564134532
2024-10-30,231540.815574685,124070.15343146703,107470.66214321798
2024-10-31,227226.00988081878,124070.15343146703,103155.85644935173
2024-11-01,229187.3339345074,124070.15343146703,105117.18050304038
2024-11-04,227898.88399065752,124070.15343146703,103828.73055919047
