date,value,cash,stocks_value
2015-01-02,99910.00000000001,9910.000000000018,90000.0
2015-01-05,98216.93262941597,9910.000000000018,88306.93262941595
2015-01-06,96954.48633990176,9910.000000000018,87044.48633990175
2015-01-07,97780.31865108582,9910.000000000018,87870.3186510858
2015-01-08,99433.47041837838,9910.000000000018,89523.47041837836
2015-01-09,98786.61832002932,9910.000000000018,88876.6183200293
2015-01-12,97076.25439563226,9910.000000000018,87166.25439563225
2015-01-13,96936.40373197153,9910.000000000018,87026.40373197151
2015-01-14,96369.68188031112,9910.000000000018,86459.68188031111
2015-01-15,95001.65984518193,9910.000000000018,85091.65984518192
2015-01-16,96966.2036258205,9910.000000000018,87056.20362582049
2015-01-20,97483.26452617299,9910.000000000018,87573.26452617298
2015-01-21,99117.20337079733,9910.000000000018,89207.20337079732
2015-01-22,101096.08345441573,9910.000000000018,91186.08345441571
2015-01-23,101425.23546215578,9910.000000000018,91515.23546215576
2015-01-26,101825.92738888427,9910.000000000018,91915.92738888426
2015-01-27,100219.26003663716,9910.000000000018,90309.26003663715
2015-01-28,97979.25944582661,9910.000000000018,88069.2594458266
2015-01-29,99745.29795962856,9910.000000000018,89835.29795962854
2015-01-30,102567.99288805432,9910.000000000018,92657.9928880543
2015-02-02,105172.31367301501,9910.000000000018,95262.313673015
2015-02-03,107114.91663879153,9910.000000000018,97204.91663879152
2015-02-04,106004.45104793168,9910.000000000018,96094.45104793167
2015-02-05,107862.48456441383,9910.000000000018,97952.48456441381
2015-02-06,107320.57192351464,9910.000000000018,97410.57192351462
2015-02-09,106932.7054760276,10606.577032003137,96326.12844402446
2015-02-10,110513.03324714414,10606.577032003137,99906.45621514099
2015-02-11,110522.37037193592,10606.577032003137,99915.79333993277
2015-02-12,112102.14917253418,10606.577032003137,101495.57214053105
2015-02-13,112851.33707439591,10606.577032003137,102244.76004239277
2015-02-17,113818.9498642043,10606.577032003137,103212.37283220117
2015-02-18,113247.73417926443,10606.577032003137,102641.1571472613
2015-02-19,112838.03902734254,10606.577032003137,102231.4619953394
2015-02-20,113407.40273758332,10606.577032003137,102800.8257055802
2015-02-23,112735.48384401502,10606.577032003137,102128.90681201189
2015-02-24,112971.48198810156,10606.577032003137,102364.90495609843
2015-02-25,112371.23744471549,10606.577032003137,101764.66041271236
2015-02-26,112275.39323758063,10606.577032003137,101668.8162055775
2015-02-27,111889.21691806213,10606.577032003137,101282.63988605898
2015-03-02,113159.72808117527,10606.577032003137,102553.15104917213
2015-03-03,111413.32833380377,10606.577032003137,100806.75130180063
2015-03-04,110992.6478951062,10606.577032003137,100386.07086310306
2015-03-05,110768.6052599189,10606.577032003137,100162.02822791575
2015-03-06,109343.08026120695,10606.577032003137,98736.50322920382
2015-03-09,109358.25229184028,10847.165250847149,98511.08704099314
2015-03-10,108068.83051776105,10847.165250847149,97221.6652669139
2015-03-11,109095.05759742574,10847.165250847149,98247.89234657859
2015-03-12,109232.59804680376,10847.165250847149,98385.43279595661
2015-03-13,109127.48404126657,10847.165250847149,98280.31879041942
2015-03-16,110181.7821490941,10847.165250847149,99334.61689824695
2015-03-17,109730.92721972062,10847.165250847149,98883.76196887347
2015-03-18,110210.41074908464,10847.165250847149,99363.24549823749
2015-03-19,109199.66840419607,10847.165250847149,98352.50315334892
2015-03-20,110626.38793304926,10847.165250847149,99779.22268220212
2015-03-23,109520.50965273812,10847.165250847149,98673.34440189098
2015-03-24,109033.87759934842,10847.165250847149,98186.71234850127
2015-03-25,105956.84538975553,10847.165250847149,95109.68013890838
2015-03-26,105204.0834371787,10847.165250847149,94356.91818633156
2015-03-27,104705.76243323572,10847.165250847149,93858.59718238858
2015-03-30,105698.92285831264,10847.165250847149,94851.7576074655
2015-03-31,105161.67810602496,10847.165250847149,94314.51285517782
2015-04-01,105352.65728253333,10847.165250847149,94505.49203168618
2015-04-02,105950.20359076862,10847.165250847149,95103.03833992148
2015-04-06,107794.29898190318,10847.165250847149,96947.13373105603
2015-04-07,107188.97132194415,15463.975970656571,91724.99535128758
2015-04-08,108374.46865096473,15463.975970656571,92910.49268030816
2015-04-09,109046.7030761698,15463.975970656571,93582.72710551323
2015-04-10,109804.30300879452,15463.975970656571,94340.32703813796
2015-04-13,109602.91689452238,15463.975970656571,94138.94092386581
2015-04-14,109017.45843939562,15463.975970656571,93553.48246873905
2015-04-15,110590.84234422877,15463.975970656571,95126.86637357221
2015-04-16,110357.71724785217,15463.975970656571,94893.7412771956
2015-04-17,109340.54403934078,15463.975970656571,93876.56806868421
2015-04-20,109525.05752677306,15463.975970656571,94061.08155611649
2015-04-21,111406.51446706954,15463.975970656571,95942.53849641298
2015-04-22,112227.76303216665,15463.975970656571,96763.78706151008
2015-04-23,112212.55603375482,15463.975970656571,96748.58006309826
2015-04-24,111836.65866715444,15463.975970656571,96372.68269649787
2015-04-27,112719.47805786623,15463.975970656571,97255.50208720966
2015-04-28,113029.67465347522,15463.975970656571,97565.69868281865
2015-04-29,111897.13281944656,15463.975970656571,96433.15684879
2015-04-30,110632.00590080836,15463.975970656571,95168.0299301518
2015-05-01,113146.73303108983,15463.975970656571,97682.75706043326
2015-05-04,113426.86394922601,15463.975970656571,97962.88797856944
2015-05-05,111510.2800836152,15463.975970656571,96046.30411295863
2015-05-06,110963.63510721464,15463.975970656571,95499.65913655807
2015-05-07,112122.40731510424,11121.339770720497,101001.06754438374
2015-05-08,113389.0158638117,11121.339770720497,102267.6760930912
2015-05-11,112884.27287087333,11121.339770720497,101762.93310015283
2015-05-12,112147.88511223135,11121.339770720497,101026.54534151085
2015-05-13,111568.2364361488,11121.339770720497,100446.8966654283
2015-05-14,113080.2271831376,11121.339770720497,101958.8874124171
2015-05-15,112716.5960107289,11121.339770720497,101595.2562400084
2015-05-18,113208.29625629816,11121.339770720497,102086.95648557766
2015-05-19,113470.02557935256,11121.339770720497,102348.68580863206
2015-05-20,113772.40624848315,11121.339770720497,102651.06647776265
2015-05-21,113738.20033038688,11121.339770720497,102616.86055966638
2015-05-22,113723.06831485995,11121.339770720497,102601.72854413945
2015-05-26,113507.14264159508,11121.339770720497,102385.80287087458
2015-05-27,114873.18873715562,11121.339770720497,103751.84896643512
2015-05-28,114737.88567536128,11121.339770720497,103616.54590464078
2015-05-29,114395.0949778794,11121.339770720497,103273.7552071589
2015-06-01,114630.37302909729,11121.339770720497,103509.03325837679
2015-06-02,114312.70445559836,11121.339770720497,103191.36468487786
2015-06-03,115018.54306972143,11121.339770720497,103897.20329900093
2015-06-04,114709.97216078897,11121.339770720497,103588.63239006847
2015-06-05,114563.58036419655,11121.339770720497,103442.24059347605
2015-06-08,113461.27571325953,5570.567612967727,107890.7081002918
2015-06-09,113311.81117506103,5570.567612967727,107741.2435620933
2015-06-10,114828.36255948656,5570.567612967727,109257.79494651883
2015-06-11,114803.99487928943,5570.567612967727,109233.4272663217
2015-06-12,113948.12111755816,5570.567612967727,108377.55350459043
2015-06-15,113439.92177830875,5570.567612967727,107869.35416534102
2015-06-16,113633.91562469937,5570.567612967727,108063.34801173164
2015-06-17,113770.36581776361,5570.567612967727,108199.79820479588
2015-06-18,115052.81492812754,5570.567612967727,109482.24731515981
2015-06-19,114325.72511346544,5570.567612967727,108755.1575004977
2015-06-22,114868.37843517186,5570.567612967727,109297.81082220413
2015-06-23,114480.98746285358,5570.567612967727,108910.41984988585
2015-06-24,113468.0970728617,5570.567612967727,107897.52945989397
2015-06-25,113367.42656533461,5570.567612967727,107796.85895236688
2015-06-26,111893.58747571209,5570.567612967727,106323.01986274436
2015-06-29,109061.39753432276,5570.567612967727,103490.82992135503
2015-06-30,109975.2546964053,5570.567612967727,104404.68708343757
2015-07-01,109798.44207072575,5570.567612967727,104227.87445775802
2015-07-02,109994.7700350989,5570.567612967727,104424.20242213117
2015-07-06,109762.40105772461,5570.567612967727,104191.83344475688
2015-07-07,109695.9890684025,5385.704683254255,104310.28438514825
2015-07-08,108879.23425791676,5385.704683254255,103493.5295746625
2015-07-09,108828.49266736668,5385.704683254255,103442.78798411242
2015-07-10,109708.00968571162,5385.704683254255,104322.30500245736
2015-07-13,110679.96018918425,5385.704683254255,105294.25550592999
2015-07-14,111768.27230256597,5385.704683254255,106382.56761931171
2015-07-15,111462.90605838016,5385.704683254255,106077.20137512591
2015-07-16,113041.86849912177,5385.704683254255,107656.16381586752
2015-07-17,112846.48936232198,5385.704683254255,107460.78467906773
2015-07-20,111645.9336231257,5385.704683254255,106260.22893987145
2015-07-21,111781.01407926182,5385.704683254255,106395.30939600756
2015-07-22,109528.69522239188,5385.704683254255,104142.99053913762
2015-07-23,110227.54922482032,5385.704683254255,104841.84454156607
2015-07-24,109420.15117542645,5385.704683254255,104034.4464921722
2015-07-27,108609.75606506293,5385.704683254255,103224.05138180868
2015-07-28,110406.85075911258,5385.704683254255,105021.14607585833
2015-07-29,111764.38972927835,5385.704683254255,106378.6850460241
2015-07-30,112140.92252536595,5385.704683254255,106755.2178421117
2015-07-31,111312.35736855405,5385.704683254255,105926.65268529979
2015-08-03,111935.39619963274,5385.704683254255,106549.69151637849
2015-08-04,112545.81034757978,5385.704683254255,107160.10566432553
2015-08-05,113019.52185502186,5385.704683254255,107633.8171717676
2015-08-06,111786.84579610913,5385.704683254255,106401.14111285488
2015-08-07,114897.20725201599,11396.570151811426,103500.63710020456
2015-08-10,116679.88423775075,11396.570151811426,105283.31408593933
2015-08-11,113958.2891405046,11396.570151811426,102561.71898869317
2015-08-12,114623.23939587954,11396.570151811426,103226.66924406812
2015-08-13,115005.06427697369,11396.570151811426,103608.49412516227
2015-08-14,114754.5536834277,11396.570151811426,103357.98353161628
2015-08-17,117015.1416136257,11396.570151811426,105618.57146181428
2015-08-18,116310.64147299393,11396.570151811426,104914.0713211825
2015-08-19,115728.03126728979,11396.570151811426,104331.46111547836
2015-08-20,112147.29802672465,11396.570151811426,100750.72787491322
2015-08-21,108284.28898099666,11396.570151811426,96887.71882918524
2015-08-24,104540.8586976477,24607.849897748565,79933.00879989914
2015-08-25,104606.3707549526,24607.849897748565,79998.52085720404
2015-08-26,108000.24468031185,24607.849897748565,83392.3947825633
2015-08-27,110255.92341596083,24607.849897748565,85648.07351821227
2015-08-28,110392.45625444732,24607.849897748565,85784.60635669876
2015-08-31,109737.3742862475,24607.849897748565,85129.52438849895
2015-09-01,107204.01991229778,24607.849897748565,82596.17001454922
2015-09-02,109592.12276815303,24607.849897748565,84984.27287040447
2015-09-03,109211.42140786073,24607.849897748565,84603.57151011216
2015-09-04,108533.81175807645,24607.849897748565,83925.9618603279
2015-09-08,110682.03881746327,45895.14577681848,64786.89304064479
2015-09-09,109537.94767558444,45895.14577681848,63642.80189876595
2015-09-10,110027.83265616477,45895.14577681848,64132.6868793463
2015-09-11,110094.78990603941,45895.14577681848,64199.644129220935
2015-09-14,109901.56331218462,45895.14577681848,64006.41753536615
2015-09-15,111109.49086351352,45895.14577681848,65214.34508669505
2015-09-16,111691.45861808096,45895.14577681848,65796.31284126248
2015-09-17,110646.26973842893,45895.14577681848,64751.12396161046
2015-09-18,109250.8880256012,45895.14577681848,63355.74224878273
2015-09-21,109838.75055287176,45895.14577681848,63943.60477605328
2015-09-22,109205.80942244577,45895.14577681848,63310.663645627305
2015-09-23,109104.3307517422,45895.14577681848,63209.18497492373
2015-09-24,108947.41294343956,45895.14577681848,63052.26716662109
2015-09-25,109868.07707156072,45895.14577681848,63972.93129474224
2015-09-28,108435.10200463547,45895.14577681848,62539.95622781698
2015-09-29,108557.86147585386,45895.14577681848,62662.715699035376
2015-09-30,109750.16944873471,45895.14577681848,63855.023671916235
2015-10-01,109864.84902477969,45895.14577681848,63969.70324796122
2015-10-02,110414.95061419977,45895.14577681848,64519.80483738129
2015-10-05,111911.42391558416,45895.14577681848,66016.27813876569
2015-10-06,112314.237478512,45895.14577681848,66419.09170169353
2015-10-07,112536.98884985285,39340.36829408724,73196.6205557656
2015-10-08,113003.77103589123,39340.36829408724,73663.40274180399
2015-10-09,112052.55238281017,39340.36829408724,72712.18408872293
2015-10-12,111530.43766812001,39340.36829408724,72190.06937403277
2015-10-13,110794.5352565675,39340.36829408724,71454.16696248026
2015-10-14,110730.8746725153,39340.36829408724,71390.50637842806
2015-10-15,111449.14267418288,39340.36829408724,72108.77438009564
2015-10-16,112295.0349193078,39340.36829408724,72954.66662522056
2015-10-19,112982.58075844098,39340.36829408724,73642.21246435374
2015-10-20,110725.32169553642,39340.36829408724,71384.95340144918
2015-10-21,110907.54266956686,39340.36829408724,71567.17437547962
2015-10-22,112341.76564886015,49597.3573451309,62744.40830372925
2015-10-23,112709.18008859546,49597.3573451309,63111.82274346455
2015-10-26,113445.99423095045,49597.3573451309,63848.636885819564
2015-10-27,114138.79783608278,49597.3573451309,64541.44049095188
2015-10-28,114142.44930739148,49597.3573451309,64545.09196226059
2015-10-29,114340.20335826371,49597.3573451309,64742.84601313282
2015-10-30,113135.02545751524,49597.3573451309,63537.668112384345
2015-11-02,114663.42524946654,49597.3573451309,65066.06790433564
2015-11-03,113882.9057153466,49597.3573451309,64285.54837021571
2015-11-04,115680.59108894086,49597.3573451309,66083.23374380996
2015-11-05,116302.47542557103,49597.3573451309,66705.11808044012
2015-11-06,116199.78719530764,49597.3573451309,66602.42985017673
2015-11-09,115365.02647345416,22999.112563562918,92365.91390989124
2015-11-10,116341.70413543226,22999.112563562918,93342.59157186934
2015-11-11,115863.98697058998,22999.112563562918,92864.87440702706
2015-11-12,114179.18636543119,22999.112563562918,91180.07380186828
2015-11-13,112521.0558638673,22999.112563562918,89521.94330030438
2015-11-16,113226.0296373443,22999.112563562918,90226.91707378138
2015-11-17,113563.51383406161,22999.112563562918,90564.4012704987
2015-11-18,116015.82798451684,22999.112563562918,93016.71542095393
2015-11-19,114836.15645600604,22999.112563562918,91837.04389244312
2015-11-20,115225.1093793983,22999.112563562918,92225.99681583539
2015-11-23,114770.11052892251,22999.112563562918,91770.9979653596
2015-11-24,114467.62460007849,22999.112563562918,91468.51203651557
2015-11-25,115707.81249618926,22999.112563562918,92708.69993262635
2015-11-27,115901.36050923639,22999.112563562918,92902.24794567347
2015-11-30,114880.20077052938,22999.112563562918,91881.08820696647
2015-12-01,116297.99283205756,22999.112563562918,93298.88026849464
2015-12-02,115569.77201357218,22999.112563562918,92570.65945000926
2015-12-03,113817.08540822474,22999.112563562918,90817.97284466182
2015-12-04,115942.08514453807,22999.112563562918,92942.97258097515
2015-12-07,114653.99541858069,5629.126145119262,109024.86927346142
2015-12-08,113567.71000949587,5629.126145119262,107938.5838643766
2015-12-09,113203.38545985511,5629.126145119262,107574.25931473584
2015-12-10,114405.42783588762,5629.126145119262,108776.30169076835
2015-12-11,112361.11133387807,5629.126145119262,106731.98518875882
2015-12-14,112880.04781903984,5629.126145119262,107250.92167392057
2015-12-15,114731.45606888339,5629.126145119262,109102.32992376413
2015-12-16,115650.8950032802,5629.126145119262,110021.76885816094
2015-12-17,114077.01349888952,5629.126145119262,108447.88735377026
2015-12-18,112468.54772467722,5629.126145119262,106839.42157955797
2015-12-21,112429.91037082407,5629.126145119262,106800.78422570482
2015-12-22,112333.5820171921,5629.126145119262,106704.45587207284
2015-12-23,113578.43391425457,5629.126145119262,107949.30776913531
2015-12-24,113245.18081143688,5629.126145119262,107616.0546663176
2015-12-28,112520.37026668355,5629.126145119262,106891.24412156429
2015-12-29,113717.05129630014,5629.126145119262,108087.92515118088
2015-12-30,112805.5977734719,17147.201862704074,95658.39591076782
2015-12-31,112129.58621890287,17147.201862704074,94982.3843561988
2016-01-04,110925.15179914053,17147.201862704074,93777.94993643646
2016-01-05,110993.87267535407,17147.201862704074,93846.67081264999
2016-01-06,109925.87721330841,17147.201862704074,92778.67535060435
2016-01-07,108251.8585164202,20496.771497634632,87755.08701878556
2016-01-08,107672.59474232137,20496.771497634632,87175.82324468673
2016-01-11,108176.59409757027,20496.771497634632,87679.82259993564
2016-01-12,108750.40721988693,20496.771497634632,88253.6357222523
2016-01-13,106123.27667850949,20496.771497634632,85626.50518087485
2016-01-14,108101.55865390383,20496.771497634632,87604.7871562692
2016-01-15,107573.1680087814,20496.771497634632,87076.39651114677
2016-01-19,107178.96304951212,20496.771497634632,86682.19155187749
2016-01-20,106811.42749498121,20496.771497634632,86314.65599734658
2016-01-21,105635.35446669867,20496.771497634632,85138.58296906404
2016-01-22,107221.74883018596,20496.771497634632,86724.97733255132
2016-01-25,105565.08510922236,20496.771497634632,85068.31361158773
2016-01-26,105957.10870472675,31255.47862017584,74701.63008455091
2016-01-27,103183.36434546171,31255.47862017584,71927.88572528587
2016-01-28,103316.45049682933,31255.47862017584,72060.9718766535
2016-01-29,103128.75930527922,31255.47862017584,71873.28068510338
2016-02-01,104217.17238125698,31255.47862017584,72961.69376108114
2016-02-02,102585.22193040841,43409.4465967923,59175.77533361611
2016-02-03,103436.21781867088,43409.4465967923,60026.77122187858
2016-02-04,104010.60681616273,43409.4465967923,60601.16021937043
2016-02-05,102639.15103459351,43409.4465967923,59229.70443780121
2016-02-08,102338.09425589666,52423.94015602337,49914.154099873296
2016-02-09,102595.0184592504,52423.94015602337,50171.07830322703
2016-02-10,102645.75672755484,52423.94015602337,50221.81657153146
2016-02-11,102305.44002532004,52423.94015602337,49881.49986929668
2016-02-12,103466.70368448546,52423.94015602337,51042.76352846209
2016-02-16,105140.62071739501,52423.94015602337,52716.68056137165
2016-02-17,107423.43429612654,52423.94015602337,54999.494140103176
2016-02-18,107542.75982761545,52423.94015602337,55118.81967159208
2016-02-19,107773.54118770122,52423.94015602337,55349.601031677856
2016-02-22,109866.92843691856,52423.94015602337,57442.988280895195
2016-02-23,109068.41722451146,52423.94015602337,56644.47706848809
2016-02-24,109537.94446305679,52423.94015602337,57114.00430703342
2016-02-25,110599.77475430159,52423.94015602337,58175.83459827822
2016-02-26,110974.30438546395,52423.94015602337,58550.36422944059
2016-02-29,111091.00409226217,52423.94015602337,58667.0639362388
2016-03-01,113118.69878203158,52423.94015602337,60694.75862600822
2016-03-02,113561.76944962342,52423.94015602337,61137.82929360004
2016-03-03,114057.40014129704,52423.94015602337,61633.45998527367
2016-03-04,114702.69960451596,52423.94015602337,62278.759448492594
2016-03-07,113835.85090108142,22694.256905019432,91141.59399606199
2016-03-08,112242.12410182189,22694.256905019432,89547.86719680246
2016-03-09,112740.57830090528,22694.256905019432,90046.32139588585
2016-03-10,112608.46341304484,22694.256905019432,89914.20650802541
2016-03-11,114222.45474037304,22694.256905019432,91528.19783535361
2016-03-14,114692.73094910398,22694.256905019432,91998.47404408455
2016-03-15,114511.32682368087,22694.256905019432,91817.06991866144
2016-03-16,115239.26405951567,22694.256905019432,92545.00715449624
2016-03-17,116046.7353744372,22694.256905019432,93352.47846941777
2016-03-18,118330.36503995987,22694.256905019432,95636.10813494044
2016-03-21,118586.92088153139,22694.256905019432,95892.66397651196
2016-03-22,117644.04619391564,22694.256905019432,94949.78928889621
2016-03-23,116742.27735743171,22694.256905019432,94048.02045241228
2016-03-24,116583.61855886855,22694.256905019432,93889.36165384912
2016-03-28,117595.21111478041,22694.256905019432,94900.95420976098
2016-03-29,118550.09537766925,22694.256905019432,95855.83847264982
2016-03-30,118499.87705539442,22694.256905019432,95805.62015037499
2016-03-31,118652.53360740695,22694.256905019432,95958.27670238752
2016-04-01,120837.92220140371,22694.256905019432,98143.66529638428
2016-04-04,120564.15653922675,22694.256905019432,97869.89963420732
2016-04-05,120639.72240221401,22694.256905019432,97945.46549719459
2016-04-06,121449.39317333195,22694.256905019432,98755.13626831252
2016-04-07,119124.60190056739,5848.617910237588,113275.9839903298
2016-04-08,119144.80232052534,5848.617910237588,113296.18441028775
2016-04-11,119642.89260956126,5848.617910237588,113794.27469932367
2016-04-12,121147.22288498425,5848.617910237588,115298.60497474666
2016-04-13,125277.89554627865,5848.617910237588,119429.27763604106
2016-04-14,127108.03072371818,5848.617910237588,121259.4128134806
2016-04-15,127121.62154574374,5848.617910237588,121273.00363550615
2016-04-18,127344.5357708331,5848.617910237588,121495.91786059551
2016-04-19,128162.00450262793,5848.617910237588,122313.38659239034
2016-04-20,130465.44378963523,5848.617910237588,124616.82587939764
2016-04-21,129451.0270690283,5848.617910237588,123602.40915879072
2016-04-22,130347.57658582184,5848.617910237588,124498.95867558425
2016-04-25,129606.23412463837,5848.617910237588,123757.61621440078
2016-04-26,130497.42709089835,5848.617910237588,124648.80918066076
2016-04-27,129271.0015808457,5848.617910237588,123422.3836706081
2016-04-28,128285.46222878211,5848.617910237588,122436.84431854452
2016-04-29,126872.81053194942,5848.617910237588,121024.19262171183
2016-05-02,128407.09046149875,5848.617910237588,122558.47255126116
2016-05-03,125952.62420347137,5848.617910237588,120104.00629323378
2016-05-04,123676.59212344419,5848.617910237588,117827.9742132066
2016-05-05,122519.05993896726,18244.88019263569,104274.17974633156
2016-05-06,122887.80218794415,18244.88019263569,104642.92199530847
2016-05-09,122854.23502676851,17723.97770887463,105130.25731789388
2016-05-10,124015.23955120519,17723.97770887463,106291.26184233055
2016-05-11,122652.63622562967,17723.97770887463,104928.65851675504
2016-05-12,121013.34942723464,17723.97770887463,103289.37171836001
2016-05-13,120582.9766969892,17723.97770887463,102858.99898811456
2016-05-16,122006.23472671813,17723.97770887463,104282.2570178435
2016-05-17,121591.46403057252,17723.97770887463,103867.48632169788
2016-05-18,124121.04743505237,17723.97770887463,106397.06972617774
2016-05-19,123654.54153699026,17723.97770887463,105930.56382811563
2016-05-20,124895.48794327624,17723.97770887463,107171.5102344016
2016-05-23,125445.4992195491,17723.97770887463,107721.52151067447
2016-05-24,127542.01521424612,17723.97770887463,109818.03750537148
2016-05-25,129226.3954698835,17723.97770887463,111502.41776100887
2016-05-26,129629.1992080155,17723.97770887463,111905.22149914087
2016-05-27,129864.02746575951,17723.97770887463,112140.04975688488
2016-05-31,129908.71031441746,17723.97770887463,112184.73260554283
2016-06-01,129098.60425483617,17723.97770887463,111374.62654596154
2016-06-02,128839.44707694672,17723.97770887463,111115.46936807208
2016-06-03,127609.49166836121,17723.97770887463,109885.51395948658
2016-06-06,128672.79854874504,17723.97770887463,110948.8208398704
2016-06-07,129585.10088855137,6362.193282201566,123222.9076063498
2016-06-08,129484.22872402598,6362.193282201566,123122.03544182441
2016-06-09,128996.54373149005,6362.193282201566,122634.35044928848
2016-06-10,127358.33630479805,6362.193282201566,120996.14302259649
2016-06-13,126617.59773470697,6362.193282201566,120255.4044525054
2016-06-14,125165.503055076,6362.193282201566,118803.30977287443
2016-06-15,125724.05863633288,6362.193282201566,119361.86535413131
2016-06-16,126034.22766164895,6362.193282201566,119672.03437944739
2016-06-17,126302.27135459494,6362.193282201566,119940.07807239337
2016-06-20,127189.65678376392,6362.193282201566,120827.46350156235
2016-06-21,127067.44393087662,6362.193282201566,120705.25064867505
2016-06-22,126885.00813600144,6362.193282201566,120522.81485379988
2016-06-23,128919.22570489798,6362.193282201566,122557.03242269641
2016-06-24,123106.19205109743,6362.193282201566,116743.99876889586
2016-06-27,119963.90068812593,42644.207661852764,77319.69302627316
2016-06-28,121474.79534285163,42644.207661852764,78830.58768099887
2016-06-29,121934.9947152773,42644.207661852764,79290.78705342453
2016-06-30,122401.16795440386,42644.207661852764,79756.9602925511
2016-07-01,122911.58446705333,42644.207661852764,80267.37680520056
2016-07-05,122869.98952015594,42644.207661852764,80225.78185830318
2016-07-06,123814.68650456553,42644.207661852764,81170.47884271276
2016-07-07,124131.7634740902,23503.52618787531,100628.23728621489
2016-07-08,125866.27754817446,23503.52618787531,102362.75136029915
2016-07-11,126187.99282848189,23503.52618787531,102684.46664060658
2016-07-12,127733.4477059221,23503.52618787531,104229.92151804679
2016-07-13,127482.19691360761,23503.52618787531,103978.6707257323
2016-07-14,128737.30210638893,23503.52618787531,105233.77591851362
2016-07-15,128759.83566901999,23503.52618787531,105256.30948114468
2016-07-18,130008.5715424371,23503.52618787531,106505.0453545618
2016-07-19,127418.68811434874,23503.52618787531,103915.16192647343
2016-07-20,128596.40596397633,23503.52618787531,105092.87977610102
2016-07-21,127036.75374823995,23503.52618787531,103533.22756036464
2016-07-22,127814.58109169004,23503.52618787531,104311.05490381473
2016-07-25,128295.29430636785,23503.52618787531,104791.76811849255
2016-07-26,129142.5237746737,23503.52618787531,105638.99758679839
2016-07-27,129404.05923737421,23503.52618787531,105900.5330494989
2016-07-28,129796.36998004251,23503.52618787531,106292.8437921672
2016-07-29,129218.36808836153,23503.52618787531,105714.84190048622
2016-08-01,129234.70711295384,23503.52618787531,105731.18092507853
2016-08-02,128412.47719303868,23503.52618787531,104908.95100516337
2016-08-03,129198.56177126012,23503.52618787531,105695.03558338482
2016-08-04,129934.56668932787,23503.52618787531,106431.04050145256
2016-08-05,132428.38203286615,23503.52618787531,108924.85584499085
2016-08-08,131714.39931470278,6466.734684336308,125247.66463036647
2016-08-09,131915.91721712853,6466.734684336308,125449.18253279221
2016-08-10,130312.72165980896,6466.734684336308,123845.98697547265
2016-08-11,131153.7812229865,6466.734684336308,124687.04653865019
2016-08-12,131860.19834402105,6466.734684336308,125393.46365968473
2016-08-15,131612.6433977806,6466.734684336308,125145.90871344428
2016-08-16,131250.2401130073,6466.734684336308,124783.50542867101
2016-08-17,131915.88005435365,6466.734684336308,125449.14537001733
2016-08-18,132225.68120762522,6466.734684336308,125758.9465232889
2016-08-19,132192.64592296586,6466.734684336308,125725.91123862955
2016-08-22,131881.50660686658,6466.734684336308,125414.77192253026
2016-08-23,132356.7516260277,6466.734684336308,125890.01694169137
2016-08-24,131304.00888793485,6466.734684336308,124837.27420359853
2016-08-25,130889.57174089215,6466.734684336308,124422.83705655584
2016-08-26,130694.79487356337,6466.734684336308,124228.06018922706
2016-08-29,129682.22410365875,6466.734684336308,123215.48941932245
2016-08-30,129059.09228985407,6466.734684336308,122592.35760551777
2016-08-31,128987.91981280014,6466.734684336308,122521.18512846384
2016-09-01,127057.43156549057,6466.734684336308,120590.69688115426
2016-09-02,127178.97587389564,6466.734684336308,120712.24118955934
2016-09-06,128918.44197956599,6466.734684336308,122451.70729522969
2016-09-07,128541.72148249144,6310.966857230589,122230.75462526086
2016-09-08,128056.11815803518,6310.966857230589,121745.1513008046
2016-09-09,126164.56997228769,6310.966857230589,119853.6031150571
2016-09-12,127680.738910799,6310.966857230589,121369.77205356842
2016-09-13,126421.23738646272,6310.966857230589,120110.27052923213
2016-09-14,126383.09334910192,6310.966857230589,120072.12649187133
2016-09-15,127323.7111394601,6310.966857230589,121012.74428222951
2016-09-16,127550.82909854536,6310.966857230589,121239.86224131478
2016-09-19,127815.34197225232,6310.966857230589,121504.37511502173
2016-09-20,128838.49585489967,6310.966857230589,122527.52899766908
2016-09-21,129558.67951321756,6310.966857230589,123247.71265598698
2016-09-22,130445.75920130708,6310.966857230589,124134.7923440765
2016-09-23,130300.07780430594,6310.966857230589,123989.11094707536
2016-09-26,129415.73752674638,6310.966857230589,123104.7706695158
2016-09-27,128736.28488984643,6310.966857230589,122425.31803261585
2016-09-28,128961.37898842199,6310.966857230589,122650.4121311914
2016-09-29,127369.86096610941,6310.966857230589,121058.89410887883
2016-09-30,128154.83290157383,6310.966857230589,121843.86604434323
2016-10-03,128319.35240876794,6310.966857230589,122008.38555153734
2016-10-04,127566.24267544929,6310.966857230589,121255.27581821871
2016-10-05,127324.89636167933,6310.966857230589,121013.92950444875
2016-10-06,126370.98602780662,6310.966857230589,120060.01917057604
2016-10-07,125256.77766692857,6149.687147352859,119107.09051957571
2016-10-10,125905.7855740347,6149.687147352859,119756.09842668184
2016-10-11,124699.53323028755,6149.687147352859,118549.84608293469
2016-10-12,124511.8876623967,6149.687147352859,118362.20051504383
2016-10-13,123845.56720980583,6149.687147352859,117695.88006245297
2016-10-14,124338.50858973777,6149.687147352859,118188.82144238491
2016-10-17,123575.76642941954,6149.687147352859,117426.07928206668
2016-10-18,124270.51849470711,6149.687147352859,118120.83134735425
2016-10-19,124315.30799308307,6149.687147352859,118165.62084573021
2016-10-20,124026.86110412628,6149.687147352859,117877.17395677342
2016-10-21,124059.25469737923,6149.687147352859,117909.56755002638
2016-10-24,124284.32429439848,6149.687147352859,118134.63714704562
2016-10-25,124943.18855616981,6149.687147352859,118793.50140881696
2016-10-26,125638.8336832545,6149.687147352859,119489.14653590164
2016-10-27,125321.10155566015,6149.687147352859,119171.41440830729
2016-10-28,125255.85510201594,6149.687147352859,119106.16795466308
2016-10-31,124835.35938718102,6149.687147352859,118685.67223982816
2016-11-01,124203.82181832044,6149.687147352859,118054.13467096759
2016-11-02,122872.1164928335,6149.687147352859,116722.42934548065
2016-11-03,122113.80978548886,6149.687147352859,115964.122638136
2016-11-04,122327.77147210391,6149.687147352859,116178.08432475105
2016-11-07,124871.9547476404,18015.070802634888,106856.88394500551
2016-11-08,125340.63007439996,18015.070802634888,107325.55927176507
2016-11-09,124510.62176131581,18015.070802634888,106495.55095868092
2016-11-10,122443.29114683167,18015.070802634888,104428.22034419679
2016-11-11,122966.9478763042,18015.070802634888,104951.87707366931
2016-11-14,121260.90190910436,18015.070802634888,103245.83110646947
2016-11-15,122983.24933202831,18015.070802634888,104968.17852939342
2016-11-16,123354.00123147682,18015.070802634888,105338.93042884194
2016-11-17,124368.52951384253,18015.070802634888,106353.45871120764
2016-11-18,124391.28714887318,18015.070802634888,106376.21634623829
2016-11-21,124838.57597569244,18015.070802634888,106823.50517305755
2016-11-22,126569.1900893451,18015.070802634888,108554.1192867102
2016-11-23,126781.49955176089,18015.070802634888,108766.428749126
2016-11-25,127686.8556237481,18015.070802634888,109671.78482111321
2016-11-28,127561.93004585867,18015.070802634888,109546.85924322378
2016-11-29,126650.93636962118,18015.070802634888,108635.8655669863
2016-11-30,125449.1748446391,18015.070802634888,107434.10404200421
2016-12-01,123984.50323737848,18015.070802634888,105969.43243474359
2016-12-02,123908.83886288253,18015.070802634888,105893.76806024765
2016-12-05,124890.09631940849,18015.070802634888,106875.0255167736
2016-12-06,125679.04720392448,18015.070802634888,107663.97640128959
2016-12-07,127834.62156485338,18442.489854291227,109392.13171056216
2016-12-08,127819.42307047163,18442.489854291227,109376.9332161804
2016-12-09,128329.69922478675,18442.489854291227,109887.20937049552
2016-12-12,128560.78389756501,18442.489854291227,110118.29404327378
2016-12-13,130155.91357298417,18442.489854291227,111713.42371869294
2016-12-14,129748.20457435693,18442.489854291227,111305.7147200657
2016-12-15,129892.22903814045,18442.489854291227,111449.73918384922
2016-12-16,129764.12657073961,18442.489854291227,111321.63671644838
2016-12-19,129860.23547526356,18442.489854291227,111417.74562097233
2016-12-20,130390.0331393086,18442.489854291227,111947.54328501737
2016-12-21,130119.85739031777,18442.489854291227,111677.36753602655
2016-12-22,129753.6215682968,18442.489854291227,111311.13171400558
2016-12-23,130178.2003346293,18442.489854291227,111735.71048033808
2016-12-27,131098.38242154426,18442.489854291227,112655.89256725303
2016-12-28,130681.96948615843,18442.489854291227,112239.4796318672
2016-12-29,130138.44998398308,18442.489854291227,111695.96012969186
2016-12-30,129274.5645804576,18442.489854291227,110832.07472616638
2017-01-03,130515.67214479638,18442.489854291227,112073.18229050515
2017-01-04,131807.1074982808,18442.489854291227,113364.61764398956
2017-01-05,133344.70272896334,18442.489854291227,114902.21287467211
2017-01-06,134522.62120861642,18442.489854291227,116080.1313543252
2017-01-09,134734.2991704482,6615.00162585506,128119.29754459315
2017-01-10,134259.20014937088,6615.00162585506,127644.19852351584
2017-01-11,134664.6182310105,6615.00162585506,128049.61660515546
2017-01-12,134080.8064296028,6615.00162585506,127465.80480374771
2017-01-13,135155.9669959621,6615.00162585506,128540.96537010705
2017-01-17,134180.4245206933,6615.00162585506,127565.42289483824
2017-01-18,134409.98575401556,6615.00162585506,127794.9841281605
2017-01-19,134655.22072455945,6615.00162585506,128040.21909870437
2017-01-20,134414.9297039222,6615.00162585506,127799.92807806714
2017-01-23,133080.15445126983,6615.00162585506,126465.15282541477
2017-01-24,134348.60417044308,6615.00162585506,127733.60254458804
2017-01-25,135981.35461189906,6615.00162585506,129366.35298604399
2017-01-26,136303.77458947035,6615.00162585506,129688.7729636153
2017-01-27,135766.36836470186,6615.00162585506,129151.36673884679
2017-01-30,134864.06542959868,6615.00162585506,128249.06380374363
2017-01-31,134366.43936187157,6615.00162585506,127751.43773601652
2017-02-01,134188.96778877568,6615.00162585506,127573.96616292064
2017-02-02,134575.27545590262,6615.00162585506,127960.27383004758
2017-02-03,135356.53209785605,6615.00162585506,128741.530472001
2017-02-06,135612.95950528444,6615.00162585506,128997.95787942939
2017-02-07,135185.70524517656,6637.1641482167615,128548.54109695982
2017-02-08,134631.46746519586,6637.1641482167615,127994.30331697909
2017-02-09,134497.01185567628,6637.1641482167615,127859.84770745951
2017-02-10,134780.81343714107,6637.1641482167615,128143.6492889243
2017-02-13,134774.90253771405,6637.1641482167615,128137.73838949729
2017-02-14,135609.19405934773,6637.1641482167615,128972.02991113097
2017-02-15,136452.28037865902,6637.1641482167615,129815.11623044228
2017-02-16,135742.56608107442,6637.1641482167615,129105.40193285764
2017-02-17,135336.02446430633,6637.1641482167615,128698.86031608957
2017-02-21,136442.17916848624,6637.1641482167615,129805.01502026948
2017-02-22,136116.9858618942,6637.1641482167615,129479.82171367743
2017-02-23,134325.69761595572,6637.1641482167615,127688.53346773895
2017-02-24,134571.4106404524,6637.1641482167615,127934.24649223566
2017-02-27,135053.85169097024,6637.1641482167615,128416.6875427535
2017-02-28,134182.48574124835,6637.1641482167615,127545.32159303161
2017-03-01,136041.6623901701,6637.1641482167615,129404.49824195335
2017-03-02,135239.63096122872,25527.738131204645,109711.89283002407
2017-03-03,134830.99441923152,25527.738131204645,109303.25628802687
2017-03-06,134783.69817387787,25527.738131204645,109255.96004267322
2017-03-07,134219.45805547494,6589.724656044309,127629.73339943064
2017-03-08,134352.53636573214,6589.724656044309,127762.81170968783
2017-03-09,133626.12297651384,6589.724656044309,127036.39832046953
2017-03-10,135231.9687233715,6589.724656044309,128642.24406732719
2017-03-13,135655.19666967785,6589.724656044309,129065.47201363355
2017-03-14,136026.10386505263,6589.724656044309,129436.37920900833
2017-03-15,136435.25825162645,6589.724656044309,129845.53359558214
2017-03-16,136870.73041618176,6589.724656044309,130281.00576013746
2017-03-17,137458.23182859886,6589.724656044309,130868.50717255456
2017-03-20,138798.33535306368,6589.724656044309,132208.61069701938
2017-03-21,135582.44759813082,6589.724656044309,128992.72294208652
2017-03-22,136946.7102629981,6589.724656044309,130356.9856069538
2017-03-23,136429.10255269363,6589.724656044309,129839.37789664931
2017-03-24,137314.7140651615,6589.724656044309,130724.9894091172
2017-03-27,137621.88925101602,6589.724656044309,131032.16459497172
2017-03-28,138308.22746490702,6589.724656044309,131718.50280886272
2017-03-29,138411.74009764922,6589.724656044309,131822.01544160492
2017-03-30,139631.604556567,6589.724656044309,133041.8799005227
2017-03-31,140152.37590556362,6589.724656044309,133562.65124951932
2017-04-03,141797.01570738998,6589.724656044309,135207.29105134567
2017-04-04,140482.11939400487,6589.724656044309,133892.39473796057
2017-04-05,139325.86679448796,6589.724656044309,132736.14213844365
2017-04-06,138722.47606110226,6589.724656044309,132132.75140505796
2017-04-07,139262.03038630006,6837.298023570442,132424.7323627296
2017-04-10,138159.97250605022,6837.298023570442,131322.67448247978
2017-04-11,137966.10580581595,6837.298023570442,131128.8077822455
2017-04-12,136725.92756832016,6837.298023570442,129888.62954474971
2017-04-13,134786.28121324134,6837.298023570442,127948.98318967091
2017-04-17,137265.74533279406,6837.298023570442,130428.44730922363
2017-04-18,135346.72337428853,6837.298023570442,128509.42535071808
2017-04-19,135078.44308526887,6837.298023570442,128241.14506169844
2017-04-20,136935.762409597,6837.298023570442,130098.46438602655
2017-04-21,135956.94548447375,6837.298023570442,129119.64746090332
2017-04-24,139071.1982260444,6837.298023570442,132233.90020247395
2017-04-25,141140.44931139468,6837.298023570442,134303.15128782424
2017-04-26,140702.56680827285,6837.298023570442,133865.2687847024
2017-04-27,140575.4057212209,6837.298023570442,133738.10769765044
2017-04-28,139315.594304447,6837.298023570442,132478.29628087656
2017-05-01,140541.22445658862,6837.298023570442,133703.92643301818
2017-05-02,136207.49568779915,18727.897250697853,117479.59843710129
2017-05-03,136919.01358675337,18727.897250697853,118191.11633605551
2017-05-04,137069.6370769048,18727.897250697853,118341.73982620693
2017-05-05,136900.17323389338,18727.897250697853,118172.27598319552
2017-05-08,136365.08865897628,6695.067913240393,129670.02074573589
2017-05-09,136745.21269499924,6695.067913240393,130050.14478175883
2017-05-10,137237.979654841,6695.067913240393,130542.9117416006
2017-05-11,136477.80296843554,6695.067913240393,129782.73505519514
2017-05-12,136441.2267839179,6695.067913240393,129746.1588706775
2017-05-15,135982.5121916933,6695.067913240393,129287.4442784529
2017-05-16,136391.0351725809,6695.067913240393,129695.96725934048
2017-05-17,132470.84509269637,6695.067913240393,125775.77717945598
2017-05-18,133742.71491502324,6695.067913240393,127047.64700178285
2017-05-19,134368.8719320849,6695.067913240393,127673.8040188445
2017-05-22,134612.14685342144,6695.067913240393,127917.07894018103
2017-05-23,134658.15570740032,6695.067913240393,127963.08779415992
2017-05-24,135172.0580638689,6695.067913240393,128476.9901506285
2017-05-25,136405.48864078455,6695.067913240393,129710.42072754416
2017-05-26,136745.95455579445,6695.067913240393,130050.88664255405
2017-05-30,137442.92354794953,6695.067913240393,130747.85563470912
2017-05-31,137465.2002347809,6695.067913240393,130770.1323215405
2017-06-01,137744.70904454478,6695.067913240393,131049.64113130438
2017-06-02,137629.0842673335,6695.067913240393,130934.0163540931
2017-06-05,138095.4990748912,6695.067913240393,131400.4311616508
2017-06-06,138508.5230912417,6695.067913240393,131813.45517800128
2017-06-07,138701.9670832592,6809.800796190299,131892.1662870689
2017-06-08,138285.03004822816,6809.800796190299,131475.22925203785
2017-06-09,137556.49091864028,6809.800796190299,130746.69012244997
2017-06-12,139655.7588273233,6809.800796190299,132845.958031133
2017-06-13,139211.82762735747,6809.800796190299,132402.02683116717
2017-06-14,138880.73979093184,6809.800796190299,132070.93899474153
2017-06-15,138722.00398108066,6809.800796190299,131912.20318489036
2017-06-16,138258.70252025573,6809.800796190299,131448.90172406542
2017-06-19,139341.92680809015,6809.800796190299,132532.12601189985
2017-06-20,138026.24788090403,6809.800796190299,131216.44708471373
2017-06-21,139555.14149354098,6809.800796190299,132745.34069735068
2017-06-22,139226.765300615,6809.800796190299,132416.9645044247
2017-06-23,139232.611449812,6809.800796190299,132422.81065362168
2017-06-26,140276.7930747562,6809.800796190299,133466.9922785659
2017-06-27,138312.7291822216,6809.800796190299,131502.9283860313
2017-06-28,139163.21936889345,6809.800796190299,132353.41857270314
2017-06-29,137223.18921955166,6809.800796190299,130413.38842336135
2017-06-30,136289.0629584309,6809.800796190299,129479.2621622406
2017-07-03,136735.49833819445,15617.86999781452,121117.62834037993
2017-07-05,136741.49581964366,15617.86999781452,121123.62582182913
2017-07-06,134156.5875606864,15617.86999781452,118538.71756287187
2017-07-07,133995.5037634121,19331.310160164,114664.1936032481
2017-07-10,136587.58998577806,19331.310160164,117256.27982561407
2017-07-11,138817.57731552678,19331.310160164,119486.26715536279
2017-07-12,141495.93430445698,19331.310160164,122164.62414429299
2017-07-13,139545.94112187513,19331.310160164,120214.63096171114
2017-07-14,142094.0433636134,19331.310160164,122762.7332034494
2017-07-17,141320.7743315952,19331.310160164,121989.4641714312
2017-07-18,146463.08694310024,19331.310160164,127131.77678293624
2017-07-19,146179.17003798086,19331.310160164,126847.85987781687
2017-07-20,147273.00186592073,19331.310160164,127941.69170575673
2017-07-21,148368.01957117315,19331.310160164,129036.70941100916
2017-07-24,148992.73991878566,19331.310160164,129661.42975862167
2017-07-25,147105.01656283534,19331.310160164,127773.70640267135
2017-07-26,148822.4962164622,19331.310160164,129491.1860562982
2017-07-27,145521.1813887164,19331.310160164,126189.8712285524
2017-07-28,145388.87190584216,19331.310160164,126057.56174567816
2017-07-31,142526.54829340286,19331.310160164,123195.23813323886
2017-08-01,142925.76397416528,19331.310160164,123594.45381400129
2017-08-02,142929.81680500772,19331.310160164,123598.50664484373
2017-08-03,143757.9283765332,19331.310160164,124426.61821636921
2017-08-04,144726.74506341782,19331.310160164,125395.43490325383
2017-08-07,146374.50355843178,7186.496571283817,139188.00698714796
2017-08-08,145969.98828615618,7186.496571283817,138783.49171487236
2017-08-09,145151.71138436528,7186.496571283817,137965.21481308146
2017-08-10,139707.6805262009,7186.496571283817,132521.18395491707
2017-08-11,138963.30366397862,7186.496571283817,131776.8070926948
2017-08-14,144395.08424837617,7186.496571283817,137208.58767709235
2017-08-15,144667.91772254798,7186.496571283817,137481.42115126416
2017-08-16,144785.97967555697,7186.496571283817,137599.48310427315
2017-08-17,141076.18618689233,7186.496571283817,133889.6896156085
2017-08-18,141671.38804688305,7186.496571283817,134484.89147559923
2017-08-21,139009.45849902226,7186.496571283817,131822.96192773845
2017-08-22,141776.15885234103,7186.496571283817,134589.66228105722
2017-08-23,143881.73054717807,7186.496571283817,136695.23397589425
2017-08-24,143451.9590689853,7186.496571283817,136265.4624977015
2017-08-25,142496.4879398724,7186.496571283817,135309.99136858858
2017-08-28,143159.41740750914,7186.496571283817,135972.92083622533
2017-08-29,143674.97022523818,7186.496571283817,136488.47365395437
2017-08-30,146089.70826959913,7186.496571283817,138903.2116983153
2017-08-31,148134.65593288883,7186.496571283817,140948.159361605
2017-09-01,149358.03853546723,7186.496571283817,142171.54196418342
2017-09-05,146830.04065605157,7186.496571283817,139643.54408476775
2017-09-06,147036.57938315647,7186.496571283817,139850.08281187265
2017-09-07,147604.20864349,7246.870961376524,140357.3376821135
2017-09-08,146590.44820688647,7246.870961376524,139343.57724550995
2017-09-11,149573.96520998928,7246.870961376524,142327.09424861276
2017-09-12,151014.49617895432,7246.870961376524,143767.6252175778
2017-09-13,151526.13079712426,7246.870961376524,144279.25983574774
2017-09-14,152092.65256563376,7246.870961376524,144845.78160425724
2017-09-15,153281.9896916988,7246.870961376524,146035.11873032228
2017-09-18,156204.14629237106,7246.870961376524,148957.27533099454
2017-09-19,156265.487734194,7246.870961376524,149018.61677281748
2017-09-20,156824.83298934106,7246.870961376524,149577.96202796453
2017-09-21,156941.7473208259,7246.870961376524,149694.87635944938
2017-09-22,156108.4446500839,7246.870961376524,148861.57368870737
2017-09-25,154942.57580432406,7246.870961376524,147695.70484294754
2017-09-26,154451.0291278862,7246.870961376524,147204.15816650967
2017-09-27,154779.79815511717,7246.870961376524,147532.92719374064
2017-09-28,154657.92582356965,7246.870961376524,147411.05486219312
2017-09-29,155733.59010242755,7246.870961376524,148486.71914105103
2017-10-02,157051.4009394583,7246.870961376524,149804.5299780818
2017-10-03,158047.34278732358,7246.870961376524,150800.47182594705
2017-10-04,157261.51254847343,7246.870961376524,150014.6415870969
2017-10-05,158242.49456651497,7246.870961376524,150995.62360513845
2017-10-06,158292.2844405619,7246.870961376524,151045.41347918537
2017-10-09,155906.87565082446,7654.504029501008,148252.37162132346
2017-10-10,157545.77321051742,7654.504029501008,149891.26918101643
2017-10-11,157741.68309221067,7654.504029501008,150087.17906270968
2017-10-12,158102.13071575423,7654.504029501008,150447.62668625324
2017-10-13,158740.47009667466,7654.504029501008,151085.96606717366
2017-10-16,160228.39713036772,7654.504029501008,152573.89310086673
2017-10-17,160387.93397394533,7654.504029501008,152733.42994444433
2017-10-18,160223.91300136727,7654.504029501008,152569.40897186627
2017-10-19,159014.17719386326,7654.504029501008,151359.67316436226
2017-10-20,158634.1001767536,7654.504029501008,150979.5961472526
2017-10-23,156185.07225470917,7654.504029501008,148530.56822520818
2017-10-24,156324.93798863853,7654.504029501008,148670.43395913753
2017-10-25,151312.9645933906,7654.504029501008,143658.46056388962
2017-10-26,151157.54020579692,24923.70564533394,126233.83456046297
2017-10-27,152401.6284076874,24923.70564533394,127477.92276235347
2017-10-30,153121.9282552143,24923.70564533394,128198.22260988035
2017-10-31,154684.21754577,54149.486632886124,100534.73091288388
2017-11-01,153287.0004184225,54149.486632886124,99137.51378553637
2017-11-02,151827.6939896068,77103.60071586883,74724.09327373798
2017-11-03,153466.15049549565,77103.60071586883,76362.54977962682
2017-11-06,154100.69688991772,77103.60071586883,76997.09617404889
2017-11-07,154406.84985334557,7580.857800216829,146825.99205312875
2017-11-08,154525.65468695358,7580.857800216829,146944.79688673676
2017-11-09,154807.2603850774,7580.857800216829,147226.40258486057
2017-11-10,155742.8002369807,7580.857800216829,148161.94243676387
2017-11-13,155133.33013694268,7580.857800216829,147552.47233672586
2017-11-14,151321.37702857566,7580.857800216829,143740.51922835884
2017-11-15,152006.97754298948,7580.857800216829,144426.11974277266
2017-11-16,153545.35743620014,7580.857800216829,145964.49963598332
2017-11-17,153938.86365527485,7580.857800216829,146358.00585505803
2017-11-20,152782.00685536777,7580.857800216829,145201.14905515095
2017-11-21,153053.960295815,7580.857800216829,145473.10249559817
2017-11-22,153869.46098359642,7580.857800216829,146288.6031833796
2017-11-24,153965.84001130288,7580.857800216829,146384.98221108606
2017-11-27,153049.97810326214,7580.857800216829,145469.12030304532
2017-11-28,155030.68197406185,7580.857800216829,147449.82417384503
2017-11-29,155361.36913208518,7580.857800216829,147780.51133186836
2017-11-30,154562.23009566136,7580.857800216829,146981.37229544454
2017-12-01,154267.11212234068,7580.857800216829,146686.25432212386
2017-12-04,154723.0253421023,7580.857800216829,147142.1675418855
2017-12-05,153217.94569873184,7580.857800216829,145637.08789851502
2017-12-06,152914.57801605394,7580.857800216829,145333.72021583712
2017-12-07,153007.43547927984,7512.151253949924,145495.2842253299
2017-12-08,153875.60374787275,7512.151253949924,146363.4524939228
2017-12-11,153963.2857216192,7512.151253949924,146451.1344676693
2017-12-12,152958.98755942966,7512.151253949924,145446.83630547975
2017-12-13,152714.03605271777,7512.151253949924,145201.88479876783
2017-12-14,152897.5816061569,7512.151253949924,145385.43035220698
2017-12-15,155289.35610019258,7512.151253949924,147777.20484624265
2017-12-18,158352.56312275305,7512.151253949924,150840.41186880314
2017-12-19,158217.40948255255,7512.151253949924,150705.25822860264
2017-12-20,159740.27531338943,7512.151253949924,152228.12405943952
2017-12-21,158214.5082821565,7512.151253949924,150702.35702820658
2017-12-22,158245.39032562624,7512.151253949924,150733.23907167633
2017-12-26,156571.9918060666,7512.151253949924,149059.8405521167
2017-12-27,156312.7007775068,7512.151253949924,148800.5495235569
2017-12-28,157373.72373947868,7512.151253949924,149861.57248552877
2017-12-29,156558.1474640572,7512.151253949924,149045.99621010726
2018-01-02,161485.63030952262,7512.151253949924,153973.4790555727
2018-01-03,162818.3881977601,7512.151253949924,155306.2369438102
2018-01-04,163487.17031749827,7512.151253949924,155975.01906354833
2018-01-05,164412.81317996868,7512.151253949924,156900.66192601874
2018-01-08,164935.93586647126,8097.80056478699,156838.13530168426
2018-01-09,165704.98311713059,8097.80056478699,157607.18255234358
2018-01-10,166581.09765185762,8097.80056478699,158483.29708707062
2018-01-11,167353.42329647753,8097.80056478699,159255.62273169053
2018-01-12,167672.4695115783,8097.80056478699,159574.6689467913
2018-01-16,166033.33186063147,8097.80056478699,157935.53129584447
2018-01-17,166423.18869344605,8097.80056478699,158325.38812865905
2018-01-18,164998.07727039815,8097.80056478699,156900.27670561115
2018-01-19,164248.84122369485,8097.80056478699,156151.04065890785
2018-01-22,164240.0813607322,8097.80056478699,156142.2807959452
2018-01-23,165540.63166748697,8097.80056478699,157442.83110269997
2018-01-24,164830.88261354103,8097.80056478699,156733.08204875403
2018-01-25,163882.90649724056,8097.80056478699,155785.10593245356
2018-01-26,165059.5515411395,38498.97782391928,126560.57371722019
2018-01-29,163658.3452113559,38498.97782391928,125159.3673874366
2018-01-30,162276.65318944538,38498.97782391928,123777.67536552611
2018-01-31,162630.90926737103,38498.97782391928,124131.93144345174
2018-02-01,163233.36448577736,38498.97782391928,124734.38666185808
2018-02-02,159702.24425814874,38498.97782391928,121203.26643422946
2018-02-05,153667.1909159285,38498.97782391928,115168.21309200922
2018-02-06,155648.0746445214,38498.97782391928,117149.09682060212
2018-02-07,154311.5649846996,43127.18544244546,111184.37954225413
2018-02-08,149195.64888257574,43127.18544244546,106068.46344013029
2018-02-09,151510.3677500792,43127.18544244546,108383.18230763373
2018-02-12,152786.01311915682,43127.18544244546,109658.82767671137
2018-02-13,153531.38365592196,43127.18544244546,110404.1982134765
2018-02-14,155383.89650258835,43127.18544244546,112256.71106014289
2018-02-15,156185.8055079782,43127.18544244546,113058.62006553274
2018-02-16,156361.86771091537,43127.18544244546,113234.68226846991
2018-02-20,155561.88906659014,43127.18544244546,112434.70362414469
2018-02-21,154769.20524407475,43127.18544244546,111642.01980162929
2018-02-22,155188.97992310819,43127.18544244546,112061.79448066273
2018-02-23,157009.55925092645,43127.18544244546,113882.373808481
2018-02-26,158411.16063274664,43127.18544244546,115283.97519030118
2018-02-27,157583.5119926828,43127.18544244546,114456.32655023733
2018-02-28,155225.96881326995,43127.18544244546,112098.7833708245
2018-03-01,152954.82660014727,43127.18544244546,109827.64115770182
2018-03-02,153204.4130992022,43127.18544244546,110077.22765675675
2018-03-05,155701.52817232662,43127.18544244546,112574.34272988116
2018-03-06,156523.17993596234,43127.18544244546,113395.99449351688
2018-03-07,155886.06964188264,43567.22993513829,112318.83970674436
2018-03-08,155933.39361257976,43567.22993513829,112366.16367744147
2018-03-09,158459.77430735884,43567.22993513829,114892.54437222054
2018-03-12,158825.05681570567,43567.22993513829,115257.82688056739
2018-03-13,156923.2907935143,43567.22993513829,113356.060858376
2018-03-14,155531.12762008986,43567.22993513829,111963.89768495156
2018-03-15,155688.9877248543,43567.22993513829,112121.75778971601
2018-03-16,155051.75894074969,43567.22993513829,111484.5290056114
2018-03-19,153327.17884494606,43567.22993513829,109759.94890980778
2018-03-20,152430.41054365778,43567.22993513829,108863.1806085195
2018-03-21,153086.47653849097,43567.22993513829,109519.24660335269
2018-03-22,149682.85851913257,43567.22993513829,106115.62858399427
2018-03-23,147209.47762632233,43567.22993513829,103642.24769118403
2018-03-26,149369.1507774602,43567.22993513829,105801.92084232191
2018-03-27,146899.4140123626,57921.36881522636,88978.04519713625
2018-03-28,147022.51184239288,57921.36881522636,89101.14302716652
2018-03-29,148024.28931762654,57921.36881522636,90102.92050240017
2018-04-02,145163.1440300048,74524.17668807741,70638.9673419274
2018-04-03,145863.900041598,74524.17668807741,71339.72335352062
2018-04-04,146690.4046026415,74524.17668807741,72166.2279145641
2018-04-05,147279.97529569536,74524.17668807741,72755.79860761794
2018-04-06,145802.56869161373,74524.17668807741,71278.39200353634
2018-04-09,145234.19796641567,58041.36348587794,87192.83448053774
2018-04-10,148739.38265715766,58041.36348587794,90698.01917127972
2018-04-11,148648.22383330064,58041.36348587794,90606.86034742268
2018-04-12,150398.36473777157,58041.36348587794,92357.00125189364
2018-04-13,150178.1530302076,58041.36348587794,92136.78954432967
2018-04-16,149513.63644659962,58041.36348587794,91472.27296072166
2018-04-17,152897.55709267425,58041.36348587794,94856.19360679633
2018-04-18,153873.61751988658,58041.36348587794,95832.25403400866
2018-04-19,153117.18817978282,58041.36348587794,95075.82469390488
2018-04-20,151610.85864461277,58041.36348587794,93569.49515873483
2018-04-23,149663.7301685993,58041.36348587794,91622.36668272136
2018-04-24,147167.442142486,58041.36348587794,89126.07865660804
2018-04-25,146732.33523282662,58041.36348587794,88690.97174694868
2018-04-26,149907.41672920404,58041.36348587794,91866.0532433261
2018-04-27,150319.40231122903,58041.36348587794,92278.0388253511
2018-04-30,149661.55504841142,58041.36348587794,91620.19156253347
2018-05-01,150680.15472085334,58041.36348587794,92638.7912349754
2018-05-02,150191.2782930807,72072.74432113854,78118.53397194215
2018-05-03,149936.97199487986,72072.74432113854,77864.22767374132
2018-05-04,151565.7810044361,72072.74432113854,79493.03668329757
2018-05-07,153360.11113494108,42861.27195357294,110498.83918136814
2018-05-08,154007.2629951681,42861.27195357294,111145.99104159515
2018-05-09,156865.23245635445,42861.27195357294,114003.96050278151
2018-05-10,158226.3594660943,42861.27195357294,115365.08751252134
2018-05-11,157135.6307428567,42861.27195357294,114274.35878928377
2018-05-14,157196.09077704244,42861.27195357294,114334.81882346948
2018-05-15,155847.3902724767,42861.27195357294,112986.11831890378
2018-05-16,157444.44899242686,42861.27195357294,114583.17703885392
2018-05-17,156884.4655380121,42861.27195357294,114023.19358443914
2018-05-18,155471.36994881675,42861.27195357294,112610.0979952438
2018-05-21,157387.10967149725,42861.27195357294,114525.8377179243
2018-05-22,157862.52412074094,42861.27195357294,115001.25216716799
2018-05-23,157250.59127894102,42861.27195357294,114389.3193253681
2018-05-24,158444.64175925066,42861.27195357294,115583.36980567772
2018-05-25,158546.0680963691,42861.27195357294,115684.79614279617
2018-05-29,158487.10013709374,42861.27195357294,115625.82818352082
2018-05-30,159633.20909176275,42861.27195357294,116771.93713818981
2018-05-31,157598.8345189502,42861.27195357294,114737.56256537727
2018-06-01,159309.55370486563,42861.27195357294,116448.28175129267
2018-06-04,159588.58731415792,42861.27195357294,116727.31536058498
2018-06-05,159476.10587975,42861.27195357294,116614.83392617705
2018-06-06,160907.73003623518,42861.27195357294,118046.45808266226
2018-06-07,160283.82128097452,7869.397361325071,152414.42391964945
2018-06-08,161531.36293142903,7869.397361325071,153661.96557010396
2018-06-11,162217.96449837394,7869.397361325071,154348.56713704887
2018-06-12,161839.44373150266,7869.397361325071,153970.0463701776
2018-06-13,160682.1727256685,7869.397361325071,152812.77536434343
2018-06-14,160209.49322472318,7869.397361325071,152340.0958633981
2018-06-15,159216.78019485602,7869.397361325071,151347.38283353095
2018-06-18,160041.75331481066,7869.397361325071,152172.3559534856
2018-06-19,157886.6734494936,7869.397361325071,150017.27608816852
2018-06-20,159457.28633495656,7869.397361325071,151587.8889736315
2018-06-21,158353.59756704976,7869.397361325071,150484.2002057247
2018-06-22,157123.60849115992,7869.397361325071,149254.21112983485
2018-06-25,152846.8627391649,7869.397361325071,144977.46537783984
2018-06-26,156951.52152512825,7869.397361325071,149082.12416380318
2018-06-27,156087.99380153875,7869.397361325071,148218.59644021367
2018-06-28,157692.8117779791,7869.397361325071,149823.41441665404
2018-06-29,156160.85440597287,7869.397361325071,148291.4570446478
2018-07-02,155850.94003668719,7869.397361325071,147981.5426753621
2018-07-03,151614.7420928841,53370.68191987852,98244.06017300558
2018-07-05,152080.31972872556,53370.68191987852,98709.63780884704
2018-07-06,153676.77626796617,53370.68191987852,100306.09434808764
2018-07-09,155037.9572551801,29355.40901440919,125682.54824077094
2018-07-10,156624.04303556762,29355.40901440919,127268.63402115843
2018-07-11,154849.51456504548,29355.40901440919,125494.1055506363
2018-07-12,155415.44402769627,29355.40901440919,126060.03501328707
2018-07-13,154451.91646226816,29355.40901440919,125096.50744785898
2018-07-16,153978.1755107377,29355.40901440919,124622.76649632852
2018-07-17,154164.67015317356,29355.40901440919,124809.26113876438
2018-07-18,154046.76764235634,29355.40901440919,124691.35862794716
2018-07-19,152687.0135635885,29355.40901440919,123331.60454917929
2018-07-20,150260.19717649816,29355.40901440919,120904.78816208897
2018-07-23,148970.53583040528,29355.40901440919,119615.12681599609
2018-07-24,148007.15673735138,29355.40901440919,118651.7477229422
2018-07-25,149501.39691602823,29355.40901440919,120145.98790161905
2018-07-26,150000.21537833533,29355.40901440919,120644.80636392615
2018-07-27,148505.9726354179,49962.353574160545,98543.61906125734
2018-07-30,146861.06282246558,49962.353574160545,96898.70924830504
2018-07-31,148270.44058429002,49962.353574160545,98308.08701012947
2018-08-01,147675.11512886366,49962.353574160545,97712.7615547031
2018-08-02,151518.18300696893,49962.353574160545,101555.82943280839
2018-08-03,151322.3034551993,49962.353574160545,101359.94988103874
2018-08-06,151056.27882888587,49962.353574160545,101093.92525472533
2018-08-07,153881.9681620349,29136.530145993638,124745.43801604127
2018-08-08,153512.1892005126,29136.530145993638,124375.65905451897
2018-08-09,151431.67437263692,29136.530145993638,122295.14422664327
2018-08-10,150257.2833083584,29136.530145993638,121120.75316236477
2018-08-13,150477.81176588492,29136.530145993638,121341.28161989129
2018-08-14,149589.54648717467,29136.530145993638,120453.01634118104
2018-08-15,145341.11745959314,29136.530145993638,116204.5873135995
2018-08-16,143742.7232988237,29136.530145993638,114606.19315283005
2018-08-17,142340.21713394864,41625.01559872304,100715.2015352256
2018-08-20,144197.05805943673,41625.01559872304,102572.0424607137
2018-08-21,147014.86794806854,41625.01559872304,105389.85234934548
2018-08-22,148432.7683937818,41625.01559872304,106807.75279505877
2018-08-23,148819.7584091497,41625.01559872304,107194.74281042669
2018-08-24,153255.55608081818,41625.01559872304,111630.54048209512
2018-08-27,156347.7814301087,41625.01559872304,114722.76583138568
2018-08-28,156610.40059205823,41625.01559872304,114985.38499333519
2018-08-29,156295.4848336232,41625.01559872304,114670.46923490016
2018-08-30,157131.80070335593,41625.01559872304,115506.78510463287
2018-08-31,156740.51610221458,41625.01559872304,115115.50050349152
2018-09-04,158330.77564864006,41625.01559872304,116705.76004991704
2018-09-05,154475.97311310165,41625.01559872304,112850.9575143786
2018-09-06,150192.2809579125,75518.71071714652,74673.570240766
2018-09-07,149890.51042537036,43017.3746380455,106873.13578732485
2018-09-10,151647.01378204592,43017.3746380455,108629.63914400044
2018-09-11,151891.72626102256,43017.3746380455,108874.35162297708
2018-09-12,151829.5500023784,43017.3746380455,108812.17536433293
2018-09-13,151677.16240378254,43017.3746380455,108659.78776573704
2018-09-14,153509.60106047426,43017.3746380455,110492.22642242876
2018-09-17,151755.1503642343,43017.3746380455,108737.77572618879
2018-09-18,152719.3771288545,43017.3746380455,109702.00249080903
2018-09-19,152883.409855002,43017.3746380455,109866.03521695652
2018-09-20,153202.1531434136,43017.3746380455,110184.7785053681
2018-09-21,151542.80079009343,43017.3746380455,108525.42615204793
2018-09-24,153658.40890018782,43017.3746380455,110641.03426214233
2018-09-25,153599.1947281368,43017.3746380455,110581.82009009129
2018-09-26,154046.3961861409,43017.3746380455,111029.02154809539
2018-09-27,155053.25416725062,43017.3746380455,112035.87952920512
2018-09-28,154300.7189783768,43017.3746380455,111283.3443403313
2018-10-01,155298.02918837414,43017.3746380455,112280.65455032865
2018-10-02,153169.10210987157,43017.3746380455,110151.72747182606
2018-10-03,153316.77150907626,43017.3746380455,110299.39687103077
2018-10-04,150495.2082045587,56920.06949913537,93575.13870542332
2018-10-05,148436.83987098705,56920.06949913537,91516.77037185169
2018-10-08,147635.59962852672,42370.233319706385,105265.36630882032
2018-10-09,148134.10203044928,42370.233319706385,105763.8687107429
2018-10-10,144417.49098347285,42370.233319706385,102047.25766376645
2018-10-11,144160.881055289,42370.233319706385,101790.64773558262
2018-10-12,144774.27428978632,42370.233319706385,102404.04097007994
2018-10-15,144370.03665603691,42370.233319706385,101999.80333633053
2018-10-16,147697.45373363775,42370.233319706385,105327.22041393135
2018-10-17,146762.01462229498,42370.233319706385,104391.78130258861
2018-10-18,144782.43082429457,42370.233319706385,102412.19750458817
2018-10-19,142509.52099323247,56040.52482737663,86468.99616585583
2018-10-22,142007.28727519998,56040.52482737663,85966.76244782335
2018-10-23,143073.40451875294,56040.52482737663,87032.87969137632
2018-10-24,138340.1915139409,77179.52798047307,61160.663533467836
2018-10-25,139833.45083710947,77179.52798047307,62653.922856636396
2018-10-26,138507.92834283574,94863.17694601625,43644.75139681951
2018-10-29,137972.89366676466,94863.17694601625,43109.7167207484
2018-10-30,138647.5135196739,94863.17694601625,43784.336573657645
2018-10-31,140112.64182866865,94863.17694601625,45249.464882652406
2018-11-01,140378.40162373194,94863.17694601625,45515.22467771568
2018-11-02,140167.5260725722,94863.17694601625,45304.34912655595
2018-11-05,139618.52247771947,94863.17694601625,44755.34553170323
2018-11-06,139870.437817486,94863.17694601625,45007.26087146976
2018-11-07,140428.73241534436,84234.76186098487,56193.97055435949
2018-11-08,139584.24427514797,84234.76186098487,55349.4824141631
2018-11-09,138160.11561683408,84234.76186098487,53925.35375584921
2018-11-12,135436.9090448249,84234.76186098487,51202.14718384002
2018-11-13,137048.9986254241,84234.76186098487,52814.23676443923
2018-11-14,136948.00575042487,84234.76186098487,52713.24388944001
2018-11-15,137494.28107178508,84234.76186098487,53259.5192108002
2018-11-16,135476.9802264691,90275.65449420686,45201.32573226224
2018-11-19,133705.39952841058,90275.65449420686,43429.74503420371
2018-11-20,133180.01466122572,101254.93762838373,31925.077032841982
2018-11-21,133247.62746565492,101254.93762838373,31992.68983727118
2018-11-23,132617.76310469158,101254.93762838373,31362.82547630784
2018-11-26,133658.93733611298,101254.93762838373,32403.99970772925
2018-11-27,133577.5656362496,101254.93762838373,32322.62800786589
2018-11-28,134306.46401130233,101254.93762838373,33051.52638291859
2018-11-29,134116.73780142178,101254.93762838373,32861.800173038035
2018-11-30,134725.05628862354,101254.93762838373,33470.11866023982
2018-12-03,135367.35934679615,101254.93762838373,34112.42171841241
2018-12-04,134254.20712553075,101254.93762838373,32999.269497147034
2018-12-06,134720.77322219976,101254.93762838373,33465.83559381604
2018-12-07,133702.9387812937,90235.35671320111,43467.58206809257
2018-12-10,134376.48193500616,90235.35671320111,44141.12522180504
2018-12-11,134021.1458284299,90235.35671320111,43785.78911522881
2018-12-12,134660.1664602397,90235.35671320111,44424.809747038606
2018-12-13,135191.18457357778,90235.35671320111,44955.82786037668
2018-12-14,134374.39008235847,90235.35671320111,44139.03336915736
2018-12-17,133577.32372947596,90235.35671320111,43341.967016274866
2018-12-18,134589.0389361204,90235.35671320111,44353.6822229193
2018-12-19,133231.8181726076,90235.35671320111,42996.461459406484
2018-12-20,132516.98678001307,90235.35671320111,42281.630066811966
2018-12-21,130364.34888650384,94467.55594313539,35896.79294336844
2018-12-24,129400.79394533153,102182.09586342053,27218.698081911007
2018-12-26,131425.76428695206,102182.09586342053,29243.668423531533
2018-12-27,131274.02048963762,102182.09586342053,29091.924626217085
2018-12-28,131398.26131051738,102182.09586342053,29216.16544709684
2018-12-31,131360.10521216426,102182.09586342053,29178.009348743726
2019-01-02,132265.2835444961,102182.09586342053,30083.187681075593
2019-01-03,130945.12935574248,110976.69163522385,19968.437720518632
2019-01-04,131677.3812727654,110976.69163522385,20700.689637541538
2019-01-07,132177.71368914738,115653.43394303569,16524.279746111686
2019-01-08,132277.57082422607,115653.43394303569,16624.136881190392
2019-01-09,132557.05156663412,115653.43394303569,16903.617623598424
2019-01-10,132627.8282607274,115653.43394303569,16974.394317691724
2019-01-11,132734.7009492216,115653.43394303569,17081.267006185906
2019-01-14,132622.13535183124,115653.43394303569,16968.701408795554
2019-01-15,132731.93512757221,115653.43394303569,17078.501184536533
2019-01-16,132604.42661193002,115653.43394303569,16950.992668894312
2019-01-17,132805.184659036,115653.43394303569,17151.7507160003
2019-01-18,133243.08029260993,115653.43394303569,17589.646349574243
2019-01-22,132593.27681267107,115653.43394303569,16939.842869635373
2019-01-23,132575.379913582,115653.43394303569,16921.94597054631
2019-01-24,133137.86986407457,115653.43394303569,17484.435921038883
2019-01-25,133759.55803475666,115653.43394303569,18106.124091720965
2019-01-28,132865.46850787423,115653.43394303569,17212.03456483854
2019-01-29,132410.78225565527,118824.10875349522,13586.673502160053
2019-01-30,133360.69972521646,118824.10875349522,14536.590971721227
2019-01-31,133969.48606806048,118824.10875349522,15145.377314565263
2019-02-01,134091.22817446076,118824.10875349522,15267.119420965544
2019-02-04,134250.64267765902,118824.10875349522,15426.533924163803
2019-02-05,134274.26405125577,118824.10875349522,15450.155297760546
2019-02-06,134461.8945181361,118824.10875349522,15637.785764640867
2019-02-07,133950.07842748205,90402.14986176653,43547.92856571553
2019-02-08,133595.43805096135,90402.14986176653,43193.28818919482
2019-02-11,133915.88657189003,90402.14986176653,43513.736710123514
2019-02-12,134507.9625734807,90402.14986176653,44105.81271171417
2019-02-13,135193.19467151962,90402.14986176653,44791.044809753075
2019-02-14,135033.85118939006,90402.14986176653,44631.70132762352
2019-02-15,135454.60910544355,90402.14986176653,45052.45924367702
2019-02-19,135449.39017479672,90402.14986176653,45047.240313030175
2019-02-20,135488.68744213769,90402.14986176653,45086.537580371165
2019-02-21,134730.93150826104,90402.14986176653,44328.7816464945
2019-02-22,135542.3508917639,90402.14986176653,45140.20102999736
2019-02-25,136417.2683586585,90402.14986176653,46015.11849689197
2019-02-26,136479.37319045636,90402.14986176653,46077.22332868984
2019-02-27,136541.72155050578,90402.14986176653,46139.57168873926
2019-02-28,136136.5579737962,90402.14986176653,45734.408112029676
2019-03-01,135552.66646803363,90402.14986176653,45150.51660626709
2019-03-04,135169.53309012443,90402.14986176653,44767.3832283579
2019-03-05,134145.79538185737,90402.14986176653,43743.64552009084
2019-03-06,132291.73020953668,99644.01191958485,32647.718289951823
2019-03-07,132005.73703214264,102297.76190550707,29707.975126635585
2019-03-08,132207.16835823984,102297.76190550707,29909.406452732776
2019-03-11,133370.49230392594,102297.76190550707,31072.730398418877
2019-03-12,133597.75417324522,102297.76190550707,31299.992267738155
2019-03-13,134006.57272638188,102297.76190550707,31708.810820874805
2019-03-14,133647.7380686552,102297.76190550707,31349.976163148123
2019-03-15,134082.70533117387,102297.76190550707,31784.94342566681
2019-03-18,134159.72968292114,102297.76190550707,31861.96777741408
2019-03-19,135585.00813740893,102297.76190550707,33287.24623190186
2019-03-20,135362.7386023538,102297.76190550707,33064.97669684675
2019-03-21,137565.18062378376,102297.76190550707,35267.41871827669
2019-03-22,136075.78081573013,102297.76190550707,33778.01891022306
2019-03-25,135493.616322977,102297.76190550707,33195.85441746995
2019-03-26,135649.29657154568,102297.76190550707,33351.53466603861
2019-03-27,135055.018675327,102297.76190550707,32757.25676981995
2019-03-28,135195.59045515186,102297.76190550707,32897.82854964481
2019-03-29,135819.03558555036,102297.76190550707,33521.27368004329
2019-04-01,136501.60526404195,102297.76190550707,34203.84335853488
2019-04-02,136715.12191956607,102297.76190550707,34417.36001405899
2019-04-03,137996.18360494467,102297.76190550707,35698.421699437604
2019-04-04,137745.01031358627,102297.76190550707,35447.24840807919
2019-04-05,137962.0614964109,102297.76190550707,35664.29959090382
2019-04-08,137438.82738331327,75563.51116852564,61875.316214787614
2019-04-09,136561.26901119147,75563.51116852564,60997.75784266583
2019-04-10,136505.88070900267,75563.51116852564,60942.36954047703
2019-04-11,136320.5546863231,75563.51116852564,60757.04351779746
2019-04-12,135755.35751021112,75563.51116852564,60191.846341685494
2019-04-15,135767.23687010637,75563.51116852564,60203.725701580726
2019-04-16,135898.0998350212,75563.51116852564,60334.58866649553
2019-04-17,135175.52864415632,75563.51116852564,59612.01747563068
2019-04-18,135133.12891856654,75563.51116852564,59569.617750040896
2019-04-22,135020.87698583846,75563.51116852564,59457.36581731282
2019-04-23,135190.62225663452,75563.51116852564,59627.11108810887
2019-04-24,135503.01210859919,75563.51116852564,59939.50094007354
2019-04-25,135546.35417528512,75563.51116852564,59982.843006759475
2019-04-26,135847.68236586225,75563.51116852564,60284.17119733662
2019-04-29,135834.95716436923,75563.51116852564,60271.445995843605
2019-04-30,135422.3317375093,75563.51116852564,59858.82056898365
2019-05-01,135319.81813406103,75563.51116852564,59756.30696553539
2019-05-02,135773.1562576788,75563.51116852564,60209.64508915316
2019-05-03,135795.63138658638,75563.51116852564,60232.120218060736
2019-05-06,135168.46583206873,75563.51116852564,59604.95466354309
2019-05-07,133489.12801284745,70051.65940915816,63437.468603689296
2019-05-08,133531.6061332695,70051.65940915816,63479.946724111316
2019-05-09,132998.1228291289,70051.65940915816,62946.46341997073
2019-05-10,133242.95369248552,70051.65940915816,63191.29428332737
2019-05-13,130214.50157676364,70051.65940915816,60162.842167605464
2019-05-14,131346.89724237664,70051.65940915816,61295.23783321848
2019-05-15,131837.1590871379,70051.65940915816,61785.49967797974
2019-05-16,131912.85159168037,70051.65940915816,61861.192182522194
2019-05-17,130181.08344638965,70051.65940915816,60129.42403723148
2019-05-20,128398.72819256845,79762.9377249429,48635.79046762556
2019-05-21,129266.744897341,79762.9377249429,49503.807172398105
2019-05-22,128507.71614612821,84044.79065886298,44462.92548726522
2019-05-23,127352.12344210324,98805.5838300304,28546.539612072833
2019-05-24,127302.01358272393,98805.5838300304,28496.42975269353
2019-05-28,128621.77809612373,98805.5838300304,29816.194266093324
2019-05-29,127878.14893985576,98805.5838300304,29072.565109825362
2019-05-30,127867.79776785569,98805.5838300304,29062.213937825283
2019-05-31,127357.5405829327,98805.5838300304,28551.9567529023
2019-06-03,126534.7827291212,98805.5838300304,27729.198899090796
2019-06-04,127742.36303828529,98805.5838300304,28936.779208254877
2019-06-05,127575.33210266524,98805.5838300304,28769.74827263483
2019-06-06,128778.94624255603,98805.5838300304,29973.362412525625
2019-06-07,129324.68165236266,103454.57129981962,25870.11035254303
2019-06-10,129853.26215429054,103454.57129981962,26398.69085447091
2019-06-11,129984.32062983107,103454.57129981962,26529.749330011444
2019-06-12,129649.33705733935,103454.57129981962,26194.76575751972
2019-06-13,129779.24769005543,103454.57129981962,26324.676390235814
2019-06-14,129272.38451006755,103454.57129981962,25817.81321024793
2019-06-17,129493.39639979285,103454.57129981962,26038.825099973226
2019-06-18,130252.2717277072,103454.57129981962,26797.700427887572
2019-06-19,130395.62602635879,103454.57129981962,26941.054726539165
2019-06-20,130208.95872455393,103454.57129981962,26754.387424734312
2019-06-21,129926.76912464148,103454.57129981962,26472.19782482185
2019-06-24,129947.4893501931,103454.57129981962,26492.918050373464
2019-06-25,129384.60998236576,103454.57129981962,25930.038682546136
2019-06-26,130005.14001401415,103454.57129981962,26550.56871419453
2019-06-27,130458.92041245216,103454.57129981962,27004.349112632543
2019-06-28,130395.65096809852,103454.57129981962,26941.07966827889
2019-07-01,130832.89618826643,103454.57129981962,27378.3248884468
2019-07-02,130637.62935725761,103454.57129981962,27183.05805743799
2019-07-03,130895.44643838517,103454.57129981962,27440.875138565552
2019-07-05,130997.50548410113,103454.57129981962,27542.934184281505
2019-07-08,131075.84840390796,101577.14530483137,29498.70309907658
2019-07-09,131247.25828175497,101577.14530483137,29670.112976923585
2019-07-10,131794.21903749788,101577.14530483137,30217.073732666508
2019-07-11,132326.40997475715,101577.14530483137,30749.26466992578
2019-07-12,132713.83901861132,101577.14530483137,31136.69371377995
2019-07-15,132901.58713866043,101577.14530483137,31324.441833829063
2019-07-16,132655.8316959311,101577.14530483137,31078.686391099727
2019-07-17,133032.79987945175,101577.14530483137,31455.65457462039
2019-07-18,132939.60551988808,101577.14530483137,31362.460215056697
2019-07-19,133339.70826486824,101577.14530483137,31762.562960036874
2019-07-22,133486.52243613914,101577.14530483137,31909.377131307774
2019-07-23,133658.46047204532,101577.14530483137,32081.31516721394
2019-07-24,133901.14151925885,101577.14530483137,32323.996214427465
2019-07-25,132496.22779672308,101577.14530483137,30919.082491891713
2019-07-26,132480.792504584,101577.14530483137,30903.647199752624
2019-07-29,132327.32856444013,101577.14530483137,30750.183259608755
2019-07-30,132751.9489724402,101577.14530483137,31174.803667608823
2019-07-31,132027.0349970096,101577.14530483137,30449.88969217825
2019-08-01,131266.19738566165,101577.14530483137,29689.052080830283
2019-08-02,131044.6956536188,101577.14530483137,29467.550348787423
2019-08-05,130022.45648581308,107048.9256612407,22973.53082457238
2019-08-06,130167.8857261618,107048.9256612407,23118.9600649211
2019-08-07,130053.97512910921,100785.24526083928,29268.729868269933
2019-08-08,131301.19946997892,100785.24526083928,30515.954209139654
2019-08-09,130757.19885336602,100785.24526083928,29971.953592526737
2019-08-12,130268.61242531733,100785.24526083928,29483.36716447805
2019-08-13,131010.01348885143,100785.24526083928,30224.76822801216
2019-08-14,129724.01119952026,100785.24526083928,28938.765938680976
2019-08-15,129506.02950654842,100785.24526083928,28720.784245709146
2019-08-16,130588.15274576188,100785.24526083928,29802.907484922598
2019-08-19,131538.83195486467,100785.24526083928,30753.58669402539
2019-08-20,131057.19412975216,100785.24526083928,30271.94886891288
2019-08-21,131358.69714349447,100785.24526083928,30573.4518826552
2019-08-22,131442.6700057832,100785.24526083928,30657.424744943914
2019-08-23,129922.32174166199,100785.24526083928,29137.07648082271
2019-08-26,130401.25361641844,100785.24526083928,29616.008355579164
2019-08-27,130130.47162205601,100785.24526083928,29345.226361216723
2019-08-28,130392.87164447267,100785.24526083928,29607.62638363339
2019-08-29,131249.18106761423,100785.24526083928,30463.93580677494
2019-08-30,131518.02045316747,100785.24526083928,30732.775192328183
2019-09-03,131165.05122221305,100785.24526083928,30379.805961373768
2019-09-04,131887.9111358074,100785.24526083928,31102.66587496813
2019-09-05,133096.8199670539,100785.24526083928,32311.574706214615
2019-09-06,132999.8849019453,100785.24526083928,32214.63964110602
2019-09-09,133260.7881966322,111602.39062507408,21658.397571558115
2019-09-10,132816.86398868234,111602.39062507408,21214.47336360826
2019-09-11,133130.61760348637,111602.39062507408,21528.22697841229
2019-09-12,133129.14142464302,111602.39062507408,21526.75079956894
2019-09-13,133243.90471388458,111602.39062507408,21641.514088810505
2019-09-16,133233.29534855956,111602.39062507408,21630.904723485488
2019-09-17,133424.041594775,111602.39062507408,21821.650969700917
2019-09-18,132677.4962296094,114596.97439589775,18080.521833711646
2019-09-19,132551.67792315473,114596.97439589775,17954.703527256992
2019-09-20,131979.44948901015,114596.97439589775,17382.47509311239
2019-09-23,131995.70921636355,114596.97439589775,17398.734820465797
2019-09-24,131230.50111754736,114596.97439589775,16633.526721649618
2019-09-25,131667.51579979586,114596.97439589775,17070.541403898103
2019-09-26,131866.43531746703,114596.97439589775,17269.460921569273
2019-09-27,131656.9804124628,114596.97439589775,17060.006016565076
2019-09-30,131811.02462030604,114596.97439589775,17214.050224408293
2019-10-01,131895.84869626208,114596.97439589775,17298.874300364336
2019-10-02,131759.57751752087,114596.97439589775,17162.603121623124
2019-10-03,131776.1032533386,114596.97439589775,17179.12885744085
2019-10-04,131902.40265375673,114596.97439589775,17305.428257858963
2019-10-07,132060.6873614234,102340.34562821315,29720.341733210233
2019-10-08,131533.1729044511,102340.34562821315,29192.827276237942
2019-10-09,131989.65252880089,102340.34562821315,29649.306900587733
2019-10-10,132459.47609350752,102340.34562821315,30119.130465294355
2019-10-11,133100.40568872102,102340.34562821315,30760.060060507854
2019-10-14,133314.7044148711,102340.34562821315,30974.35878665795
2019-10-15,134307.12948190412,102340.34562821315,31966.78385369098
2019-10-16,134132.9200327444,102340.34562821315,31792.574404531253
2019-10-17,134583.03604204042,102340.34562821315,32242.69041382726
2019-10-18,133324.26210016978,102340.34562821315,30983.916471956647
2019-10-21,133873.33174359665,102340.34562821315,31532.98611538349
2019-10-22,133430.33862610618,102340.34562821315,31089.992997893034
2019-10-23,133499.97654745122,102340.34562821315,31159.63091923808
2019-10-24,134999.0416644664,102340.34562821315,32658.696036253248
2019-10-25,136343.75715377525,102340.34562821315,34003.411525562085
2019-10-28,136983.99717562558,102340.34562821315,34643.65154741243
2019-10-29,136453.49645672526,102340.34562821315,34113.1508285121
2019-10-30,136729.16226168146,102340.34562821315,34388.816633468305
2019-10-31,136428.7656545299,102340.34562821315,34088.420026316744
2019-11-01,136535.38135718962,102340.34562821315,34195.03572897647
2019-11-04,137169.87273673402,102340.34562821315,34829.52710852086
2019-11-05,136856.20520944314,102340.34562821315,34515.85958122999
2019-11-06,136907.3064501033,102340.34562821315,34566.96082189014
2019-11-07,136648.56971343706,81967.26930790002,54681.30040553704
2019-11-08,136680.34371064752,81967.26930790002,54713.0744027475
2019-11-11,137450.2705287196,81967.26930790002,55483.001220819584
2019-11-12,138098.32244545268,81967.26930790002,56131.05313755268
2019-11-13,138331.58852383995,81967.26930790002,56364.31921593992
2019-11-14,138711.82362304372,81967.26930790002,56744.554315143716
2019-11-15,139398.98466691238,81967.26930790002,57431.71535901236
2019-11-18,139616.35214667485,81967.26930790002,57649.08283877483
2019-11-19,139545.82061135618,81967.26930790002,57578.551303456145
2019-11-20,139653.46340681863,81967.26930790002,57686.1940989186
2019-11-21,139315.5000663824,81967.26930790002,57348.2307584824
2019-11-22,139357.2622596327,81967.26930790002,57389.99295173268
2019-11-25,139423.63867511993,81967.26930790002,57456.369367219915
2019-11-26,139660.93482128854,81967.26930790002,57693.665513388514
2019-11-27,139862.08066487196,81967.26930790002,57894.81135697194
2019-11-29,139649.60154220008,81967.26930790002,57682.33223430006
2019-12-02,138314.79745637503,87273.12167471914,51041.6757816559
2019-12-03,137984.57133541448,87273.12167471914,50711.44966069535
2019-12-04,137913.46923171097,87273.12167471914,50640.34755699183
2019-12-05,137807.85688419128,87273.12167471914,50534.735209472135
2019-12-06,138423.6143100243,87273.12167471914,51150.49263530517
2019-12-09,138294.74441632343,76034.09213545149,62260.65228087193
2019-12-10,138957.8467271479,76034.09213545149,62923.754591696415
2019-12-11,138972.18472948717,76034.09213545149,62938.09259403568
2019-12-12,140573.3188488895,76034.09213545149,64539.22671343801
2019-12-13,139897.1231157746,76034.09213545149,63863.030980323114
2019-12-16,141620.21407717673,76034.09213545149,65586.12194172524
2019-12-17,141927.64652617968,76034.09213545149,65893.5543907282
2019-12-18,142369.17539695546,76034.09213545149,66335.08326150398
2019-12-19,143637.10398227483,76034.09213545149,67603.01184682336
2019-12-20,144462.19108873088,76034.09213545149,68428.09895327939
2019-12-23,145395.65949237166,76034.09213545149,69361.56735692016
2019-12-24,146317.7375471418,76034.09213545149,70283.64541169032
2019-12-26,146581.7991251339,76034.09213545149,70547.70698968243
2019-12-27,146005.7119153078,76034.09213545149,69971.61977985632
2019-12-30,144390.8150482052,76034.09213545149,68356.72291275371
2019-12-31,145002.81345036198,76034.09213545149,68968.7213149105
2020-01-02,147140.17439573372,76034.09213545149,71106.08226028223
2020-01-03,147173.17720251868,76034.09213545149,71139.08506706718
2020-01-06,147776.9233887922,76034.09213545149,71742.83125334073
2020-01-07,148174.80721790128,42524.98157437563,105649.82564352566
2020-01-08,148390.97715276372,42524.98157437563,105865.99557838809
2020-01-09,148923.42197693518,42524.98157437563,106398.44040255953
2020-01-10,147914.8023220183,42524.98157437563,105389.82074764266
2020-01-13,148737.61088776292,42524.98157437563,106212.62931338727
2020-01-14,148990.57329911052,42524.98157437563,106465.59172473487
2020-01-15,148416.4037675968,42524.98157437563,105891.4221932212
2020-01-16,149216.3751170019,42524.98157437563,106691.39354262628
2020-01-17,148847.86768456514,42524.98157437563,106322.88611018952
2020-01-21,148126.95482587494,42524.98157437563,105601.97325149931
2020-01-22,147664.5612870325,42524.98157437563,105139.57971265688
2020-01-23,147895.82291243592,42524.98157437563,105370.8413380603
2020-01-24,146795.33536565426,42524.98157437563,104270.35379127861
2020-01-27,144491.29953277594,42524.98157437563,101966.3179584003
2020-01-28,146035.06013816144,42524.98157437563,103510.0785637858
2020-01-29,146206.24035946224,42524.98157437563,103681.25878508661
2020-01-30,147963.10759493156,42524.98157437563,105438.12602055591
2020-01-31,146277.67155769683,42524.98157437563,103752.68998332121
2020-02-03,148012.24206439478,42524.98157437563,105487.26049001915
2020-02-04,150521.70072477486,42524.98157437563,107996.71915039922
2020-02-05,150913.6896906907,42524.98157437563,108388.70811631506
2020-02-06,152445.5805386561,42524.98157437563,109920.59896428045
2020-02-07,151707.34236794186,28724.779173721647,122982.56319422022
2020-02-10,154601.80301452067,28724.779173721647,125877.02384079903
2020-02-11,155793.36197633605,28724.779173721647,127068.58280261439
2020-02-12,157937.11397739383,28724.779173721647,129212.33480367219
2020-02-13,159098.18411151294,28724.779173721647,130373.40493779129
2020-02-14,157826.82272807477,28724.779173721647,129102.04355435312
2020-02-18,159852.6375081325,28724.779173721647,131127.85833441085
2020-02-19,161904.50018886817,28724.779173721647,133179.72101514653
2020-02-20,159547.7824412336,28724.779173721647,130823.00326751196
2020-02-21,155765.89581046958,28724.779173721647,127041.11663674795
2020-02-24,148107.08727235487,75794.19221224668,72312.89506010819
2020-02-25,145485.24264699745,75794.19221224668,69691.05043475077
2020-02-26,145255.83830570962,85157.73364517931,60098.10466053031
2020-02-27,143080.12421930555,113261.23669511439,29818.887524191152
2020-02-28,143507.56775272219,113261.23669511439,30246.3310576078
2020-03-02,144131.44664532325,113261.23669511439,30870.209950208842
2020-03-03,142473.53173422843,113261.23669511439,29212.295039114037
2020-03-04,143395.99141363273,113261.23669511439,30134.754718518332
2020-03-05,142360.3847755068,113261.23669511439,29099.14808039242
2020-03-06,141719.21947538183,141719.21947538183,0.0
2020-03-09,141697.96159246055,120440.07867115326,21257.882921307282
2020-03-10,143000.51230187216,120440.07867115326,22560.433630718904
2020-03-11,142132.18819255644,120440.07867115326,21692.109521403196
2020-03-12,140081.44525791678,124646.88152714758,15434.563730769216
2020-03-13,141967.15577430313,124646.88152714758,17320.27424715554
2020-03-16,139447.48265830913,135628.4634305587,3819.019227750423
2020-03-17,139680.87640503992,135628.4634305587,4052.4129744811958
2020-03-18,139254.28474251393,139254.28474251393,0.0
2020-03-19,139254.28474251393,139254.28474251393,0.0
2020-03-20,139254.28474251393,139254.28474251393,0.0
2020-03-23,139254.28474251393,139254.28474251393,0.0
2020-03-24,139254.28474251393,139254.28474251393,0.0
2020-03-25,139254.28474251393,139254.28474251393,0.0
2020-03-26,139254.28474251393,139254.28474251393,0.0
2020-03-27,139254.28474251393,139254.28474251393,0.0
2020-03-30,139254.28474251393,139254.28474251393,0.0
2020-03-31,139254.28474251393,139254.28474251393,0.0
2020-04-01,139254.28474251393,139254.28474251393,0.0
2020-04-02,139254.28474251393,139254.28474251393,0.0
2020-04-03,139254.28474251393,139254.28474251393,0.0
2020-04-06,139254.28474251393,139254.28474251393,0.0
2020-04-07,139233.39659980257,118345.25388842548,20888.14271137709
2020-04-08,140113.14135290452,118345.25388842548,21767.88746447904
2020-04-09,141119.89337505694,118345.25388842548,22774.63948663146
2020-04-13,140948.45641202576,118345.25388842548,22603.20252360027
2020-04-14,141074.04624441612,118345.25388842548,22728.792355990638
2020-04-15,140763.32647541896,118345.25388842548,22418.07258699348
2020-04-16,140075.2865871113,122666.4969586567,17408.789628454608
2020-04-17,140991.96621380854,122666.4969586567,18325.46925515184
2020-04-20,140453.02355832135,122666.4969586567,17786.52659966465
2020-04-21,139817.9971824621,122666.4969586567,17151.500223805397
2020-04-22,140286.19634213025,122666.4969586567,17619.69938347356
2020-04-23,141097.0314995649,122666.4969586567,18430.534540908207
2020-04-24,140614.78005031944,124989.87062255947,15624.909427759994
2020-04-27,141226.3041329909,124989.87062255947,16236.433510431438
2020-04-28,140975.45046050687,124989.87062255947,15985.579837947398
2020-04-29,141053.11329181437,124989.87062255947,16063.242669254894
2020-04-30,140368.96304797352,130399.26515968458,9969.697888288936
2020-05-01,140089.3617024055,130399.26515968458,9690.096542720925
2020-05-04,140078.3367497604,130399.26515968458,9679.071590075826
2020-05-05,140096.1017686729,130399.26515968458,9696.83660898831
2020-05-06,140047.3964511156,130399.26515968458,9648.131291431018
2020-05-07,140238.49897980847,119199.5682932342,21038.930686574262
2020-05-08,140494.5973713557,119199.5682932342,21295.029078121497
2020-05-11,140107.23095052998,119199.5682932342,20907.662657295776
2020-05-12,139532.44187556958,119199.5682932342,20332.873582335385
2020-05-13,138690.94061949055,119199.5682932342,19491.372326256344
2020-05-14,139131.03304080525,122400.9305265522,16730.102514253067
2020-05-15,138890.1080476555,122400.9305265522,16489.177521103302
2020-05-18,139980.55416512568,122400.9305265522,17579.62363857349
2020-05-19,139552.92267316996,122400.9305265522,17151.99214661777
2020-05-20,139973.47082570096,122400.9305265522,17572.540299148768
2020-05-21,140119.73629019363,122400.9305265522,17718.805763641427
2020-05-22,139938.53254463623,122400.9305265522,17537.602018084013
2020-05-26,140870.87862419605,122400.9305265522,18469.948097643857
2020-05-27,141705.153367655,122400.9305265522,19304.22284110281
2020-05-28,141315.43656128965,122400.9305265522,18914.506034737467
2020-05-29,141020.05707707326,122400.9305265522,18619.12655052106
2020-06-01,141632.66495265733,122400.9305265522,19231.734426105122
2020-06-02,141685.7493350507,122400.9305265522,19284.8188084985
2020-06-03,142812.976147048,122400.9305265522,20412.045620495795
2020-06-04,143389.82919958452,122400.9305265522,20988.898673032334
2020-06-05,144651.09272364018,122400.9305265522,22250.16219708798
2020-06-08,145830.1591759712,113010.98904809891,32819.17012787229
2020-06-09,144462.43325451776,113010.98904809891,31451.444206418848
2020-06-10,143811.4786426558,116097.1149025958,27714.363740060006
2020-06-11,141188.44153820214,124282.28871326376,16906.152824938395
2020-06-12,141187.9854219063,124282.28871326376,16905.69670864257
2020-06-15,141590.0865868474,124282.28871326376,17307.79787358366
2020-06-16,142017.01050697942,124282.28871326376,17734.721793715664
2020-06-17,141782.8034571494,124282.28871326376,17500.514743885647
2020-06-18,141937.14257018143,124282.28871326376,17654.85385691768
2020-06-19,141717.7036026518,124282.28871326376,17435.414889388037
2020-06-22,142048.85440262227,124282.28871326376,17766.56568935852
2020-06-23,142002.4823243174,124282.28871326376,17720.193611053634
2020-06-24,141937.2969692099,124282.28871326376,17655.008255946144
2020-06-25,142014.0073470397,124282.28871326376,17731.718633775956
2020-06-26,141716.12868930242,133961.2240350305,7754.904654271935
2020-06-29,141467.2955831606,133961.2240350305,7506.0715481300995
2020-06-30,141617.68263098586,133961.2240350305,7656.458595955358
2020-07-01,141786.49107728325,133961.2240350305,7825.26704225277
2020-07-02,141865.3080107433,133961.2240350305,7904.083975712794
2020-07-06,141842.96161671894,133961.2240350305,7881.737581688442
2020-07-07,141854.89842516705,120573.47144734532,21281.42697782173
2020-07-08,142134.24900152208,120573.47144734532,21560.77755417676
2020-07-09,142202.31086871075,120573.47144734532,21628.839421365432
2020-07-10,142981.85203820886,120573.47144734532,22408.380590863533
2020-07-13,142108.19055987446,120573.47144734532,21534.71911252914
2020-07-14,142432.83744138665,120573.47144734532,21859.365994041324
2020-07-15,142780.20023050945,120573.47144734532,22206.728783164133
2020-07-16,142147.37568397474,120573.47144734532,21573.90423662941
2020-07-17,142058.9871796993,120573.47144734532,21485.515732353975
2020-07-20,143007.8536395783,120573.47144734532,22434.382192232973
2020-07-21,142622.0818332794,120573.47144734532,22048.61038593408
2020-07-22,142690.93852016746,120573.47144734532,22117.46707282215
2020-07-23,142118.8611026119,120573.47144734532,21545.38965526659
2020-07-24,141730.78541382847,120573.47144734532,21157.31396648315
2020-07-27,142247.97407729077,120573.47144734532,21674.502629945455
2020-07-28,142027.38809143088,120573.47144734532,21453.916644085555
2020-07-29,142119.82836959578,120573.47144734532,21546.356922250467
2020-07-30,142011.5237493233,120573.47144734532,21438.052301977983
2020-07-31,141867.05396002627,122964.63972779278,18902.41423223349
2020-08-03,142630.54340524197,122964.63972779278,19665.903677449194
2020-08-04,142795.70181673134,122964.63972779278,19831.06208893855
2020-08-05,143061.7935940402,122964.63972779278,20097.153866247423
2020-08-06,143048.23978282168,122964.63972779278,20083.600055028914
2020-08-07,142552.38545627118,56969.60451394308,85582.78094232811
2020-08-10,143825.14620536088,56969.60451394308,86855.54169141782
2020-08-11,141852.08715000364,56969.60451394308,84882.48263606055
2020-08-12,141954.9006023077,56969.60451394308,84985.29608836462
2020-08-13,141707.24336877107,56969.60451394308,84737.638854828
2020-08-14,141991.86907176612,56969.60451394308,85022.26455782304
2020-08-17,140374.55024942697,56969.60451394308,83404.94573548391
2020-08-18,140083.74021368253,56969.60451394308,83114.13569973946
2020-08-19,139815.51574436115,56969.60451394308,82845.91123041807
2020-08-20,140136.00233093242,56969.60451394308,83166.39781698934
2020-08-21,139094.98646784402,56969.60451394308,82125.38195390094
2020-08-24,142053.34264770595,56969.60451394308,85083.73813376288
2020-08-25,141571.20760214076,56969.60451394308,84601.60308819768
2020-08-26,143684.48605842088,56969.60451394308,86714.8815444778
2020-08-27,143764.1470013925,56969.60451394308,86794.5424874494
2020-08-28,146457.43814255192,56969.60451394308,89487.83362860885
2020-08-31,145802.21540435663,56969.60451394308,88832.61089041355
2020-09-01,146710.2683227706,56969.60451394308,89740.66380882752
2020-09-02,147249.18452617317,56969.60451394308,90279.58001223009
2020-09-03,143775.95243176984,56969.60451394308,86806.34791782676
2020-09-04,143064.65354381385,64973.376921490184,78091.27662232368
2020-09-08,141013.57909029,56354.63627042407,84658.94281986594
2020-09-09,145368.43565416022,56354.63627042407,89013.79938373616
2020-09-10,142640.9376409986,56354.63627042407,86286.30137057453
2020-09-11,140865.13195732527,56354.63627042407,84510.4956869012
2020-09-14,143927.85287714025,56354.63627042407,87573.21660671619
2020-09-15,144538.34948546355,56354.63627042407,88183.71321503949
2020-09-16,142048.75116468788,56354.63627042407,85694.11489426381
2020-09-17,141439.62547521188,56354.63627042407,85084.98920478782
2020-09-18,140441.25534569225,56354.63627042407,84086.61907526817
2020-09-21,143720.22961786317,56354.63627042407,87365.5933474391
2020-09-22,145171.7354642431,56354.63627042407,88817.09919381903
2020-09-23,142659.5693591203,56354.63627042407,86304.93308869623
2020-09-24,142339.31854728571,56354.63627042407,85984.68227686165
2020-09-25,145863.85836523908,56354.63627042407,89509.222094815
2020-09-28,146942.31652548688,56354.63627042407,90587.68025506282
2020-09-29,147195.36785521416,56354.63627042407,90840.7315847901
2020-09-30,148373.52955803846,56354.63627042407,92018.8932876144
2020-10-01,150175.05441348575,56354.63627042407,93820.41814306167
2020-10-02,147378.34434274575,56354.63627042407,91023.70807232168
2020-10-05,150772.66483559646,56354.63627042407,94418.0285651724
2020-10-06,149352.72807250087,56354.63627042407,92998.09180207681
2020-10-07,150874.01407424134,77287.05857224147,73586.95550199985
2020-10-08,151389.7338260839,77287.05857224147,74102.67525384242
2020-10-09,152037.48241046513,77287.05857224147,74750.42383822368
2020-10-12,152840.76758249378,77287.05857224147,75553.70901025232
2020-10-13,151689.50548637015,77287.05857224147,74402.44691412868
2020-10-14,150341.78883795402,77287.05857224147,73054.73026571255
2020-10-15,151568.12920131156,77287.05857224147,74281.07062907009
2020-10-16,152119.98880650476,77287.05857224147,74832.93023426327
2020-10-19,151565.2283183582,77287.05857224147,74278.1697461167
2020-10-20,151238.75654682447,77287.05857224147,73951.697974583
2020-10-21,150112.94381809293,77287.05857224147,72825.88524585146
2020-10-22,151888.10789713892,77287.05857224147,74601.04932489745
2020-10-23,151453.2302760947,77287.05857224147,74166.17170385321
2020-10-26,150495.87355964456,77287.05857224147,73208.81498740311
2020-10-27,149512.20434439636,77287.05857224147,72225.14577215488
2020-10-28,147370.28968775,77287.05857224147,70083.23111550853
2020-10-29,147083.0016233998,77287.05857224147,69795.94305115833
2020-10-30,145855.03365747328,96578.68349304594,49276.35016442735
2020-11-02,146841.6305015604,96578.68349304594,50262.94700851444
2020-11-03,148311.6915470797,96578.68349304594,51733.00805403376
2020-11-04,146655.9604673634,96578.68349304594,50077.27697431745
2020-11-05,148329.60538821254,96578.68349304594,51750.92189516661
2020-11-06,147962.6954813787,96578.68349304594,51384.01198833277
2020-11-09,154702.77925628694,96667.4737956316,58035.305460655356
2020-11-10,154050.51877419092,96667.4737956316,57383.04497855931
2020-11-11,154216.71844079738,96667.4737956316,57549.24464516579
2020-11-12,153574.71992429538,96667.4737956316,56907.2461286638
2020-11-13,154848.5897333091,96667.4737956316,58181.115937677525
2020-11-16,155085.0738642158,96667.4737956316,58417.600068584215
2020-11-17,157292.43212944226,96667.4737956316,60624.95833381065
2020-11-18,159059.35741627426,96667.4737956316,62391.88362064268
2020-11-19,160052.00795081322,96667.4737956316,63384.534155181624
2020-11-20,159914.12037034694,96667.4737956316,63246.646574715356
2020-11-23,161890.19147627166,96667.4737956316,65222.71768064006
2020-11-24,163355.07679491205,96667.4737956316,66687.60299928047
2020-11-25,164545.50777343457,96667.4737956316,67878.03397780299
2020-11-27,165581.62859132947,96667.4737956316,68914.15479569788
2020-11-30,164802.59797658533,96667.4737956316,68135.12418095373
2020-12-01,165956.9694551861,96667.4737956316,69289.49565955452
2020-12-02,167118.58690692566,96667.4737956316,70451.11311129408
2020-12-03,168862.25046195678,96667.4737956316,72194.77666632517
2020-12-04,168670.63720806554,96667.4737956316,72003.16341243396
2020-12-07,171595.51780959274,120101.41423564272,51494.10357395002
2020-12-08,171853.30890126922,120101.41423564272,51751.89466562651
2020-12-09,170593.7697073736,120101.41423564272,50492.35547173089
2020-12-10,170930.56188208843,120101.41423564272,50829.1476464457
2020-12-11,170702.67981543444,120101.41423564272,50601.26557979171
2020-12-14,171032.45018049274,120101.41423564272,50931.03594485002
2020-12-15,171145.29430689657,120101.41423564272,51043.88007125385
2020-12-16,171766.46896353256,120101.41423564272,51665.05472788985
2020-12-17,171550.85135609118,120101.41423564272,51449.43712044846
2020-12-18,170452.57865177692,120101.41423564272,50351.1644161342
2020-12-21,170108.58418901433,120101.41423564272,50007.1699533716
2020-12-22,170239.44660624032,120101.41423564272,50138.032370597604
2020-12-23,169864.14449141963,120101.41423564272,49762.73025577692
2020-12-24,169732.84627853197,120101.41423564272,49631.43204288926
2020-12-28,169966.7355725036,120101.41423564272,49865.32133686088
2020-12-29,170816.928920204,120101.41423564272,50715.51468456129
2020-12-30,170441.28223397158,120101.41423564272,50339.867998328875
2020-12-31,170406.2662953561,123558.04476192278,46848.2215334333
2021-01-04,169623.55566954397,123558.04476192278,46065.5109076212
2021-01-05,170356.7380722096,123558.04476192278,46798.69331028683
2021-01-06,169865.30200640933,123558.04476192278,46307.25724448655
2021-01-07,170335.7341361001,59545.49329108577,110790.24084501433
2021-01-08,170597.5942362648,59545.49329108577,111052.10094517902
2021-01-11,168344.4807889036,59545.49329108577,108798.98749781784
2021-01-12,168795.14204544487,59545.49329108577,109249.6487543591
2021-01-13,169393.77630631422,59545.49329108577,109848.28301522846
2021-01-14,169819.17312974198,59545.49329108577,110273.67983865621
2021-01-15,169466.55020734592,59545.49329108577,109921.05691626016
2021-01-19,171856.82776775575,59545.49329108577,112311.33447666999
2021-01-20,173257.50254918195,59545.49329108577,113712.0092580962
2021-01-21,173802.92128471934,59545.49329108577,114257.42799363358
2021-01-22,174224.30835617695,59545.49329108577,114678.81506509118
2021-01-25,175930.53183194777,59545.49329108577,116385.038540862
2021-01-26,175982.30308099964,59545.49329108577,116436.80978991387
2021-01-27,173868.09690045248,59545.49329108577,114322.60360936672
2021-01-28,174321.58951521514,59545.49329108577,114776.09622412936
2021-01-29,173891.22500826075,59545.49329108577,114345.73171717499
2021-02-01,174097.2805122788,59545.49329108577,114551.78722119305
2021-02-02,176616.62968250224,59545.49329108577,117071.13639141647
2021-02-03,177544.26753014253,59545.49329108577,117998.77423905676
2021-02-04,179350.68230421646,59545.49329108577,119805.1890131307
2021-02-05,180743.30941052048,59545.49329108577,121197.81611943472
2021-02-08,181352.51885613374,63396.71032410099,117955.80853203277
2021-02-09,181582.5858126771,63396.71032410099,118185.87548857613
2021-02-10,178711.6466559063,63396.71032410099,115314.93633180532
2021-02-11,178501.5025885629,63396.71032410099,115104.7922644619
2021-02-12,178863.52612510533,63396.71032410099,115466.81580100436
2021-02-16,179804.02991456832,63396.71032410099,116407.31959046733
2021-02-17,178310.46587166228,63396.71032410099,114913.75554756129
2021-02-18,175719.8116025444,63396.71032410099,112323.1012784434
2021-02-19,177430.1127710038,63396.71032410099,114033.40244690282
2021-02-22,173576.7320529508,80541.18723006651,93035.54482288429
2021-02-23,172635.27121890572,80541.18723006651,92094.08398883921
2021-02-24,176780.9652904155,80541.18723006651,96239.778060349
2021-02-25,172278.22435997022,99471.23329789011,72806.99106208011
2021-02-26,172050.47222173412,99471.23329789011,72579.23892384401
2021-03-01,175435.90980040797,99471.23329789011,75964.67650251786
2021-03-02,175579.2164656605,99471.23329789011,76107.98316777038
2021-03-03,176476.18315069168,99471.23329789011,77004.94985280155
2021-03-04,174995.4572634052,99471.23329789011,75524.22396551509
2021-03-05,175789.5648686288,99471.23329789011,76318.33157073868
2021-03-08,176560.10203346156,61721.39054924682,114838.71148421473
2021-03-09,186848.55655873596,61721.39054924682,125127.16600948913
2021-03-10,187581.38831703342,61721.39054924682,125859.99776778658
2021-03-11,192286.69608017444,61721.39054924682,130565.30553092762
2021-03-12,193509.47561075544,61721.39054924682,131788.08506150864
2021-03-15,194978.35969341587,61721.39054924682,133256.96914416907
2021-03-16,192411.66318214615,61721.39054924682,130690.27263289932
2021-03-17,195188.62686405936,61721.39054924682,133467.23631481256
2021-03-18,188136.8470875345,61721.39054924682,126415.45653828769
2021-03-19,189082.0808976009,61721.39054924682,127360.6903483541
2021-03-22,190731.958236854,61721.39054924682,129010.5676876072
2021-03-23,187552.38111774664,61721.39054924682,125830.99056849984
2021-03-24,183266.1033483079,61721.39054924682,121544.71279906109
2021-03-25,184189.08933460666,61721.39054924682,122467.69878535984
2021-03-26,183548.14122985868,79291.92780781447,104256.2134220442
2021-03-29,184026.15739994778,79291.92780781447,104734.22959213331
2021-03-30,184500.937236133,79291.92780781447,105209.00942831853
2021-03-31,187841.02872246457,79291.92780781447,108549.1009146501
2021-04-01,189281.984913399,79291.92780781447,109990.05710558454
2021-04-05,191539.54531006483,79291.92780781447,112247.61750225036
2021-04-06,190847.5558161009,79291.92780781447,111555.62800828644
2021-04-07,190502.24495544095,66595.2461852037,123906.99877023726
2021-04-08,192183.5980176223,66595.2461852037,125588.35183241862
2021-04-09,191982.37874593973,66595.2461852037,125387.13256073603
2021-04-12,194014.17653467134,66595.2461852037,127418.93034946764
2021-04-13,196332.43724286306,66595.2461852037,129737.19105765937
2021-04-14,193414.13825167832,66595.2461852037,126818.89206647463
2021-04-15,195722.819288094,66595.2461852037,129127.57310289032
2021-04-16,194958.6508543431,66595.2461852037,128363.40466913942
2021-04-19,192755.6258416113,66595.2461852037,126160.37965640762
2021-04-20,191118.94864795712,66595.2461852037,124523.70246275343
2021-04-21,190339.89078454778,66595.2461852037,123744.64459934407
2021-04-22,187407.2466330739,66595.2461852037,120812.00044787022
2021-04-23,188974.47198160313,66595.2461852037,122379.22579639942
2021-04-26,190611.68649573336,66595.2461852037,124016.44031052967
2021-04-27,189610.1166623771,66595.2461852037,123014.87047717342
2021-04-28,187803.24534847477,66595.2461852037,121207.99916327109
2021-04-29,188040.36129177813,66595.2461852037,121445.11510657443
2021-04-30,188021.7649065039,66595.2461852037,121426.51872130019
2021-05-03,186545.9435455512,66595.2461852037,119950.69736034752
2021-05-04,184599.55477355,66595.2461852037,118004.30858834629
2021-05-05,184000.1279023985,66595.2461852037,117404.8817171948
2021-05-06,184196.33643477416,66595.2461852037,117601.09024957045
2021-05-07,185898.58384110022,35198.66399473348,150699.91984636674
2021-05-10,181157.4355122627,35198.66399473348,145958.7715175292
2021-05-11,180072.14863787004,35198.66399473348,144873.48464313656
2021-05-12,174935.29001687598,35198.66399473348,139736.6260221425
2021-05-13,174131.59533977185,35198.66399473348,138932.93134503838
2021-05-14,178475.17804173176,35198.66399473348,143276.5140469983
2021-05-17,177759.4294291145,35198.66399473348,142560.76543438103
2021-05-18,178210.02288694272,35198.66399473348,143011.35889220925
2021-05-19,177032.68677785748,55060.82136542442,121971.86541243305
2021-05-20,180305.36584718764,55060.82136542442,125244.54448176321
2021-05-21,181488.5426080684,55060.82136542442,126427.721242644
2021-05-24,182775.5839620755,55060.82136542442,127714.76259665108
2021-05-25,182826.7905045111,55060.82136542442,127765.9691390867
2021-05-26,185145.19507410843,55060.82136542442,130084.373708684
2021-05-27,188581.63071039255,55060.82136542442,133520.80934496815
2021-05-28,188029.83797152195,55060.82136542442,132969.01660609755
2021-06-01,189628.9273397475,55060.82136542442,134568.1059743231
2021-06-02,190617.28050396428,55060.82136542442,135556.45913853985
2021-06-03,188310.651952431,55060.82136542442,133249.83058700658
2021-06-04,190208.40548656072,55060.82136542442,135147.58412113631
2021-06-07,192172.8984218828,19061.489574225365,173111.40884765744
2021-06-08,191078.56908599357,19061.489574225365,172017.0795117682
2021-06-09,190167.82619729213,19061.489574225365,171106.33662306677
2021-06-10,191885.27257781464,19061.489574225365,172823.78300358928
2021-06-11,192212.41581425755,19061.489574225365,173150.9262400322
2021-06-14,192698.94010855278,19061.489574225365,173637.45053432742
2021-06-15,191262.8522652807,19061.489574225365,172201.36269105534
2021-06-16,190949.3204513162,19061.489574225365,171887.83087709083
2021-06-17,193308.91641287573,19061.489574225365,174247.42683865037
2021-06-18,192862.15611234528,19061.489574225365,173800.66653811993
2021-06-21,192722.395907435,19061.489574225365,173660.90633320966
2021-06-22,193100.9807916337,19061.489574225365,174039.49121740833
2021-06-23,194835.4162726208,19061.489574225365,175773.92669839543
2021-06-24,197282.2249842294,19061.489574225365,178220.73541000404
2021-06-25,196451.8500168541,19061.489574225365,177390.36044262873
2021-06-28,197854.16364101454,19061.489574225365,178792.6740667892
2021-06-29,198949.65933035244,19061.489574225365,179888.16975612708
2021-06-30,201004.37544626064,19061.489574225365,181942.8858720353
2021-07-01,201286.3041827291,19061.489574225365,182224.81460850374
2021-07-02,202812.61306149865,19061.489574225365,183751.1234872733
2021-07-06,201341.90701724033,19061.489574225365,182280.41744301497
2021-07-07,197663.48760811007,39406.09160481936,158257.3960032907
2021-07-08,198853.20400834124,39406.09160481936,159447.1124035219
2021-07-09,201098.61270494346,39406.09160481936,161692.5211001241
2021-07-12,203721.59028308175,39406.09160481936,164315.4986782624
2021-07-13,199744.31849783275,39406.09160481936,160338.2268930134
2021-07-14,199301.14853931486,39406.09160481936,159895.05693449551
2021-07-15,199656.47345380724,39406.09160481936,160250.38184898786
2021-07-16,199355.64238660317,39406.09160481936,159949.55078178382
2021-07-19,198876.80164860812,39406.09160481936,159470.71004378874
2021-07-20,201744.94248824916,39406.09160481936,162338.8508834298
2021-07-21,205229.12947417988,39406.09160481936,165823.0378693605
2021-07-22,203727.5537536653,39406.09160481936,164321.46214884595
2021-07-23,205886.94151274022,39406.09160481936,166480.84990792084
2021-07-26,206881.2599116732,39406.09160481936,167475.16830685383
2021-07-27,204336.13385906804,39406.09160481936,164930.04225424866
2021-07-28,208504.06601343257,39406.09160481936,169097.97440861323
2021-07-29,210607.1766046519,39406.09160481936,171201.08499983256
2021-07-30,210708.1064904653,39406.09160481936,171302.01488564594
2021-08-02,211053.36720714218,39406.09160481936,171647.2756023228
2021-08-03,217147.7488671582,39406.09160481936,177741.65726233885
2021-08-04,219937.70255414705,39406.09160481936,180531.61094932767
2021-08-05,220931.5866615601,39406.09160481936,181525.49505674076
2021-08-06,221149.069300592,39406.09160481936,181742.97769577263
2021-08-09,227915.75263446337,45437.16765891224,182478.58497555112
2021-08-10,224820.7921581717,45437.16765891224,179383.62449925946
2021-08-11,221686.09744703022,61177.38265459312,160508.7147924371
2021-08-12,221576.92933667338,61177.38265459312,160399.54668208025
2021-08-13,222027.27751598298,61177.38265459312,160849.89486138985
2021-08-16,219259.78209986977,61177.38265459312,158082.39944527665
2021-08-17,216731.84949522975,61177.38265459312,155554.46684063663
2021-08-18,212742.91358363707,61177.38265459312,151565.53092904395
2021-08-19,213298.1895951487,61177.38265459312,152120.80694055557
2021-08-20,216875.27882643227,61177.38265459312,155697.89617183915
2021-08-23,222972.8709166245,61177.38265459312,161795.48826203137
2021-08-24,222491.96270504172,61177.38265459312,161314.5800504486
2021-08-25,223442.70636053657,61177.38265459312,162265.32370594345
2021-08-26,221730.45058734072,61177.38265459312,160553.0679327476
2021-08-27,225957.44121888248,61177.38265459312,164780.05856428936
2021-08-30,225173.246150858,61177.38265459312,163995.86349626488
2021-08-31,224307.3087631289,61177.38265459312,163129.9261085358
2021-09-01,225103.8889044055,61177.38265459312,163926.50624981237
2021-09-02,223646.7548593883,61177.38265459312,162469.3722047952
2021-09-03,224179.73334800766,61177.38265459312,163002.35069341454
2021-09-07,222692.7129396642,44395.90514169446,178296.80779796976
2021-09-08,220620.44747895567,44395.90514169446,176224.54233726123
2021-09-09,221972.3963587967,44395.90514169446,177576.49121710224
2021-09-10,221120.7392048753,44395.90514169446,176724.83406318087
2021-09-13,217701.81817535922,44395.90514169446,173305.91303366475
2021-09-14,217958.9997422506,44395.90514169446,173563.09460055616
2021-09-15,218628.36860862927,44395.90514169446,174232.46346693483
2021-09-16,218744.91873820435,44395.90514169446,174349.01359650987
2021-09-17,217340.63301676535,44395.90514169446,172944.72787507088
2021-09-20,214160.70670424483,44395.90514169446,169764.8015625504
2021-09-21,215232.93296308233,44395.90514169446,170837.02782138786
2021-09-22,216352.12403410848,44395.90514169446,171956.218892414
2021-09-23,218623.9070638392,44395.90514169446,174228.00192214476
2021-09-24,216238.77638479462,44395.90514169446,171842.87124310018
2021-09-27,215472.20542790584,44395.90514169446,171076.3002862114
2021-09-28,208294.6518317147,60921.192179284786,147373.4596524299
2021-09-29,207353.00834902708,60921.192179284786,146431.8161697423
2021-09-30,209403.54665186157,60921.192179284786,148482.3544725768
2021-10-01,209776.6379954487,60921.192179284786,148855.4458161639
2021-10-04,206542.84305441388,60921.192179284786,145621.6508751291
2021-10-05,207589.48824240445,60921.192179284786,146668.29606311966
2021-10-06,208967.74579666508,82342.61332917187,126625.13246749321
2021-10-07,212077.8574951457,59271.779722644584,152806.07777250113
2021-10-08,210583.8755479586,59271.779722644584,151312.09582531403
2021-10-11,209996.21410930506,59271.779722644584,150724.4343866605
2021-10-12,211150.3160455273,59271.779722644584,151878.5363228827
2021-10-13,214784.6295325046,59271.779722644584,155512.84980986002
2021-10-14,219064.73484793783,59271.779722644584,159792.95512529323
2021-10-15,218709.664623268,59271.779722644584,159437.8849006234
2021-10-18,222577.55101332348,59271.779722644584,163305.77129067888
2021-10-19,223947.41296340286,59271.779722644584,164675.63324075827
2021-10-20,222936.83466276893,59271.779722644584,163665.05494012436
2021-10-21,226245.783811946,59271.779722644584,166974.0040893014
2021-10-22,225740.42714702635,59271.779722644584,166468.64742438178
2021-10-25,229821.39601220185,59271.779722644584,170549.61628955728
2021-10-26,232006.35458706028,59271.779722644584,172734.5748644157
2021-10-27,230476.43788374355,59271.779722644584,171204.65816109895
2021-10-28,231748.17243066762,59271.779722644584,172476.39270802302
2021-10-29,233290.67575382692,59271.779722644584,174018.89603118235
2021-11-01,234817.04175225087,59271.779722644584,175545.2620296063
2021-11-02,236666.65253906365,59271.779722644584,177394.87281641905
2021-11-03,239093.2228954165,59271.779722644584,179821.44317277192
2021-11-04,244590.70918059343,76150.91163382474,168439.79754676868
2021-11-05,242844.98345708102,76150.91163382474,166694.0718232563
2021-11-08,250043.29874850498,87409.44255545127,162633.8561930537
2021-11-09,246146.2091575548,87409.44255545127,158736.76660210354
2021-11-10,242113.6627385741,87409.44255545127,154704.22018312282
2021-11-11,244682.53456751877,87409.44255545127,157273.0920120675
2021-11-12,244233.9898549933,87409.44255545127,156824.54729954203
2021-11-15,243647.87382875275,87409.44255545127,156238.43127330148
2021-11-16,246297.88838241182,87409.44255545127,158888.44582696055
2021-11-17,245825.50393995267,87409.44255545127,158416.0613845014
2021-11-18,248647.4462759682,87409.44255545127,161238.00372051692
2021-11-19,250696.20325132363,87409.44255545127,163286.76069587236
2021-11-22,251345.05632092696,87409.44255545127,163935.6137654757
2021-11-23,248466.3786388568,87409.44255545127,161056.93608340554
2021-11-24,252051.41668224774,87409.44255545127,164641.97412679647
2021-11-26,247823.77370782747,87409.44255545127,160414.3311523762
2021-11-29,253473.33439269406,87409.44255545127,166063.8918372428
2021-11-30,250718.94007204974,87409.44255545127,163309.49751659847
2021-12-01,246261.03969504416,87409.44255545127,158851.5971395929
2021-12-02,248213.66516317154,87409.44255545127,160804.22260772026
2021-12-03,242083.80254499894,87409.44255545127,154674.35998954767
2021-12-06,241280.16255985084,87409.44255545127,153870.72000439957
2021-12-07,248289.2378739816,49498.81523668651,198790.4226372951
2021-12-08,249239.82573020644,49498.81523668651,199741.01049351995
2021-12-09,245632.37041141192,49498.81523668651,196133.55517472542
2021-12-10,245242.76744383934,49498.81523668651,195743.95220715282
2021-12-13,242552.54092025588,49498.81523668651,193053.72568356938
2021-12-14,240683.05007099494,49498.81523668651,191184.23483430842
2021-12-15,245838.41507155966,49498.81523668651,196339.59983487317
2021-12-16,242285.66367680999,49498.81523668651,192786.8484401235
2021-12-17,242749.21025945456,49498.81523668651,193250.39502276806
2021-12-20,237317.1236289736,49498.81523668651,187818.30839228712
2021-12-21,244410.86179868394,49498.81523668651,194912.0465619974
2021-12-22,244615.46496153274,49498.81523668651,195116.64972484624
2021-12-23,246220.5618156845,66791.38551662845,179429.17629905604
2021-12-27,249202.90616976278,66791.38551662845,182411.52065313433
2021-12-28,249080.02108536172,66791.38551662845,182288.63556873327
2021-12-29,247051.9977602335,66791.38551662845,180260.61224360505
2021-12-30,246027.91152027278,66791.38551662845,179236.52600364434
2021-12-31,244930.65442384136,66791.38551662845,178139.2689072129
2022-01-03,250065.28639880806,66791.38551662845,183273.90088217962
2022-01-04,249049.04349146126,66791.38551662845,182257.6579748328
2022-01-05,242938.11951470893,66791.38551662845,176146.73399808048
2022-01-06,242343.83005284134,66791.38551662845,175552.4445362129
2022-01-07,241610.88592420338,48167.422414032524,193443.46351017084
2022-01-10,242344.5952898604,48167.422414032524,194177.17287582788
2022-01-11,245785.09202175122,48167.422414032524,197617.6696077187
2022-01-12,247452.54002687463,48167.422414032524,199285.1176128421
2022-01-13,241698.446972163,48167.422414032524,193531.02455813048
2022-01-14,243637.77396396018,48167.422414032524,195470.35154992767
2022-01-18,238230.27473836846,48167.422414032524,190062.85232433595
2022-01-19,231610.40801244462,48167.422414032524,183442.98559841208
2022-01-20,227796.70033223444,48167.422414032524,179629.27791820193
2022-01-21,221655.5573989705,111702.33947795245,109953.21792101805
2022-01-24,219451.60311823658,172196.50504587192,47255.09807236466
2022-01-25,220368.46596069398,172196.50504587192,48171.960914822055
2022-01-26,220799.38790202053,172196.50504587192,48602.88285614861
2022-01-27,221501.50341328175,172196.50504587192,49304.99836740983
2022-01-28,222388.3863498299,172196.50504587192,50191.88130395798
2022-01-31,220873.2962817935,172196.50504587192,48676.791235921584
2022-02-01,221224.3540374241,172196.50504587192,49027.8489915522
2022-02-02,221954.18342902744,172196.50504587192,49757.67838315553
2022-02-03,221510.74372282613,172196.50504587192,49314.23867695421
2022-02-04,221159.68596719552,172196.50504587192,48963.1809213236
2022-02-07,221204.27643701126,71790.53556694135,149413.7408700699
2022-02-08,223238.6399468488,71790.53556694135,151448.10437990743
2022-02-09,228350.79127220658,71790.53556694135,156560.2557052652
2022-02-10,224072.65724112152,71790.53556694135,152282.12167418018
2022-02-11,215446.533427382,71790.53556694135,143655.99786044066
2022-02-14,216574.37662087008,71790.53556694135,144783.8410539287
2022-02-15,223570.99369235977,71790.53556694135,151780.4581254184
2022-02-16,222361.45439855062,71790.53556694135,150570.91883160925
2022-02-17,216056.89148895355,99864.87835444196,116192.0131345116
2022-02-18,215663.79016419593,99864.87835444196,115798.91180975398
2022-02-22,212717.6214866939,99864.87835444196,112852.74313225196
2022-02-23,209167.68911638856,132076.26228506392,77091.42683132464
2022-02-24,211784.67916367028,132076.26228506392,79708.41687860635
2022-02-25,213625.8020170243,132076.26228506392,81549.5397319604
2022-02-28,213213.33522473497,132076.26228506392,81137.07293967105
2022-03-01,210665.0036464697,132076.26228506392,78588.74136140579
2022-03-02,213360.70817824875,132076.26228506392,81284.44589318483
2022-03-03,211056.1506798576,132076.26228506392,78979.88839479368
2022-03-04,208848.1643440722,132076.26228506392,76771.90205900828
2022-03-07,204994.61614438408,122963.95742314194,82030.65872124213
2022-03-08,205878.24134552828,122963.95742314194,82914.28392238636
2022-03-09,209386.09619418904,122963.95742314194,86422.13877104712
2022-03-10,208075.66195549228,122963.95742314194,85111.70453235034
2022-03-11,205157.91514995034,122963.95742314194,82193.9577268084
2022-03-14,203709.43178620617,122963.95742314194,80745.47436306423
2022-03-15,206837.78408361028,122963.95742314194,83873.82666046833
2022-03-16,211062.75871294647,122963.95742314194,88098.80128980453
2022-03-17,212563.28362142787,122963.95742314194,89599.32619828593
2022-03-18,214998.73517048385,122963.95742314194,92034.77774734191
2022-03-21,213962.19072843442,122963.95742314194,90998.23330529247
2022-03-22,216640.9319533551,122963.95742314194,93676.97453021316
2022-03-23,215294.35523081402,122963.95742314194,92330.3978076721
2022-03-24,217248.67952698586,122963.95742314194,94284.7221038439
2022-03-25,217191.77540136199,122963.95742314194,94227.81797822006
2022-03-28,219024.41870238708,122963.95742314194,96060.46127924515
2022-03-29,221478.9925797742,122963.95742314194,98515.03515663226
2022-03-30,220256.89388796943,122963.95742314194,97292.9364648275
2022-03-31,217599.05940162865,122963.95742314194,94635.10197848671
2022-04-01,217687.2403916652,122963.95742314194,94723.28296852324
2022-04-04,220979.47528067525,122963.95742314194,98015.51785753331
2022-04-05,217850.87808489046,122963.95742314194,94886.92066174852
2022-04-06,214779.7968382065,134235.85006897282,80543.94676923368
2022-04-07,214410.66483391964,128612.0794662047,85798.58536771494
2022-04-08,213122.10779225035,128612.0794662047,84510.02832604563
2022-04-11,211402.16599084332,128612.0794662047,82790.08652463864
2022-04-12,210623.33728557616,128612.0794662047,82011.25781937144
2022-04-13,212304.63097499908,128612.0794662047,83692.55150879438
2022-04-14,210361.86519301345,128612.0794662047,81749.78572680877
2022-04-18,210276.9263858123,128612.0794662047,81664.84691960759
2022-04-19,212832.76792692748,128612.0794662047,84220.68846072278
2022-04-20,204662.72413445462,139370.73256837254,65291.991566082084
2022-04-21,202433.76943922497,154894.47056545093,47539.29887377402
2022-04-22,201421.4563733919,166642.93050966907,34778.525863722825
2022-04-25,201471.67649392862,166642.93050966907,34828.74598425955
2022-04-26,199912.9420966531,166642.93050966907,33270.01158698405
2022-04-27,198349.6548132875,185347.86697651682,13001.787836770674
2022-04-28,198762.35309522419,185347.86697651682,13414.486118707382
2022-04-29,198285.9371741803,185347.86697651682,12938.070197663465
2022-05-02,198656.4831121462,185347.86697651682,13308.616135629394
2022-05-03,198665.95843973276,185347.86697651682,13318.091463215927
2022-05-04,199181.2599005827,185347.86697651682,13833.39292406587
2022-05-05,198434.93974191707,185347.86697651682,13087.072765400251
2022-05-06,198124.51755959995,185347.86697651682,12776.650583083117
2022-05-09,197639.0775163781,172931.10433018257,24707.97318619554
2022-05-10,197807.30224895896,172931.10433018257,24876.197918776386
2022-05-11,197429.5252135881,172931.10433018257,24498.420883405503
2022-05-12,197464.6591825338,172931.10433018257,24533.554852351223
2022-05-13,198763.09677055408,172931.10433018257,25831.992440371516
2022-05-16,199006.11871906422,172931.10433018257,26075.014388881653
2022-05-17,199845.53086424337,172931.10433018257,26914.426534060785
2022-05-18,198629.1542846177,172931.10433018257,25698.049954435104
2022-05-19,198574.04787846305,172931.10433018257,25642.94354828048
2022-05-20,198361.75180663666,172931.10433018257,25430.64747645408
2022-05-23,199205.59037973825,172931.10433018257,26274.48604955568
2022-05-24,198677.89279121152,172931.10433018257,25746.788461028947
2022-05-25,199102.21468780626,172931.10433018257,26171.110357623693
2022-05-26,199996.4662690917,172931.10433018257,27065.361938909133
2022-05-27,200637.82501053557,172931.10433018257,27706.720680353006
2022-05-31,200542.67227198483,172931.10433018257,27611.567941802263
2022-06-01,200286.00697869647,172931.10433018257,27354.902648513904
2022-06-02,201106.5180628456,172931.10433018257,28175.413732663037
2022-06-03,200697.5540046054,172931.10433018257,27766.449674422835
2022-06-06,200612.4715098682,172931.10433018257,27681.367179685614
2022-06-07,200726.99248392537,175632.9816720832,25094.01081184215
2022-06-08,200757.74811249654,175632.9816720832,25124.76644041334
2022-06-09,199696.89686832024,175632.9816720832,24063.915196237052
2022-06-10,198507.92918044818,175632.9816720832,22874.94750836499
2022-06-13,196973.7551588192,193670.17513273202,3303.580026087179
2022-06-14,197052.66829374823,193670.17513273202,3382.4931610162
2022-06-15,197238.1089853033,193670.17513273202,3567.9338525712733
2022-06-16,196933.3799643195,193670.17513273202,3263.204831587461
2022-06-17,196989.42544296422,193670.17513273202,3319.2503102322025
2022-06-21,197299.922549155,193670.17513273202,3629.7474164229648
2022-06-22,197285.37522610146,193670.17513273202,3615.200093369434
2022-06-23,197269.80705057003,193670.17513273202,3599.631917838014
2022-06-24,197432.68641168164,193670.17513273202,3762.511278949621
2022-06-27,197420.64016551603,193670.17513273202,3750.46503278401
2022-06-28,197232.953551778,193670.17513273202,3562.77841904595
2022-06-29,197169.04734549279,193670.17513273202,3498.8722127607566
2022-06-30,197107.53987382376,193670.17513273202,3437.3647410917238
2022-07-01,197150.2633327782,193670.17513273202,3480.088200046187
2022-07-05,197239.1298377812,193670.17513273202,3568.9547050491624
2022-07-06,197218.71255456525,193670.17513273202,3548.537421833232
2022-07-07,197390.195454928,172713.3364156821,24676.8590392459
2022-07-08,197403.54981005366,172713.3364156821,24690.213394371567
2022-07-11,196238.5692312962,172713.3364156821,23525.232815614072
2022-07-12,196091.32124047691,172713.3364156821,23377.984824794825
2022-07-13,196326.67083492497,172713.3364156821,23613.33441924285
2022-07-14,196274.49123520817,172713.3364156821,23561.154819526077
2022-07-15,197163.86358541975,172713.3364156821,24450.52716973764
2022-07-18,197422.21902336957,172713.3364156821,24708.882607687457
2022-07-19,198613.77565044124,172713.3364156821,25900.439234759124
2022-07-20,199738.478357585,172713.3364156821,27025.141941902886
2022-07-21,200567.89098089945,172713.3364156821,27854.55456521736
2022-07-22,199652.37123894048,172713.3364156821,26939.034823258386
2022-07-25,199324.64583310147,172713.3364156821,26611.30941741937
2022-07-26,198501.97189075922,172713.3364156821,25788.635475077102
2022-07-27,200131.69238499948,172713.3364156821,27418.35596931737
2022-07-28,200138.73470829008,172713.3364156821,27425.398292607984
2022-07-29,200597.5883536876,172713.3364156821,27884.25193800551
2022-08-01,200893.2830659944,172713.3364156821,28179.946650312282
2022-08-02,201023.7451792777,172713.3364156821,28310.408763595606
2022-08-03,201585.51083591452,172713.3364156821,28872.174420232426
2022-08-04,202216.7466741826,172713.3364156821,29503.410258500502
2022-08-05,201477.8064989559,172713.3364156821,28764.470083273794
2022-08-08,201233.43300548114,160978.6954568752,40254.737548605946
2022-08-09,200689.56465860526,160978.6954568752,39710.86920173007
2022-08-10,202141.60101843614,160978.6954568752,41162.905561560925
2022-08-11,202245.5884089815,160978.6954568752,41266.892952106326
2022-08-12,203171.81832195248,160978.6954568752,42193.12286507728
2022-08-15,203190.31101242127,160978.6954568752,42211.61555554607
2022-08-16,202860.7251244985,160978.6954568752,41882.02966762331
2022-08-17,202026.55301465624,160978.6954568752,41047.857557781026
2022-08-18,202689.85166012423,160978.6954568752,41711.156203249026
2022-08-19,202200.72307952397,160978.6954568752,41222.02762264878
2022-08-22,200847.0638397372,160978.6954568752,39868.36838286201
2022-08-23,201376.24277101585,160978.6954568752,40397.547314140655
2022-08-24,201636.11944021424,160978.6954568752,40657.42398333906
2022-08-25,202739.90239801485,160978.6954568752,41761.20694113965
2022-08-26,200580.31224767573,160978.6954568752,39601.616790800545
2022-08-29,200170.465544414,167976.64352053925,32193.82202387476
2022-08-30,199510.84336151066,167976.64352053925,31534.1998409714
2022-08-31,199367.47569204454,175659.94775869016,23707.527933354373
2022-09-01,199245.73523624986,175659.94775869016,23585.787477559687
2022-09-02,198948.9669684098,175659.94775869016,23289.019209719638
2022-09-06,198549.9446352533,175659.94775869016,22889.996876563157
2022-09-07,198632.02342501463,158897.67186970063,39734.351555313995
2022-09-08,199074.01900016595,158897.67186970063,40176.34713046532
2022-09-09,200297.73970076686,158897.67186970063,41400.06783106622
2022-09-12,200480.63439039263,158897.67186970063,41582.96252069199
2022-09-13,197250.17322043912,158897.67186970063,38352.5013507385
2022-09-14,197606.0216619743,158897.67186970063,38708.34979227365
2022-09-15,197490.89533364275,158897.67186970063,38593.22346394212
2022-09-16,197505.0583912382,158897.67186970063,38607.38652153758
2022-09-19,197874.28332343235,158897.67186970063,38976.61145373171
2022-09-20,197424.8791360852,158897.67186970063,38527.20726638457
2022-09-21,196764.4129181404,167257.51160113176,29506.901317008655
2022-09-22,195803.02384170252,175046.2654574697,20756.758384232828
2022-09-23,195073.7981748937,175046.2654574697,20027.53271742397
2022-09-26,194767.4927650108,180738.07719675533,14029.415568255481
2022-09-27,194845.9287666699,180738.07719675533,14107.851569914577
2022-09-28,195888.3774871929,180738.07719675533,15150.300290437572
2022-09-29,195766.65550721955,180738.07719675533,15028.578310464229
2022-09-30,195545.73630649855,180738.07719675533,14807.65910974322
2022-10-03,195947.2382710073,180738.07719675533,15209.161074251986
2022-10-04,196228.8140233661,180738.07719675533,15490.736826610773
2022-10-05,196250.87560587333,180738.07719675533,15512.798409117991
2022-10-06,196657.0850392917,180738.07719675533,15919.007842536386
2022-10-07,196016.56919371922,171511.43490271794,24505.134291001283
2022-10-10,195882.33893377718,171511.43490271794,24370.90403105924
2022-10-11,195138.31280117654,171511.43490271794,23626.8778984586
2022-10-12,195317.92340199542,171511.43490271794,23806.488499277464
2022-10-13,196116.88268880875,171511.43490271794,24605.447786090812
2022-10-14,195568.51399240727,171511.43490271794,24057.07908968934
2022-10-17,196912.10588290615,171511.43490271794,25400.67098018822
2022-10-18,197123.41774933232,171511.43490271794,25611.982846614374
2022-10-19,197494.2637472766,171511.43490271794,25982.828844558655
2022-10-20,197390.68933389854,171511.43490271794,25879.254431180612
2022-10-21,198352.3231843068,171511.43490271794,26840.88828158886
2022-10-24,198296.5866449242,171511.43490271794,26785.151742206235
2022-10-25,199001.84813741402,171511.43490271794,27490.41323469608
2022-10-26,198595.13002942462,171511.43490271794,27083.695126706683
2022-10-27,197298.1139144689,175143.49648756254,22154.617426906352
2022-10-28,197250.76982026076,175143.49648756254,22107.273332698227
2022-10-31,197019.80235632212,179700.15138346754,17319.65097285459
2022-11-01,197091.98272784354,179700.15138346754,17391.831344375994
2022-11-02,196678.9757866683,179700.15138346754,16978.82440320075
2022-11-03,196693.1111525043,179700.15138346754,16992.959769036763
2022-11-04,197014.39862741905,179700.15138346754,17314.247243951522
2022-11-07,197036.54506942764,165012.9026537531,32023.642415674538
2022-11-08,197228.48754358423,165012.9026537531,32215.58488983114
2022-11-09,196496.48493329753,165012.9026537531,31483.58227954444
2022-11-10,199735.72597027867,165012.9026537531,34722.823316525566
2022-11-11,200891.5748260895,165012.9026537531,35878.6721723364
2022-11-14,200981.97600443746,165012.9026537531,35969.07335068437
2022-11-15,201847.96906288213,165012.9026537531,36835.06640912904
2022-11-16,200809.01300819812,165012.9026537531,35796.110354445016
2022-11-17,200929.34834698396,165012.9026537531,35916.44569323087
2022-11-18,200663.44762591913,165012.9026537531,35650.54497216604
2022-11-21,199840.35010215853,165012.9026537531,34827.44744840543
2022-11-22,200801.74567772684,165012.9026537531,35788.84302397375
2022-11-23,201171.46360305807,165012.9026537531,36158.560949305
2022-11-25,200787.3312143841,165012.9026537531,35774.42856063099
2022-11-28,200078.6628185041,165012.9026537531,35065.760164751
2022-11-29,200048.32161880826,165012.9026537531,35035.41896505517
2022-11-30,202046.1705204952,165012.9026537531,37033.267866742106
2022-12-01,202014.6333578152,165012.9026537531,37001.73070406211
2022-12-02,201612.27676932214,165012.9026537531,36599.37411556906
2022-12-05,201083.65270960412,165012.9026537531,36070.75005585104
2022-12-06,200007.4660217259,165012.9026537531,34994.56336797282
2022-12-07,199614.34722307586,167171.74387628218,32442.603346793683
2022-12-08,199632.43207417417,167171.74387628218,32460.688197891985
2022-12-09,199376.2016702536,167171.74387628218,32204.4577939714
2022-12-12,199682.31146200298,167171.74387628218,32510.567585720786
2022-12-13,200309.5627930769,167171.74387628218,33137.81891679471
2022-12-14,199968.08143610996,167171.74387628218,32796.33755982778
2022-12-15,198883.46075625808,167171.74387628218,31711.716879975902
2022-12-16,198862.6235313033,167171.74387628218,31690.879655021126
2022-12-19,198357.7467461638,167171.74387628218,31186.002869881613
2022-12-20,198610.02496601487,167171.74387628218,31438.281089732696
2022-12-21,199186.5203037527,167171.74387628218,32014.776427470537
2022-12-22,198409.23891142398,167171.74387628218,31237.495035141787
2022-12-23,198724.95095414983,167171.74387628218,31553.20707786764
2022-12-27,198326.52401250444,167171.74387628218,31154.780136222256
2022-12-28,198109.98674198217,167171.74387628218,30938.24286569999
2022-12-29,198916.9835081288,167171.74387628218,31745.23963184661
2022-12-30,198883.00219959847,167171.74387628218,31711.2583233163
2023-01-03,199342.7087901535,167171.74387628218,32170.96491387133
2023-01-04,199566.99913260687,167171.74387628218,32395.25525632469
2023-01-05,199106.12084536353,167171.74387628218,31934.37696908134
2023-01-06,199727.85923117914,167171.74387628218,32556.115354896952
2023-01-09,199845.68265689295,159868.5506991228,39977.13195777015
2023-01-10,200138.6210535108,159868.5506991228,40270.07035438802
2023-01-11,200334.29531313258,159868.5506991228,40465.74461400978
2023-01-12,201501.38601627553,159868.5506991228,41632.83531715273
2023-01-13,201593.73952128403,159868.5506991228,41725.18882216124
2023-01-17,202278.12092116097,159868.5506991228,42409.57022203815
2023-01-18,201603.9167612582,159868.5506991228,41735.36606213542
2023-01-19,201045.76774253615,159868.5506991228,41177.217043413344
2023-01-20,202829.79743884687,159868.5506991228,42961.24673972407
2023-01-23,205084.0278216235,159868.5506991228,45215.4771225007
2023-01-24,204863.5510031878,159868.5506991228,44995.000304065004
2023-01-25,205264.72265647887,159868.5506991228,45396.17195735606
2023-01-26,206875.81295146566,159868.5506991228,47007.26225234286
2023-01-27,207668.76111272298,159868.5506991228,47800.21041360017
2023-01-30,206250.87048984517,159868.5506991228,46382.31979072238
2023-01-31,207284.53980776964,159868.5506991228,47415.989108646856
2023-02-01,209636.99430294102,159868.5506991228,49768.4436038182
2023-02-02,211249.1821012478,159868.5506991228,51380.63140212499
2023-02-03,210246.40003284786,159868.5506991228,50377.849333725055
2023-02-06,209878.33769873888,159868.5506991228,50009.78699961608
2023-02-07,210924.33412383124,115965.65236131406,94958.6817625172
2023-02-08,209620.03775509662,115965.65236131406,93654.38539378258
2023-02-09,209028.39190465643,115965.65236131406,93062.73954334237
2023-02-10,206922.8323275441,115965.65236131406,90957.17996623005
2023-02-13,208618.93766716708,115965.65236131406,92653.28530585302
2023-02-14,210955.2398209466,115965.65236131406,94989.58745963252
2023-02-15,211501.58650784232,115965.65236131406,95535.93414652826
2023-02-16,208337.64820790588,115965.65236131406,92371.9958465918
2023-02-17,207613.98089235596,115965.65236131406,91648.32853104192
2023-02-21,204118.73275557498,115965.65236131406,88153.08039426093
2023-02-22,204141.33428738546,115965.65236131406,88175.68192607141
2023-02-23,206994.3108904131,115965.65236131406,91028.65852909903
2023-02-24,205242.03299239994,115965.65236131406,89276.38063108589
2023-02-27,206079.66092501348,115965.65236131406,90114.0085636994
2023-02-28,206161.18525389428,115965.65236131406,90195.53289258022
2023-03-01,205304.5935636063,115965.65236131406,89338.94120229223
2023-03-02,205732.3472273089,115965.65236131406,89766.69486599485
2023-03-03,208260.15563576797,115965.65236131406,92294.5032744539
2023-03-06,207020.93551515436,115965.65236131406,91055.2831538403
2023-03-07,205719.67320591013,107956.39087399517,97763.28233191496
2023-03-08,206211.16162650232,107956.39087399517,98254.77075250715
2023-03-09,203235.00339342537,107956.39087399517,95278.61251943021
2023-03-10,201924.5674778145,107956.39087399517,93968.17660381933
2023-03-13,202733.14092463377,107956.39087399517,94776.75005063861
2023-03-14,206130.52102285498,107956.39087399517,98174.13014885981
2023-03-15,207556.38937214445,107956.39087399517,99599.99849814927
2023-03-16,210913.42894918512,107956.39087399517,102957.03807518996
2023-03-17,208867.0266377204,107956.39087399517,100910.63576372525
2023-03-20,209140.59052294242,107956.39087399517,101184.19964894725
2023-03-21,211656.4565805092,107956.39087399517,103700.06570651403
2023-03-22,209546.25460690446,107956.39087399517,101589.86373290929
2023-03-23,212607.7936097089,107956.39087399517,104651.40273571374
2023-03-24,212945.93444777135,107956.39087399517,104989.54357377617
2023-03-27,212491.35440687073,107956.39087399517,104534.96353287555
2023-03-28,211441.44796330144,107956.39087399517,103485.05708930627
2023-03-29,214161.61725600774,107956.39087399517,106205.22638201257
2023-03-30,215781.3792327172,107956.39087399517,107824.98835872204
2023-03-31,218193.9544876096,107956.39087399517,110237.56361361442
2023-04-03,217520.76521648065,107956.39087399517,109564.37434248546
2023-04-04,217658.27892798983,107956.39087399517,109701.88805399464
2023-04-05,215320.12234006097,107956.39087399517,107363.7314660658
2023-04-06,215912.5072111584,107956.39087399517,107956.11633716323
2023-04-10,215872.19109067292,86271.11579108941,129601.07529958352
2023-04-11,215624.2624244942,86271.11579108941,129353.14663340479
2023-04-12,214501.55374339304,86271.11579108941,128230.43795230362
2023-04-13,217032.29882542486,86271.11579108941,130761.18303433547
2023-04-14,217425.3421632261,86271.11579108941,131154.22637213668
2023-04-17,215739.31438219597,86271.11579108941,129468.19859110656
2023-04-18,214886.06688099683,86271.11579108941,128614.95108990742
2023-04-19,214289.8984455375,86271.11579108941,128018.78265444808
2023-04-20,212318.81410837598,86271.11579108941,126047.69831728657
2023-04-21,211983.67867568892,86271.11579108941,125712.56288459951
2023-04-24,212242.35472527496,86271.11579108941,125971.23893418555
2023-04-25,209468.14614943968,86271.11579108941,123197.03035835027
2023-04-26,208823.0216617795,101738.07312138329,107084.9485403962
2023-04-27,213943.14147420222,101738.07312138329,112205.06835281893
2023-04-28,214877.58774733325,101738.07312138329,113139.51462594996
2023-05-01,214879.95051458286,101738.07312138329,113141.87739319957
2023-05-02,212519.8296542094,101738.07312138329,110781.75653282611
2023-05-03,209774.6534676106,101738.07312138329,108036.5803462273
2023-05-04,210102.92155603177,101738.07312138329,108364.84843464848
2023-05-05,211829.03444528853,101738.07312138329,110090.96132390523
2023-05-08,213399.3979767026,117326.43605432136,96072.96192238125
2023-05-09,212842.96118827973,117326.43605432136,95516.52513395839
2023-05-10,213065.83965133366,117326.43605432136,95739.40359701231
2023-05-11,213258.63726385796,117326.43605432136,95932.20120953661
2023-05-12,212835.61846216628,117326.43605432136,95509.18240784491
2023-05-15,214175.81583635352,117326.43605432136,96849.37978203216
2023-05-16,213825.92034939604,117326.43605432136,96499.48429507468
2023-05-17,215631.825720693,117326.43605432136,98305.38966637166
2023-05-18,219453.66599767833,117326.43605432136,102127.22994335697
2023-05-19,219139.09659682057,117326.43605432136,101812.66054249923
2023-05-22,220398.57849906955,117326.43605432136,103072.1424447482
2023-05-23,219344.37091905915,117326.43605432136,102017.93486473778
2023-05-24,219107.22503099326,117326.43605432136,101780.7889766719
2023-05-25,220132.2245898203,117326.43605432136,102805.78853549897
2023-05-26,224359.4843140064,117326.43605432136,107033.04825968505
2023-05-30,226675.77927052949,117326.43605432136,109349.34321620813
2023-05-31,226747.996913206,117326.43605432136,109421.56085888465
2023-06-01,227577.4890899873,117326.43605432136,110251.05303566593
2023-06-02,228479.38092774004,117326.43605432136,111152.94487341869
2023-06-05,227883.67502527824,117326.43605432136,110557.23897095688
2023-06-06,229739.7839220003,117326.43605432136,112413.34786767894
2023-06-07,229586.36908627822,43470.65639911624,186115.71268716198
2023-06-08,235493.4876341022,43470.65639911624,192022.83123498596
2023-06-09,238254.4011343915,43470.65639911624,194783.74473527525
2023-06-12,244929.98784627367,43470.65639911624,201459.33144715743
2023-06-13,248568.68242056106,43470.65639911624,205098.02602144482
2023-06-14,252232.67755280528,43470.65639911624,208762.02115368904
2023-06-15,252522.21656735215,43470.65639911624,209051.5601682359
2023-06-16,252690.7093805612,43470.65639911624,209220.05298144495
2023-06-20,253714.62954184474,43470.65639911624,210243.9731427285
2023-06-21,242304.31306300932,43470.65639911624,198833.65666389308
2023-06-22,241810.08919911354,70121.14430684477,171688.94489226877
2023-06-23,239467.14388941013,70121.14430684477,169345.99958256536
2023-06-26,234269.5078627585,102053.98757972309,132215.5202830354
2023-06-27,238412.18151304385,102053.98757972309,136358.19393332076
2023-06-28,238768.08473053857,102053.98757972309,136714.09715081548
2023-06-29,238000.22444388515,102053.98757972309,135946.23686416206
2023-06-30,240713.4516128062,102053.98757972309,138659.46403308312
2023-07-03,245651.31359413138,102053.98757972309,143597.3260144083
2023-07-05,244737.93029103646,102053.98757972309,142683.94271131337
2023-07-06,242340.98086655213,102053.98757972309,140286.99328682903
2023-07-07,241656.22375123564,23969.704507804476,217686.51924343116
2023-07-10,240218.44852315634,23969.704507804476,216248.74401535187
2023-07-11,240712.91418437706,23969.704507804476,216743.2096765726
2023-07-12,245446.03709770227,23969.704507804476,221476.3325898978
2023-07-13,251802.71860265444,23969.704507804476,227833.01409484996
2023-07-14,251339.28572456964,23969.704507804476,227369.58121676516
2023-07-17,255118.3598245982,23969.704507804476,231148.65531679374
2023-07-18,256026.2619129574,23969.704507804476,232056.5574051529
2023-07-19,253810.56087170442,23969.704507804476,229840.85636389995
2023-07-20,244124.4374262289,23969.704507804476,220154.73291842442
2023-07-21,243986.93292614305,23969.704507804476,220017.22841833858
2023-07-24,245580.80468841825,23969.704507804476,221611.10018061378
2023-07-25,248045.3270876274,23969.704507804476,224075.62257982293
2023-07-26,251010.95865819888,23969.704507804476,227041.2541503944
2023-07-27,251191.47420827518,23969.704507804476,227221.7697004707
2023-07-28,258274.93527531764,23969.704507804476,234305.23076751316
2023-07-31,257743.77583258436,23969.704507804476,233774.07132477988
2023-08-01,257306.81958004658,23969.704507804476,233337.1150722421
2023-08-02,247934.0326756757,23969.704507804476,223964.32816787122
2023-08-03,250658.7265863067,23969.704507804476,226689.02207850222
2023-08-04,251284.86000931927,23969.704507804476,227315.1555015148
2023-08-07,253966.56017707853,25190.757795564474,228775.80238151405
2023-08-08,250646.2548930797,25190.757795564474,225455.4970975152
2023-08-09,244718.77450992053,25190.757795564474,219528.01671435605
2023-08-10,245142.12689788907,25190.757795564474,219951.3691023246
2023-08-11,241031.52004481,25190.757795564474,215840.7622492455
2023-08-14,246434.39122543496,25190.757795564474,221243.63342987048
2023-08-15,244644.44874165842,25190.757795564474,219453.69094609394
2023-08-16,240580.84996363893,25190.757795564474,215390.09216807445
2023-08-17,236735.4174689814,25190.757795564474,211544.65967341693
2023-08-18,236564.06691384997,25190.757795564474,211373.30911828548
2023-08-21,245177.34157627745,25190.757795564474,219986.58378071297
2023-08-22,243689.8693666519,25190.757795564474,218499.11157108741
2023-08-23,249281.8362698715,25190.757795564474,224091.07847430703
2023-08-24,242452.38238128,25190.757795564474,217261.62458571553
2023-08-25,244004.85506776525,25190.757795564474,218814.09727220077
2023-08-28,245370.03259213342,25190.757795564474,220179.27479656893
2023-08-29,253298.99414537183,25190.757795564474,228108.23634980735
2023-08-30,254511.2293446315,25190.757795564474,229320.471549067
2023-08-31,254192.50319056105,25190.757795564474,229001.74539499657
2023-09-01,253417.32341463573,25190.757795564474,228226.56561907125
2023-09-05,257316.51838477614,25190.757795564474,232125.76058921166
2023-09-06,254114.4858950208,25190.757795564474,228923.72809945632
2023-09-07,251179.53132301636,12332.071479299317,238847.45984371705
2023-09-08,250083.0672501685,12332.071479299317,237750.9957708692
2023-09-11,255674.09472847122,12332.071479299317,243342.0232491719
2023-09-12,251157.48588359114,12332.071479299317,238825.41440429183
2023-09-13,250542.24384277881,12332.071479299317,238210.1723634795
2023-09-14,252297.80152437396,12332.071479299317,239965.73004507466
2023-09-15,246670.67617875524,12332.071479299317,234338.60469945593
2023-09-18,245616.49174389287,12332.071479299317,233284.42026459356
2023-09-19,246186.21230267873,12332.071479299317,233854.14082337942
2023-09-20,241200.74549538616,12332.071479299317,228868.67401608685
2023-09-21,236974.3542449398,12332.071479299317,224642.2827656405
2023-09-22,237357.37287506807,12332.071479299317,225025.30139576877
2023-09-25,239391.0559988473,12332.071479299317,227058.984519548
2023-09-26,236680.6460020739,12332.071479299317,224348.57452277458
2023-09-27,236181.35057345018,59765.86696815877,176415.4836052914
2023-09-28,239672.18118136073,59765.86696815877,179906.31421320196
2023-09-29,239566.91435348385,59765.86696815877,179801.04738532507
2023-10-02,242465.0482402355,59765.86696815877,182699.18127207673
2023-10-03,238392.4042894898,59765.86696815877,178626.537321331
2023-10-04,242261.61808082656,59765.86696815877,182495.7511126678
2023-10-05,242435.85875660923,59765.86696815877,182669.99178845045
2023-10-06,246903.25016596264,59765.86696815877,187137.38319780387
2023-10-09,247426.45704307305,12147.80813569166,235278.6489073814
2023-10-10,249174.91180422175,12147.80813569166,237027.1036685301
2023-10-11,250750.42389105615,12147.80813569166,238602.6157553645
2023-10-12,251263.15892608176,12147.80813569166,239115.3507903901
2023-10-13,248040.90523674895,12147.80813569166,235893.0971010573
2023-10-16,250408.6578479602,12147.80813569166,238260.84971226854
2023-10-17,249262.57159009055,12147.80813569166,237114.7634543989
2023-10-18,244673.53496672882,12147.80813569166,232525.72683103717
2023-10-19,240868.6410445642,47686.72408366271,193181.9169609015
2023-10-20,236728.37566893888,47686.72408366271,189041.65158527618
2023-10-23,238196.25791564304,47686.72408366271,190509.53383198034
2023-10-24,239128.74517295117,47686.72408366271,191442.02108928846
2023-10-25,232913.47009946918,47686.72408366271,185226.74601580648
2023-10-26,229599.5893837226,47686.72408366271,181912.8653000599
2023-10-27,231306.00660673412,47686.72408366271,183619.28252307142
2023-10-30,235647.11616528998,47686.72408366271,187960.39208162727
2023-10-31,235801.4694347095,47686.72408366271,188114.7453510468
2023-11-01,239924.49546718932,47686.72408366271,192237.77138352662
2023-11-02,244433.80412150343,47686.72408366271,196747.08003784073
2023-11-03,246107.43393585453,47686.72408366271,198420.70985219182
2023-11-06,246635.2909604629,47686.72408366271,198948.5668768002
2023-11-07,248685.19205959653,12209.607797931283,236475.58426166527
2023-11-08,251069.5468768084,12209.607797931283,238859.9390788771
2023-11-09,245782.92420529464,12209.607797931283,233573.31640736334
2023-11-10,250205.67537696427,12209.607797931283,237996.067579033
2023-11-13,252663.20637778036,12209.607797931283,240453.5985798491
2023-11-14,257152.8778572196,12209.607797931283,244943.2700592883
2023-11-15,256236.81603213836,12209.607797931283,244027.2082342071
2023-11-16,256686.80669653194,12209.607797931283,244477.19889860068
2023-11-17,255982.5175020941,12209.607797931283,243772.9097041628
2023-11-20,258237.5204425985,12209.607797931283,246027.9126446672
2023-11-21,258709.89601739455,12209.607797931283,246500.28821946328
2023-11-22,259630.56898603658,12209.607797931283,247420.96118810528
2023-11-24,258468.1250958494,12209.607797931283,246258.5172979181
2023-11-27,256989.67004065978,12209.607797931283,244780.0622427285
2023-11-28,259951.39761913626,12209.607797931283,247741.78982120496
2023-11-29,256776.16584938893,12209.607797931283,244566.55805145766
2023-11-30,253393.0494161744,12209.607797931283,241183.44161824315
2023-12-01,251741.58426223602,12209.607797931283,239531.97646430472
2023-12-04,248616.50883843482,12209.607797931283,236406.90104050352
2023-12-05,250277.94406978885,12209.607797931283,238068.33627185758
2023-12-06,249633.69680797827,12209.607797931283,237424.089010047
2023-12-07,256443.18241149254,12590.499071401573,243852.68334009097
2023-12-08,259078.0468725526,12590.499071401573,246487.54780115103
2023-12-11,261404.7011358653,12590.499071401573,248814.20206446372
2023-12-12,263594.61495466344,12590.499071401573,251004.11588326184
2023-12-13,265552.2475814139,12590.499071401573,252961.74851001232
2023-12-14,268584.5828913012,12590.499071401573,255994.08381989962
2023-12-15,272105.46717056393,12590.499071401573,259514.96809916236
2023-12-18,273193.7342684006,12590.499071401573,260603.23519699904
2023-12-19,275149.8606052629,12590.499071401573,262559.3615338614
2023-12-20,268021.635139204,12590.499071401573,255431.1360678024
2023-12-21,274823.6523010356,12590.499071401573,262233.15322963404
2023-12-22,275084.6375293827,12590.499071401573,262494.1384579811
2023-12-26,280579.4490088159,12590.499071401573,267988.9499374144
2023-12-27,282875.4986789047,12590.499071401573,270284.9996075032
2023-12-28,281808.3736481579,12590.499071401573,269217.8745767564
2023-12-29,279922.9045874699,12590.499071401573,267332.4055160683
2024-01-02,270972.7855462527,12590.499071401573,258382.2864748511
2024-01-03,265669.57390838466,12590.499071401573,253079.07483698305
2024-01-04,266054.5950611003,12590.499071401573,253464.09598969878
2024-01-05,268296.8952418532,12590.499071401573,255706.39617045166
2024-01-08,278997.05211126956,40250.444206375425,238746.6079048941
2024-01-09,277420.8367179291,40250.444206375425,237170.3925115537
2024-01-10,276122.33160787396,40250.444206375425,235871.88740149853
2024-01-11,272695.04934678506,40250.444206375425,232444.60514040964
2024-01-12,269504.3838364948,40250.444206375425,229253.9396301194
2024-01-16,269297.0852246742,40250.444206375425,229046.64101829875
2024-01-17,268017.88083352346,40250.444206375425,227767.43662714804
2024-01-18,270264.1044889594,40250.444206375425,230013.66028258397
2024-01-19,276223.3577499455,40250.444206375425,235972.91354357003
2024-01-22,273787.0642923522,40250.444206375425,233536.62008597673
2024-01-23,274129.6335518331,40250.444206375425,233879.18934545765
2024-01-24,277378.5115407574,40250.444206375425,237128.06733438192
2024-01-25,269259.23849236453,78809.99826249984,190449.24022986472
2024-01-26,263122.4534465255,78809.99826249984,184312.45518402566
2024-01-29,263449.5333936111,78809.99826249984,184639.53513111125
2024-01-30,259070.51531412188,78809.99826249984,180260.51705162204
2024-01-31,260107.03047861028,78809.99826249984,181297.03221611044
2024-02-01,261342.10203295152,78809.99826249984,182532.10377045168
2024-02-02,262049.40555112218,78809.99826249984,183239.40728862234
2024-02-05,260033.0489909277,78809.99826249984,181223.05072842786
2024-02-06,260049.76321075982,78809.99826249984,181239.76494825998
2024-02-07,261561.0889699185,49524.857556839925,212036.23141307855
2024-02-08,261913.07906346233,49524.857556839925,212388.2215066224
2024-02-09,263736.86337707215,49524.857556839925,214212.0058202322
2024-02-12,263919.6438223791,49524.857556839925,214394.78626553918
2024-02-13,258931.07206761197,49524.857556839925,209406.21451077203
2024-02-14,263223.317501434,49524.857556839925,213698.45994459407
2024-02-15,267598.00563334965,49524.857556839925,218073.14807650974
2024-02-16,264765.69087556057,49524.857556839925,215240.83331872063
2024-02-20,263219.88654811244,49524.857556839925,213695.02899127253
2024-02-21,260832.35584388062,49524.857556839925,211307.49828704068
2024-02-22,262962.18666901736,49524.857556839925,213437.32911217745
2024-02-23,260655.53247938096,49524.857556839925,211130.67492254102
2024-02-26,262916.6549016403,49524.857556839925,213391.7973448004
2024-02-27,264158.3079190195,49524.857556839925,214633.45036217954
2024-02-28,264916.81724365096,49524.857556839925,215391.95968681102
2024-02-29,266436.7820526862,49524.857556839925,216911.92449584627
2024-03-01,267412.24368246924,49524.857556839925,217887.3861256293
2024-03-04,264888.16124954727,49524.857556839925,215363.30369270733
2024-03-05,259203.0785190896,49524.857556839925,209678.2209622497
2024-03-06,262345.87744626275,49524.857556839925,212821.01988942284
2024-03-07,266700.1856421163,50497.91142989021,216202.2742122261
2024-03-08,260769.61736906198,50497.91142989021,210271.70593917178
2024-03-11,257718.83551523078,50497.91142989021,207220.92408534055
2024-03-12,259986.1852584305,50497.91142989021,209488.2738285403
2024-03-13,255992.53055462963,50497.91142989021,205494.6191247394
2024-03-14,249359.11014896288,50497.91142989021,198861.19871907268
2024-03-15,248506.65701231716,50497.91142989021,198008.74558242696
2024-03-18,252549.30830320728,50497.91142989021,202051.39687331705
2024-03-19,250202.563954386,50497.91142989021,199704.6525244958
2024-03-20,253957.12232701993,50497.91142989021,203459.2108971297
2024-03-21,252248.25446074957,87753.2937050058,164494.96075574378
2024-03-22,252446.89213210065,87753.2937050058,164693.59842709484
2024-03-25,253676.73240970552,87753.2937050058,165923.43870469974
2024-03-26,254810.8929084511,87753.2937050058,167057.5992034453
2024-03-27,254266.36652715417,87753.2937050058,166513.0728221484
2024-03-28,250861.50312080886,87753.2937050058,163108.20941580305
2024-04-01,250221.03397847695,87753.2937050058,162467.74027347114
2024-04-02,246095.93553343992,87753.2937050058,158342.64182843413
2024-04-03,245759.59062324942,87753.2937050058,158006.29691824364
2024-04-04,244603.0014693777,125530.80822492219,119072.1932444555
2024-04-05,244086.06325448173,125530.80822492219,118555.25502955954
2024-04-08,246233.4700468169,79913.61186094,166319.8581858769
2024-04-09,246197.4294026203,79913.61186094,166283.8175416803
2024-04-10,244865.33824052755,79913.61186094,164951.72637958755
2024-04-11,250489.34496810014,79913.61186094,170575.73310716014
2024-04-12,245286.60995015883,79913.61186094,165372.99808921883
2024-04-15,240798.87616336427,79913.61186094,160885.26430242427
2024-04-16,241915.66496656783,79913.61186094,162002.05310562783
2024-04-17,235869.97824759502,79913.61186094,155956.36638665502
2024-04-18,233790.08683771428,106141.66758840803,127648.41924930624
2024-04-19,225839.92575659332,157922.25996214678,67917.66579444654
2024-04-22,226877.24893888235,157922.25996214678,68954.98897673556
2024-04-23,228388.2214667913,157922.25996214678,70465.96150464453
2024-04-24,228543.54504766178,157922.25996214678,70621.285085515
2024-04-25,230181.6090630879,157922.25996214678,72259.34910094112
2024-04-26,232527.8854907167,157922.25996214678,74605.62552856992
2024-04-29,232873.1467641296,157922.25996214678,74950.88680198282
2024-04-30,231247.67838509168,157922.25996214678,73325.4184229449
2024-05-01,226669.29636496282,185103.21001143818,41566.08635352465
2024-05-02,226525.82174902095,185103.21001143818,41422.61173758278
2024-05-03,227848.19179185934,185103.21001143818,42744.98178042116
2024-05-06,228925.08832542,185103.21001143818,43821.8783139818
2024-05-07,228592.8181218329,137119.1013864056,91473.71673542734
2024-05-08,228105.96376895354,137119.1013864056,90986.86238254796
2024-05-09,228067.49875694892,137119.1013864056,90948.39737054332
2024-05-10,227609.83943886185,137119.1013864056,90490.73805245626
2024-05-13,228005.97891973646,137119.1013864056,90886.87753333089
2024-05-14,229115.52953688672,137119.1013864056,91996.42815048115
2024-05-15,230199.14730241091,137119.1013864056,93080.04591600534
2024-05-16,230699.83374400996,137119.1013864056,93580.73235760436
2024-05-17,231229.5736548559,137119.1013864056,94110.4722684503
2024-05-20,232023.71715093288,137119.1013864056,94904.6157645273
2024-05-21,232449.41050716297,137119.1013864056,95330.3091207574
2024-05-22,231695.00567062423,137119.1013864056,94575.90428421865
2024-05-23,229482.05257455687,137119.1013864056,92362.95118815129
2024-05-24,231869.73701738985,137119.1013864056,94750.63563098427
2024-05-28,232711.34996473772,137119.1013864056,95592.24857833213
2024-05-29,231209.85234364093,137119.1013864056,94090.75095723533
2024-05-30,231057.9839185493,137119.1013864056,93938.8825321437
2024-05-31,231304.18016180038,137119.1013864056,94185.0787753948
2024-06-03,230578.50153446736,137119.1013864056,93459.40014806177
2024-06-04,229791.4982308232,137119.1013864056,92672.39684441761
2024-06-05,232452.3793878111,137119.1013864056,95333.2780014055
2024-06-06,232325.84113061606,137119.1013864056,95206.73974421047
2024-06-07,232274.95411993557,121891.91897127058,110383.03514866499
2024-06-10,233567.81169743265,121891.91897127058,111675.89272616206
2024-06-11,233382.73610313656,121891.91897127058,111490.81713186596
2024-06-12,236882.80694325027,121891.91897127058,114990.88797197968
2024-06-13,242807.99953312502,121891.91897127058,120916.08056185444
2024-06-14,243323.8569451706,121891.91897127058,121431.93797390003
2024-06-17,248293.2963808137,121891.91897127058,126401.37740954313
2024-06-18,249849.78465403905,121891.91897127058,127957.86568276846
2024-06-20,245301.79729840363,121891.91897127058,123409.87832713305
2024-06-21,242059.19039638157,121891.91897127058,120167.27142511099
2024-06-24,238553.37629234948,121891.91897127058,116661.4573210789
2024-06-25,240952.46982842148,121891.91897127058,119060.5508571509
2024-06-26,242590.1087062023,121891.91897127058,120698.18973493173
2024-06-27,240292.9536479484,121891.91897127058,118401.0346766778
2024-06-28,240404.5795387047,121891.91897127058,118512.66056743414
2024-07-01,243339.53345995003,121891.91897127058,121447.61448867945
2024-07-02,246716.1303421993,121891.91897127058,124824.21137092872
2024-07-03,252024.9875763292,121891.91897127058,130133.06860505862
2024-07-05,250475.29243603954,121891.91897127058,128583.37346476897
2024-07-08,252131.64998339926,72359.76189996787,179771.88808343137
2024-07-09,252663.2778121463,72359.76189996787,180303.5159121784
2024-07-10,255519.66164037312,72359.76189996787,183159.89974040526
2024-07-11,248032.17512796697,72359.76189996787,175672.4132279991
2024-07-12,249553.99768126995,72359.76189996787,177194.2357813021
2024-07-15,249512.0107338415,72359.76189996787,177152.24883387366
2024-07-16,247297.63930527307,72359.76189996787,174937.8774053052
2024-07-17,234514.07324996055,72359.76189996787,162154.31134999267
2024-07-18,235577.28225206182,72359.76189996787,163217.52035209394
2024-07-19,232364.37161488595,101798.600420404,130565.77119448196
2024-07-22,237143.7708201944,101798.600420404,135345.1703997904
2024-07-23,236235.4269970264,101798.600420404,134436.8265766224
2024-07-24,226763.46236185188,162460.16424108105,64303.298120770836
2024-07-25,225186.57506123112,200551.41765235979,24635.15740887135
2024-07-26,225577.74202372332,200551.41765235979,25026.324371363546
2024-07-29,225345.02285287037,200551.41765235979,24793.605200510578
2024-07-30,224239.19754445963,224239.19754445963,0.0
2024-07-31,224239.19754445963,224239.19754445963,0.0
2024-08-01,224239.19754445963,224239.19754445963,0.0
2024-08-02,224239.19754445963,224239.19754445963,0.0
2024-08-05,224239.19754445963,224239.19754445963,0.0
2024-08-06,224239.19754445963,224239.19754445963,0.0
2024-08-07,224188.74372501214,173734.92427750872,50453.81944750342
2024-08-08,227236.74037413648,173734.92427750872,53501.81609662775
2024-08-09,226893.449333773,173734.92427750872,53158.52505626427
2024-08-12,226861.36099020045,173734.92427750872,53126.43671269173
2024-08-13,229091.64692592347,173734.92427750872,55356.72264841477
2024-08-14,229145.1130341311,173734.92427750872,55410.188756622374
2024-08-15,231313.82710689947,173734.92427750872,57578.90282939074
2024-08-16,231486.82804238662,173734.92427750872,57751.90376487792
2024-08-19,232879.8257400361,173734.92427750872,59144.90146252736
2024-08-20,232504.54718073798,173734.92427750872,58769.622903229254
2024-08-21,233224.97580982518,173734.92427750872,59490.05153231644
2024-08-22,231265.2833591373,173734.92427750872,57530.35908162859
2024-08-23,232522.80992126523,173734.92427750872,58787.88564375653
2024-08-26,230864.38814252877,173734.92427750872,57129.463865020036
2024-08-27,231483.60044102196,173734.92427750872,57748.67616351323
2024-08-28,230275.72265483858,173734.92427750872,56540.79837732988
2024-08-29,230467.47317328627,173734.92427750872,56732.54889577755
2024-08-30,232575.25688251024,173734.92427750872,58840.33260500151
2024-09-03,228667.1457660045,173734.92427750872,54932.2214884958
2024-09-04,228719.93950233367,173734.92427750872,54985.01522482496
2024-09-05,228238.54912508142,173734.92427750872,54503.6248475727
2024-09-06,225585.82523862805,183663.7148702063,41922.110368421745
2024-09-09,226165.13642384147,175266.52854170365,50898.60788213782
2024-09-10,227054.23500739387,175266.52854170365,51787.70646569021
2024-09-11,228557.7162764327,175266.52854170365,53291.187734729065
2024-09-12,228126.16797522688,175266.52854170365,52859.63943352322
2024-09-13,229149.5036090274,175266.52854170365,53882.97506732374
2024-09-16,229212.71005740715,175266.52854170365,53946.18151570349
2024-09-17,229662.44762506947,175266.52854170365,54395.91908336581
2024-09-18,228898.2436854894,175266.52854170365,53631.71514378576
2024-09-19,230858.84500194632,175266.52854170365,55592.316460242655
2024-09-20,231203.74319271554,175266.52854170365,55937.214651011884
2024-09-23,232675.70536195638,175266.52854170365,57409.17682025273
2024-09-24,232857.62294746801,175266.52854170365,57591.09440576438
2024-09-25,233915.95806341994,175266.52854170365,58649.42952171629
2024-09-26,236328.5830355125,175266.52854170365,61062.05449380886
2024-09-27,235933.6962631061,175266.52854170365,60667.167721402446
2024-09-30,235344.28388006362,175266.52854170365,60077.75533835999
2024-10-01,233809.0535736435,175266.52854170365,58542.52503193983
2024-10-02,233524.94621995828,175266.52854170365,58258.417678254635
2024-10-03,234131.79584136995,175266.52854170365,58865.2672996663
2024-10-04,235623.56567429597,175266.52854170365,60357.03713259232
2024-10-07,234802.6963562017,129093.9140438704,105708.78231233128
2024-10-08,239231.5048189524,129093.9140438704,110137.590775082
2024-10-09,240907.87509226895,129093.9140438704,111813.96104839855
2024-10-10,241098.84010109454,129093.9140438704,112004.92605722413
2024-10-11,239402.52042777286,129093.9140438704,110308.60638390246
2024-10-14,239890.9068259118,129093.9140438704,110796.9927820414
2024-10-15,236800.3062723763,129093.9140438704,107706.3922285059
2024-10-16,236946.7661585082,129093.9140438704,107852.8521146378
2024-10-17,237807.23090151933,129093.9140438704,108713.31685764893
2024-10-18,238780.2830862067,129093.9140438704,109686.3690423363
2024-10-21,239373.03549198777,129093.9140438704,110279.12144811738
2024-10-22,238991.6430665216,129093.9140438704,109897.72902265118
2024-10-23,236761.3327087951,129093.9140438704,107667.41866492467
2024-10-24,241072.04587167935,129093.9140438704,111978.13182780895
2024-10-25,243327.41954987872,129093.9140438704,114233.50550600831
2024-10-28,242881.96006495645,129093.9140438704,113788.04602108603
2024-10-29,243555.86504964906,129093.9140438704,114461.95100577865
2024-10-30,241367.29466197884,129093.9140438704,112273.38061810842
2024-10-31,236760.25860426688,129093.9140438704,107666.34456039648
2024-11-01,238805.97035804024,129093.9140438704,109712.05631416985
2024-11-04,237428.85682567392,129093.9140438704,108334.94278180352
