date,v30_value,v31_value,cumulative_premium,v30_drawdown,v31_drawdown
2015-01-02,99853.1152611327,99853.1152611327,0.0,0.0,0.0
2015-01-05,98142.47774675842,98142.47774675842,0.0,-1.713153875971396,-1.713153875971396
2015-01-06,96734.90934946628,96734.90934946628,0.0,-3.122792817742126,-3.122792817742126
2015-01-07,97391.42147075148,97391.42147075148,0.0,-2.46531496182516,-2.46531496182516
2015-01-08,99075.84688612643,99075.84688612643,0.0,-0.7784117430623794,-0.7784117430623794
2015-01-09,98182.31893240371,98182.31893240371,0.0,-1.6732540836203014,-1.6732540836203014
2015-01-12,97145.68246881483,97145.68246881483,0.0,-2.7114154478179997,-2.7114154478179997
2015-01-13,96892.71810649887,96892.71810649887,0.0,-2.964751922753628,-2.964751922753628
2015-01-14,96440.37690818046,96440.37690818046,0.0,-3.417758518627434,-3.417758518627434
2015-01-15,94611.6842686456,94611.6842686456,0.0,-5.24914117980183,-5.24914117980183
2015-01-16,95710.29890622865,95710.29890622865,0.0,-4.148910471215528,-4.148910471215528
2015-01-20,95611.88324262401,95611.88324262401,0.0,-4.247470905056039,-4.247470905056039
2015-01-21,96356.7437100255,96356.7437100255,0.0,-3.50151474189222,-3.50151474189222
2015-01-22,97917.25612730345,97917.25612730345,0.0,-1.9387067982472583,-1.9387067982472583
2015-01-23,98022.39071390082,98022.39071390082,0.0,-1.8334175578240353,-1.8334175578240353
2015-01-26,97938.57772206137,97938.57772206137,0.0,-1.917353839251279,-1.917353839251279
2015-01-27,96687.12930619287,96687.12930619287,0.0,-3.170643145845009,-3.170643145845009
2015-01-28,96169.63102322065,96169.63102322065,0.0,-3.688902672970318,-3.688902672970318
2015-01-29,97017.23233119634,97017.23233119634,0.0,-2.8400545366261687,-2.8400545366261687
2015-01-30,96802.79874869515,96802.79874869515,0.0,-3.0548035526587802,-3.0548035526587802
2015-02-02,96556.22201361907,96556.22201361907,0.0,-3.3017430041032747,-3.3017430041032747
2015-02-03,96990.24653591528,96990.24653591528,0.0,-2.8670800282299957,-2.8670800282299957
2015-02-04,97001.66250054601,97001.66250054601,0.0,-2.8556472706231184,-2.8556472706231184
2015-02-05,97499.77652251597,97499.77652251597,0.0,-2.356800518904545,-2.356800518904545
2015-02-06,97565.24081786847,97565.24081786847,0.0,-2.291239925044952,-2.291239925044952
2015-02-09,96880.16790866015,96880.16790866015,0.0,-2.977320582034715,-2.977320582034715
2015-02-10,97966.13493790517,97966.13493790517,0.0,-1.8897560865204444,-1.8897560865204444
2015-02-11,98059.25916975588,98059.25916975588,0.0,-1.7964948681726933,-1.7964948681726933
2015-02-12,98714.83443636322,98714.83443636322,0.0,-1.1399552450543804,-1.1399552450543804
2015-02-13,98861.73544119652,98861.73544119652,0.0,-0.9928381476567383,-0.9928381476567383
2015-02-17,98720.99544182511,98720.99544182511,0.0,-1.1337851767037055,-1.1337851767037055
2015-02-18,99034.85135918943,99034.85135918943,0.0,-0.8194675747505431,-0.8194675747505431
2015-02-19,99798.59803967483,99798.59803967483,0.0,-0.0545974167308616,-0.0545974167308616
2015-02-20,100150.6253571025,100150.6253571025,0.0,0.0,0.0
2015-02-23,99621.45449475652,99621.45449475652,0.0,-0.5283749956219941,-0.5283749956219941
2015-02-24,99900.42266692386,99900.42266692386,0.0,-0.24982638828914272,-0.24982638828914272
2015-02-25,100350.11904520134,100350.11904520134,0.0,0.0,0.0
2015-02-26,101017.87069764169,101017.87069764169,0.0,0.0,0.0
2015-02-27,100633.9556009983,100633.9556009983,0.0,-0.38004671251929967,-0.38004671251929967
2015-03-02,101827.57580986705,101827.57580986705,0.0,0.0,0.0
2015-03-03,101665.17968290024,101665.17968290024,0.0,-0.1594814819809054,-0.1594814819809054
2015-03-04,101795.7936370885,101795.7936370885,0.0,-0.031211754307003403,-0.031211754307003403
2015-03-05,102277.85329983168,102277.85329983168,0.0,0.0,0.0
2015-03-06,101267.49508463862,101267.49508463862,0.0,-0.9878562979134475,-0.9878562979134475
2015-03-09,101276.48391249466,101276.48391249466,0.0,-0.9790676622840944,-0.9790676622840944
2015-03-10,99744.64951233362,99744.64951233362,0.0,-2.4767862306142363,-2.4767862306142363
2015-03-11,99560.74385063577,99560.74385063577,0.0,-2.6565960875523986,-2.6565960875523986
2015-03-12,100736.97729073741,100736.97729073741,0.0,-1.5065588095373172,-1.5065588095373172
2015-03-13,100021.86211712618,100021.86211712618,0.0,-2.205747490702581,-2.205747490702581
2015-03-16,100775.49974958484,100775.49974958484,0.0,-1.468894293119971,-1.468894293119971
2015-03-17,100679.14798686834,100679.14798686834,0.0,-1.5631001838459335,-1.5631001838459335
2015-03-18,101255.55546761681,101255.55546761681,0.0,-0.9995300050128719,-0.9995300050128719
2015-03-19,101744.49286752183,101744.49286752183,0.0,-0.5214818409869149,-0.5214818409869149
2015-03-20,102494.48512076875,102494.48512076875,0.0,0.0,0.0
2015-03-23,102597.45927879662,102597.45927879662,0.0,0.0,0.0
2015-03-24,103260.54412594026,103260.54412594026,0.0,0.0,0.0
2015-03-25,101700.12058123155,101700.12058123155,0.0,-1.5111517742978031,-1.5111517742978031
2015-03-26,101206.16266483295,101206.16266483295,0.0,-1.9895125272647252,-1.9895125272647252
2015-03-27,101326.0501077807,101326.0501077807,0.0,-1.8734106376586457,-1.8734106376586457
2015-03-30,101799.7555143825,101799.7555143825,0.0,-1.4146629033603864,-1.4146629033603864
2015-03-31,101213.39764720762,101213.39764720762,0.0,-1.982505995935746,-1.982505995935746
2015-04-01,100927.61361777704,100927.61361777704,0.0,-2.259266138785687,-2.259266138785687
2015-04-02,100588.0337616528,100588.0337616528,0.0,-2.588123456940117,-2.588123456940117
2015-04-06,101102.76499660507,102113.79264657112,1011.0276499660507,-2.089645321550393,-1.110541774765894
2015-04-07,100681.74950296133,101692.77715292739,1011.0276499660507,-2.497366874063467,-1.518263327278968
2015-04-08,101313.77428493214,102324.80193489819,1011.0276499660507,-1.8852988404106874,-0.9061952936261886
2015-04-09,101301.2610810196,102312.28873098566,1011.0276499660507,-1.8974169287070963,-0.9183133819225975
2015-04-10,101316.99936370587,102328.02701367192,1011.0276499660507,-1.882175596386526,-0.9030720496020272
2015-04-13,101411.42745391268,102422.45510387873,1011.0276499660507,-1.7907291576658046,-0.8116256108813058
2015-04-14,101334.36549015886,102345.39314012491,1011.0276499660507,-1.8653578209235078,-0.8862542741390089
2015-04-15,100760.72895689923,101771.75660686528,1011.0276499660507,-2.420881267090913,-1.4417777203064142
2015-04-16,100776.1011028325,101787.12875279856,1011.0276499660507,-2.405994510427567,-1.4268909636430682
2015-04-17,99770.98691727892,100782.01456724497,1011.0276499660507,-3.3793713157325156,-2.4002677689480167
2015-04-20,101173.39560335893,102184.42325332499,1011.0276499660507,-2.0212449394376275,-1.0421413926531287
2015-04-21,101778.85261118424,102789.88026115029,1011.0276499660507,-1.4349057786765984,-0.45580223189209956
2015-04-22,103558.74970478582,104569.77735475187,1011.0276499660507,0.0,0.0
2015-04-23,103522.709558962,104533.73720892805,1011.0276499660507,-0.034801642474979744,-0.03446516453942117
2015-04-24,103712.89679010457,104723.92444007062,1011.0276499660507,0.0,0.0
2015-04-27,105004.35193027953,106015.37958024559,1011.0276499660507,0.0,0.0
2015-04-28,103790.55964900233,104801.58729896838,1011.0276499660507,-1.1559447384458243,-1.1449209407946803
2015-04-29,102445.8940585375,103456.92170850355,1011.0276499660507,-2.4365255579509637,-2.413289356574422
2015-04-30,99930.3223203322,100941.34997029825,1011.0276499660507,-4.8322088719869205,-4.786125965909205
2015-05-01,100977.62032959748,101988.64797956354,1011.0276499660507,-3.8348235350813886,-3.798252307000527
2015-05-04,101329.6788064005,102340.70645636655,1011.0276499660507,-3.4995436439805294,-3.46616985047683
2015-05-05,100572.80503469975,101583.8326846658,1011.0276499660507,-4.220345932445002,-4.180098126447252
2015-05-06,100199.32670791955,101210.3543578856,1011.0276499660507,-4.576024835190074,-4.53238505713498
2015-05-07,101089.990026742,102101.01767670806,1011.0276499660507,-3.727809211314004,-3.692258537427262
2015-05-08,101657.071872129,102668.09952209506,1011.0276499660507,-3.18775364698507,-3.157353274028407
2015-05-11,101483.94731690809,102494.97496687414,1011.0276499660507,-3.3526273422542663,-3.3206546326674857
2015-05-12,101639.70342268012,102650.73107264617,1011.0276499660507,-3.204294341851144,-3.1737362266883506
2015-05-13,101949.57017477223,102960.59782473829,1011.0276499660507,-2.9091953803358606,-2.8814515097736915
2015-05-14,103607.81016111508,104618.83781108113,1011.0276499660507,-1.3299846563423645,-1.317301107342994
2015-05-15,103741.40700945417,104752.43465942022,1011.0276499660507,-1.2027548359747287,-1.1912846285377032
2015-05-18,104382.17168285714,105393.19933282319,1011.0276499660507,-0.5925280581089765,-0.5868773473111544
2015-05-19,104145.63804669002,105156.66569665607,1011.0276499660507,-0.8177888514179665,-0.8099899156042145
2015-05-20,103739.68731373503,104750.71496370109,1011.0276499660507,-1.20439257354229,-1.1929067476358357
2015-05-21,104065.40426850719,105076.43191847324,1011.0276499660507,-0.8941988065368722,-0.8856711785497406
2015-05-22,104600.63711506031,105611.66476502636,1011.0276499660507,-0.38447436491706455,-0.38080778168005924
2015-05-26,103623.82132441075,104634.8489743768,1011.0276499660507,-1.3147365613812134,-1.302198427562884
2015-05-27,104308.41220041078,105319.43985037683,1011.0276499660507,-0.6627722728395513,-0.6564516701484613
2015-05-28,104524.6930984651,105535.72074843115,1011.0276499660507,-0.45679900213365654,-0.45244268681919886
2015-05-29,103761.47075762675,104772.49840759281,1011.0276499660507,-1.183647296331125,-1.1723593101055751
2015-06-01,104019.50155702319,105030.52920698925,1011.0276499660507,-0.9379138627609085,-0.928969341199104
2015-06-02,103853.61776369759,104864.64541366365,1011.0276499660507,-1.0958918801251216,-1.0854407833449486
2015-06-03,104591.5986195292,105602.62626949526,1011.0276499660507,-0.3930820991347006,-0.38933342726741316
2015-06-04,103925.50250969983,104936.53015966588,1011.0276499660507,-1.0274330546757082,-1.0176348232221355
2015-06-05,104082.60005779784,105093.6277077639,1011.0276499660507,-0.8778225431015585,-0.8694510892016338
2015-06-08,104093.967353457,105104.99500342306,1011.0276499660507,-0.8669969959216539,-0.8587287810759903
2015-06-09,104005.91853189733,105016.94618186339,1011.0276499660507,-0.9508495410220141,-0.9417816569023962
2015-06-10,104264.19918871166,105275.22683867771,1011.0276499660507,-0.7048781578684604,-0.6981560076457005
2015-06-11,104249.26983218516,105260.29748215122,1011.0276499660507,-0.7190960033692018,-0.7122382630558088
2015-06-12,103799.3993406106,104810.42699057666,1011.0276499660507,-1.1475263334504326,-1.1365828188700466
2015-06-15,103328.7712451172,104339.79889508325,1011.0276499660507,-1.5957249907840754,-1.580507179049473
2015-06-16,103936.28804203012,104947.31569199618,1011.0276499660507,-1.017161544845857,-1.0074612688067308
2015-06-17,104815.30151755128,105826.32916751734,1011.0276499660507,-0.18004054998955743,-0.17832357293514622
2015-06-18,105432.67215753204,106443.6998074981,1011.0276499660507,0.0,0.0
2015-06-19,105115.08835353391,106126.11600349996,1011.0276499660507,-0.3012195342290247,-0.298358479245342
2015-06-22,105713.82537527972,106724.85302524577,1011.0276499660507,0.0,0.0
2015-06-23,107560.78887391348,108571.81652387953,1011.0276499660507,0.0,0.0
2015-06-24,107773.42130924767,108784.44895921373,1011.0276499660507,0.0,0.0
2015-06-25,107807.98575988368,108819.01340984974,1011.0276499660507,0.0,0.0
2015-06-26,107611.40421166658,108622.43186163263,1011.0276499660507,-0.1823441434616324,-0.18065000045232038
2015-06-29,105604.42096338343,106615.44861334948,1011.0276499660507,-2.043971771634956,-2.0249814140483657
2015-06-30,106314.19311432992,107325.22076429597,1011.0276499660507,-1.3856048186271064,-1.3727312890879029
2015-07-01,107104.30875378552,108115.33640375157,1011.0276499660507,-0.6527132485949938,-0.6466489486059546
2015-07-02,108192.69878606251,109203.72643602856,1011.0276499660507,0.0,0.0
2015-07-06,108176.54124754835,110269.33430998988,2092.7930624415344,-0.014934037782077247,0.0
2015-07-07,106756.65382220951,108849.44688465104,2092.7930624415344,-1.3273030250336881,-1.2876539377187468
2015-07-08,105270.41584109011,107363.20890353165,2092.7930624415344,-2.700998290791179,-2.635479233318405
2015-07-09,106371.01092349013,108463.80398593166,2092.7930624415344,-1.6837438043527664,-1.6373820839277853
2015-07-10,108091.35509495558,110184.14815739711,2092.7930624415344,-0.09366962118887434,-0.0772528038967657
2015-07-13,110709.52329135229,112802.31635379382,2092.7930624415344,0.0,0.0
2015-07-14,110961.50373726749,113054.29679970902,2092.7930624415344,0.0,0.0
2015-07-15,109657.45069889489,111750.24376133642,2092.7930624415344,-1.1752301423927247,-1.1534749897059715
2015-07-16,115430.08570241505,117522.87876485658,2092.7930624415344,0.0,0.0
2015-07-17,116716.60106404741,118809.39412648894,2092.7930624415344,0.0,0.0
2015-07-20,116960.30034069951,119053.09340314104,2092.7930624415344,0.0,0.0
2015-07-21,117181.25563059161,119274.04869303314,2092.7930624415344,0.0,0.0
2015-07-22,116851.0491158718,118943.84217831334,2092.7930624415344,-0.28179124122100774,-0.2768469070498547
2015-07-23,115761.986393785,117854.77945622653,2092.7930624415344,-1.211174286509431,-1.1899229147987356
2015-07-24,118398.71397121069,120491.50703365222,2092.7930624415344,0.0,0.0
2015-07-27,116833.61547160191,118926.40853404344,2092.7930624415344,-1.3218880907687414,-1.2989284789770794
2015-07-28,117271.90666772144,119364.69973016297,2092.7930624415344,-0.9517056948466829,-0.9351757075911848
2015-07-29,117942.71061104191,120035.50367348344,2092.7930624415344,-0.38514215642549976,-0.3784526987793524
2015-07-30,119068.23696306521,121161.03002550674,2092.7930624415344,0.0,0.0
2015-07-31,119360.1600697616,121452.95313220313,2092.7930624415344,0.0,0.0
2015-08-03,118903.2311956594,120996.02425810094,2092.7930624415344,-0.38281523234815484,-0.3762188257413701
2015-08-04,121048.06098223741,123140.85404467894,2092.7930624415344,0.0,0.0
2015-08-05,122820.74306744285,124913.53612988438,2092.7930624415344,0.0,0.0
2015-08-06,121893.85504444772,123986.64810688925,2092.7930624415344,-0.7546673304900664,-0.74202368431181
2015-08-07,120479.57845047305,122572.37151291459,2092.7930624415344,-1.906163860028287,-1.874228117708121
2015-08-10,120341.93120914436,122434.72427158589,2092.7930624415344,-2.0182355165668797,-1.9844221331794087
2015-08-11,120340.26322486502,122433.05628730655,2092.7930624415344,-2.019593580553214,-1.9857574442521897
2015-08-12,119916.4998401738,122009.29290261533,2092.7930624415344,-2.3646194891316363,-2.3250028117443033
2015-08-13,120796.12727934185,122888.92034178338,2092.7930624415344,-1.6484314762606922,-1.6208137651277599
2015-08-14,121302.68436311296,123395.47742555449,2092.7930624415344,-1.2359953753872777,-1.2152875912114225
2015-08-17,121970.3298476558,124063.12291009733,2092.7930624415344,-0.6924019498237954,-0.6808014936850348
2015-08-18,121977.91732604185,124070.71038848338,2092.7930624415344,-0.6862242650153894,-0.6747273093963502
2015-08-19,121398.9681494538,123491.76121189533,2092.7930624415344,-1.1576016253283306,-1.13820724481829
2015-08-20,116882.51150815445,118975.30457059598,2092.7930624415344,-4.834876756955964,-4.753873553874788
2015-08-21,110996.53092359615,113089.32398603768,2092.7930624415344,-9.62721104638964,-9.46591739389393
2015-08-24,106836.87917386854,108929.67223631007,2092.7930624415344,-13.013977520716768,-12.795942208340316
2015-08-25,106783.71873549241,108876.51179793394,2092.7930624415344,-13.057260468733888,-12.838499996729924
2015-08-26,109947.41893250559,112040.21199494712,2092.7930624415344,-10.481392485850948,-10.305787934425014
2015-08-27,111917.63551009164,114010.42857253317,2092.7930624415344,-8.877252559336934,-8.728523661370225
2015-08-28,111713.19103266647,113805.984095108,2092.7930624415344,-9.043710172537423,-8.892192454808756
2015-08-31,111031.77478663414,113124.56784907567,2092.7930624415344,-9.598515679338625,-9.43770278711077
2015-09-01,109364.0676307833,111456.86069322484,2092.7930624415344,-10.95635403318661,-10.772792007639087
2015-09-02,110966.02674594575,113058.81980838728,2092.7930624415344,-9.652047386643382,-9.490337627757672
2015-09-03,110453.22646944084,112546.01953188237,2092.7930624415344,-10.069566662050565,-9.900861813040295
2015-09-04,109806.52079780465,111899.31386024618,2092.7930624415344,-10.596111002594954,-10.418584464782166
2015-09-08,111516.13770911656,113608.9307715581,2092.7930624415344,-9.204149947308771,-9.04994423228226
2015-09-09,111025.56804260291,113118.36110504445,2092.7930624415344,-9.603569177531368,-9.442671619331456
2015-09-10,111463.75591439923,113556.54897684076,2092.7930624415344,-9.246798927773392,-9.091878674569498
2015-09-11,112346.20685892647,114438.999921368,2092.7930624415344,-8.528312031758878,-8.385429260144406
2015-09-14,111856.93503467427,113949.7280971158,2092.7930624415344,-8.926674565670211,-8.77711765470195
2015-09-15,112269.66987091055,114362.46293335209,2092.7930624415344,-8.590628042967086,-8.446701233052389
2015-09-16,112897.81097659133,114990.60403903286,2092.7930624415344,-8.079198873925296,-7.943840514236755
2015-09-17,114481.68950553364,116574.48256797517,2092.7930624415344,-6.789613345141632,-6.675860615488716
2015-09-18,114176.11781611032,116268.91087855185,2092.7930624415344,-7.038408199977775,-6.920487177901924
2015-09-21,114658.50344134902,116751.29650379055,2092.7930624415344,-6.645652372915389,-6.5343115558003095
2015-09-22,114034.64941742411,116127.44247986564,2092.7930624415344,-7.1535910226452115,-7.033740235232
2015-09-23,113904.69511148368,115997.48817392522,2092.7930624415344,-7.259399131841448,-7.137775642415811
2015-09-24,113710.26330924827,115803.0563716898,2092.7930624415344,-7.417704477811105,-7.293428751165565
2015-09-25,112865.12822991052,114957.92129235205,2092.7930624415344,-8.105808993571662,-7.970004809711362
2015-09-28,110399.53391950775,112492.32698194929,2092.7930624415344,-10.113282852485595,-9.9438455853332
2015-09-29,110045.16606885378,112137.95913129531,2092.7930624415344,-10.401807283948605,-10.22753609769328
2015-09-30,111807.38473652702,113900.17779896855,2092.7930624415344,-8.967018156589567,-8.81678533178678
2015-10-01,112723.74973501265,114816.54279745418,2092.7930624415344,-8.22091861704971,-8.083185894226386
2015-10-02,113937.98245020877,117170.15533715239,3232.172886943622,-7.232296756547396,-6.19899254527585
2015-10-05,114648.12190804948,117880.2947949931,3232.172886943622,-6.654104962470098,-5.630487737996748
2015-10-06,113798.75389043323,117030.92677737685,3232.172886943622,-7.345655914209459,-6.310452491162555
2015-10-07,113757.49418152911,116989.66706847273,3232.172886943622,-7.379249351175932,-6.343483105924131
2015-10-08,114745.93575015198,117978.1086370956,3232.172886943622,-6.574465449095069,-5.552182499723135
2015-10-09,114641.91645100742,117874.08933795104,3232.172886943622,-6.659157412803063,-5.635455539913437
2015-10-12,115117.10415144701,118349.27703839063,3232.172886943622,-6.272262098077064,-5.255042243514962
2015-10-13,114485.74550220501,117717.91838914863,3232.172886943622,-6.786310974084364,-5.7604787789001355
2015-10-14,114631.45434718738,117863.627234131,3232.172886943622,-6.667675602449819,-5.643831016378343
2015-10-15,114307.44657157536,117539.61945851898,3232.172886943622,-6.931481021241415,-5.903216656758515
2015-10-16,114998.2422451066,118230.41513205021,3232.172886943622,-6.3690388341330895,-5.350197588582473
2015-10-19,115479.03237086888,118711.2052578125,3232.172886943622,-5.977582054313513,-4.965299249572707
2015-10-20,114604.63430428585,117836.80719122947,3232.172886943622,-6.689512339658621,-5.665301902346731
2015-10-21,114139.46587109874,117371.63875804236,3232.172886943622,-7.068250019931144,-6.037694236755886
2015-10-22,115246.17082310645,118478.34371005007,3232.172886943622,-6.167176696022003,-5.151717435285019
2015-10-23,116227.93272563291,119460.10561257653,3232.172886943622,-5.36783134278036,-4.365764260838311
2015-10-26,116458.48911176126,119690.66199870488,3232.172886943622,-5.18011355149347,-4.181191480920676
2015-10-27,116311.09638648469,119543.2692734283,3232.172886943622,-5.30011992956565,-4.2991872801295905
2015-10-28,116529.01669794612,119761.18958488974,3232.172886943622,-5.122690363501414,-4.12473035719464
2015-10-29,116283.49961297715,119515.67249992077,3232.172886943622,-5.322589076729489,-4.321279980698767
2015-10-30,116434.85384841854,119667.02673536216,3232.172886943622,-5.199357258014404,-4.200112779664589
2015-11-02,116916.34130993755,120148.51419688117,3232.172886943622,-4.807332711106538,-3.814656185898513
2015-11-03,116827.00254863215,120059.17543557577,3232.172886943622,-4.880071858480317,-3.886176666443153
2015-11-04,117201.12316881857,120433.29605576218,3232.172886943622,-4.575464826440967,-3.5866730003253355
2015-11-05,117669.43031818574,120901.60320512936,3232.172886943622,-4.1941716200401435,-3.211767954902367
2015-11-06,119092.86181349686,122325.03470044048,3232.172886943622,-3.035221218209816,-2.072234530893746
2015-11-09,118808.22336182944,122040.39624877306,3232.172886943622,-3.266972341479868,-2.300102911284041
2015-11-10,119085.59035763587,122317.76324457949,3232.172886943622,-3.041141599148234,-2.0780557221643514
2015-11-11,119768.38361429729,123000.5565012409,3232.172886943622,-2.485214937569191,-1.5314430188369421
2015-11-12,119064.56493988875,122296.73782683237,3232.172886943622,-3.0582603831760924,-2.0948876992250676
2015-11-13,118193.3514007184,121425.52428766202,3232.172886943622,-3.7675978431293777,-2.792340966631146
2015-11-16,118756.09629285321,121988.26917979683,3232.172886943622,-3.3094139255920862,-2.3418334319235568
2015-11-17,118527.52110458913,121759.69399153275,3232.172886943622,-3.495518636046868,-2.5248201564578854
2015-11-18,120154.24721392209,123386.42010086571,3232.172886943622,-2.1710468337229782,-1.2225384664723449
2015-11-19,120051.28525180228,123283.4581387459,3232.172886943622,-2.254877919212561,-1.304965051540552
2015-11-20,120653.6176844232,123885.79057136682,3232.172886943622,-1.7644620353987284,-0.8227655627720876
2015-11-23,120690.42096810235,123922.59385504597,3232.172886943622,-1.7344969963019263,-0.7933025559440088
2015-11-24,120479.30941695251,123711.48230389613,3232.172886943622,-1.9063829056990889,-0.9623087002663677
2015-11-25,120212.54191580229,123444.7148027459,3232.172886943622,-2.123583595491163,-1.1758704241718099
2015-11-27,120298.40838554785,123530.58127249147,3232.172886943622,-2.053671569557225,-1.1071296996627455
2015-11-30,119929.30775466815,123161.48064161176,3232.172886943622,-2.3541913528295155,-1.4026145945070678
2015-12-01,120992.95631575256,124225.12920269617,3232.172886943622,-1.4881743148929094,-0.5511067483290222
2015-12-02,120637.44881701778,123869.6217039614,3232.172886943622,-1.7776266418012,-0.8357096102359352
2015-12-03,120167.75801379088,123399.9309007345,3232.172886943622,-2.160046411863159,-1.2117223449474968
2015-12-04,121232.80310584437,124464.975992788,3232.172886943622,-1.2928923257910174,-0.35909650066264787
2015-12-07,120848.53280450506,124080.70569144867,3232.172886943622,-1.605763174592434,-0.6667255321070487
2015-12-08,121202.89421352076,124435.06710046438,3232.172886943622,-1.3172439878772702,-0.3830401766246383
2015-12-09,120662.76571423085,123894.93860117446,3232.172886943622,-1.7570137578690748,-0.8154420731879553
2015-12-10,120683.81354739657,123915.98643434019,3232.172886943622,-1.7398767233258505,-0.7985921513797734
2015-12-11,119418.76536090398,122650.9382478476,3232.172886943622,-2.769872272040219,-1.8113312232904355
2015-12-14,120063.60938188926,123295.78226883287,3232.172886943622,-2.2448436776185354,-1.2950989229617016
2015-12-15,120209.47376930722,123441.64665625084,3232.172886943622,-2.126081664154833,-1.1783266403595172
2015-12-16,121482.52163495577,124714.6945218994,3232.172886943622,-1.0895728189433185,-0.15918339528731007
2015-12-17,120899.38738893971,124131.56027588333,3232.172886943622,-1.5643576406699444,-0.6260137037414126
2015-12-18,120174.18717923167,123406.36006617529,3232.172886943622,-2.154811819334068,-1.2065754524329009
2015-12-21,120519.47427561806,123751.64716256168,3232.172886943622,-1.8736808900114865,-0.9301545719709425
2015-12-22,120660.21240363043,123892.38529057405,3232.172886943622,-1.7590926498678106,-0.8174861355686347
2015-12-23,121107.02854296999,124339.2014299136,3232.172886943622,-1.39529731026935,-0.4597857988533627
2015-12-24,121045.53347616267,124277.70636310629,3232.172886943622,-1.445366268713566,-0.509015905303456
2015-12-28,121519.87158579336,124752.04447273698,3232.172886943622,-1.0591626863348025,-0.12928275201454786
2015-12-29,122673.91829893157,125906.0911858752,3232.172886943622,-0.11954395067504953,0.0
2015-12-30,122295.21855319897,125527.39144014259,3232.172886943622,-0.42787928253723573,-0.3007795271584901
2015-12-31,121631.62728617614,124863.80017311976,3232.172886943622,-0.9681717856190986,-0.8278320794001148
2016-01-04,120018.45107291978,124450.8084705926,4432.35739767282,-2.281611334157363,-1.155847744597327
2016-01-05,120315.07935580614,124747.43675347896,4432.35739767282,-2.0400981536651375,-0.9202528817177758
2016-01-06,119518.51978711915,123950.87718479197,4432.35739767282,-2.6886527453350406,-1.552914543424866
2016-01-07,117004.13600544866,121436.49340312148,4432.35739767282,-4.735850733943369,-3.5499456306329447
2016-01-08,116326.53532428882,120758.89272196165,4432.35739767282,-5.287549627987476,-4.088125058472936
2016-01-11,116714.33114295089,121146.68854062371,4432.35739767282,-4.971808321611304,-3.780121041344353
2016-01-12,117316.28551241994,121748.64291009276,4432.35739767282,-4.481700254817966,-3.3020231480658024
2016-01-13,115299.92792844863,119732.28532612145,4432.35739767282,-6.123407944914017,-4.903500538857452
2016-01-14,116835.18755482278,121267.5449524956,4432.35739767282,-4.873407669690854,-3.684131712525096
2016-01-15,114383.45433883749,118815.81173651031,4432.35739767282,-6.86959589877445,-5.6314030422066725
2016-01-19,115284.39068910468,119716.7480867775,4432.35739767282,-6.136058283086465,-4.9158408785484164
2016-01-20,113941.48906935316,118373.84646702599,4432.35739767282,-7.2294416857696,-5.982430752877043
2016-01-21,114502.09997147978,118934.4573691526,4432.35739767282,-6.7729952516206176,-5.537169608760517
2016-01-22,116379.45521815926,120811.81261583208,4432.35739767282,-5.244462530035809,-4.046093816479801
2016-01-25,115597.26005422184,120029.61745189466,4432.35739767282,-5.881321699262532,-4.667346653868465
2016-01-26,116534.26586757055,120966.62326524337,4432.35739767282,-5.118416517330704,-3.9231365806914664
2016-01-27,115008.61184684266,119440.96924451548,4432.35739767282,-6.360595959194304,-5.134876224387952
2016-01-28,116945.69248499216,121378.04988266499,4432.35739767282,-4.783435139473635,-3.5963639729911567
2016-01-29,120316.02526077774,124748.38265845056,4432.35739767282,-2.039328002835583,-0.919501603552686
2016-02-01,120040.28297717105,124472.64037484388,4432.35739767282,-2.263835913079437,-1.138507912945308
2016-02-02,119653.64460510496,124086.00200277778,4432.35739767282,-2.578634832553317,-1.4455926365074867
2016-02-03,118221.9980679192,122654.35546559202,4432.35739767282,-3.744273878068305,-2.5826675180334546
2016-02-04,117354.91085108882,121787.26824876164,4432.35739767282,-4.450251708176567,-3.271345252894031
2016-02-05,114314.74775342259,118747.10515109541,4432.35739767282,-6.925536437562075,-5.685972749492296
2016-02-08,113167.54414008232,117599.90153775514,4432.35739767282,-7.85958355752644,-6.597130901202886
2016-02-09,113424.52710576574,117856.88450343856,4432.35739767282,-7.650349384808308,-6.3930240440500885
2016-02-10,113696.40383518983,118128.76123286266,4432.35739767282,-7.428988788353685,-6.1770879230385045
2016-02-11,112849.67228116305,117282.02967883587,4432.35739767282,-8.118393145370018,-6.8495983203128885
2016-02-12,113992.00100107743,118424.35839875025,4432.35739767282,-7.188315137873258,-5.9423120173587645
2016-02-16,115691.48032410129,120123.8377217741,4432.35739767282,-5.804608053402482,-4.592512887692424
2016-02-17,117409.86130282692,121842.21870049974,4432.35739767282,-4.405511340738855,-3.2277012550377404
2016-02-18,116971.07992336461,121403.43732103743,4432.35739767282,-4.76276482130229,-3.576200184143985
2016-02-19,117249.97503973197,121682.3324374048,4432.35739767282,-4.535689891284789,-3.3546897601918757
2016-02-22,118312.64559896715,122745.00299663997,4432.35739767282,-3.670469137285892,-2.510671373768969
2016-02-23,117110.13141200296,121542.48880967578,4432.35739767282,-4.649549834024458,-3.4657595475324765
2016-02-24,116554.58747003428,120986.9448677071,4432.35739767282,-5.101870775987505,-3.9069962952832493
2016-02-25,117839.37519470818,122271.732592381,4432.35739767282,-4.05580339959295,-2.886562960745709
2016-02-26,116706.29812279445,121138.65552046728,4432.35739767282,-4.978348764174834,-3.7865012093574957
2016-02-29,115909.19101828955,120341.54841596237,4432.35739767282,-5.6273491566144145,-4.419597747417859
2016-03-01,118507.86561708542,122940.22301475824,4432.35739767282,-3.511522030109482,-2.355619289886801
2016-03-02,119172.57052891416,123604.92792658698,4432.35739767282,-2.9703228033113427,-1.827682233332939
2016-03-03,118290.85231100168,122723.2097086745,4432.35739767282,-3.6882131171879773,-2.52798053471599
2016-03-04,118554.85288742855,122987.21028510138,4432.35739767282,-3.47326524288476,-2.318299991113748
2016-03-07,117314.4324098895,121746.78980756232,4432.35739767282,-4.483209041106139,-3.3034949613140574
2016-03-08,117563.45280507288,121995.8102027457,4432.35739767282,-4.280457951213579,-3.105712318045628
2016-03-09,118901.12866763773,123333.48606531056,4432.35739767282,-3.191329332418047,-2.0432729634713986
2016-03-10,118606.81623111558,123039.1736287884,4432.35739767282,-3.4309569630378567,-2.2770284821679976
2016-03-11,120316.48109517396,124748.83849284679,4432.35739767282,-2.0389568648788825,-0.919139560388671
2016-03-14,120521.12336133103,124953.48075900385,4432.35739767282,-1.8723382131380362,-0.7566039243208644
2016-03-15,120874.89626142227,125307.25365909509,4432.35739767282,-1.5842981872793982,-0.4756223635725809
2016-03-16,121902.98216268471,126335.33956035753,4432.35739767282,-0.7472360790507282,0.0
2016-03-17,123173.2978602818,127605.65525795463,4432.35739767282,0.0,0.0
2016-03-18,122214.21633719071,126646.57373486353,4432.35739767282,-0.7786440241122738,-0.751597976713736
2016-03-21,122422.8838128595,126855.24121053232,4432.35739767282,-0.6092343555447521,-0.5880727197437707
2016-03-22,122369.34123201352,126801.69862968635,4432.35739767282,-0.6527036640524342,-0.6300321303496115
2016-03-23,122475.53416058388,126907.8915582567,4432.35739767282,-0.5664894192322523,-0.5468125204070251
2016-03-24,122778.92452834413,127211.28192601695,4432.35739767282,-0.32017761867919603,-0.30905631191693317
2016-03-28,122780.588638832,127212.94603650483,4432.35739767282,-0.3188265868266815,-0.30775220789073243
2016-03-29,124291.02912380526,128723.38652147808,4432.35739767282,0.0,0.0
2016-03-30,124671.00135441008,129103.3587520829,4432.35739767282,0.0,0.0
2016-03-31,124685.2752992931,129117.63269696593,4432.35739767282,0.0,0.0
2016-04-01,125255.84229717575,129688.19969484858,4432.35739767282,0.0,0.0
2016-04-04,124440.7405741988,128873.09797187163,4432.35739767282,-0.6507494644785394,-0.6285087809799639
2016-04-05,123084.62392569086,128747.82756262059,5663.203636929729,-1.7334268259787566,-0.7251023103417631
2016-04-06,123802.98131258409,129466.18494951382,5663.203636929729,-1.1599147456488934,-0.17119116917124755
2016-04-07,122375.00282434752,128038.20646127725,5663.203636929729,-2.299964153363232,-1.2722770749024948
2016-04-08,121581.28440867935,127244.48804560908,5663.203636929729,-2.933641913307594,-1.8842976114939236
2016-04-11,121023.42539446641,126686.62903139614,5663.203636929729,-3.379017557255115,-2.314451639019599
2016-04-12,121356.04118708814,127019.24482401786,5663.203636929729,-3.1134684327419615,-2.0579781947090536
2016-04-13,123191.75761804458,128854.9612549743,5663.203636929729,-1.6478949335026138,-0.6424936438587658
2016-04-14,123045.38768994709,128708.59132687682,5663.203636929729,-1.764751700750411,-0.7553565939512952
2016-04-15,122239.23447762808,127902.43811455781,5663.203636929729,-2.408356978982762,-1.3769653557475503
2016-04-18,121778.8730312888,127442.07666821852,5663.203636929729,-2.775893884165237,-1.7319409413617426
2016-04-19,120817.0806932209,126480.28433015062,5663.203636929729,-3.543756141468979,-2.4735599478179604
2016-04-20,121573.4160192612,127236.61965619093,5663.203636929729,-2.939923767529984,-1.890364770600661
2016-04-21,120515.3660248495,126178.56966177923,5663.203636929729,-3.7846348604476554,-2.7062061477662436
2016-04-22,120976.41920734756,126639.62284427728,5663.203636929729,-3.4165456966670282,-2.350697178112182
2016-04-25,120505.53347424575,126168.73711117548,5663.203636929729,-3.79248483408835,-2.7137878326280007
2016-04-26,120496.75177190824,126159.95540883797,5663.203636929729,-3.7994958462507,-2.720559229222419
2016-04-27,118904.35822377281,124567.56186070254,5663.203636929729,-5.070808640074231,-3.948422328472989
2016-04-28,117206.28972112716,122869.49335805689,5663.203636929729,-6.4264887197442055,-5.257769290371705
2016-04-29,116187.26615617367,121850.4697931034,5663.203636929729,-7.240042440085492,-6.0435181613956
2016-05-02,116529.97241473147,122193.1760516612,5663.203636929729,-6.9664374311113715,-5.77926415882315
2016-05-03,115974.5757382615,121637.77937519122,5663.203636929729,-7.409847228438249,-6.207519526525685
2016-05-04,114626.24301028051,120289.44664721024,5663.203636929729,-8.486310172802947,-7.247192165326721
2016-05-05,113657.15419899809,119320.35783592782,5663.203636929729,-9.259997685903699,-7.994437337642046
2016-05-06,113701.17676404543,119364.38040097516,5663.203636929729,-9.224851568772575,-7.960492410385034
2016-05-09,113906.89873933533,119570.10237626506,5663.203636929729,-9.060610147760206,-7.801864273226878
2016-05-10,114342.5269895913,120005.73062652102,5663.203636929729,-8.712819384258397,-7.465959964831059
2016-05-11,113901.98522923776,119565.18886616749,5663.203636929729,-9.064532926935575,-7.8056529834635295
2016-05-12,113778.81435163636,119442.01798856609,5663.203636929729,-9.162868362107668,-7.900627605588917
2016-05-13,113486.11031721112,119149.31395414085,5663.203636929729,-9.39655329772192,-8.12632588431741
2016-05-16,114003.51036234164,119666.71399927136,5663.203636929729,-8.983478717214165,-7.727368965840675
2016-05-17,113454.96814968399,119118.17178661372,5663.203636929729,-9.42141614400197,-8.150338992372264
2016-05-18,113583.57239151414,119246.77602844387,5663.203636929729,-9.318742895815246,-8.051174810794649
2016-05-19,113633.35172054498,119296.5553574747,5663.203636929729,-9.279000774315849,-8.012790956945215
2016-05-20,114401.13761891157,120064.3412558413,5663.203636929729,-8.666026653280456,-7.420766470389639
2016-05-23,114435.7846720815,120098.98830901123,5663.203636929729,-8.638365625631362,-7.394050814492292
2016-05-24,115265.93532232603,120929.13895925575,5663.203636929729,-7.97560160998173,-6.75393810400835
2016-05-25,115780.3108734797,121443.51451040943,5663.203636929729,-7.564941682492443,-6.3573133128831945
2016-05-26,115887.54277053082,121550.74640746055,5663.203636929729,-7.479331386729382,-6.274628922704717
2016-05-27,116143.72978851163,121806.93342544136,5663.203636929729,-7.274800393777392,-6.077088191486613
2016-05-31,116414.02166196975,122077.22529889947,5663.203636929729,-7.059008564429547,-5.86867148580783
2016-06-01,116313.63268383557,121976.8363207653,5663.203636929729,-7.139155706704958,-5.946079436855333
2016-06-02,116483.68607122889,122146.88970815862,5663.203636929729,-7.003390871888026,-5.814954640772541
2016-06-03,117356.94822441509,123020.15186134481,5663.203636929729,-6.3062081000742065,-5.141599504961459
2016-06-06,117656.30840965876,123319.51204658848,5663.203636929729,-6.067209120263406,-4.910768800280496
2016-06-07,118007.15958684217,123670.3632237719,5663.203636929729,-5.7871014855624185,-4.640234412411015
2016-06-08,118267.28551271376,123930.48914964349,5663.203636929729,-5.579425802655413,-4.439656467398545
2016-06-09,118473.25495144243,124136.45858837216,5663.203636929729,-5.4149868152587155,-4.280837516088165
2016-06-10,118190.21233202062,123853.41596895034,5663.203636929729,-5.640958406069063,-4.499086069223923
2016-06-13,117556.66904781664,123219.87268474637,5663.203636929729,-6.146757794412849,-4.987598737064691
2016-06-14,117745.35470778121,123408.55834471094,5663.203636929729,-5.996117587533789,-4.8421069649462245
2016-06-15,118043.80178851557,123707.0054254453,5663.203636929729,-5.757847599275456,-4.611980337052102
2016-06-16,118126.28769907831,123789.49133600804,5663.203636929729,-5.691993656617001,-4.548377086519806
2016-06-17,117467.39541593594,123130.59905286567,5663.203636929729,-6.218030822675191,-5.056435864953556
2016-06-20,117842.05149541394,123505.25513234366,5663.203636929729,-5.918918164449549,-4.7675459888048
2016-06-21,118060.63244426354,123723.83608119327,5663.203636929729,-5.744410576746772,-4.599002552035758
2016-06-22,117843.00216379289,123506.20580072262,5663.203636929729,-5.918159183182469,-4.766812947262711
2016-06-23,118615.13107013909,124278.33470706882,5663.203636929729,-5.301717752439239,-4.171439653344688
2016-06-24,116760.017601852,122423.22123878173,5663.203636929729,-6.782777185887257,-5.601880875176823
2016-06-27,116250.43708109447,121913.6407180242,5663.203636929729,-7.189608924361002,-5.994808313414501
2016-06-28,117517.7937786132,123180.99741554292,5663.203636929729,-6.177794485788257,-5.017574686530346
2016-06-29,118858.23065743358,124521.43429436331,5663.203636929729,-5.107635318569425,-3.983990380499125
2016-06-30,119382.24451269039,125045.44814962012,5663.203636929729,-4.689280497232184,-3.5799336841383256
2016-07-01,119676.02508321792,125339.22872014764,5663.203636929729,-4.454736091845879,-3.353405309761337
2016-07-05,119427.90941269425,126285.39214375093,6857.482731056672,-4.652823195787104,-2.6238374494397587
2016-07-06,119633.4435451106,126490.92627616727,6857.482731056672,-4.488731742129626,-2.4653541541978075
2016-07-07,118855.76450806549,125713.24723912217,6857.482731056672,-5.109604208261809,-3.065007043878565
2016-07-08,120660.71851488706,127518.20124594374,6857.482731056672,-3.668590381106962,-1.6732427884809553
2016-07-11,121525.57481474787,128383.05754580455,6857.482731056672,-2.9781185564004553,-1.006369239541438
2016-07-12,122117.31814801315,128974.80087906982,6857.482731056672,-2.5056908257551025,-0.5500876852769565
2016-07-13,122133.79608648647,128991.27881754315,6857.482731056672,-2.492535400689788,-0.5373818735592395
2016-07-14,122599.05696125084,129456.53969230752,6857.482731056672,-2.1210869586598236,-0.17862843580691568
2016-07-15,122406.0398903151,129263.52262137178,6857.482731056672,-2.2751852165900144,-0.32746007306450053
2016-07-18,122614.44621659206,129471.92894764873,6857.482731056672,-2.108800701141633,-0.16676208607161458
2016-07-19,122458.78524303298,129316.26797408966,6857.482731056672,-2.2330751227608303,-0.28678917714491936
2016-07-20,124046.14371469553,130903.6264457522,6857.482731056672,-0.9657821625678409,0.0
2016-07-21,123456.8176810137,130314.30041207037,6857.482731056672,-1.4362800035257361,-0.4501984014369964
2016-07-22,123934.12467672516,130791.60740778183,6857.482731056672,-1.0552143486566967,-0.0855736705023924
2016-07-25,123522.7685899336,130380.25132099028,6857.482731056672,-1.3836270432243336,-0.3998171318644217
2016-07-26,123463.79738287473,130321.28011393141,6857.482731056672,-1.430707647192453,-0.444866462169502
2016-07-27,122779.06569898684,129636.54843004352,6857.482731056672,-1.977374111071506,-0.9679472220227359
2016-07-28,123223.07966693421,130080.56239799089,6857.482731056672,-1.6228884760670192,-0.6287557267196098
2016-07-29,123662.22347717195,130519.70620822863,6857.482731056672,-1.2722910091673478,-0.2932846460771521
2016-08-01,123268.56489250995,130126.04762356663,6857.482731056672,-1.5865746205681042,-0.594008617865005
2016-08-02,122924.0540795956,129781.53681065228,6857.482731056672,-1.8616203243022156,-0.8571875856815403
2016-08-03,123102.21964995982,129959.7023810165,6857.482731056672,-1.7193789987906105,-0.7210832047704008
2016-08-04,123886.46515582169,130743.94788687836,6857.482731056672,-1.093264087518686,-0.12198176873274846
2016-08-05,124760.02547246788,131617.50820352454,6857.482731056672,-0.395843272149754,0.0
2016-08-08,125176.22102855485,132033.70375961153,6857.482731056672,-0.06356691006236259,0.0
2016-08-09,125395.69695520135,132253.17968625802,6857.482731056672,0.0,0.0
2016-08-10,124899.45498952584,131756.9377205825,6857.482731056672,-0.3957408250243155,-0.37522119835058376
2016-08-11,125587.8173777257,132445.30010878236,6857.482731056672,0.0,0.0
2016-08-12,126713.49063168069,133570.97336273736,6857.482731056672,0.0,0.0
2016-08-15,126636.2084620064,133493.69119306307,6857.482731056672,-0.06098969359066286,-0.057858506027663736
2016-08-16,126183.33575532425,133040.81848638091,6857.482731056672,-0.41838866068131253,-0.3969087467205257
2016-08-17,125897.07146343417,132754.55419449083,6857.482731056672,-0.6443032736108689,-0.6112249897508693
2016-08-18,126472.84203168908,133330.32476274576,6857.482731056672,-0.1899155321125945,-0.1801653412662363
2016-08-19,125957.42353799612,132814.9062690528,6857.482731056672,-0.5966745055443479,-0.5660414644365286
2016-08-22,126229.22881916264,133086.7115502193,6857.482731056672,-0.38217068293513456,-0.3625501861118874
2016-08-23,126835.88141162974,133693.36414268642,6857.482731056672,0.0,0.0
2016-08-24,126408.23494601664,133265.71767707332,6857.482731056672,-0.3371652097605038,-0.3198711232643481
2016-08-25,126339.98748750018,133197.47021855685,6857.482731056672,-0.3909729002632978,-0.3709188764225546
2016-08-26,126753.54793307651,133611.03066413317,6857.482731056672,-0.06491339645918748,-0.06158381837514382
2016-08-29,127053.76135215543,133911.2440832121,6857.482731056672,0.0,0.0
2016-08-30,126656.4099010281,133513.89263208478,6857.482731056672,-0.3127427688079054,-0.2967274733706504
2016-08-31,126233.86157983697,133091.34431089365,6857.482731056672,-0.6453171976907757,-0.6122710441021528
2016-09-01,126869.6628987625,133727.14562981916,6857.482731056672,-0.14489807419605372,-0.13747796509048227
2016-09-02,126934.84064982738,133792.32338088405,6857.482731056672,-0.09359872628912358,-0.08880561385432584
2016-09-06,127672.88192358553,134530.3646546422,6857.482731056672,0.0,0.0
2016-09-07,127187.08745814668,134044.57018920334,6857.482731056672,-0.38049933401644864,-0.3611039535096561
2016-09-08,127336.4857453993,134193.96847645598,6857.482731056672,-0.26348287366738665,-0.25005223099617835
2016-09-09,123765.34365841697,130622.82638947364,6857.482731056672,-3.0605859335949614,-2.9045771749743987
2016-09-12,125351.25270491582,132208.73543597248,6857.482731056672,-1.8184199993693584,-1.7257287785026554
2016-09-13,123580.21433335153,130437.6970644082,6857.482731056672,-3.205588789546976,-3.042188728723394
2016-09-14,123403.96297771554,130261.44570877221,6857.482731056672,-3.343637960976731,-3.1732010515461706
2016-09-15,125077.94626654002,131935.4289975967,6857.482731056672,-2.032487727972354,-1.928884727033231
2016-09-16,125219.13347079653,132076.6162018532,6857.482731056672,-1.9219026122223926,-1.8239365210137581
2016-09-19,124992.67803869932,131850.16076975598,6857.482731056672,-2.0992742111753726,-1.9922668698376556
2016-09-20,124877.3555342813,131734.83826533798,6857.482731056672,-2.1896007571736376,-2.0779891561884423
2016-09-21,126533.01502852867,133390.49775958533,6857.482731056672,-0.8928026671623956,-0.8472933957943796
2016-09-22,127315.34028092166,134172.82301197833,6857.482731056672,-0.2800450943669208,-0.265770217438821
2016-09-23,127002.75747428116,133860.24020533782,6857.482731056672,-0.5248761046260819,-0.49812133567369576
2016-09-26,125971.58986335665,132829.07259441333,6857.482731056672,-1.3325398742444983,-1.2646156610043646
2016-09-27,128097.31205721032,134954.794788267,6857.482731056672,0.0,0.0
2016-09-28,129299.11525555585,136156.59798661253,6857.482731056672,0.0,0.0
2016-09-29,128841.47409840027,135698.95682945693,6857.482731056672,-0.3539398983906983,-0.33611383063536504
2016-09-30,129808.92092629068,136666.40365734734,6857.482731056672,0.0,0.0
2016-10-03,129653.58584144492,137807.60443091605,8154.018589471121,-0.11966441423079122,0.0
2016-10-04,129173.4425310634,137327.4611205345,8154.018589471121,-0.4895490931537183,-0.3484156860314891
2016-10-05,129827.41938417027,137981.43797364138,8154.018589471121,0.0,0.0
2016-10-06,129312.51869017095,137466.53727964207,8154.018589471121,-0.3966039658199416,-0.37316663861531874
2016-10-07,128408.33266313518,136562.3512526063,8154.018589471121,-1.0930562494166907,-1.0284620466893268
2016-10-10,128702.26073653765,136856.27932600878,8154.018589471121,-0.8666571768658371,-0.8154420363756021
2016-10-11,127814.70530254628,135968.7238920174,8154.018589471121,-1.5502996910600197,-1.4586846688816602
2016-10-12,128294.28447782922,136448.30306730035,8154.018589471121,-1.1809022420790516,-1.1111167769058183
2016-10-13,127513.70482140064,135667.72341087175,8154.018589471121,-1.7821463091114431,-1.676830301776977
2016-10-14,127842.2886308953,135996.30722036643,8154.018589471121,-1.5290535409941408,-1.4386940609027232
2016-10-17,127109.14042816842,135263.15901763955,8154.018589471121,-2.093763373635449,-1.9700323434236888
2016-10-18,127388.13608255476,135542.15467202588,8154.018589471121,-1.878866046314498,-1.7678343822460252
2016-10-19,127029.2763419891,135183.29493146023,8154.018589471121,-2.1552789506669834,-2.0279126549729742
2016-10-20,126789.22940694942,134943.24799642054,8154.018589471121,-2.3401758978437215,-2.2018831096696
2016-10-21,126662.35186810007,134816.3704575712,8154.018589471121,-2.4379037425865224,-2.293835723523041
2016-10-24,128298.61045339952,136452.62904287066,8154.018589471121,-1.1775701450607023,-1.1079815902938828
2016-10-25,129268.63075639182,137422.64934586294,8154.018589471121,-0.4304087922482269,-0.4049737674752918
2016-10-26,128319.5087562834,136473.52734575453,8154.018589471121,-1.1614731580120496,-1.0928358553379591
2016-10-27,126996.40906973548,135150.42765920662,8154.018589471121,-2.1805950760351966,-2.051732722901156
2016-10-28,125610.14022285656,133764.1588123277,8154.018589471121,-3.2483732491319306,-3.056410502200535
2016-10-31,126087.74908447087,134241.767673942,8154.018589471121,-2.880493440783416,-2.710270565823336
2016-11-01,124607.6393740239,132761.65796349503,8154.018589471121,-4.020552850011283,-3.782958118717017
2016-11-02,123607.3891303382,131761.40771980933,8154.018589471121,-4.790998914818201,-4.5078746425445075
2016-11-03,123127.61564230852,131281.63423177964,8154.018589471121,-5.160546033836244,-4.855583359800619
2016-11-04,122096.92824174553,130250.94683121664,8154.018589471121,-5.954436419589893,-5.602558761491883
2016-11-07,125294.92268356551,133448.94127303665,8154.018589471121,-3.491170603332039,-3.284859737054324
2016-11-08,126005.71457759362,134159.73316706475,8154.018589471121,-2.9436807915498187,-2.7697238575718375
2016-11-09,125966.70394971667,134120.7225391878,8154.018589471121,-2.973728856944624,-2.797996231341715
2016-11-10,123109.3589293072,131263.37751877832,8154.018589471121,-5.174608327524222,-4.868814641681308
2016-11-11,128801.40360243767,136955.4221919088,8154.018589471121,-0.7902920558688242,-0.7435897152547444
2016-11-14,126310.23197331764,134464.25056278877,8154.018589471121,-2.7091252583901215,-2.549029393014801
2016-11-15,128436.94328572773,136590.96187519885,8154.018589471121,-1.0710188225555028,-1.007726922448915
2016-11-16,130397.83331633611,138551.85190580724,8154.018589471121,0.0,0.0
2016-11-17,130775.40993651928,138929.4285259904,8154.018589471121,0.0,0.0
2016-11-18,130763.15538390336,138917.17397337448,8154.018589471121,-0.009370685683085522,-0.008820703249079465
2016-11-21,132074.09159541206,140228.11018488317,8154.018589471121,0.0,0.0
2016-11-22,132645.35090656724,140799.36949603836,8154.018589471121,0.0,0.0
2016-11-23,133313.58382217697,141467.60241164808,8154.018589471121,0.0,0.0
2016-11-25,133687.42307046382,141841.44165993494,8154.018589471121,0.0,0.0
2016-11-28,132841.40913209054,140995.42772156166,8154.018589471121,-0.6328298645769781,-0.59645046502107
2016-11-29,132192.68335298996,140346.70194246108,8154.018589471121,-1.1180855185502492,-1.0538102968929874
2016-11-30,131438.59804737964,139592.61663685075,8154.018589471121,-1.6821515228840012,-1.5854499198307281
2016-12-01,129625.70881984476,137779.72740931588,8154.018589471121,-3.038217176553859,-2.8635596219876436
2016-12-02,129784.27016636751,137938.28875583864,8154.018589471121,-2.919611145499479,-2.75177187880965
2016-12-05,131230.9656318879,139384.98422135902,8154.018589471121,-1.8374633770008253,-1.7318333836914057
2016-12-06,132179.99326047476,140334.01184994588,8154.018589471121,-1.1275778793301439,-1.0627569716917584
2016-12-07,133959.40068051647,142113.4192699876,8154.018589471121,0.0,0.0
2016-12-08,133246.96757087967,141400.9861603508,8154.018589471121,-0.5318276328631133,-0.5013130450990833
2016-12-09,133413.00647642027,141567.0250658914,8154.018589471121,-0.407880448345177,-0.3844775580680082
2016-12-12,132487.2760889146,140641.29467838572,8154.018589471121,-1.098933396330115,-1.0358800732287787
2016-12-13,134097.71597377444,142251.73456324555,8154.018589471121,0.0,0.0
2016-12-14,134644.8787524962,142798.89734196733,8154.018589471121,0.0,0.0
2016-12-15,135430.85434110265,143584.87293057377,8154.018589471121,0.0,0.0
2016-12-16,135424.4529087261,143578.4714981972,8154.018589471121,-0.004726716380620832,-0.004458291633302469
2016-12-19,136248.83449281502,144402.85308228614,8154.018589471121,0.0,0.0
2016-12-20,137785.69341381913,145939.71200329025,8154.018589471121,0.0,0.0
2016-12-21,137774.70783659501,145928.72642606613,8154.018589471121,-0.007972944760759049,-0.007527476293678337
2016-12-22,137916.22698134877,146070.24557081988,8154.018589471121,0.0,0.0
2016-12-23,138720.2888998554,146874.30748932651,8154.018589471121,0.0,0.0
2016-12-27,141305.82645102695,149459.84504049807,8154.018589471121,0.0,0.0
2016-12-28,138496.33005513117,146650.3486446023,8154.018589471121,-1.988238182711799,-1.8797666992994122
2016-12-29,138977.2551920726,147131.2737815437,8154.018589471121,-1.6478947241155506,-1.5579912171884036
2016-12-30,136722.5267935294,144876.5453830005,8154.018589471121,-3.2435319707683874,-3.0665759463725184
2017-01-03,135917.34332277213,145430.53534547097,9513.192022698842,-3.813348156682228,-2.6959145407485896
2017-01-04,136674.50567391975,146187.6976966186,9513.192022698842,-3.2775157921122955,-2.1893153595822668
2017-01-05,136935.2339791215,146448.42600182033,9513.192022698842,-3.0930023068936885,-2.0148682998177514
2017-01-06,138167.28012323426,147680.4721459331,9513.192022698842,-2.2211018516497094,-1.1905357549934714
2017-01-09,138787.7349013776,148300.92692407646,9513.192022698842,-1.782015372538126,-0.775404334259544
2017-01-10,138700.10874809834,148213.30077079718,9513.192022698842,-1.844027078268906,-0.8340328931580987
2017-01-11,138637.27736523183,148150.46938793067,9513.192022698842,-1.8884918993202104,-0.8760718654650002
2017-01-12,138732.66028028892,148245.85230298777,9513.192022698842,-1.8209908503877714,-0.8122534431782347
2017-01-13,139296.36899359355,148809.5610162924,9513.192022698842,-1.4220627046329315,-0.4350894543142747
2017-01-17,137909.83487814534,147423.02690084418,9513.192022698842,-2.4032919647928197,-1.3627861979262579
2017-01-18,138808.1007541507,148321.29277684956,9513.192022698842,-1.767602766006171,-0.7617780303064037
2017-01-19,139526.52440659495,149039.7164292938,9513.192022698842,-1.2591851936471055,-0.2810979839370509
2017-01-20,139156.0430596686,148669.23508236744,9513.192022698842,-1.5213692494862707,-0.5289781733123111
2017-01-23,139896.667468028,149409.85949072684,9513.192022698842,-0.9972405373442461,-0.03344413327719398
2017-01-24,140769.23878235716,150282.430805056,9513.192022698842,-0.37973499192954785,0.0
2017-01-25,142770.64679712447,152283.83881982332,9513.192022698842,0.0,0.0
2017-01-26,143496.05086118996,153009.2428838888,9513.192022698842,0.0,0.0
2017-01-27,143742.84614576134,153256.0381684602,9513.192022698842,0.0,0.0
2017-01-30,142198.13221546155,151711.3242381604,9513.192022698842,-1.074637084014174,-1.0079302249754285
2017-01-31,141995.10982630207,151508.3018490009,9513.192022698842,-1.2158770793274765,-1.1404029102841329
2017-02-01,146533.8707894473,156047.06281214615,9513.192022698842,0.0,0.0
2017-02-02,144338.89386369768,153852.08588639653,9513.192022698842,-1.4979314433750002,-1.4066121375139184
2017-02-03,144793.78033292675,154306.9723556256,9513.192022698842,-1.1875005056140697,-1.1151061898648673
2017-02-06,145630.88963238394,155144.0816550828,9513.192022698842,-0.6162269188676794,-0.578659502326162
2017-02-07,145952.57026406913,155465.76228676797,9513.192022698842,-0.39670045037808466,-0.37251615948578065
2017-02-08,147445.89526716946,156959.0872898683,9513.192022698842,0.0,0.0
2017-02-09,147751.1314360271,157264.32345872594,9513.192022698842,0.0,0.0
2017-02-10,146982.0993028875,156495.29132558635,9513.192022698842,-0.5204915357772122,-0.489006098920719
2017-02-13,146824.7790848232,156337.97110752205,9513.192022698842,-0.6269680253548349,-0.5890416407425048
2017-02-14,148005.0580910382,157518.25011373704,9513.192022698842,0.0,0.0
2017-02-15,148107.00899483342,157620.20101753226,9513.192022698842,0.0,0.0
2017-02-16,147496.89880369892,157010.09082639776,9513.192022698842,-0.4119387699982435,-0.3870761407458456
2017-02-17,147570.28365440303,157083.47567710187,9513.192022698842,-0.36239023667618,-0.34051811694536527
2017-02-21,148938.06146541628,158451.25348811512,9513.192022698842,0.0,0.0
2017-02-22,149725.23051981346,159238.4225425123,9513.192022698842,0.0,0.0
2017-02-23,147677.8625288025,157191.05455150135,9513.192022698842,-1.3674168234057316,-1.2857248635858354
2017-02-24,149374.9935381602,158888.18556085904,9513.192022698842,-0.2339198146079413,-0.21994502084429213
2017-02-27,150971.43128612897,160484.6233088278,9513.192022698842,0.0,0.0
2017-02-28,149493.19611029592,159006.38813299476,9513.192022698842,-0.979148944432684,-0.9211070477377792
2017-03-01,152436.0868564602,161949.27887915904,9513.192022698842,0.0,0.0
2017-03-02,150906.11749152574,160419.3095142246,9513.192022698842,-1.003679244518485,-0.944721319862174
2017-03-03,152089.7764888725,161602.96851157135,9513.192022698842,-0.2271839790231489,-0.21383878334283457
2017-03-06,151437.26484698374,160950.4568696826,9513.192022698842,-0.6552398648339675,-0.6167498962571738
2017-03-07,151075.92894847624,160589.12097117509,9513.192022698842,-0.8922807820858969,-0.839866603542494
2017-03-08,151569.44545215595,161082.6374748548,9513.192022698842,-0.5685277168786862,-0.5351313758864662
2017-03-09,152151.30496887633,161664.49699157517,9513.192022698842,-0.18682051832781266,-0.17584634495122486
2017-03-10,154454.77914160353,163967.97116430238,9513.192022698842,0.0,0.0
2017-03-13,155262.93217949307,164776.12420219192,9513.192022698842,0.0,0.0
2017-03-14,154947.9338954241,164461.12591812294,9513.192022698842,-0.20288054569574943,-0.1911674313218148
2017-03-15,155853.6477645105,165366.83978720935,9513.192022698842,0.0,0.0
2017-03-16,155696.38031097673,165209.57233367558,9513.192022698842,-0.10090713678475582,-0.09510217026348355
2017-03-17,155020.61902669512,164533.81104939396,9513.192022698842,-0.5344942192652802,-0.5037459377510656
2017-03-20,155325.24412913737,164838.4361518362,9513.192022698842,-0.3390383497289262,-0.3195342162026438
2017-03-21,152187.9077220227,161701.09974472155,9513.192022698842,-2.3520399394351132,-2.2167322343492835
2017-03-22,152985.98994624484,162499.18196894368,9513.192022698842,-1.8399683673741118,-1.734119018030278
2017-03-23,152424.82070248312,161938.01272518196,9513.192022698842,-2.2000300353625546,-2.073467127048889
2017-03-24,152622.13956270847,162135.33158540732,9513.192022698842,-2.073424811130975,-1.9541452240124269
2017-03-27,152445.68766601649,161958.87968871533,9513.192022698842,-2.1866412158946247,-2.060848537033977
2017-03-28,154278.21917317787,163791.41119587672,9513.192022698842,-1.01083844615113,-0.9526871247947044
2017-03-29,154601.5541883589,164114.74621105773,9513.192022698842,-0.8033777804440478,-0.7571612167002639
2017-03-30,154547.3669338102,164060.55895650905,9513.192022698842,-0.8381458178470358,-0.7899291250780371
2017-03-31,153505.25606659616,163018.448089295,9513.192022698842,-1.5067928993633073,-1.4201104048043756
2017-04-03,154283.4175089705,163796.60953166935,9513.192022698842,-1.007503050498093,-0.9495436071467189
2017-04-04,154802.83616251012,165864.05654683406,11061.220384323944,-0.6742297129856856,0.0
2017-04-05,153713.76179485398,164774.98217917792,11061.220384323944,-1.3730098719856754,-0.6566066152787098
2017-04-06,153179.3985151757,164240.61889949965,11061.220384323944,-1.7158720939117744,-0.9787760417375391
2017-04-07,153212.11723261583,164273.33761693977,11061.220384323944,-1.694878862178406,-0.959049816465285
2017-04-10,154313.61523819796,165374.8356225219,11061.220384323944,-0.9881273543494329,-0.2949529479125079
2017-04-11,153520.42695218333,164581.64733650727,11061.220384323944,-1.4970588406455487,-0.773168845032246
2017-04-12,152344.43562265887,163405.6560069828,11061.220384323944,-2.251607320191784,-1.4821779902368992
2017-04-13,151923.56938960342,162984.78977392736,11061.220384323944,-2.521646705918168,-1.7359196638807028
2017-04-17,153332.07100331847,164393.2913876424,11061.220384323944,-1.6179132136849628,-0.8867292828909967
2017-04-18,153457.7566658473,164518.97705017123,11061.220384323944,-1.5372698252679506,-0.8109529723717035
2017-04-19,153472.39273226104,164533.61311658498,11061.220384323944,-1.5278789212861188,-0.8021288384885361
2017-04-20,153370.15272170043,164431.37310602437,11061.220384323944,-1.5934789325961374,-0.8637696862340727
2017-04-21,153236.65640837155,164297.8767926955,11061.220384323944,-1.6791338500418918,-0.9442550645059944
2017-04-24,155088.44303589175,166149.6634202157,11061.220384323944,-0.49097646387780136,0.0
2017-04-25,155600.61519630437,166661.8355806283,11061.220384323944,-0.1623526762674521,0.0
2017-04-26,154985.52898242816,166046.7493667521,11061.220384323944,-0.5570089597094596,-0.3690624261597275
2017-04-27,155194.02143444706,166255.241818771,11061.220384323944,-0.42323445073297883,-0.24396332876137627
2017-04-28,158738.31116902686,169799.5315533508,11061.220384323944,0.0,0.0
2017-05-01,160996.99268937553,172058.21307369947,11061.220384323944,0.0,0.0
2017-05-02,160982.88208514338,172044.10246946733,11061.220384323944,-0.008764514166659243,-0.008201064035284755
2017-05-03,159640.5649465287,170701.78533085264,11061.220384323944,-0.8425174409710245,-0.788353963821431
2017-05-04,160214.62197731374,171275.84236163768,11061.220384323944,-0.48595361875565235,-0.4547127963758779
2017-05-05,161141.17546647502,172202.39585079896,11061.220384323944,0.0,0.0
2017-05-08,162733.65990990945,173794.8802942334,11061.220384323944,0.0,0.0
2017-05-09,164282.48272220744,175343.70310653138,11061.220384323944,0.0,0.0
2017-05-10,163758.50920239819,174819.72958672213,11061.220384323944,-0.3189466771665872,-0.29882653926324165
2017-05-11,164071.36082297756,175132.5812073015,11061.220384323944,-0.12851151001100902,-0.12040460848578016
2017-05-12,165744.35930371966,176805.5796880436,11061.220384323944,0.0,0.0
2017-05-15,164920.11155086034,175981.33193518428,11061.220384323944,-0.49730063594436436,-0.466188767522846
2017-05-16,165551.9245114082,176613.14489573214,11061.220384323944,-0.11610337336357412,-0.10883977341155093
2017-05-17,161905.7459525988,172966.96633692275,11061.220384323944,-2.315984306945096,-2.1710928794745676
2017-05-18,163940.31987265186,175001.5402569758,11061.220384323944,-1.0884469544824582,-1.0203520919706555
2017-05-19,164349.86657897945,175411.0869633034,11061.220384323944,-0.8413515431827556,-0.7887153376045397
2017-05-22,165283.3912090029,176344.61159332684,11061.220384323944,-0.2781199291808423,-0.260720332203368
2017-05-23,164868.8658880544,175930.08627237834,11061.220384323944,-0.5282191317660168,-0.49517295619854185
2017-05-24,165862.76013523777,176923.9805195617,11061.220384323944,0.0,0.0
2017-05-25,167989.85849562087,179051.0788799448,11061.220384323944,0.0,0.0
2017-05-26,168827.8207352285,179889.04111955245,11061.220384323944,0.0,0.0
2017-05-30,169863.45582037148,180924.67620469542,11061.220384323944,0.0,0.0
2017-05-31,170269.53743633375,181330.7578206577,11061.220384323944,0.0,0.0
2017-06-01,170747.80360516143,181809.02398948537,11061.220384323944,0.0,0.0
2017-06-02,172724.01436660028,183785.23475092422,11061.220384323944,0.0,0.0
2017-06-05,172912.62038010155,183973.8407644255,11061.220384323944,0.0,0.0
2017-06-06,173050.62730089368,184111.84768521762,11061.220384323944,0.0,0.0
2017-06-07,174272.20730378348,185333.42768810742,11061.220384323944,0.0,0.0
2017-06-08,175206.30777551877,186267.5281598427,11061.220384323944,0.0,0.0
2017-06-09,170413.92096393713,181475.14134826107,11061.220384323944,-2.7352821210762768,-2.5728514566796257
2017-06-12,167716.72255134713,178777.94293567108,11061.220384323944,-4.27472350696847,-4.020875403330937
2017-06-13,170073.7433690183,181134.96375334225,11061.220384323944,-2.929440424642993,-2.755479957889395
2017-06-14,170008.00878132865,181069.2291656526,11061.220384323944,-2.9669588156896576,-2.7907703750324475
2017-06-15,168921.0821316417,179982.30251596565,11061.220384323944,-3.5873284036839204,-3.374300236852601
2017-06-16,169615.7290897422,180676.94947406615,11061.220384323944,-3.1908546882566724,-3.0013705238945865
2017-06-19,172027.16381682188,183088.38420114582,11061.220384323944,-1.8145145566163867,-1.7067623058640402
2017-06-20,171046.07448789154,182107.29487221548,11061.220384323944,-2.3744768898146584,-2.233472107954959
2017-06-21,172312.33878003256,183373.5591643565,11061.220384323944,-1.6517493189766141,-1.553662640008191
2017-06-22,172610.54130669095,183671.7616910149,11061.220384323944,-1.4815485251556182,-1.3935689674264062
2017-06-23,173660.00704824974,184721.22743257368,11061.220384323944,-0.8825599642509507,-0.8301504521722625
2017-06-26,172304.3444199486,183365.56480427255,11061.220384323944,-1.6563121456153684,-1.5579545099669079
2017-06-27,169143.92049767263,180205.14088199657,11061.220384323944,-3.4601421346162398,-3.2546667353870684
2017-06-28,171687.81798606695,182749.0383703909,11061.220384323944,-2.008198126039984,-1.8889442643123977
2017-06-29,168631.69928948232,179692.91967380626,11061.220384323944,-3.752495312246462,-3.529658953972137
2017-06-30,168791.82637516808,179853.04675949202,11061.220384323944,-3.6611018643056936,-3.4436927701355424
2017-07-03,167039.05562663914,178100.27601096308,11061.220384323944,-4.6615057714382235,-4.384689177746015
2017-07-05,167026.49629247645,179757.98163972516,12731.485347248708,-4.668674083083024,-3.494729642050909
2017-07-06,164550.6477176811,177282.1330649298,12731.485347248708,-6.081778785892866,-4.823919221820683
2017-07-07,165424.02924383536,178155.51459108407,12731.485347248708,-5.583291295777348,-4.355033670601694
2017-07-10,167864.80172648997,180596.28707373867,12731.485347248708,-4.190206472723023,-3.0446751197757638
2017-07-11,168957.72685088933,181689.21219813803,12731.485347248708,-3.5664132210555866,-2.4579249034624384
2017-07-12,171322.88387649582,184054.36922374452,12731.485347248708,-2.2164863516207056,-1.1881614353087877
2017-07-13,170435.53312806474,183167.01847531344,12731.485347248708,-2.722946855067876,-1.664546534309841
2017-07-14,172225.65318514875,184957.13853239745,12731.485347248708,-1.7012256169389506,-0.7034986937287102
2017-07-17,171858.04190877808,184589.52725602678,12731.485347248708,-1.9110418507481075,-0.900855302259651
2017-07-18,173396.61192794013,186128.09727518883,12731.485347248708,-1.03289423226548,-0.07485517525858132
2017-07-19,173957.46736054105,186688.95270778975,12731.485347248708,-0.7127827935155095,0.0
2017-07-20,174787.2405481989,187518.7258954476,12731.485347248708,-0.2391850114533578,0.0
2017-07-21,175400.48859388207,188131.97394113077,12731.485347248708,0.0,0.0
2017-07-24,176380.41561033498,189111.90095758368,12731.485347248708,0.0,0.0
2017-07-25,176427.52075183226,189159.00609908096,12731.485347248708,0.0,0.0
2017-07-26,179439.11667726602,192170.60202451472,12731.485347248708,0.0,0.0
2017-07-27,179558.40498230132,192289.89032955002,12731.485347248708,0.0,0.0
2017-07-28,179280.27777897642,192011.76312622512,12731.485347248708,-0.15489511802708744,-0.1446395350521268
2017-07-31,176739.0327755621,189470.5181228108,12731.485347248708,-1.5701699995703922,-1.4662092749167965
2017-08-01,177003.84318441706,189735.32853166576,12731.485347248708,-1.422691295423384,-1.328495114072925
2017-08-02,176968.9695535599,189700.4549008086,12731.485347248708,-1.4421131826141242,-1.3466310809702953
2017-08-03,176838.8640775038,189570.3494247525,12731.485347248708,-1.5145717656968372,-1.4142921919278906
2017-08-04,178658.04269336897,191389.52804061768,12731.485347248708,-0.5014314362065564,-0.4682317345905629
2017-08-07,180774.64487305388,193506.13022030258,12731.485347248708,0.0,0.0
2017-08-08,180363.33359869485,193094.81894594355,12731.485347248708,-0.22752708193556348,-0.21255723210978905
2017-08-09,179672.98181208447,192404.46715933317,12731.485347248708,-0.6094123773513926,-0.5693168788581504
2017-08-10,175740.15898579807,188471.64433304677,12731.485347248708,-2.784951335842034,-2.6017190677753543
2017-08-11,174446.53846240375,187178.02380965246,12731.485347248708,-3.5005497674156394,-3.270235626874307
2017-08-14,179271.51247567456,192002.99782292327,12731.485347248708,-0.8314951460338227,-0.7767879992577109
2017-08-15,179309.51159865316,192040.99694590186,12731.485347248708,-0.8104749841603032,-0.7571508317243958
2017-08-16,178679.59817639322,191411.08352364192,12731.485347248708,-1.158927292116585,-1.0826771711446526
2017-08-17,176218.74846879597,188950.23381604467,12731.485347248708,-2.5202076361191206,-2.354393837069202
2017-08-18,176382.81442839696,189114.29977564566,12731.485347248708,-2.4294504617840773,-2.2696079135358205
2017-08-21,176193.33482594788,188924.82017319658,12731.485347248708,-2.534265826008486,-2.367527086552901
2017-08-22,179217.14910218958,191948.63444943828,12731.485347248708,-0.8615676008978057,-0.8048818758822462
2017-08-23,179257.52516993647,191989.01051718518,12731.485347248708,-0.8392325727885064,-0.784016352035044
2017-08-24,178869.5044720005,191600.9898192492,12731.485347248708,-1.053875891937861,-0.9845374918533212
2017-08-25,177425.0614293074,190156.5467765561,12731.485347248708,-1.8529055587959697,-1.7309960361116539
2017-08-28,178256.37890095054,190987.86424819924,12731.485347248708,-1.3930415816176822,-1.3013882140252342
2017-08-29,178981.63198644476,191713.11733369346,12731.485347248708,-0.991849762928998,-0.9265922917107705
2017-08-30,179936.73247359577,192668.21782084447,12731.485347248708,-0.4635121258551145,-0.4330159455435245
2017-08-31,181886.25763056014,194617.74297780884,12731.485347248708,0.0,0.0
2017-09-01,182141.72248777573,194873.20783502443,12731.485347248708,0.0,0.0
2017-09-05,180003.93662440733,192735.42197165603,12731.485347248708,-1.1736936678590326,-1.0970137388912837
2017-09-06,180405.8391228547,193137.3244701034,12731.485347248708,-0.9530399412125523,-0.8907757942747008
2017-09-07,181147.01514907266,193878.50049632136,12731.485347248708,-0.546117235039234,-0.5104382227572146
2017-09-08,180108.73412160276,192840.21946885146,12731.485347248708,-1.1161574286250753,-1.0432364657814053
2017-09-11,182258.86531352624,194990.35066077494,12731.485347248708,0.0,0.0
2017-09-12,182557.6106609683,195289.096008217,12731.485347248708,0.0,0.0
2017-09-13,183544.55955586187,196276.04490311057,12731.485347248708,0.0,0.0
2017-09-14,183099.34850662155,195830.83385387025,12731.485347248708,-0.2425629233128057,-0.22682903023651946
2017-09-15,185799.23044996627,198530.71579721497,12731.485347248708,0.0,0.0
2017-09-18,186642.4729877221,199373.9583349708,12731.485347248708,0.0,0.0
2017-09-19,186753.3154062944,199484.8007535431,12731.485347248708,0.0,0.0
2017-09-20,186635.60020227573,199367.08554952443,12731.485347248708,-0.06303245742254049,-0.05900961054375875
2017-09-21,184826.44981577081,197557.93516301952,12731.485347248708,-1.031770486286443,-0.9659210041291111
2017-09-22,184150.14937949256,196881.63472674126,12731.485347248708,-1.3939061917794926,-1.3049445456338127
2017-09-25,179803.94403132892,192535.42937857762,12731.485347248708,-3.7211502027937993,-3.4836595814390803
2017-09-26,180035.65530971595,192767.14065696465,12731.485347248708,-3.59707675441463,-3.3675047277801795
2017-09-27,182676.66703241167,195408.15237966037,12731.485347248708,-2.1829054895297073,-2.043588463122703
2017-09-28,182132.4883077077,194863.9736549564,12731.485347248708,-2.4742945465432653,-2.316380536828755
2017-09-29,183192.79038264195,195924.27572989065,12731.485347248708,-1.9065391240344454,-1.784860305247693
2017-10-02,183276.05731138305,196007.54265863175,12731.485347248708,-1.8619525374135026,-1.743119316246744
2017-10-03,183367.56566891787,197932.72667285576,14565.161003937887,-1.8129529481233586,-0.7780412717282026
2017-10-04,183797.10513649957,198362.26614043745,14565.161003937887,-1.5829492843880133,-0.5627168630719326
2017-10-05,186526.87522901612,201092.036232954,14565.161003937887,-0.1212509543863427,0.0
2017-10-06,187030.443088607,201595.60409254488,14565.161003937887,0.0,0.0
2017-10-09,187420.3459290791,201985.506933017,14565.161003937887,0.0,0.0
2017-10-10,188331.43456299798,202896.59556693587,14565.161003937887,0.0,0.0
2017-10-11,189480.04205394458,204045.20305788246,14565.161003937887,0.0,0.0
2017-10-12,189295.5546170093,203860.7156209472,14565.161003937887,-0.09736510237988716,-0.09041498362641898
2017-10-13,190959.5679572949,205524.7289612328,14565.161003937887,0.0,0.0
2017-10-16,192409.36769901236,206974.52870295025,14565.161003937887,0.0,0.0
2017-10-17,192047.04585252245,206612.20685646034,14565.161003937887,-0.18830779957486055,-0.1750562490759
2017-10-18,192479.95682081694,207045.11782475482,14565.161003937887,0.0,0.0
2017-10-19,191727.1818861269,206292.34289006479,14565.161003937887,-0.39109263485070933,-0.36358014262726224
2017-10-20,194065.43088176177,208630.59188569966,14565.161003937887,0.0,0.0
2017-10-23,192971.147119984,207536.3081239219,14565.161003937887,-0.5638736156180713,-0.5245078163691796
2017-10-24,195202.36605926044,209767.52706319833,14565.161003937887,0.0,0.0
2017-10-25,193633.01330892276,208198.17431286065,14565.161003937887,-0.8039619508819151,-0.748139033867179
2017-10-26,194437.33767153195,209002.49867546983,14565.161003937887,-0.391915530110043,-0.3647029635325816
2017-10-27,197284.8433067928,211850.0043107307,14565.161003937887,0.0,0.0
2017-10-30,197514.64153980504,212079.80254374293,14565.161003937887,0.0,0.0
2017-10-31,197591.3931396032,212156.55414354109,14565.161003937887,0.0,0.0
2017-11-01,197450.42617232204,212015.58717625993,14565.161003937887,-0.07134266581214632,-0.06644478547940258
2017-11-02,198815.49055076815,213380.65155470604,14565.161003937887,0.0,0.0
2017-11-03,198833.79653758387,213398.95754152176,14565.161003937887,0.0,0.0
2017-11-06,198988.20147609964,213553.36248003753,14565.161003937887,0.0,0.0
2017-11-07,198338.2068562045,212903.36786014237,14565.161003937887,-0.3266498290217634,-0.30437105384183427
2017-11-08,197354.91656523047,211920.07756916835,14565.161003937887,-0.8207948505255191,-0.7648134835722131
2017-11-09,195293.73434833813,209858.895352276,14565.161003937887,-1.856626222236224,-1.7299971701952743
2017-11-10,197348.52765736278,211913.68866130066,14565.161003937887,-0.8240055473509034,-0.7678051985204104
2017-11-13,196510.07544792318,211075.23645186107,14565.161003937887,-1.245363297820501,-1.1604247291625347
2017-11-14,196337.8822592426,210903.04326318047,14565.161003937887,-1.3318976689054463,-1.2410571231838086
2017-11-15,196393.51094494673,210958.6719488846,14565.161003937887,-1.303941898014771,-1.2150080434324528
2017-11-16,197706.38105631783,212271.5420602557,14565.161003937887,-0.644169056392907,-0.6002342481971623
2017-11-17,196739.25912291516,211304.42012685305,14565.161003937887,-1.1301887933564791,-1.0531055690564006
2017-11-20,196762.53792744887,211327.69893138675,14565.161003937887,-1.1184902080328074,-1.0422048722641075
2017-11-21,197963.1737478883,212528.3347518262,14565.161003937887,-0.5151198516332389,-0.4799866957408194
2017-11-22,197842.67332240983,212407.8343263477,14565.161003937887,-0.5756764196028996,-0.5364130727732674
2017-11-24,198404.96436255204,212970.12536648993,14565.161003937887,-0.2931013543622796,-0.2731107142375788
2017-11-27,198306.20489476167,212871.36589869956,14565.161003937887,-0.34273217018843116,-0.3193565174613999
2017-11-28,199784.37525689587,214349.53626083376,14565.161003937887,0.0,0.0
2017-11-29,197082.821184522,211647.9821884599,14565.161003937887,-1.3522349127152888,-1.2603498563609872
2017-11-30,199042.85949065688,213608.02049459476,14565.161003937887,-0.37115803740183084,-0.3459376582633067
2017-12-01,197064.8593342721,211630.02033821,14565.161003937887,-1.361225530838861,-1.2687295573686197
2017-12-04,196965.42585717817,211530.58686111605,14565.161003937887,-1.4109959280313666,-1.315118030527218
2017-12-05,196884.65077205095,211449.81177598884,14565.161003937887,-1.4514270603575796,-1.3528018466605674
2017-12-06,197545.78136014665,212110.94236408453,14565.161003937887,-1.1205049913791787,-1.0443661021151796
2017-12-07,199283.75555970403,213848.91656364192,14565.161003937887,-0.2505800048417717,-0.23355296490245037
2017-12-08,200422.21203599998,214987.37303993787,14565.161003937887,0.0,0.0
2017-12-11,200841.42496938581,215406.5859733237,14565.161003937887,0.0,0.0
2017-12-12,201495.6038750951,216060.764879033,14565.161003937887,0.0,0.0
2017-12-13,200304.90606958125,214870.06707351914,14565.161003937887,-0.5909299173851745,-0.5510939508987178
2017-12-14,199989.41097827844,214554.57198221632,14565.161003937887,-0.7475065797218794,-0.6971154145732794
2017-12-15,202355.3957782195,216920.5567821574,14565.161003937887,0.0,0.0
2017-12-18,205608.5448131844,220173.70581712227,14565.161003937887,0.0,0.0
2017-12-19,204852.35812896054,219417.51913289842,14565.161003937887,-0.3677797948090755,-0.34345004160122317
2017-12-20,204934.8584919662,219500.0194959041,14565.161003937887,-0.32765482671466284,-0.30597946231497586
2017-12-21,205227.83715189015,219792.99815582804,14565.161003937887,-0.18516140058291164,-0.17291241017237668
2017-12-22,205268.7340281099,219833.8950320478,14565.161003937887,-0.16527075048521356,-0.15433758713983003
2017-12-26,205236.56594125245,219801.72694519034,14565.161003937887,-0.1809160569031354,-0.16894790890285005
2017-12-27,204702.9870497275,219268.14805366538,14565.161003937887,-0.44042807864803635,-0.41129242027159174
2017-12-28,204718.93675930845,219284.09776324633,14565.161003937887,-0.4326707601983393,-0.40404827205609006
2017-12-29,203107.57277887664,217672.73378281452,14565.161003937887,-1.2163755337017412,-1.135908588641854
2018-01-02,205119.4924442496,219684.65344818748,14565.161003937887,-0.23785605281100297,-0.22212115071588157
2018-01-03,209109.74961385617,225766.00811393262,16656.25850007645,0.0,0.0
2018-01-04,210275.2021106168,226931.46061069326,16656.25850007645,0.0,0.0
2018-01-05,212975.59349209687,229631.85199217332,16656.25850007645,0.0,0.0
2018-01-08,212864.38651391966,229520.6450139961,16656.25850007645,-0.05221583203680602,-0.04842837664393862
2018-01-09,212369.12613146324,229025.3846315397,16656.25850007645,-0.28475908938182526,-0.26410419781586203
2018-01-10,213228.41995211865,229884.6784521951,16656.25850007645,0.0,0.0
2018-01-11,215011.55131986074,231667.8098199372,16656.25850007645,0.0,0.0
2018-01-12,216460.63564111563,233116.89414119208,16656.25850007645,0.0,0.0
2018-01-16,215456.43521237158,232112.69371244803,16656.25850007645,-0.46391826660298063,-0.4307711941871739
2018-01-17,217611.30202367925,234267.5605237557,16656.25850007645,0.0,0.0
2018-01-18,217082.22532071717,233738.48382079363,16656.25850007645,-0.24312923917182427,-0.22584292156336838
2018-01-19,220648.6082709533,237304.86677102974,16656.25850007645,0.0,0.0
2018-01-22,223150.99345942165,239807.2519594981,16656.25850007645,0.0,0.0
2018-01-23,226230.75017238586,242887.0086724623,16656.25850007645,0.0,0.0
2018-01-24,224230.5012195967,240886.75971967317,16656.25850007645,-0.8841631614026735,-0.8235306465017689
2018-01-25,223814.01047514335,240470.2689752198,16656.25850007645,-1.0682631319575142,-0.9950057479202301
2018-01-26,227402.47770871804,244058.7362087945,16656.25850007645,0.0,0.0
2018-01-29,228732.04864113466,245388.30714121112,16656.25850007645,0.0,0.0
2018-01-30,227684.26297328033,244340.52147335678,16656.25850007645,-0.4580843279632596,-0.4269908701278746
2018-01-31,230433.48540343865,247089.7439035151,16656.25850007645,0.0,0.0
2018-02-01,225582.5848690597,242238.84336913616,16656.25850007645,-2.10511962959119,-1.9632140362220607
2018-02-02,224349.66489937043,241005.92339944688,16656.25850007645,-2.6401633831197646,-2.4621906227090817
2018-02-05,214580.7221558475,231236.98065592395,16656.25850007645,-6.879539759526021,-6.415791686514282
2018-02-06,220299.6167810032,236955.87528107964,16656.25850007645,-4.397741328563109,-4.101290673720792
2018-02-07,221191.7573814969,237848.01588157334,16656.25850007645,-4.010583794174494,-3.74023133293242
2018-02-08,209783.98467208227,226440.24317215872,16656.25850007645,-8.961154536721793,-8.35708532662518
2018-02-09,213654.1704576373,230310.42895771374,16656.25850007645,-7.2816304958562945,-6.790777585796293
2018-02-12,216080.7600981588,232737.01859823524,16656.25850007645,-6.228576233246386,-5.808709450475769
2018-02-13,219764.7683542047,236421.02685428114,16656.25850007645,-4.629846669443626,-4.3177498510014845
2018-02-14,224885.95006479713,241542.20856487358,16656.25850007645,-2.407434548381282,-2.245149981137118
2018-02-15,227884.89943899994,244541.1579390764,16656.25850007645,-1.105996361586381,-1.0314414205042421
2018-02-16,227012.14294667193,243668.40144674838,16656.25850007645,-1.4847418771524068,-1.384655794577494
2018-02-20,227937.32276726488,244593.58126734133,16656.25850007645,-1.083246487290479,-1.0102251096057224
2018-02-21,226577.50958338406,243233.7680834605,16656.25850007645,-1.6733574173491417,-1.5605568078779886
2018-02-22,228872.97898839612,245529.23748847257,16656.25850007645,-0.6772047093374534,-0.6315545074391582
2018-02-23,231672.4783667736,248328.73686685006,16656.25850007645,0.0,0.0
2018-02-26,233886.45870008727,250542.71720016372,16656.25850007645,0.0,0.0
2018-02-27,231479.0511457439,248135.30964582035,16656.25850007645,-1.029306086262305,-0.9608770836551761
2018-02-28,228492.2629421366,245148.52144221304,16656.25850007645,-2.3063309384951047,-2.153004413072268
2018-03-01,224077.10995963516,240733.3684597116,16656.25850007645,-4.194064416970223,-3.9152400237661755
2018-03-02,225876.5399475588,242532.79844763526,16656.25850007645,-3.4247039341425034,-3.197027174463496
2018-03-05,226485.1125721129,243141.37107218936,16656.25850007645,-3.164503908909544,-2.9541254324552124
2018-03-06,228441.92180831783,245098.18030839428,16656.25850007645,-2.327854687282671,-2.1730972476919685
2018-03-07,228823.87181299424,245480.1303130707,16656.25850007645,-2.164548950473777,-2.020648192718544
2018-03-08,229610.99086584384,246267.2493659203,16656.25850007645,-1.828009991688262,-1.7064825838971287
2018-03-09,232477.57374934453,249133.832249421,16656.25850007645,-0.6023798720854345,-0.562333228635481
2018-03-12,236373.95017139247,253030.20867146892,16656.25850007645,0.0,0.0
2018-03-13,234726.08829556304,251382.3467956395,16656.25850007645,-0.6971419120569644,-0.6512510440873864
2018-03-14,233217.96853240044,249874.2270324769,16656.25850007645,-1.3351647407439216,-1.247274645807095
2018-03-15,232616.06069699946,249272.3191970759,16656.25850007645,-1.589806944321992,-1.4851544778482162
2018-03-16,232109.06296735446,248765.3214674309,16656.25850007645,-1.804296624456958,-1.685524912788372
2018-03-19,227688.05070713448,244344.30920721093,16656.25850007645,-3.674643275183209,-3.4327519665984463
2018-03-20,232392.90187944373,249049.16037952018,16656.25850007645,-1.6842161706322245,-1.5733490134838712
2018-03-21,233291.12359937793,249947.38209945438,16656.25850007645,-1.304215870564085,-1.218363051669158
2018-03-22,228355.40878245086,245011.6672825273,16656.25850007645,-3.39231179371815,-3.1690055630285485
2018-03-23,222725.79528376268,239382.05378383913,16656.25850007645,-5.773967426500947,-5.393883583817605
2018-03-26,229373.0103442992,246029.26884437565,16656.25850007645,-2.961806841243275,-2.76683952633624
2018-03-27,222643.54822960694,239299.8067296834,16656.25850007645,-5.8087627388,-5.426388419737227
2018-03-28,218171.00731821585,234827.2658182923,16656.25850007645,-7.700909021479663,-7.193980097772068
2018-03-29,222054.23769392486,238710.49619400132,16656.25850007645,-6.058075548123865,-5.659289676380153
2018-04-02,214960.36491667817,231616.62341675462,16656.25850007645,-9.059198460400363,-8.462857208689034
2018-04-03,218290.78097488685,234947.0394749633,16656.25850007645,-7.650237762407275,-7.146644383471445
2018-04-04,220061.87347301363,236718.1319730901,16656.25850007645,-6.900962092714158,-6.446691398637794
2018-04-05,221698.05608164408,240571.29514253698,18873.23906089289,-6.208761193484746,-4.923883829661002
2018-04-06,216832.93505757046,235706.17411846336,18873.23906089289,-8.266991815152647,-6.846626987332904
2018-04-09,216039.44025908655,234912.67931997945,18873.23906089289,-8.602686504820667,-7.160223850984149
2018-04-10,219203.19963103894,238076.43869193183,18873.23906089289,-7.2642313283266535,-5.909875369447626
2018-04-11,219557.06076035125,238430.29982124415,18873.23906089289,-7.114527382923308,-5.770026008705187
2018-04-12,221028.17863693635,239901.41769782925,18873.23906089289,-6.492158515491675,-5.188625912523326
2018-04-13,222060.20281107773,240933.44187197063,18873.23906089289,-6.055551954830884,-4.780759919146482
2018-04-16,222837.98066358594,241711.21972447884,18873.23906089289,-5.72650645216688,-4.473374545442721
2018-04-17,228118.85792578908,246992.09698668198,18873.23906089289,-3.4923866355060285,-2.386320477894699
2018-04-18,227901.95389509285,246775.19295598575,18873.23906089289,-3.5841497213024764,-2.472043060915541
2018-04-19,226376.35530914826,245249.59437004116,18873.23906089289,-4.2295671138867235,-3.0749744634364973
2018-04-20,223348.86538398758,242222.10444488048,18873.23906089289,-5.51037234769759,-4.271467933942052
2018-04-23,222177.99358570913,241051.23264660203,18873.23906089289,-6.005719570786027,-4.734207859117811
2018-04-24,219415.6556573059,238288.8947181988,18873.23906089289,-7.174350008446472,-5.825910681048385
2018-04-25,218723.7844728484,237597.0235337413,18873.23906089289,-7.467051968182659,-6.0993449038197145
2018-04-26,221807.24713496547,240680.48619585836,18873.23906089289,-6.16256699431762,-4.8807304631540145
2018-04-27,221077.20782629386,239950.44688718676,18873.23906089289,-6.471416302010901,-5.16924909992259
2018-04-30,221077.15986438852,239950.39892528142,18873.23906089289,-6.471436592700841,-5.169268054934162
2018-05-01,222576.90087992323,241450.13994081612,18873.23906089289,-5.836958464105346,-4.576555815787275
2018-05-02,223517.08051563456,242390.31957652746,18873.23906089289,-5.439207512687217,-4.204987677481686
2018-05-03,223752.21081947951,242625.4498803724,18873.23906089289,-5.339733647790313,-4.112061894003305
2018-05-04,227207.7984227349,246081.0374836278,18873.23906089289,-3.8778180683663677,-2.7463800564871854
2018-05-07,228548.2668540444,247421.5059149373,18873.23906089289,-3.3107215544156854,-2.216613892064523
2018-05-08,228531.43394825133,247404.67300914423,18873.23906089289,-3.3178428576645658,-2.223266420188119
2018-05-09,229827.55199523995,248700.79105613285,18873.23906089289,-2.7695091491282353,-1.711027959099276
2018-05-10,231226.86972279334,250100.10878368624,18873.23906089289,-2.1775159423730983,-1.1580039803022468
2018-05-11,230817.28345555245,249690.52251644534,18873.23906089289,-2.3507948789665445,-1.3198764576603517
2018-05-14,231094.66922370775,249967.90828460065,18873.23906089289,-2.2334444822945887,-1.2102509036161502
2018-05-15,230141.8511216454,249015.0901825383,18873.23906089289,-2.6365422438590413,-1.5868138867734194
2018-05-16,230538.85345764662,249412.09251853952,18873.23906089289,-2.4685870458715398,-1.4299147014604552
2018-05-17,229726.74914551227,248599.98820640516,18873.23906089289,-2.812154647777554,-1.750866225943759
2018-05-18,229097.76780148616,247971.00686237906,18873.23906089289,-3.0782505282965444,-1.9994457719705205
2018-05-21,231809.5533494465,250682.7924103394,18873.23906089289,-1.9310067029959743,-0.9277217425755602
2018-05-22,231324.58088374516,250197.81994463806,18873.23906089289,-2.136178408824685,-1.119387578938602
2018-05-23,233421.76884331933,252295.00790421222,18873.23906089289,-1.2489452944931312,-0.29055849541319567
2018-05-24,233682.04844687507,252555.28750776796,18873.23906089289,-1.138831805520668,-0.18769346403123555
2018-05-25,233067.80013252448,251941.03919341738,18873.23906089289,-1.3986947531530958,-0.4304503734041121
2018-05-29,232867.30200031318,251740.54106120608,18873.23906089289,-1.4835171847560447,-0.5096891857435559
2018-05-30,234764.15782775878,253637.39688865168,18873.23906089289,-0.6810362742876053,0.0
2018-05-31,234164.12658144315,253037.36564233605,18873.23906089289,-0.9348845709719722,-0.23657049539073105
2018-06-01,236669.81523113442,255543.05429202731,18873.23906089289,0.0,0.0
2018-06-04,237333.32158932582,256206.56065021871,18873.23906089289,0.0,0.0
2018-06-05,237957.06374784344,256830.30280873633,18873.23906089289,0.0,0.0
2018-06-06,238092.1415365236,256965.3805974165,18873.23906089289,0.0,0.0
2018-06-07,237230.44960939206,256103.68867028496,18873.23906089289,-0.361915316301753,-0.33533385903119495
2018-06-08,237092.02084061888,255965.25990151177,18873.23906089289,-0.4200561553398874,-0.3892044498677416
2018-06-11,237075.35591737163,255948.59497826453,18873.23906089289,-0.4270555141342114,-0.39568972940559055
2018-06-12,237584.81296174976,256458.05202264266,18873.23906089289,-0.21308077263691994,-0.19743070976889765
2018-06-13,239113.04517264312,257986.28423353602,18873.23906089289,0.0,0.0
2018-06-14,240652.54854577797,259525.78760667087,18873.23906089289,0.0,0.0
2018-06-15,238634.64646790375,257507.88552879664,18873.23906089289,-0.8385126565532142,-0.7775343238462629
2018-06-18,239314.65339430387,258187.89245519676,18873.23906089289,-0.5559447259373629,-0.5155153034355764
2018-06-19,240731.8272483304,259605.0663092233,18873.23906089289,0.0,0.0
2018-06-20,243212.60226094836,262085.84132184126,18873.23906089289,0.0,0.0
2018-06-21,241714.6794735574,260587.9185344503,18873.23906089289,-0.615890284247611,-0.5715389964738748
2018-06-22,241928.18095723967,260801.42001813257,18873.23906089289,-0.5281063940636654,-0.4900765708024002
2018-06-25,236861.38238733733,255734.62144823023,18873.23906089289,-2.611386011484984,-2.4233357443417702
2018-06-26,240010.11106990647,258883.35013079937,18873.23906089289,-1.3167455803157146,-1.221924532393659
2018-06-27,238936.8497994799,257810.0888603728,18873.23906089289,-1.7580308017431157,-1.6314320681741212
2018-06-28,239980.97916655266,258854.21822744556,18873.23906089289,-1.328723538317489,-1.233039937639091
2018-06-29,239889.31411648513,258762.55317737802,18873.23906089289,-1.3664128065607462,-1.2680151387431282
2018-07-02,241630.81064999572,260504.04971088862,18873.23906089289,-0.6503740333551833,-0.6035395132277244
2018-07-03,239895.63990317154,258768.87896406444,18873.23906089289,-1.3638118777323793,-1.2656015071426885
2018-07-05,241238.1832210558,262523.80411415925,21285.62089310345,-0.8118078674945295,0.0
2018-07-06,244123.3365765207,265408.9574696241,21285.62089310345,0.0,0.0
2018-07-09,245478.37075452742,266763.9916476309,21285.62089310345,0.0,0.0
2018-07-10,245373.07264285124,266658.6935359547,21285.62089310345,-0.042895067028725364,-0.03947238569411704
2018-07-11,245209.0779332209,266494.6988263243,21285.62089310345,-0.10970124189711994,-0.10094796514451554
2018-07-12,247961.508572589,269247.12946569244,21285.62089310345,0.0,0.0
2018-07-13,247216.78902636725,268502.40991947067,21285.62089310345,-0.30033675408284166,-0.27659330953672123
2018-07-16,247785.4287730944,269071.04966619785,21285.62089310345,-0.0710109405722692,-0.06539709442549002
2018-07-17,246870.61547420075,268156.2363673042,21285.62089310345,-0.43994453198323846,-0.40516424466735534
2018-07-18,245820.52549344403,267106.1463865475,21285.62089310345,-0.8634336399506948,-0.7951739665316593
2018-07-19,243799.00274737464,265084.6236404781,21285.62089310345,-1.678690313337805,-1.5459796483158872
2018-07-20,244209.62629410825,265495.2471872117,21285.62089310345,-1.5130906002624234,-1.393471598351359
2018-07-23,243560.79913800984,264846.4200311133,21285.62089310345,-1.774755065781053,-1.6344498986162304
2018-07-24,245075.1468268976,266360.76772000105,21285.62089310345,-1.1640362096145385,-1.0720120773132225
2018-07-25,248343.43632502414,269629.0572181276,21285.62089310345,0.0,0.0
2018-07-26,235883.69290536724,257169.31379847068,21285.62089310345,-5.017142230145344,-4.621068496181069
2018-07-27,234919.61290289182,256205.23379599527,21285.62089310345,-5.405346571980118,-4.9786263990355355
2018-07-30,233424.4451507841,254710.06604388755,21285.62089310345,-6.007403052406235,-5.53315407774122
2018-07-31,233740.74327570616,255026.3641688096,21285.62089310345,-5.880039861495046,-5.415845458193525
2018-08-01,233702.86719374883,254988.48808685227,21285.62089310345,-5.895291354555554,-5.429892935994363
2018-08-02,235179.35090539954,256464.971798503,21285.62089310345,-5.300758342731415,-4.882294792498931
2018-08-03,235202.6802692967,256488.30116240014,21285.62089310345,-5.291364350185301,-4.873642400157452
2018-08-06,234811.84684368636,256097.4677367898,21285.62089310345,-5.448740535114471,-5.018594665185083
2018-08-07,235263.94853247155,256549.569425575,21285.62089310345,-5.26669357004248,-4.850919232333107
2018-08-08,236133.571338798,257419.19223190146,21285.62089310345,-4.9165241356515015,-4.528393605719005
2018-08-09,235531.92771830247,256817.54861140592,21285.62089310345,-5.158786878488053,-4.751531136481802
2018-08-10,234997.5710432983,256283.19193640174,21285.62089310345,-5.37395530931577,-4.949713291074986
2018-08-13,235094.2731605118,256379.89405361525,21285.62089310345,-5.335016443588325,-4.913848418716194
2018-08-14,236418.406769955,257704.02766305846,21285.62089310345,-4.8018299704373995,-4.422753867147888
2018-08-15,235063.98796210618,256349.60885520963,21285.62089310345,-5.347211329369794,-4.925080590321906
2018-08-16,235404.92151439143,256690.54240749488,21285.62089310345,-5.209928235711125,-4.79863518573429
2018-08-17,235967.66361455497,257253.28450765842,21285.62089310345,-4.983329897341093,-4.589925447262633
2018-08-20,236513.3010535517,257798.92194665514,21285.62089310345,-4.763619061785684,-4.387559483955017
2018-08-21,236916.5674313979,258202.18832450136,21285.62089310345,-4.60123652258363,-4.237996086742979
2018-08-22,237026.3426318406,258311.96352494406,21285.62089310345,-4.5570335422000285,-4.197282670475722
2018-08-23,236986.65625000675,258272.2771431102,21285.62089310345,-4.573013985420571,-4.212001552128653
2018-08-24,237608.1386762556,258893.75956935904,21285.62089310345,-4.32276278673962,-3.9815062069084695
2018-08-27,238481.40840570326,259767.0292988067,21285.62089310345,-3.971124852445773,-3.6576280097818215
2018-08-28,238739.14849006548,260024.76938316892,21285.62089310345,-3.8673411212643782,-3.5620373909436953
2018-08-29,241003.73448038427,262289.3553734877,21285.62089310345,-2.9554643977116823,-2.7221479466518095
2018-08-30,241002.68027140314,262288.3011645066,21285.62089310345,-2.9558888941254913,-2.722538931581997
2018-08-31,241749.3887635417,263035.0096566451,21285.62089310345,-2.655213143162094,-2.4455997545353325
2018-09-04,242425.75321366847,263711.3741067719,21285.62089310345,-2.3828626997054125,-2.194749769335258
2018-09-05,241165.80177285953,262451.42266596295,21285.62089310345,-2.890205055699857,-2.6620404440898193
2018-09-06,240299.26256502737,261584.88345813082,21285.62089310345,-3.2391328230913286,-2.9834224259773
2018-09-07,240525.96532434656,261811.58621745,21285.62089310345,-3.1478468351570754,-2.899342927403159
2018-09-10,240558.51147293026,261844.1323660337,21285.62089310345,-3.134741536677954,-2.8872722148028496
2018-09-11,242472.31366059883,263757.93455370225,21285.62089310345,-2.364114289189978,-2.1774814350500993
2018-09-12,242185.21845268353,263470.83934578695,21285.62089310345,-2.4797183946029144,-2.2839592794179797
2018-09-13,242520.77057799505,263806.3914710985,21285.62089310345,-2.34460223035996,-2.1595097379725536
2018-09-14,240530.7763374258,261816.39723052926,21285.62089310345,-3.145909593267193,-2.897558619313778
2018-09-17,238260.91907559216,259546.5399686956,21285.62089310345,-4.059908890137242,-3.739403072301406
2018-09-18,239695.22348594357,260980.84437904702,21285.62089310345,-3.4823601408825122,-3.2074483842015056
2018-09-19,240413.24576074857,261698.86665385202,21285.62089310345,-3.1932354168993538,-2.9411483488072765
2018-09-20,241356.18152680056,262641.80241990404,21285.62089310345,-2.8135451863035676,-2.5914324184173276
2018-09-21,240630.75716292302,261916.37805602647,21285.62089310345,-3.105650496036061,-2.8604777399275694
2018-09-24,240506.41452997242,261792.03542307587,21285.62089310345,-3.1557193179830523,-2.9065939242266636
2018-09-25,241509.21520833863,262794.8361014421,21285.62089310345,-2.7519233919841124,-2.5346753006508016
2018-09-26,241560.2511622499,262845.87205535336,21285.62089310345,-2.731372837209456,-2.5157470907472335
2018-09-27,242732.86627157917,264018.4871646826,21285.62089310345,-2.2591980430286207,-2.0808477065979214
2018-09-28,242235.5473639301,263521.16825703357,21285.62089310345,-2.459452543412599,-2.265293297433002
2018-10-01,243889.1362823189,265174.7571754224,21285.62089310345,-1.793604899980361,-1.6520103911136341
2018-10-02,243155.3638780358,264440.9847711392,21285.62089310345,-2.089071699965672,-1.9241518330834984
2018-10-03,241782.6056810607,265486.05263097474,23703.446949914054,-2.6418377473753085,-1.5365571611227313
2018-10-04,239834.48210595595,263537.92905587,23703.446949914054,-3.4262851255436266,-2.259077053898506
2018-10-05,236865.8731211014,260569.32007101545,23703.446949914054,-4.6216495083450715,-3.3600744818029327
2018-10-08,236357.64592049603,260061.09287041007,23703.446949914054,-4.8262964312217544,-3.548565739328724
2018-10-09,237447.8602996867,261151.30724960077,23703.446949914054,-4.3873017892357975,-3.144227130412136
2018-10-10,225414.11490330863,249117.56185322267,23703.446949914054,-9.232908169840393,-7.607301518808973
2018-10-11,223103.1784493197,246806.62539923377,23703.446949914054,-10.163448750330883,-8.464381418813726
2018-10-12,229875.90973509548,253579.35668500955,23703.446949914054,-7.436285356766559,-5.952511461008436
2018-10-15,226761.31744881126,250464.7643987253,23703.446949914054,-8.690432570147289,-7.107651162351747
2018-10-16,232262.89354070852,255966.34049062256,23703.446949914054,-6.475122927456766,-5.067227126211405
2018-10-17,233172.07489109773,256875.52184101177,23703.446949914054,-6.109024526048124,-4.730030030405185
2018-10-18,227613.45062426824,251316.8975741823,23703.446949914054,-8.347305653621195,-6.791612088429666
2018-10-19,226469.08698949355,250172.5339394076,23703.446949914054,-8.808104477906209,-7.216033568288527
2018-10-22,226357.40137707992,250060.848326994,23703.446949914054,-8.853076720404873,-7.257455517972266
2018-10-23,225545.9501640199,249249.39711393393,23703.446949914054,-9.17982230509512,-7.558406469413526
2018-10-24,214884.08058865162,238587.5275385657,23703.446949914054,-13.473017943015797,-11.512679679197024
2018-10-25,220351.99174168488,244055.43869159895,23703.446949914054,-11.271264100052536,-9.484741292493492
2018-10-26,218188.9105112401,241892.35746115417,23703.446949914054,-12.142268086489205,-10.286984660757337
2018-10-29,215175.099893815,238878.54684372904,23703.446949914054,-13.355833728498245,-11.40474646600187
2018-10-30,216796.96286598852,240500.4098159026,23703.446949914054,-12.70276111414863,-10.803230075703663
2018-10-31,220175.31851254177,243878.7654624558,23703.446949914054,-11.342404788027826,-9.550265843506633
2018-11-01,220691.90272762644,244395.34967754048,23703.446949914054,-11.134392761324374,-9.358675137217599
2018-11-02,217563.61432549506,241267.06127540913,23703.446949914054,-12.394054964772817,-10.518894452749528
2018-11-05,217119.0145896251,240822.46153953916,23703.446949914054,-12.573081132103493,-10.683787561992675
2018-11-06,218377.9363921518,242081.38334206585,23703.446949914054,-12.066153378684197,-10.216878759389758
2018-11-07,223052.62499893233,246756.0719488464,23703.446949914054,-10.183805016288815,-8.483130677854634
2018-11-08,222733.7737768188,246437.22072673286,23703.446949914054,-10.312196258204398,-8.601386189854432
2018-11-09,220099.55359810183,243803.00054801587,23703.446949914054,-11.372912908379663,-9.578365528021948
2018-11-12,215110.50612259615,238813.9530725102,23703.446949914054,-13.381843584919139,-11.428702997944406
2018-11-13,214723.99249122027,238427.43944113434,23703.446949914054,-13.537480326157603,-11.57205313808275
2018-11-14,212444.67460342846,236148.1215533425,23703.446949914054,-14.45528911608218,-12.417406347157645
2018-11-15,214450.11158587574,238153.55853578978,23703.446949914054,-13.647763452378857,-11.673630063125728
2018-11-16,215134.91139718686,238838.3583471009,23703.446949914054,-13.37201635737012,-11.419651571943623
2018-11-19,212851.78133214754,236555.22828206158,23703.446949914054,-14.291360189776158,-12.26641864096627
2018-11-20,208762.73954129155,232466.1864912056,23703.446949914054,-15.93788721354834,-13.78296208515003
2018-11-21,210016.47804456524,233719.92499447928,23703.446949914054,-15.433046609815682,-13.317975664098448
2018-11-23,209702.69146566826,233406.1384155823,23703.446949914054,-15.559398481055108,-13.434352801686822
2018-11-26,211288.9315345683,234992.37848448235,23703.446949914054,-14.920670076401798,-12.846048230485952
2018-11-27,212511.57610237208,236215.02305228612,23703.446949914054,-14.42835001113395,-12.392593925368288
2018-11-28,215807.75593927177,239511.2028891858,23703.446949914054,-13.101083268885228,-11.170107049915135
2018-11-29,215489.33215808502,239192.77910799906,23703.446949914054,-13.229302393939935,-11.288204032663229
2018-11-30,216745.0055897545,240448.45253966853,23703.446949914054,-12.723682656107972,-10.822499985545775
2018-12-03,218528.05235735938,242231.49930727342,23703.446949914054,-12.005706455894938,-10.161203763988158
2018-12-04,214503.2262958555,238206.67324576958,23703.446949914054,-13.626375848677409,-11.653930884362207
2018-12-06,214333.01416646183,238036.46111637587,23703.446949914054,-13.694914857363305,-11.71705914329314
2018-12-07,210601.09270342212,234304.53965333616,23703.446949914054,-15.197640888002372,-13.101153833065627
2018-12-10,211990.7690241356,235694.21597404964,23703.446949914054,-14.638062450465295,-12.58575080675558
2018-12-11,212223.56699536816,235927.0139452822,23703.446949914054,-14.544322114631381,-12.4994107165463
2018-12-12,212687.662628901,236391.10957881506,23703.446949914054,-14.357445569633654,-12.327286970566876
2018-12-13,212682.03955384326,236385.4865037573,23703.446949914054,-14.35970980304402,-12.329372456128318
2018-12-14,209737.9849728077,233441.43192272173,23703.446949914054,-15.545186908701236,-13.421263148997465
2018-12-17,207024.58398124337,230728.0309311574,23703.446949914054,-16.63778715282974,-14.427609059768209
2018-12-18,207619.00906839894,231322.456018313,23703.446949914054,-16.398431083689424,-14.207148737988163
2018-12-19,206835.93250882966,230539.37945874373,23703.446949914054,-16.713751098245556,-14.497576100546405
2018-12-20,205710.92150145088,229414.36845136492,23703.446949914054,-17.166757235241427,-14.914820079732483
2018-12-21,204018.23508572057,227721.68203563464,23703.446949914054,-17.8483481968463,-15.54260346227827
2018-12-24,201827.66391202918,225531.11086194322,23703.446949914054,-18.730421508751526,-16.355042298170975
2018-12-26,201827.66391202918,225531.11086194322,23703.446949914054,-18.730421508751526,-16.355042298170975
2018-12-27,201827.66391202918,225531.11086194322,23703.446949914054,-18.730421508751526,-16.355042298170975
2018-12-28,201827.66391202918,225531.11086194322,23703.446949914054,-18.730421508751526,-16.355042298170975
2018-12-31,201827.66391202918,225531.11086194322,23703.446949914054,-18.730421508751526,-16.355042298170975
2019-01-02,201827.66391202918,225531.11086194322,23703.446949914054,-18.730421508751526,-16.355042298170975
2019-01-03,201827.66391202918,225531.11086194322,23703.446949914054,-18.730421508751526,-16.355042298170975
2019-01-04,201827.66391202918,227549.38750106352,25721.723589034347,-18.730421508751526,-15.60650404345032
2019-01-07,201745.15506934113,227466.87865837547,25721.723589034347,-18.763645194430122,-15.637104915455492
2019-01-08,202390.13487460985,228111.8584636442,25721.723589034347,-18.503932348859042,-15.397894864460525
2019-01-09,202942.91284533465,228664.636434369,25721.723589034347,-18.281346248374653,-15.192880621400807
2019-01-10,203256.36855890992,228978.09214794426,25721.723589034347,-18.155127606072774,-15.076626195112585
2019-01-11,203550.43299548308,229272.15658451742,25721.723589034347,-18.036717214026698,-14.96756360385958
2019-01-14,203181.78853620618,228903.51212524052,25721.723589034347,-18.185158608223418,-15.10428642708952
2019-01-15,204794.96877612296,230516.6923651573,25721.723589034347,-17.535582253885828,-14.505990287733983
2019-01-16,204436.55153595662,230158.27512499096,25721.723589034347,-17.67990547235706,-14.638920040878645
2019-01-17,204793.19379120448,230514.91738023882,25721.723589034347,-17.536296983835907,-14.506648593977678
2019-01-18,204764.0806050269,230485.80419406123,25721.723589034347,-17.548019937584325,-14.517446089795804
2019-01-22,203596.57650609213,229318.30009512647,25721.723589034347,-18.018136690501752,-14.950449902879004
2019-01-23,203284.34809766154,229006.07168669588,25721.723589034347,-18.14386113607234,-15.066249146347776
2019-01-24,203787.56852456345,229509.2921135978,25721.723589034347,-17.941230281660182,-14.87961480059371
2019-01-25,204845.017339878,230566.74092891233,25721.723589034347,-17.515429289710227,-14.487428281000959
2019-01-28,204372.00793414604,230093.73152318038,25721.723589034347,-17.705895127153536,-14.662857965995657
2019-01-29,203736.88494350488,229458.60853253922,25721.723589034347,-17.96163894709889,-14.89841232248601
2019-01-30,205188.16244565492,230909.88603468926,25721.723589034347,-17.37725567382782,-14.360162655657271
2019-01-31,206766.0186161418,232487.74220517615,25721.723589034347,-16.74190319830604,-13.774967503930569
2019-02-01,206544.02471786278,232265.74830689712,25721.723589034347,-16.831293077726283,-13.857300580554222
2019-02-04,207800.49094521045,233522.2145342448,25721.723589034347,-16.32535410629994,-13.391302501448376
2019-02-05,208136.98939402687,233858.7129830612,25721.723589034347,-16.189856887691747,-13.26650198762831
2019-02-06,207845.85472974397,233567.5783187783,25721.723589034347,-16.307087553656217,-13.374477985203148
2019-02-07,206872.18703651498,232593.91062554932,25721.723589034347,-16.699152553495665,-13.735591769924538
2019-02-08,207109.05459430098,232830.77818333532,25721.723589034347,-16.60377352464306,-13.647742351827752
2019-02-11,207021.29404824314,232743.0176372775,25721.723589034347,-16.639111904169624,-13.6802909750968
2019-02-12,207935.23006079975,233656.9536498341,25721.723589034347,-16.271098951590325,-13.341330470622225
2019-02-13,207678.86827124213,233400.59186027647,25721.723589034347,-16.3743276873086,-13.436409907609704
2019-02-14,207927.67672532014,233649.40031435448,25721.723589034347,-16.27414043945543,-13.344131850991815
2019-02-15,207663.00183098292,233384.72542001726,25721.723589034347,-16.38071659796152,-13.442294451517133
2019-02-19,207910.38605520604,233632.10964424038,25721.723589034347,-16.28110284215468,-13.35054461313715
2019-02-20,207838.84047167175,233560.5640607061,25721.723589034347,-16.309911972201775,-13.377079432593353
2019-02-21,207220.53334827375,232942.2569373081,25721.723589034347,-16.558884577456688,-13.606397121783576
2019-02-22,207592.75771295914,233314.48130199348,25721.723589034347,-16.409001669257638,-13.468346583564228
2019-02-25,207959.48593526304,233681.2095242974,25721.723589034347,-16.261331882719,-13.332334454126993
2019-02-26,207868.52678319789,233590.25037223223,25721.723589034347,-16.297958239111242,-13.366069376098544
2019-02-27,207561.47751821458,233283.20110724893,25721.723589034347,-16.42159720840595,-13.479947779320822
2019-02-28,207449.96481296176,233171.6884019961,25721.723589034347,-16.466499826692537,-13.52130560121263
2019-03-01,207718.72455158122,233440.44814061557,25721.723589034347,-16.358278831365837,-13.42162801401473
2019-03-04,207997.80751088227,233719.5310999166,25721.723589034347,-16.24590100353559,-13.318121751677703
2019-03-05,208740.84630875417,234462.56989778852,25721.723589034347,-15.946702921690804,-13.04254359050393
2019-03-06,208796.40179237476,234518.1253814091,25721.723589034347,-15.924332496104899,-13.021939177836472
2019-03-07,207880.38290196584,233602.1064910002,25721.723589034347,-16.293184157322173,-13.361672179857798
2019-03-08,207745.4574951559,233467.18108419023,25721.723589034347,-16.347514325578906,-13.411713302354766
2019-03-11,208844.23027437303,234565.95386340737,25721.723589034347,-15.90507348821404,-13.004200554821688
2019-03-12,208943.0223380088,234664.74592704314,25721.723589034347,-15.865293067560405,-12.967560563325575
2019-03-13,209392.87705103192,235114.60064006626,25721.723589034347,-15.684150888133374,-12.800718488638053
2019-03-14,208257.75529858904,233979.47888762338,25721.723589034347,-16.141228300462195,-13.221712340025727
2019-03-15,208827.89917847706,234549.6227675114,25721.723589034347,-15.911649500907432,-13.010257430169048
2019-03-18,208702.5842025332,234424.30779156755,25721.723589034347,-15.962109854439731,-13.056734236948241
2019-03-19,208996.16491051362,234717.88849954796,25721.723589034347,-15.84389424450665,-12.94785105091133
2019-03-20,210830.6636632609,236552.38725229524,25721.723589034347,-15.105199966979477,-12.267472321825313
2019-03-21,211337.89408199006,237059.6176710244,25721.723589034347,-14.900954416448675,-12.079350750670315
2019-03-22,210080.12933479046,235801.8529238248,25721.723589034347,-15.407416260503004,-12.54583042469969
2019-03-25,210397.62021438184,236119.34380341618,25721.723589034347,-15.279572785237615,-12.428079436409678
2019-03-26,210371.2033792095,236092.92696824385,25721.723589034347,-15.290210004228888,-12.437876909814394
2019-03-27,209799.97320811707,235521.6967971514,25721.723589034347,-15.520226218687972,-12.649734703253301
2019-03-28,209907.89443398803,235629.61802302237,25721.723589034347,-15.476769774874533,-12.609708888905091
2019-03-29,210181.6796803246,235903.40326935894,25721.723589034347,-15.366525167492096,-12.508167441866213
2019-04-01,211095.35640331722,236817.07999235156,25721.723589034347,-14.998616622570127,-12.16930310268134
2019-04-02,211539.47570233187,237261.1992913662,25721.723589034347,-14.819783911874518,-12.004588177815002
2019-04-03,211675.53571806918,237397.25930710352,25721.723589034347,-14.764996872703795,-11.954126251663155
2019-04-04,211968.3610068914,237690.08459592576,25721.723589034347,-14.647085446029728,-11.845523235414301
2019-04-05,212007.7287451937,239849.52962167998,27841.800876486283,-14.631233310420743,-11.044628462412431
2019-04-08,211406.8007540947,239248.601630581,27841.800876486283,-14.87320789206924,-11.267500580610301
2019-04-09,210263.74437825708,238105.54525474337,27841.800876486283,-15.33348032477474,-11.69143722439454
2019-04-10,211899.76910865228,239741.56998513857,27841.800876486283,-14.674705220989015,-11.084668522506568
2019-04-11,211567.9436814146,239409.74455790088,27841.800876486283,-14.808320762493976,-11.207735906512317
2019-04-12,211445.13263822292,239286.9335147092,27841.800876486283,-14.85777286197727,-11.253284054942148
2019-04-15,210955.2290773949,238797.0299538812,27841.800876486283,-15.055041438138407,-11.434979442628679
2019-04-16,211622.78132222695,239464.58219871324,27841.800876486283,-14.786239389366562,-11.187397727319704
2019-04-17,211936.76940006553,239778.57027655182,27841.800876486283,-14.659806380914652,-11.070945857822355
2019-04-18,211922.03936576753,239763.84024225382,27841.800876486283,-14.665737697045245,-11.076408931591175
2019-04-22,212976.36887825944,240818.16975474573,27841.800876486283,-14.24119274909178,-10.685379298743047
2019-04-23,215264.31715662425,243106.11803311054,27841.800876486283,-13.3199087754858,-9.836825251204374
2019-04-24,215367.96840713167,243209.76928361796,27841.800876486283,-13.278171714888899,-9.798383084927176
2019-04-25,214434.43688029336,242276.23775677965,27841.800876486283,-13.654075157578049,-10.144611171940475
2019-04-26,213086.56837722115,240928.36925370744,27841.800876486283,-14.196818917194943,-10.644508518679995
2019-04-29,213261.8040114369,241103.6048879232,27841.800876486283,-14.126257102955398,-10.579517142741611
2019-04-30,213167.54602914292,241009.3469056292,27841.800876486283,-14.164211793318394,-10.614475534565726
2019-05-01,214792.18901510452,242633.9898915908,27841.800876486283,-13.510019755870973,-10.011928093008905
2019-05-02,214368.76056904308,242210.56144552937,27841.800876486283,-13.680520918425266,-10.168969196230549
2019-05-03,216164.15024010596,244005.95111659224,27841.800876486283,-12.957574623717028,-9.503095239771008
2019-05-06,214564.4765477283,242406.27742421458,27841.800876486283,-13.601712321112846,-10.096382072014599
2019-05-07,211293.0060293766,239134.80690586288,27841.800876486283,-14.919029406985052,-11.309704757671991
2019-05-08,211237.44086697453,239079.24174346082,27841.800876486283,-14.94140372990831,-11.330312760005024
2019-05-09,209721.90663586353,237563.70751234982,27841.800876486283,-15.551661143407047,-11.892393956574631
2019-05-10,209026.9012939968,236868.7021704831,27841.800876486283,-15.831517680850272,-12.15015747399274
2019-05-13,202184.4709724796,230026.2718489659,27841.800876486283,-18.586746658419074,-14.687877403778248
2019-05-14,204037.62144951662,231879.4223260029,27841.800876486283,-17.840541924982244,-14.000581124899147
2019-05-15,205790.04163763835,233631.84251412464,27841.800876486283,-17.134898073848525,-13.350643686329967
2019-05-16,208334.50493835233,236176.30581483862,27841.800876486283,-16.11032366255469,-12.406953370840146
2019-05-17,207444.72165167303,235286.52252815932,27841.800876486283,-16.46861108091625,-12.736956114557586
2019-05-20,205587.87550067087,233429.67637715716,27841.800876486283,-17.21630394466964,-13.425623044657776
2019-05-21,206943.24843767346,234785.04931415975,27841.800876486283,-16.67053838828557,-12.922942454150753
2019-05-22,205765.9888639465,233607.78974043278,27841.800876486283,-17.144583360501475,-13.359564376829724
2019-05-23,202662.20298061043,230504.00385709672,27841.800876486283,-18.39437917925383,-14.510696200439199
2019-05-24,202852.39981413132,230694.2006906176,27841.800876486283,-18.31779296609054,-14.440156016275363
2019-05-28,203032.268887381,230874.0697638673,27841.800876486283,-18.245365413379112,-14.373446190893235
2019-05-29,202342.37442376046,230184.17530024674,27841.800876486283,-18.523163962770873,-14.62931418625637
2019-05-30,202510.3778034885,230352.17867997478,27841.800876486283,-18.455514347297175,-14.56700510819876
2019-05-31,198777.622510723,226619.4233872093,27841.800876486283,-19.958576134635962,-15.951409048663423
2019-06-03,195816.10825242347,223657.90912890976,27841.800876486283,-21.151083696794203,-17.049775185034143
2019-06-04,197078.05197339202,224919.8528498783,27841.800876486283,-20.642939112969984,-16.581745613596798
2019-06-05,197835.30377268422,225677.1046491705,27841.800876486283,-20.33801790768348,-16.300896135760446
2019-06-06,198272.4205737373,226114.2214502236,27841.800876486283,-20.162004880111052,-16.138778296695556
2019-06-07,199538.59349815786,227380.39437464415,27841.800876486283,-19.65215733062179,-15.669180198669997
2019-06-10,200805.38417615107,228647.18505263736,27841.800876486283,-19.14206103142454,-15.199352988256098
2019-06-11,201130.3198218352,228972.1206983215,27841.800876486283,-19.011219785731683,-15.078840885800737
2019-06-12,200488.0118374832,228329.8127139695,27841.800876486283,-19.26985677403177,-15.31706001209927
2019-06-13,200892.92686586885,228734.72774235514,27841.800876486283,-19.106810375714357,-15.166885163526455
2019-06-14,200332.5032010764,228174.3040775627,27841.800876486283,-19.332475153928574,-15.374735040900411
2019-06-17,200895.0071311206,228736.8080076069,27841.800876486283,-19.105972719087493,-15.16611363494077
2019-06-18,201438.0867097315,229279.88758621778,27841.800876486283,-18.88729185252329,-14.964696330658334
2019-06-19,201610.2481681946,229452.0490446809,27841.800876486283,-18.81796791104501,-14.900845104741013
2019-06-20,202283.56363017118,230125.36450665747,27841.800876486283,-18.5468451981035,-14.651125927986309
2019-06-21,202005.62954125577,229847.43041774206,27841.800876486283,-18.65876041238429,-14.754206097380129
2019-06-24,202113.06004732463,229954.86092381092,27841.800876486283,-18.61550156582139,-14.714362281147086
2019-06-25,201009.89952305757,228851.70039954386,27841.800876486283,-19.059709208508302,-15.123502355161666
2019-06-26,201583.1136267474,229424.91450323368,27841.800876486283,-18.82889412751715,-14.9109087609831
2019-06-27,201369.89739031857,229211.69826680486,27841.800876486283,-18.914749521798548,-14.989986379185183
2019-06-28,200780.93139031294,228622.73226679923,27841.800876486283,-19.151907390241185,-15.208422035223968
2019-07-01,201328.51251940452,229170.31339589081,27841.800876486283,-18.931413892529037,-15.00533519631232
2019-07-02,201972.50609639363,229814.30697287992,27841.800876486283,-18.672098169706285,-14.766490917571208
2019-07-03,202458.21938600627,230300.02026249256,27841.800876486283,-18.476516882437245,-14.58634961728853
2019-07-05,202579.29779811582,230421.0986746021,27841.800876486283,-18.42776245836175,-14.541444066915455
2019-07-08,202362.4869110214,232227.9126566179,29865.425745596498,-18.51506530409135,-13.871333063057989
2019-07-09,202948.84558671282,232814.27133230932,29865.425745596498,-18.278957322190024,-13.653864411221605
2019-07-10,204576.41681364216,234441.84255923866,29865.425745596498,-17.62358617527586,-13.050230943923369
2019-07-11,204408.95798639744,234274.38373199393,29865.425745596498,-17.691016516791137,-13.112338058405937
2019-07-12,205286.60312963894,235152.02887523544,29865.425745596498,-17.33761674257972,-12.78683710821291
2019-07-15,205662.11116089497,235527.53690649147,29865.425745596498,-17.18641160633261,-12.64756872403714
2019-07-16,205430.46045277495,235295.88619837145,29865.425745596498,-17.279689975814794,-12.733483317408522
2019-07-17,205096.02800130338,234961.45374689988,29865.425745596498,-17.41435528302826,-12.857517594322898
2019-07-18,202863.16071822215,232728.58646381865,29865.425745596498,-18.31345989240434,-13.685643207385024
2019-07-19,202069.94626730678,231935.37201290327,29865.425745596498,-18.632862113237437,-13.979830510155455
2019-07-22,202462.182874643,232327.6086202395,29865.425745596498,-18.474920911673777,-13.83435783321808
2019-07-23,202795.0981867895,232660.523932386,29865.425745596498,-18.340866508194086,-13.710886232797371
2019-07-24,203567.03862314974,233432.46436874624,29865.425745596498,-18.030030656124307,-13.424589034593037
2019-07-25,200046.89531111243,229912.32105670893,29865.425745596498,-19.44748036372611,-14.730139463154435
2019-07-26,201281.13619861397,231146.56194421047,29865.425745596498,-18.95049082948844,-14.272384316051333
2019-07-29,201579.13799257565,231444.56373817215,29865.425745596498,-18.830494988901116,-14.16186143805136
2019-07-30,201942.04065883707,231807.46640443357,29865.425745596498,-18.684365632058974,-14.027268130488135
2019-07-31,201084.30540542997,230949.73115102647,29865.425745596498,-19.02974832712828,-14.345384902566295
2019-08-01,200200.45614995866,230065.88189555515,29865.425745596498,-19.38564629993178,-14.67318683333383
2019-08-02,199849.4675404671,229714.8932860636,29865.425745596498,-19.526978245194947,-14.803361456615482
2019-08-05,197888.41715911293,227753.84290470943,29865.425745596498,-20.316630836933925,-15.530675642106884
2019-08-06,199017.1186438504,228882.5443894469,29865.425745596498,-19.86213866212957,-15.112062939016656
2019-08-07,198691.28335086646,228556.70909646296,29865.425745596498,-19.99334216716503,-15.232908702580028
2019-08-08,200144.4234719461,230009.8492175426,29865.425745596498,-19.408208876515943,-14.693968227813592
2019-08-09,199655.57816429675,229521.00390989325,29865.425745596498,-19.6050513277936,-14.87527113065832
2019-08-12,198345.70371755434,228211.12946315084,29865.425745596498,-20.132496089823903,-15.36107724527257
2019-08-13,199625.24171067032,229490.66745626682,29865.425745596498,-19.617266852421643,-14.886522311795636
2019-08-14,196547.28513357704,226412.71087917354,29865.425745596498,-20.85666203138863,-16.028074564675865
2019-08-15,197010.1089692035,226875.5347148,29865.425745596498,-20.670297598941655,-15.856422502987266
2019-08-16,197459.53470775596,227324.96045335245,29865.425745596498,-20.489328153884824,-15.689739526312064
2019-08-19,197758.5202672566,227623.9460128531,29865.425745596498,-20.36893618221647,-15.578851789439273
2019-08-20,197325.04083600765,227190.46658160415,29865.425745596498,-20.54348455670284,-15.73962060112497
2019-08-21,197466.14134249202,227331.56708808852,29865.425745596498,-20.486667872286958,-15.687289258227377
2019-08-22,197359.8182011312,227225.24394672769,29865.425745596498,-20.529480818316127,-15.726722375139113
2019-08-23,196185.48822405498,226050.91396965148,29865.425745596498,-21.002346135174864,-16.162257769281062
2019-08-26,197036.41947296364,226901.84521856013,29865.425745596498,-20.659703196226808,-15.846664465766946
2019-08-27,197062.5546571035,226927.9804027,29865.425745596498,-20.649179389144734,-15.836971451071314
2019-08-28,197465.9766343967,227331.4023799932,29865.425745596498,-20.486734194996238,-15.687350345150652
2019-08-29,198103.71833082032,227969.14407641682,29865.425745596498,-20.229935905554452,-15.450824763299998
2019-08-30,197879.4721635219,227744.8979091184,29865.425745596498,-20.32023270204597,-15.533993161250892
2019-09-03,197464.0684456997,227329.4941912962,29865.425745596498,-20.487502561869654,-15.688058053999509
2019-09-04,198029.5950572795,227895.020802876,29865.425745596498,-20.25978298935006,-15.478315596189285
2019-09-05,198443.78045351338,228309.20619910987,29865.425745596498,-20.093003708865353,-15.324702554439561
2019-09-06,198170.4588857891,228035.8846313856,29865.425745596498,-20.203061607623972,-15.426072032397265
2019-09-09,197990.67975691595,227856.10550251245,29865.425745596498,-20.27545294259683,-15.492748499217267
2019-09-10,196816.81778348476,226682.24352908126,29865.425745596498,-20.748129809278694,-15.928110320210308
2019-09-11,197206.45054214116,227071.87628773766,29865.425745596498,-20.591237094728964,-15.783603358432375
2019-09-12,197392.1103517165,227257.536097313,29865.425745596498,-20.516477796749232,-15.714745865293144
2019-09-13,197164.16812038282,227029.59386597932,29865.425745596498,-20.60826288062613,-15.799285059134293
2019-09-16,196677.2846814961,226542.7104270926,29865.425745596498,-20.804315349775948,-15.979860344272357
2019-09-17,197137.4545292402,227002.8802748367,29865.425745596498,-20.61901959380442,-15.809192593366028
2019-09-18,197224.421579781,227089.8473253775,29865.425745596498,-20.58400072967509,-15.776938261641526
2019-09-19,197196.55180116743,227061.97754676393,29865.425745596498,-20.59522300276029,-15.787274602576407
2019-09-20,196840.09023525967,226705.51598085617,29865.425745596498,-20.73875873343336,-15.919479035431493
2019-09-23,196636.8232959693,226502.2490415658,29865.425745596498,-20.820607862324504,-15.994866659223817
2019-09-24,195847.91680013572,225713.34254573222,29865.425745596498,-21.13827540671698,-16.28745622800881
2019-09-25,196189.05526726157,226054.48101285807,29865.425745596498,-21.000909800371993,-16.16093482462392
2019-09-26,195634.15219812794,225499.57794372443,29865.425745596498,-21.224351610369098,-16.366737223986505
2019-09-27,194955.83276802633,224821.25851362283,29865.425745596498,-21.497489262057957,-16.61831227198025
2019-09-30,195105.01875751073,224970.44450310722,29865.425745596498,-21.4374168109024,-16.56298218588953
2019-10-01,194484.09784706272,224349.5235926592,29865.425745596498,-21.687441905036707,-16.79326927618102
2019-10-02,193969.27286833304,223834.69861392953,29865.425745596498,-21.894745543235494,-16.98420751705214
2019-10-03,194447.433198043,224312.8589436395,29865.425745596498,-21.702205592598688,-16.806867457845122
2019-10-04,194965.29917464842,226780.3779119914,31815.07873734298,-21.493677441314006,-15.891714249281364
2019-10-07,194791.47263509218,226606.55137243518,31815.07873734298,-21.563671857968824,-15.956183020321724
2019-10-08,194591.23380645725,226406.31254380025,31815.07873734298,-21.64430166304765,-16.030447578712003
2019-10-09,195216.1520261721,227031.23076351508,31815.07873734298,-21.392666979658248,-15.798677966726427
2019-10-10,195504.79898409743,227319.87772144043,31815.07873734298,-21.276438033889956,-15.691624609457211
2019-10-11,195831.3067915631,227646.3855289061,31815.07873734298,-21.144963728670806,-15.570529423784574
2019-10-14,196141.23612652643,227956.31486386943,31815.07873734298,-21.020165046833405,-15.455582860472372
2019-10-15,196548.5541780066,228363.6329153496,31815.07873734298,-20.856151027575386,-15.304516778914756
2019-10-16,196714.96141930786,228530.04015665085,31815.07873734298,-20.78914412626012,-15.242799676530405
2019-10-17,196819.06216929678,228634.14090663978,31815.07873734298,-20.747226066524206,-15.204190799926764
2019-10-18,196587.43824660586,228402.51698394885,31815.07873734298,-20.840493650366366,-15.290095459120645
2019-10-21,196588.00907871558,228403.08781605857,31815.07873734298,-20.840263794438552,-15.289883748960175
2019-10-22,196671.5202579516,228486.5989952946,31815.07873734298,-20.806636499724497,-15.258911130468068
2019-10-23,196790.87156674912,228605.9503040921,31815.07873734298,-20.758577525199673,-15.214646128012877
2019-10-24,198817.69742577916,230632.77616312215,31815.07873734298,-19.942439241449183,-14.462937139396582
2019-10-25,199961.36104095692,231776.43977829991,31815.07873734298,-19.481922292782595,-14.03877528274159
2019-10-28,200182.07771014102,231997.156447484,31815.07873734298,-19.393046712879915,-13.956915904727474
2019-10-29,199422.85194824517,231237.93068558816,31815.07873734298,-19.698762770099243,-14.23849748563314
2019-10-30,199682.06667545004,231497.14541279303,31815.07873734298,-19.59438524716539,-14.142359951392836
2019-10-31,199637.80271975754,231452.88145710054,31815.07873734298,-19.612208933729246,-14.158776563218433
2019-11-01,200174.81098523148,231989.88972257447,31815.07873734298,-19.39597279178785,-13.95961098699513
2019-11-04,200002.59925441083,231817.67799175382,31815.07873734298,-19.465316976344937,-14.023480857919813
2019-11-05,199724.2159697826,231539.2947071256,31815.07873734298,-19.577413067446734,-14.126727624978376
2019-11-06,200251.20370028217,232066.28243762517,31815.07873734298,-19.36521187610546,-13.931278463846898
2019-11-07,200332.34343352902,232147.422170872,31815.07873734298,-19.33253948723642,-13.901185367025647
2019-11-08,200718.37543504275,232533.45417238574,31815.07873734298,-19.177096683018913,-13.758013853726393
2019-11-11,201263.89891205746,233078.97764940045,31815.07873734298,-18.957431736327614,-13.555690156628197
2019-11-12,201658.44499913786,233473.52373648086,31815.07873734298,-18.798560580754152,-13.409360940055215
2019-11-13,201808.1562552432,233623.2349925862,31815.07873734298,-18.738276621443305,-13.35383604312832
2019-11-14,201988.92675478937,233804.00549213236,31815.07873734298,-18.665486093043924,-13.286791896844063
2019-11-15,202331.5151978213,234146.5939351643,31815.07873734298,-18.52753662753698,-13.159732726528162
2019-11-18,202366.91435003962,234181.9930873826,31815.07873734298,-18.513282515271268,-13.146603892201657
2019-11-19,202659.08215863956,234474.16089598255,31815.07873734298,-18.395635834962963,-13.03824472215731
2019-11-20,202149.36534614646,233964.44408348945,31815.07873734298,-18.60088257715027,-13.227288446803332
2019-11-21,201960.3797360928,233775.45847343578,31815.07873734298,-18.67698106916209,-13.297379412518795
2019-11-22,201234.83205688547,233049.91079422846,31815.07873734298,-18.969136034054234,-13.566470469207225
2019-11-25,201893.08735720319,233708.16609454618,31815.07873734298,-18.70407756902751,-13.32233680382664
2019-11-26,201776.49879184377,233591.57752918676,31815.07873734298,-18.751024074674973,-13.365577160249021
2019-11-27,201987.551915014,233802.63065235698,31815.07873734298,-18.666039697276727,-13.287301797293804
2019-11-29,201757.18528563806,233572.26402298105,31815.07873734298,-18.758801009105575,-13.372740151658402
2019-12-02,201365.65617169568,233180.73490903867,31815.07873734298,-18.916457325590606,-13.517950433510784
2019-12-03,201297.16963135885,233112.24836870184,31815.07873734298,-18.944034676274924,-13.543350715306612
2019-12-04,201305.41061318832,233120.4893505313,31815.07873734298,-18.9407162951043,-13.54029430072189
2019-12-05,201535.91535259105,233350.99408993404,31815.07873734298,-18.847899370762057,-13.454804724123226
2019-12-06,202030.91017104365,233845.98890838664,31815.07873734298,-18.648580707149478,-13.271221091276065
2019-12-09,202034.9222551016,233850.0009924446,31815.07873734298,-18.646965168556097,-13.269733089908797
2019-12-10,202367.06468158495,234182.14341892794,31815.07873734298,-18.513221981541218,-13.146548137251912
2019-12-11,202861.20910652625,234676.28784386924,31815.07873734298,-18.314245744337764,-12.963279898272184
2019-12-12,203074.20316763676,234889.28190497975,31815.07873734298,-18.228479812987864,-12.88428468043178
2019-12-13,203316.08438692527,235131.16312426826,31815.07873734298,-18.13108194217321,-12.794575796016982
2019-12-16,204471.43729051625,236286.51602785924,31815.07873734298,-17.66585808899318,-12.366078617147902
2019-12-17,204189.67641753273,236004.75515487572,31815.07873734298,-17.77931422745732,-12.470578063865755
2019-12-18,204406.99951559608,236222.07825293907,31815.07873734298,-17.691805130668094,-12.389977293197507
2019-12-19,204826.31774289458,236641.39648023757,31815.07873734298,-17.522959022430417,-12.234460587533524
2019-12-20,205266.0163484581,237081.0950858011,31815.07873734298,-17.345906384329666,-12.071385209048701
2019-12-23,205890.33461344172,237705.41335078471,31815.07873734298,-17.094513283621126,-11.839838108218782
2019-12-24,206192.6758710855,238007.75460842848,31815.07873734298,-16.972770079082355,-11.727705810326572
2019-12-26,206736.74205582804,238551.82079317103,31815.07873734298,-16.75369193762083,-11.52592259365256
2019-12-27,206762.78808145723,238577.86681880022,31815.07873734298,-16.743204031834146,-11.516262646057186
2019-12-30,206180.04192392898,237995.12066127197,31815.07873734298,-16.97785736761451,-11.732391487488691
2019-12-31,206532.50073671032,238347.57947405332,31815.07873734298,-16.83593341826557,-11.601671595345831
2020-01-02,207419.46959761414,239234.54833495713,31815.07873734298,-16.47877927961422,-11.272712665601748
2020-01-03,207527.35051700255,239342.42925434554,31815.07873734298,-16.435339065938827,-11.232701800118095
2020-01-06,208099.88580803314,241995.96340345644,33896.07759542331,-16.20479732120703,-10.24855929838312
2020-01-07,208325.4976466145,242221.57524203783,33896.07759542331,-16.113950612342908,-10.164884400392104
2020-01-08,209674.13531221007,243570.2129076334,33896.07759542331,-15.570897135451123,-9.664701786726503
2020-01-09,210243.54512826476,244139.62272368808,33896.07759542331,-15.34161392004556,-9.45351912639697
2020-01-10,209608.45433885587,243504.5319342792,33896.07759542331,-15.597344773579259,-9.689061540097244
2020-01-13,213878.44194663438,247774.5195420577,33896.07759542331,-13.87795662667849,-8.105408927936786
2020-01-14,213574.5293012784,247470.60689670173,33896.07759542331,-14.000332579050434,-8.218124021959493
2020-01-15,212275.03806224122,246171.11565766454,33896.07759542331,-14.523596353711454,-8.700079213452794
2020-01-16,213002.0756883343,246898.15328375762,33896.07759542331,-14.230841434615638,-8.430435565400085
2020-01-17,213589.0282242695,247485.10581969284,33896.07759542331,-13.994494324089624,-8.212746662730975
2020-01-21,215096.01585810602,248992.09345352935,33896.07759542331,-13.387678353377108,-7.6538352273742944
2020-01-22,216287.04477017443,250183.12236559775,33896.07759542331,-12.908088906724846,-7.212106533754725
2020-01-23,217330.93400497484,251227.01160039817,33896.07759542331,-12.487747926408288,-6.824948990138823
2020-01-24,216110.7821949553,250006.8597903786,33896.07759542331,-12.97906423743116,-7.277478781478219
2020-01-27,213546.10441852955,247442.18201395287,33896.07759542331,-14.011778374908578,-8.228666239865134
2020-01-28,216105.40537923801,250001.48297466134,33896.07759542331,-12.981229310040632,-7.279472934398057
2020-01-29,217573.93876188272,251470.01635730604,33896.07759542331,-12.389897642743119,-6.734823408194856
2020-01-30,220911.33485939584,254807.41245481913,33896.07759542331,-11.046034423767104,-5.497050249787383
2020-01-31,218549.3593784938,252445.43697391712,33896.07759542331,-11.997126796432333,-6.373059499410361
2020-02-03,225637.8505267072,259533.9281221305,33896.07759542331,-9.142816953132836,-3.7440805527982124
2020-02-04,233486.58187784877,267382.6594732721,33896.07759542331,-5.982382569487832,-0.8331437894834037
2020-02-05,226423.70322437643,260319.78081979975,33896.07759542331,-8.826379076095192,-3.4526235763961854
2020-02-06,226873.07476588094,260769.15236130427,33896.07759542331,-8.645431454465125,-3.2859607003171587
2020-02-07,226337.59141722054,260233.66901264386,33896.07759542331,-8.861053560925624,-3.484560715532581
2020-02-10,228266.11943104793,262162.19702647126,33896.07759542331,-8.084496691790822,-2.7693084227252696
2020-02-11,228932.39734051633,262828.47493593965,33896.07759542331,-7.8162077773230365,-2.5221993327990355
2020-02-12,230298.31793192166,264194.39552734495,33896.07759542331,-7.266195016116949,-2.0156068291949825
2020-02-13,229966.5663842945,263862.6439797178,33896.07759542331,-7.3997808086534445,-2.1386468127375546
2020-02-14,231321.0741354876,265217.15173091093,33896.07759542331,-6.854363635066319,-1.6362871022641556
2020-02-18,231744.58491787827,265640.6625133016,33896.07759542331,-6.683829318292034,-1.4792154621522946
2020-02-19,233885.49755821057,267781.5751536339,33896.07759542331,-5.8217519177319765,-0.6851939785551764
2020-02-20,232486.6778520589,266382.7554474822,33896.07759542331,-6.38501210566017,-1.2039881028175436
2020-02-21,229038.64473012218,262934.7223255455,33896.07759542331,-7.773425334115314,-2.4827943106912387
2020-02-24,224313.46543264244,258209.54302806576,33896.07759542331,-9.676104691139098,-4.235268374959878
2020-02-25,222036.24714111525,255932.32473653858,33896.07759542331,-10.593068040453002,-5.079842885964803
2020-02-26,221956.7057765674,255852.78337199072,33896.07759542331,-10.625096817103962,-5.109343179949621
2020-02-27,220254.96816455058,254151.04575997387,33896.07759542331,-11.310332407461843,-5.740483469343638
2020-02-28,220254.96816455058,254151.04575997387,33896.07759542331,-11.310332407461843,-5.740483469343638
2020-03-02,220254.96816455058,254151.04575997387,33896.07759542331,-11.310332407461843,-5.740483469343638
2020-03-03,220254.96816455058,254151.04575997387,33896.07759542331,-11.310332407461843,-5.740483469343638
2020-03-04,220254.96816455058,254151.04575997387,33896.07759542331,-11.310332407461843,-5.740483469343638
2020-03-05,220254.96816455058,254151.04575997387,33896.07759542331,-11.310332407461843,-5.740483469343638
2020-03-06,220254.96816455058,254151.04575997387,33896.07759542331,-11.310332407461843,-5.740483469343638
2020-03-09,220254.96816455058,254151.04575997387,33896.07759542331,-11.310332407461843,-5.740483469343638
2020-03-10,220254.96816455058,254151.04575997387,33896.07759542331,-11.310332407461843,-5.740483469343638
2020-03-11,220254.96816455058,254151.04575997387,33896.07759542331,-11.310332407461843,-5.740483469343638
2020-03-12,220254.96816455058,254151.04575997387,33896.07759542331,-11.310332407461843,-5.740483469343638
2020-03-13,220254.96816455058,254151.04575997387,33896.07759542331,-11.310332407461843,-5.740483469343638
2020-03-16,220254.96816455058,254151.04575997387,33896.07759542331,-11.310332407461843,-5.740483469343638
2020-03-17,220254.96816455058,254151.04575997387,33896.07759542331,-11.310332407461843,-5.740483469343638
2020-03-18,220254.96816455058,254151.04575997387,33896.07759542331,-11.310332407461843,-5.740483469343638
2020-03-19,220254.96816455058,254151.04575997387,33896.07759542331,-11.310332407461843,-5.740483469343638
2020-03-20,220254.96816455058,254151.04575997387,33896.07759542331,-11.310332407461843,-5.740483469343638
2020-03-23,220254.96816455058,254151.04575997387,33896.07759542331,-11.310332407461843,-5.740483469343638
2020-03-24,220254.96816455058,254151.04575997387,33896.07759542331,-11.310332407461843,-5.740483469343638
2020-03-25,220254.96816455058,254151.04575997387,33896.07759542331,-11.310332407461843,-5.740483469343638
2020-03-26,220254.96816455058,254151.04575997387,33896.07759542331,-11.310332407461843,-5.740483469343638
2020-03-27,220254.96816455058,254151.04575997387,33896.07759542331,-11.310332407461843,-5.740483469343638
2020-03-30,220254.96816455058,254151.04575997387,33896.07759542331,-11.310332407461843,-5.740483469343638
2020-03-31,220254.96816455058,254151.04575997387,33896.07759542331,-11.310332407461843,-5.740483469343638
2020-04-01,220254.96816455058,254151.04575997387,33896.07759542331,-11.310332407461843,-5.740483469343638
2020-04-02,220254.96816455058,254151.04575997387,33896.07759542331,-11.310332407461843,-5.740483469343638
2020-04-03,220254.96816455058,254151.04575997387,33896.07759542331,-11.310332407461843,-5.740483469343638
2020-04-06,220254.96816455058,256353.5954416194,36098.627277068816,-11.310332407461843,-4.9236020455200595
2020-04-07,220170.23859941214,256268.86587648097,36098.627277068816,-11.344450307412114,-4.95502653886385
2020-04-08,221101.23137370235,257199.85865077117,36098.627277068816,-10.96956913959588,-4.609740024162646
2020-04-09,220654.74518867134,256753.37246574016,36098.627277068816,-11.149354919980537,-4.775332779497543
2020-04-13,221882.42401988988,257981.0512969587,36098.627277068816,-10.655007717016096,-4.3200113672265505
2020-04-14,224487.40591132914,260586.03318839797,36098.627277068816,-9.606064394821768,-3.353875922361693
2020-04-15,224771.53987959927,260870.1671566681,36098.627277068816,-9.491652686393016,-3.2484963422817037
2020-04-16,226587.72323416919,262686.350511238,36098.627277068816,-8.760333436951306,-2.5749104263911082
2020-04-17,226110.94840287976,262209.57567994855,36098.627277068816,-8.952315491458041,-2.7517366320710557
2020-04-20,225906.13147994754,262004.75875701636,36098.627277068816,-9.034788749444278,-2.827699113654225
2020-04-21,223587.08893053804,259685.71620760686,36098.627277068816,-9.968593396640358,-3.6877854015847644
2020-04-22,225252.79113460743,261351.41841167625,36098.627277068816,-9.297868118485885,-3.0700099209837073
2020-04-23,224958.9878492293,261057.61512629813,36098.627277068816,-9.416173353255042,-3.178975656505467
2020-04-24,225688.50693836622,261787.13421543504,36098.627277068816,-9.122419227946843,-2.908411683666756
2020-04-27,226039.6608350179,262138.2881120867,36098.627277068816,-8.981020726803413,-2.7781757586983313
2020-04-28,224657.43450629647,260756.0617833653,36098.627277068816,-9.537599289609645,-3.290815732661978
2020-04-29,225581.10944683733,261679.73672390616,36098.627277068816,-9.165664780604942,-2.94824325547024
2020-04-30,225992.0409389005,262090.66821596932,36098.627277068816,-9.000195743796846,-2.795837021400771
2020-05-01,224193.15910684277,260291.7863839116,36098.627277068816,-9.724548220623896,-3.4630061502096354
2020-05-04,225349.26345231466,261447.89072938348,36098.627277068816,-9.259021785707855,-3.0342302766447116
2020-05-05,225921.01703506528,262019.6443121341,36098.627277068816,-9.028794810027962,-2.8221783603380457
2020-05-06,226487.35032236963,262585.97759943845,36098.627277068816,-8.800750414860959,-2.612136722709135
2020-05-07,227245.91481854412,263344.5420956129,36098.627277068816,-8.495300628307422,-2.330800391973542
2020-05-08,227672.97073788347,263771.59801495227,36098.627277068816,-8.323338797683311,-2.172413931795447
2020-05-11,228811.57791316436,264910.2051902332,36098.627277068816,-7.864857916477042,-1.7501274071054174
2020-05-12,227703.07745450299,263801.7047315718,36098.627277068816,-8.311215780838154,-2.16124795549818
2020-05-13,227370.60487413645,263469.23215120524,36098.627277068816,-8.445091910316926,-2.2845553555969733
2020-05-14,228001.81209417715,264100.439371246,36098.627277068816,-8.190924846600133,-2.0504532797475994
2020-05-15,229324.36580363713,265422.9930807059,36098.627277068816,-7.65837454890309,-1.5599446813401086
2020-05-18,229776.83077189128,265875.4580489601,36098.627277068816,-7.476181302747809,-1.3921345154320197
2020-05-19,229914.546045826,266013.1733228948,36098.627277068816,-7.420727743768108,-1.3410586872718233
2020-05-20,230910.61769285135,267009.24496992014,36098.627277068816,-7.019641384585363,-0.9716357262222086
2020-05-21,229921.14701328485,266019.77429035364,36098.627277068816,-7.418069744202449,-1.3386105210663857
2020-05-22,230396.19036312314,266494.81764019193,36098.627277068816,-7.226784902183692,-1.1624264870681578
2020-05-26,229577.0931673739,265675.7204444427,36098.627277068816,-7.55660928082248,-1.4662131798675815
2020-05-27,228887.32978053845,264985.95705760724,36098.627277068816,-7.834355049763486,-1.7220325614846876
2020-05-28,228964.79488754878,265063.4221646176,36098.627277068816,-7.803162315960388,-1.6933023097048694
2020-05-29,232666.49162866967,268765.11890573846,36098.627277068816,-6.312606819145794,-0.3204173620242279
2020-06-01,234104.17727104182,270202.80454811064,36098.627277068816,-5.733696555340573,0.0
2020-06-02,233841.56600458894,269940.19328165776,36098.627277068816,-5.839441756558294,-0.09719042957088142
2020-06-03,233937.6837379271,270036.3110149959,36098.627277068816,-5.8007382036234905,-0.061617988530193735
2020-06-04,233108.7914407027,269207.41871777154,36098.627277068816,-6.134506757965131,-0.36838471458643385
2020-06-05,233331.9886419723,269430.6159190411,36098.627277068816,-6.044632346717361,-0.285781130347984
2020-06-08,233862.08159693299,269960.7088740018,36098.627277068816,-5.831180780287837,-0.08959776509859241
2020-06-09,234933.39164205507,271032.01891912386,36098.627277068816,-5.399798312131921,0.0
2020-06-10,236502.85920150654,272601.48647857533,36098.627277068816,-4.767823663364723,0.0
2020-06-11,233817.9530715855,269916.5803486543,36098.627277068816,-5.848949933360892,-0.9849198420024186
2020-06-12,233903.90621654727,270002.5334936161,36098.627277068816,-5.814339336747709,-0.953389146380712
2020-06-15,234821.50913373585,270920.13641080464,36098.627277068816,-5.444849838346933,-0.6167794935714066
2020-06-16,235136.70768016938,271235.33495723817,36098.627277068816,-5.317929412706612,-0.5011533645633781
2020-06-17,235979.8399718164,272078.4672488852,36098.627277068816,-4.97842686570007,-0.19186220751999938
2020-06-18,236935.89732072368,273034.5245977925,36098.627277068816,-4.593452991191849,0.0
2020-06-19,236627.5474790385,272726.1747561073,36098.627277068816,-4.717615661342567,-0.112934377855467
2020-06-22,237941.7652385606,274040.3925156294,36098.627277068816,-4.188421985451695,0.0
2020-06-23,238254.7709777078,274353.3982547766,36098.627277068816,-4.062384533534679,0.0
2020-06-24,237129.13143433185,273227.7587114007,36098.627277068816,-4.515643761977817,-0.41028817231220094
2020-06-25,238217.31129178152,274315.93856885034,36098.627277068816,-4.077468357162406,-0.013653807885949387
2020-06-26,236244.97545250077,272343.6027295696,36098.627277068816,-4.8716652437269525,-0.7325571828130317
2020-06-29,236373.22200648184,272471.84928355063,36098.627277068816,-4.820024436996217,-0.685812161684507
2020-06-30,238241.9975233581,274340.6248004269,36098.627277068816,-4.067527997174691,-0.004655839669187589
2020-07-01,239333.48296715628,275432.11024422507,36098.627277068816,-3.6280215379141056,0.0
2020-07-02,239469.07422258848,275567.7014996573,36098.627277068816,-3.573423253603203,0.0
2020-07-06,241692.8631301013,277791.4904071701,36098.627277068816,-2.6779742172121646,0.0
2020-07-07,241382.3144568648,279894.7648785023,38512.45042163746,-2.803022286866008,0.0
2020-07-08,242202.28003272333,280714.7304543608,38512.45042163746,-2.4728482391873863,0.0
2020-07-09,243157.01053747023,281669.4609591077,38512.45042163746,-2.088408642604944,0.0
2020-07-10,244420.58283346338,282933.03325510083,38512.45042163746,-1.579608283436429,0.0
2020-07-13,242811.0836597618,281323.53408139927,38512.45042163746,-2.22770238953357,-0.568862234000933
2020-07-14,243414.6885639721,281927.1389856096,38512.45042163746,-1.984649900149349,-0.35552379936644174
2020-07-15,243549.82748822944,282062.2779098669,38512.45042163746,-1.9302337552102533,-0.3077602269399349
2020-07-16,242654.98711668616,281167.43753832363,38512.45042163746,-2.290557500739876,-0.6240330782391501
2020-07-17,242555.78144816408,281068.23186980153,38512.45042163746,-2.3305044669211017,-0.6590963818699613
2020-07-20,246167.0066916311,284679.45711326855,38512.45042163746,-0.8763789635835573,0.0
2020-07-21,244690.78873988672,283203.23916152416,38512.45042163746,-1.4708049623493813,-0.5185544354740834
2020-07-22,245020.51604100375,283532.9664626412,38512.45042163746,-1.338034269474897,-0.4027303769134183
2020-07-23,242979.40048682137,281491.8509084588,38512.45042163746,-2.1599265587927574,-1.119717677254617
2020-07-24,241748.10884482175,280260.5592664592,38512.45042163746,-2.6557285257060803,-1.5522362911669974
2020-07-27,243668.5695283917,282181.01995002915,38512.45042163746,-1.8824201137791041,-0.8776317014842827
2020-07-28,242508.96839078647,281021.41881242394,38512.45042163746,-2.349354595626074,-1.284967428959638
2020-07-29,243335.35395190498,281847.8043735424,38512.45042163746,-2.0165954241547768,-0.9946810944631901
2020-07-30,243217.03364202712,281729.48406366457,38512.45042163746,-2.0642392482190464,-1.0362437386657763
2020-07-31,243449.1197446891,281961.57016632654,38512.45042163746,-1.9707855592082324,-0.954718325832915
2020-08-03,244970.31342335042,283482.7638449879,38512.45042163746,-1.3582492662536416,-0.4203651645311779
2020-08-04,244637.593644226,283150.0440658635,38512.45042163746,-1.4922249348068295,-0.5372403976436346
2020-08-05,244852.81094933872,283365.26137097616,38512.45042163746,-1.4055637738365712,-0.46164052567007063
2020-08-06,245260.67229215105,283773.1227137885,38512.45042163746,-1.2413309884455548,-0.31837014467799296
2020-08-07,244222.61644872994,282735.0668703674,38512.45042163746,-1.6593230476608989,-0.6830103803828536
2020-08-10,243135.45954492508,281647.9099665625,38512.45042163746,-2.0970865415919526,-1.0648984571794529
2020-08-11,241744.1482940801,280256.59871571756,38512.45042163746,-2.6573233134726815,-1.5536275228286711
2020-08-12,243440.9934156126,281953.44383725006,38512.45042163746,-1.974057773363247,-0.9575728799194216
2020-08-13,243373.33181278256,281885.78223442,38512.45042163746,-2.001302947961492,-0.9813405249459173
2020-08-14,243214.38181739056,281726.832239028,38512.45042163746,-2.0653070536242546,-1.0371752511336818
2020-08-17,243736.57883776334,282249.0292594008,38512.45042163746,-1.8550349288198986,-0.8537419167905513
2020-08-18,244703.99842538053,283216.448847018,38512.45042163746,-1.4654858423076789,-0.513914239223956
2020-08-19,244210.1894419037,282722.6398635412,38512.45042163746,-1.6643270079064965,-0.6873756433182998
2020-08-20,244763.2657449819,283275.7161666194,38512.45042163746,-1.4416207784757495,-0.493095273148092
2020-08-21,244634.22346049637,283146.67388213385,38512.45042163746,-1.4935820005620215,-0.5384242497430525
2020-08-24,244663.69086130479,283176.14128294226,38512.45042163746,-1.4817164158522078,-0.5280731688792506
2020-08-25,245227.1088509342,283739.55927257164,38512.45042163746,-1.254845918299774,-0.3301600509667102
2020-08-26,246311.33547775185,284823.7858993893,38512.45042163746,-0.8182623536757139,0.0
2020-08-27,246306.74601774887,284819.19643938635,38512.45042163746,-0.8201103831911749,-0.0016113331224976157
2020-08-28,246587.8015137176,285100.2519353551,38512.45042163746,-0.7069382776071498,0.0
2020-08-31,246816.6754515477,285329.12587318517,38512.45042163746,-0.6147780251692603,0.0
2020-09-01,246996.4261815889,285508.87660322635,38512.45042163746,-0.5423981255024302,0.0
2020-09-02,247876.12207877333,286388.5725004108,38512.45042163746,-0.18817257792922426,0.0
2020-09-03,244795.73266913617,283308.18309077364,38512.45042163746,-1.4285473811535998,-1.0755978783450693
2020-09-04,243805.7142296804,282318.1646513179,38512.45042163746,-1.8271963062494345,-1.4212885009883158
2020-09-08,241652.72008933837,280165.1705109758,38512.45042163746,-2.694138542453428,-2.173062261213665
2020-09-09,243670.78149458452,282183.23191622196,38512.45042163746,-1.8815294253737402,-1.468403766069537
2020-09-10,242405.13427041797,280917.5846920554,38512.45042163746,-2.3911652920974746,-1.9103373296598725
2020-09-11,242029.50968552893,280541.9601071664,38512.45042163746,-2.5424173607840994,-2.0414963984765944
2020-09-14,242341.25634033687,280853.7067619743,38512.45042163746,-2.416886902068882,-1.9326419661624294
2020-09-15,243067.48469613344,281579.9351177709,38512.45042163746,-2.1244578503720524,-1.6790604948571985
2020-09-16,242022.7909238865,280535.241345524,38512.45042163746,-2.5451227923194986,-2.0438424284119794
2020-09-17,241387.47074213315,279899.9211637706,38512.45042163746,-2.8009460148514798,-2.265680952277127
2020-09-18,240800.4261401238,279312.87656176125,38512.45042163746,-3.0373301974561895,-2.4706628050389035
2020-09-21,240851.0675281451,279363.51794978254,38512.45042163746,-3.0169385218110856,-2.4529800505982635
2020-09-22,241315.8383545705,279828.28877620795,38512.45042163746,-2.829790098118856,-2.290693258786858
2020-09-23,240423.32302959944,278935.7734512369,38512.45042163746,-3.18917762137233,-2.6023381394392753
2020-09-24,240429.7118838589,278942.16230549634,38512.45042163746,-3.186605033043033,-2.600107305225585
2020-09-25,241102.3602166314,279614.8106382689,38512.45042163746,-2.9157509518052405,-2.3652346890105647
2020-09-28,241521.51694902644,280033.9673706639,38512.45042163746,-2.746969872426741,-2.2188752415174595
2020-09-29,241355.11511749314,279867.5655391306,38512.45042163746,-2.8139745954005813,-2.2769787580371514
2020-09-30,241966.95728670733,280479.4077083448,38512.45042163746,-2.567605221493141,-2.0633381913510163
2020-10-01,242069.32203200413,280581.7724536416,38512.45042163746,-2.5263861956104416,-2.027594884834616
2020-10-02,241262.63938505156,279775.089806689,38512.45042163746,-2.8512116304557633,-2.309269059159924
2020-10-05,242189.5670502842,283123.91314242454,40934.3460921403,-2.477967352713095,-1.139940511411841
2020-10-06,241554.98330658334,282489.32939872367,40934.3460921403,-2.7334940350733805,-1.3615218888252012
2020-10-07,241946.74973039117,282881.0958225315,40934.3460921403,-2.5757421614562848,-1.2247264781747758
2020-10-08,241857.00874569733,282791.3548378376,40934.3460921403,-2.6118780006078257,-1.256061871172598
2020-10-09,243846.4114870317,284780.75757917203,40934.3460921403,-1.8108088156221225,-0.5614102920382558
2020-10-12,245800.27969707755,286734.6257892179,40934.3460921403,-1.0240482557462016,0.0
2020-10-13,248249.6649658719,289184.0110580122,40934.3460921403,-0.0377587427072279,0.0
2020-10-14,247921.43570118918,288855.7817933295,40934.3460921403,-0.16992622397422608,-0.11350187151835112
2020-10-15,248926.1078950918,289860.45398723206,40934.3460921403,0.0,0.0
2020-10-16,249260.7798335231,290195.1259256634,40934.3460921403,0.0,0.0
2020-10-19,248137.6930401849,289072.0391323252,40934.3460921403,-0.45056699015716406,-0.3870109085243101
2020-10-20,245622.14848566166,286556.49457780196,40934.3460921403,-1.4597689015863669,-1.25385680970862
2020-10-21,243330.95878840174,284265.30488054204,40934.3460921403,-2.3789627269407476,-2.0433909860499644
2020-10-22,243914.22841829018,284848.57451043045,40934.3460921403,-2.1449629656152824,-1.8423987646858375
2020-10-23,243358.1456357806,284292.4917279209,40934.3460921403,-2.368055737322483,-2.0340225146491697
2020-10-26,241690.0424296086,282624.38852174894,40934.3460921403,-3.0372758237259934,-2.608843749448009
2020-10-27,244116.27557788882,285050.6216700291,40934.3460921403,-2.063904421333429,-1.772774177107328
2020-10-28,236836.31264726122,277770.6587394015,40934.3460921403,-4.984525521648431,-4.281418285931016
2020-10-29,236875.61639592185,277809.96248806216,40934.3460921403,-4.968757397723412,-4.267874382140324
2020-10-30,230478.10614975262,271412.4522418929,40934.3460921403,-7.535350606025981,-6.4724290678065515
2020-11-02,231128.36518082715,272062.71127296746,40934.3460921403,-7.274475617386045,-6.24835258512948
2020-11-03,232876.92092316717,273811.26701530744,40934.3460921403,-6.572979078898178,-5.6458077502489985
2020-11-04,236173.0381024205,277107.3841945608,40934.3460921403,-5.2506221555768455,-4.50997985901912
2020-11-05,238637.15035030316,279571.49644244346,40934.3460921403,-4.262054178886576,-3.660857310863752
2020-11-06,239563.82919752804,280498.1752896684,40934.3460921403,-3.890283358044322,-3.341527741054817
2020-11-09,236725.3456779432,277659.6917700835,40934.3460921403,-5.029043945041045,-4.319657029246926
2020-11-10,233371.4729106143,274305.81900275464,40934.3460921403,-6.374571616730473,-5.4753872492603435
2020-11-11,235939.77949048817,276874.1255826285,40934.3460921403,-5.344202305686352,-4.5903597796633
2020-11-12,235491.14714968376,276425.4932418241,40934.3460921403,-5.524187436561756,-4.7449565666952465
2020-11-13,235569.03431997425,276503.38041211455,40934.3460921403,-5.492940174019079,-4.718116980729759
2020-11-16,236962.70193007134,277897.04802221165,40934.3460921403,-4.9338198779869895,-4.237865079305991
2020-11-17,237078.76131599606,278013.10740813636,40934.3460921403,-4.887258447022102,-4.197871510994156
2020-11-18,236992.33267036945,277926.6787625097,40934.3460921403,-4.921932432108866,-4.2276544528512705
2020-11-19,237313.18623672228,278247.5323288626,40934.3460921403,-4.7932103898497,-4.117089685324804
2020-11-20,236489.02060609087,277423.3666982312,40934.3460921403,-5.123854316736976,-4.401093638872422
2020-11-23,237075.55384118028,278009.8999333206,40934.3460921403,-4.888545241847153,-4.198976793105813
2020-11-24,237022.53899794456,277956.88509008486,40934.3460921403,-4.909814068523833,-4.217245481481136
2020-11-25,237834.61612844717,278768.9622205875,40934.3460921403,-4.584019881790969,-3.93740717340747
2020-11-27,237937.4069359142,278871.7530280545,40934.3460921403,-4.542781622191661,-3.9019859005176794
2020-11-30,238825.6131841322,279759.9592762725,40934.3460921403,-4.186445479453427,-3.5959138238813693
2020-12-01,239121.38266192915,280055.7287540694,40934.3460921403,-4.067786828864883,-3.4939929260532354
2020-12-02,239510.86975281785,280445.21584495815,40934.3460921403,-3.9115299595937403,-3.359777339335046
2020-12-03,239213.84261832907,280148.1887104694,40934.3460921403,-4.030693164766708,-3.462131620283526
2020-12-04,240511.11777975108,281445.4638718914,40934.3460921403,-3.510244194700729,-3.0150961446586577
2020-12-07,241519.62562330152,282453.9717154418,40934.3460921403,-3.1056447048716462,-2.667568652481289
2020-12-08,241052.24380056193,281986.58989270224,40934.3460921403,-3.293151870279587,-2.8286264308463482
2020-12-09,239391.16283968207,280325.5089318224,40934.3460921403,-3.9595547283582944,-3.4010278299330343
2020-12-10,238885.75155359213,279820.09764573246,40934.3460921403,-4.162318791933595,-3.575190398817596
2020-12-11,238694.3889208646,279628.7350130049,40934.3460921403,-4.239090850841265,-3.641133144105657
2020-12-14,239676.0076960764,280610.3537882167,40934.3460921403,-3.8452788857710307,-3.302871509944627
2020-12-15,240785.37512774544,281719.72121988575,40934.3460921403,-3.400215915010063,-2.9205882348102286
2020-12-16,240714.463590962,281648.8096831023,40934.3460921403,-3.4286646492356465,-2.9450240472854494
2020-12-17,241452.77307176977,282387.11916391004,40934.3460921403,-3.132465029985121,-2.6906057559882846
2020-12-18,243805.95828328293,284740.30437542323,40934.3460921403,-2.188399456137202,-1.8797081904254553
2020-12-21,244796.2420642261,285730.5881563664,40934.3460921403,-1.7911112098256243,-1.5384606323266325
2020-12-22,244660.8283335296,285595.1744256699,40934.3460921403,-1.8454373379822253,-1.5851236251196887
2020-12-23,243267.73758948088,284202.0836816212,40934.3460921403,-2.4043262032819035,-2.0651767409688992
2020-12-24,243618.55560342135,284552.90169556165,40934.3460921403,-2.26358283636523,-1.9442863528821186
2020-12-28,243544.60548965694,284478.9515817972,40934.3460921403,-2.293250605925201,-1.9697692459970662
2020-12-29,243305.80527073494,284240.15136287524,40934.3460921403,-2.389053972616695,-2.0520587807231427
2020-12-30,244264.5522958141,285198.8983879544,40934.3460921403,-2.004417839439443,-1.721678653896086
2020-12-31,244210.59559089004,285144.94168303034,40934.3460921403,-2.0260645280841927,-1.7402719037833525
2021-01-04,243231.84481657215,284166.19090871245,40934.3460921403,-2.4187258906024245,-2.0775452370951686
2021-01-05,244430.59976772175,287809.2518575393,43378.65208981752,-1.9378018752197357,-0.8221620058275092
2021-01-06,242303.51488770996,285682.1669775275,43378.65208981752,-2.791159102711538,-1.5551463635857021
2021-01-07,245615.17709142188,288993.8291812394,43378.65208981752,-1.4625657291676752,-0.4139617233721915
2021-01-08,248620.41388998675,291999.06597980426,43378.65208981752,-0.2569060178516769,0.0
2021-01-11,245874.98344338464,289253.63553320215,43378.65208981752,-1.3583349905266995,-0.9402189138481676
2021-01-12,246499.79311875944,289878.445208577,43378.65208981752,-1.1076699337166707,-0.7262423131771056
2021-01-13,246002.43348810077,289381.0855779183,43378.65208981752,-1.3072037837635442,-0.8965714986454931
2021-01-14,244303.58986087088,287682.2419506884,43378.65208981752,-1.9887565047188804,-1.4783691223910989
2021-01-15,241329.53484986472,284708.18693968223,43378.65208981752,-3.181906511307353,-2.4968843703857213
2021-01-19,243661.99122280366,287040.64331262116,43378.65208981752,-2.2461570626789995,-1.6980953862112846
2021-01-20,245189.8295802347,288568.4816700522,43378.65208981752,-1.633209306336636,-1.1748613983543765
2021-01-21,247435.5067134251,290814.1588032426,43378.65208981752,-0.7322744963395578,-0.4057914269642193
2021-01-22,248760.4501619005,292139.102251718,43378.65208981752,-0.20072538967291775,0.0
2021-01-25,251772.19683687488,295150.8489266924,43378.65208981752,0.0,0.0
2021-01-26,251812.2115689625,295190.86365878,43378.65208981752,0.0,0.0
2021-01-27,246397.84387813252,289776.49596795003,43378.65208981752,-2.1501608905679204,-1.834192164256343
2021-01-28,244738.76818051495,288117.4202703325,43378.65208981752,-2.8090152357485576,-2.3962270717917344
2021-01-29,240103.63030462372,283482.28239444125,43378.65208981752,-4.649727346972687,-3.9664443266350657
2021-02-01,244811.58591198406,288190.2380018016,43378.65208981752,-2.780097761486522,-2.3715590551171783
2021-02-02,248323.45369863024,291702.1057884478,43378.65208981752,-1.3854601604087802,-1.181865125190662
2021-02-03,246139.37166924326,289518.0237590608,43378.65208981752,-2.252805717551798,-1.9217532105860302
2021-02-04,247727.9756884111,291106.6277782286,43378.65208981752,-1.621937178941324,-1.3835915617200434
2021-02-05,247599.83056945476,290978.48265927227,43378.65208981752,-1.6728263388267495,-1.4270024984163965
2021-02-08,251112.05027208282,294490.70236190036,43378.65208981752,-0.2780489844067424,-0.23718935206916703
2021-02-09,249882.80544900682,293261.45753882435,43378.65208981752,-0.7662083216434024,-0.6536130881699354
2021-02-10,248289.34025334154,291667.99234315904,43378.65208981752,-1.399007337122793,-1.193421528009464
2021-02-11,249256.92273645473,292635.57482627226,43378.65208981752,-1.0147596959601657,-0.865639539393559
2021-02-12,249960.4283751379,293339.0804649554,43378.65208981752,-0.7353826020933263,-0.627317245145198
2021-02-16,247506.38565518594,290885.0377450035,43378.65208981752,-1.7099353073261714,-1.4586582594079744
2021-02-17,245943.7483480263,289322.4004378438,43378.65208981752,-2.330491910766219,-1.98802332436675
2021-02-18,244204.239156369,287582.8912461865,43378.65208981752,-3.021288111958753,-2.577306193794593
2021-02-19,244815.04077111388,288193.6928609314,43378.65208981752,-2.778725763238976,-2.370388673660595
2021-02-22,239402.47134413256,282781.12343395007,43378.65208981752,-4.92817252487826,-4.203971651092397
2021-02-23,239582.5585889473,282961.2106787648,43378.65208981752,-4.856656038964946,-4.142964598711918
2021-02-24,240859.6315055634,284238.2835953809,43378.65208981752,-4.349503145680278,-3.710338432445359
2021-02-25,235502.33725981362,278880.9893496311,43378.65208981752,-6.476998953913782,-5.525196175448688
2021-02-26,235929.07761170028,279307.7297015178,43378.65208981752,-6.307531258432386,-5.3806319614356335
2021-03-01,237792.02445440623,281170.67654422374,43378.65208981752,-5.567715333263978,-4.749532875367923
2021-03-02,237162.0617623523,280540.7138521698,43378.65208981752,-5.817886954460915,-4.962941476245941
2021-03-03,235993.133160404,279371.7852502215,43378.65208981752,-6.2820934338310375,-5.358932255723281
2021-03-04,234372.70471465692,277751.35680447443,43378.65208981752,-6.925600131004572,-5.907874870566598
2021-03-05,234989.9195647429,278368.5716545604,43378.65208981752,-6.680490949745932,-5.698784777995369
2021-03-08,235028.07379542902,278406.72588524653,43378.65208981752,-6.66533909096656,-5.685859503068757
2021-03-09,235243.07455919805,278621.72664901556,43378.65208981752,-6.579957702022221,-5.613025011816497
2021-03-10,234991.97976076844,278370.631850586,43378.65208981752,-6.679672801963211,-5.698086858012319
2021-03-11,236089.26390547847,279467.915995296,43378.65208981752,-6.243917864633842,-5.326366632288004
2021-03-12,236008.05815493726,279386.7102447548,43378.65208981752,-6.276166400173578,-5.353876206783181
2021-03-15,237014.0176154103,280392.66970522783,43378.65208981752,-5.876678442776595,-5.013093484714981
2021-03-16,237076.3658532387,280455.01794305624,43378.65208981752,-5.851918627738262,-4.991972154245728
2021-03-17,237503.08400938145,280881.736099199,43378.65208981752,-5.682459746660173,-4.8474154593488255
2021-03-18,236054.74974919594,279433.40183901344,43378.65208981752,-6.257624172230081,-5.338058781514688
2021-03-19,238615.94007263076,281994.5921624483,43378.65208981752,-5.2405208683526165,-4.470420030203137
2021-03-22,238894.88350130938,282273.5355911269,43378.65208981752,-5.129746483369225,-4.375924074189719
2021-03-23,237682.8948779187,281061.5469677362,43378.65208981752,-5.611053015661338,-4.786502033266271
2021-03-24,236746.66167778109,280125.3137675986,43378.65208981752,-5.982851187920046,-5.103664017391852
2021-03-25,237300.27185209293,280678.92394191044,43378.65208981752,-5.763000780005956,-4.916120891073494
2021-03-26,238359.50419961443,281738.15628943196,43378.65208981752,-5.342357022929301,-4.557291239507477
2021-03-29,237663.7714115766,281042.4235013941,43378.65208981752,-5.618647352021345,-4.792980372773492
2021-03-30,236790.33343463065,280168.98552444816,43378.65208981752,-5.965508201820413,-5.088869603937363
2021-03-31,237094.3328417744,280472.9849315919,43378.65208981752,-5.844783553381161,-4.9858855876382835
2021-04-01,238411.98311525577,281790.6352050733,43378.65208981752,-5.321516526229653,-4.539513278837937
2021-04-05,239083.27225076413,282461.92434058164,43378.65208981752,-5.054933292904407,-4.312104771952607
2021-04-06,238978.19046297937,282356.8425527969,43378.65208981752,-5.096663512074484,-4.347702685276311
2021-04-07,238308.04802403925,284069.78059409716,45761.73257005792,-5.362791367735131,-3.7674211616312236
2021-04-08,238858.5468200292,284620.2793900871,45761.73257005792,-5.1441765545138125,-3.580932057880948
2021-04-09,240203.5712345665,285965.3038046244,45761.73257005792,-4.610038672098627,-3.1252863790593777
2021-04-12,239980.1716502081,285741.90422026603,45761.73257005792,-4.698755411833555,-3.2009660872960866
2021-04-13,240040.79710437288,285802.5296744308,45761.73257005792,-4.674679750932508,-3.180428373691635
2021-04-14,238451.71962089627,284213.4521909542,45761.73257005792,-5.305736312318299,-3.718750415160188
2021-04-15,239748.04076154722,285509.77333160513,45761.73257005792,-4.790939538732941,-3.279603645987339
2021-04-16,240131.98496510123,285893.71753515914,45761.73257005792,-4.63846710653365,-3.1495372208970918
2021-04-19,239265.3446906639,285027.0772607218,45761.73257005792,-4.982628443681514,-3.4431236360373263
2021-04-20,238204.80536001662,283966.53793007456,45761.73257005792,-5.403791231633448,-3.802396046267875
2021-04-21,238983.9887931245,284745.7213631824,45761.73257005792,-5.094360871503955,-3.538436849343496
2021-04-22,237069.38123941244,282831.1138094704,45761.73257005792,-5.8546923668602595,-4.187036717910287
2021-04-23,239255.14005185716,285016.87262191507,45761.73257005792,-4.986680923401677,-3.4465805989935205
2021-04-26,240395.85237485237,286157.5849449103,45761.73257005792,-4.533679730215779,-3.060148475432334
2021-04-27,240657.86660188175,286419.59917193966,45761.73257005792,-4.429628292282384,-2.971387521322244
2021-04-28,241181.89285022096,286943.62542027887,45761.73257005792,-4.221526292353883,-2.793866360320141
2021-04-29,244252.02453494736,290013.75710500526,45761.73257005792,-3.0023115189330984,-1.753816662753871
2021-04-30,243039.6246024305,288801.3571724884,45761.73257005792,-3.483781390851848,-2.164533958502668
2021-05-03,241852.7484848694,287614.48105492734,45761.73257005792,-3.9551152114660426,-2.5666047078646836
2021-05-04,240033.9011603152,285795.6337303731,45761.73257005792,-4.677418277398204,-3.1827644704028213
2021-05-05,239382.30679538427,285144.0393654422,45761.73257005792,-4.936180297266524,-3.4035011005460025
2021-05-06,241217.79686652066,286979.52943657857,45761.73257005792,-4.207268041701151,-2.7817033767322696
2021-05-07,241554.32228743794,287316.0548574959,45761.73257005792,-4.073626619460146,-2.6677007220612503
2021-05-10,237868.6868304598,283630.4194005177,45761.73257005792,-5.537271068636818,-3.916260860846066
2021-05-11,237681.3414219534,283443.0739920113,45761.73257005792,-5.611669926158102,-3.979726716863541
2021-05-12,234754.58211859828,280516.3146886562,45761.73257005792,-6.7739484690132805,-4.97120703135534
2021-05-13,236270.1034833924,282031.8360534503,45761.73257005792,-6.172102611200669,-4.457803145472894
2021-05-14,239390.63577663948,285152.3683466974,45761.73257005792,-4.932872681165101,-3.400679542604812
2021-05-17,239722.37494263897,285484.1075126969,45761.73257005792,-4.80113198283576,-3.2882982981829234
2021-05-18,237948.10913200874,283709.84170206665,45761.73257005792,-5.505730778730267,-3.8893554544373043
2021-05-19,238384.29678486587,284146.0293549238,45761.73257005792,-5.3325113585363955,-3.7415908361659977
2021-05-20,239781.87289685544,285543.6054669134,45761.73257005792,-4.7775040762121135,-3.2681425408268017
2021-05-21,239077.66270610885,284839.3952761668,45761.73257005792,-5.057160962730389,-3.5067035118603096
2021-05-24,241845.51578374326,287607.2483538012,45761.73257005792,-3.9579874713461582,-2.5690548857043694
2021-05-25,242129.55489701076,287891.2874670687,45761.73257005792,-3.8451894813290255,-2.472832695848304
2021-05-26,242325.36884487985,288087.10141493776,45761.73257005792,-3.767427586205263,-2.406498004644786
2021-05-27,242323.74089106277,288085.4734611207,45761.73257005792,-3.7680740813878955,-2.4070494965835576
2021-05-28,241746.01161818276,287507.7441882407,45761.73257005792,-3.9975026977684736,-2.602763302125932
2021-06-01,241950.40273303032,287712.13530308823,45761.73257005792,-3.916334626699136,-2.5335229766245915
2021-06-02,242003.1770423427,287764.90961240063,45761.73257005792,-3.8953768228724095,-2.5156449472512277
2021-06-03,241047.77652992943,286809.50909998734,45761.73257005792,-4.274786743646497,-2.8393001243022575
2021-06-04,242790.47335614165,288552.20592619956,45761.73257005792,-3.58272466478462,-2.2489373994495465
2021-06-07,243754.07122482226,289515.80379488016,45761.73257005792,-3.2000593989991555,-1.9225052542479082
2021-06-08,243784.79263337667,289546.5252034346,45761.73257005792,-3.187859272419513,-1.912097950927738
2021-06-09,243525.39270413414,289287.1252741921,45761.73257005792,-3.2908725169426,-1.9999732753965715
2021-06-10,244835.46405454667,290597.1966246046,45761.73257005792,-2.770615241789076,-1.556168431921856
2021-06-11,244810.69977025094,290572.43234030885,45761.73257005792,-2.7804496672688472,-1.5645576767612024
2021-06-14,245925.08559953596,291686.81816959387,45761.73257005792,-2.33790328624085,-1.1870440181497521
2021-06-15,245539.78485583034,291301.5174258883,45761.73257005792,-2.4909144294673613,-1.317569990034495
2021-06-16,245140.82385031343,290902.55642037134,45761.73257005792,-2.649350354012514,-1.4527235651051962
2021-06-17,246126.13016562487,291887.8627356828,45761.73257005792,-2.258064201060561,-1.118937382464258
2021-06-18,244358.0978236388,290119.8303936967,45761.73257005792,-2.9601875536057087,-1.7178828647437472
2021-06-21,245549.6016669194,291311.33423697733,45761.73257005792,-2.487015964405681,-1.3142444090976757
2021-06-22,247349.98039438762,293111.7129644455,45761.73257005792,-1.7720471722845077,-0.7043411400218025
2021-06-23,247547.43472538772,293309.16729544563,45761.73257005792,-1.6936338460324385,-0.6374507462769796
2021-06-24,247859.09763609673,293620.8302061547,45761.73257005792,-1.569865856876107,-0.5318706118357941
2021-06-25,247396.20299136636,293157.9355614243,45761.73257005792,-1.7536911931638977,-0.6886825940878749
2021-06-28,249758.21459684992,295519.94716690783,45761.73257005792,-0.815686006375449,0.0
2021-06-29,249359.53212532538,295121.2646953833,45761.73257005792,-0.9740113191315181,-0.13490881930191545
2021-06-30,248924.55178317678,294686.2843532347,45761.73257005792,-1.1467512904928645,-0.2821003528409194
2021-07-01,249868.29774356366,295630.03031362157,45761.73257005792,-0.771969640903003,0.0
2021-07-02,251786.30356991146,297548.03613996936,45761.73257005792,-0.010288619002873922,0.0
2021-07-06,252831.25854750912,298592.99111756706,45761.73257005792,0.0,0.0
2021-07-07,252430.73506239758,300716.77498307946,48286.03992068189,-0.1584153349599715,0.0
2021-07-08,250465.71122140196,298751.75114208384,48286.03992068189,-0.9356229683374573,-0.6534466995085975
2021-07-09,251368.86163946244,299654.9015601443,48286.03992068189,-0.5784082697875226,-0.35311412973050293
2021-07-12,252510.19122998245,300796.23115066433,48286.03992068189,-0.12698877479436765,0.0
2021-07-13,251902.83039074592,300188.8703114278,48286.03992068189,-0.367212567819708,-0.20191770253009667
2021-07-14,251750.96641187297,300037.00633255485,48286.03992068189,-0.4272779172331487,-0.25240503021103367
2021-07-15,247797.71390503895,296083.75382572087,48286.03992068189,-1.9908711728871653,-1.566667676292477
2021-07-16,245198.36783251955,293484.40775320143,48286.03992068189,-3.0189663884283013,-2.430822809678257
2021-07-19,245937.23351300147,294223.2734336834,48286.03992068189,-2.7267297066482787,-2.185186194599842
2021-07-20,247362.8035227431,295648.843443425,48286.03992068189,-2.16288723798701,-1.7112540564582557
2021-07-21,250433.211123871,298719.2510445529,48286.03992068189,-0.9484774301305343,-0.6904940591064501
2021-07-22,252628.29742813014,300914.337348812,48286.03992068189,-0.08027532692950201,0.0
2021-07-23,254583.2782225182,302869.3181432001,48286.03992068189,0.0,0.0
2021-07-26,253802.46665960544,302088.50658028736,48286.03992068189,-0.30670182596607143,-0.25780477458055007
2021-07-27,253051.3847471858,301337.4246678677,48286.03992068189,-0.6017258816163995,-0.5057935497474353
2021-07-28,257000.12126260594,305286.16118328786,48286.03992068189,0.0,0.0
2021-07-29,260271.48021112656,308557.5201318085,48286.03992068189,0.0,0.0
2021-07-30,261492.29195073628,309778.33187141817,48286.03992068189,0.0,0.0
2021-08-02,263152.5974528688,311438.63737355074,48286.03992068189,0.0,0.0
2021-08-03,267536.353829241,315822.3937499229,48286.03992068189,0.0,0.0
2021-08-04,272282.78277129465,320568.82269197656,48286.03992068189,0.0,0.0
2021-08-05,269696.81907052826,317982.8589912102,48286.03992068189,-0.9497345643549093,-0.8066797260727787
2021-08-06,268451.83447453135,316737.87439521326,48286.03992068189,-1.4069741236562572,-1.1950470618424136
2021-08-09,267942.8748224796,316228.9147431615,48286.03992068189,-1.5938973094969278,-1.3538147323157168
2021-08-10,266337.36529020924,314623.40521089116,48286.03992068189,-2.183545143976029,-1.8546461977053008
2021-08-11,265414.81704385084,313700.85696453275,48286.03992068189,-2.522365041792818,-2.1424309668576225
2021-08-12,266746.34932669176,315032.3892473737,48286.03992068189,-2.0333395260078713,-1.7270654700949017
2021-08-13,269497.4746008647,317783.5145215466,48286.03992068189,-1.0229468577047318,-0.8688643352901093
2021-08-16,269521.1610990168,317807.2010196987,48286.03992068189,-1.0142476304120573,-0.8614754389048684
2021-08-17,268447.88929429045,316733.92921497236,48286.03992068189,-1.408423051201635,-1.1962777430445937
2021-08-18,263567.87209892634,311853.91201960825,48286.03992068189,-3.2006837096594687,-2.7185771215007315
2021-08-19,266305.31409376796,314591.35401444987,48286.03992068189,-2.195316434145411,-1.8646444240368987
2021-08-20,270118.884868647,318404.9247893289,48286.03992068189,-0.7947244701348777,-0.6750182018564144
2021-08-23,274971.0073375691,323257.047258251,48286.03992068189,0.0,0.0
2021-08-24,272926.5219647075,321212.56188538944,48286.03992068189,-0.743527615022932,-0.6324642850642048
2021-08-25,274363.184441195,322649.2243618769,48286.03992068189,-0.22104981258184164,-0.18803082609627486
2021-08-26,272853.7834186095,321139.82333929144,48286.03992068189,-0.7699807843233208,-0.6549660516041556
2021-08-27,276564.0322271335,324850.07214781543,48286.03992068189,0.0,0.0
2021-08-30,278787.2339516852,327073.2738723671,48286.03992068189,0.0,0.0
2021-08-31,276986.6216110998,325272.6615317817,48286.03992068189,-0.645873311723244,-0.5505226150908427
2021-09-01,276599.5799611568,324885.61988183873,48286.03992068189,-0.7847037898828235,-0.6688574595618113
2021-09-02,277550.4779115771,325836.517832259,48286.03992068189,-0.44362004047948655,-0.3781281256843738
2021-09-03,279360.2288022241,327646.268722906,48286.03992068189,0.0,0.0
2021-09-07,278790.2119974741,327076.251918156,48286.03992068189,-0.20404364901690508,-0.17397323246555185
2021-09-08,276229.33056516654,324515.37048584846,48286.03992068189,-1.120738714483982,-0.9555726818623933
2021-09-09,273342.0029210797,321628.0428417616,48286.03992068189,-2.1542887142339318,-1.8368058652406316
2021-09-10,271817.4923287229,320103.5322494048,48286.03992068189,-2.700003685507124,-2.3020974732601562
2021-09-13,270031.42564013187,318317.4655608138,48286.03992068189,-3.3393454759434116,-2.8472178848408247
2021-09-14,269978.2097015255,318264.2496222074,48286.03992068189,-3.3583946938061437,-2.8634597724148225
2021-09-15,270326.7044405367,318612.7443612186,48286.03992068189,-3.2336472519439385,-2.7570966691908727
2021-09-16,269393.5532766883,317679.59319737024,48286.03992068189,-3.5676787523652,-3.0419011223242975
2021-09-17,266499.5534364584,314785.5933571403,48286.03992068189,-4.603617136521798,-3.925170707999759
2021-09-20,262217.68915671,310503.7290773919,48286.03992068189,-6.136356531140419,-5.232026512107701
2021-09-21,263788.6013108085,312074.6412314904,48286.03992068189,-5.574031621530384,-4.7525728133912315
2021-09-22,267067.80499767564,315353.84491835756,48286.03992068189,-4.4002053754226385,-3.751736240568726
2021-09-23,268859.4438693801,317145.483790062,48286.03992068189,-3.7588689620805416,-3.204915158586663
2021-09-24,267358.24437559245,315644.28429627436,48286.03992068189,-4.29623947477813,-3.663092051502004
2021-09-27,265837.3081973458,314123.34811802773,48286.03992068189,-4.840674946057543,-4.127292722602238
2021-09-28,258508.0436418046,306794.0835624865,48286.03992068189,-7.4642640614323135,-6.364237029677399
2021-09-29,257821.90581198517,306107.94573266705,48286.03992068189,-7.709874480911594,-6.573651234970768
2021-09-30,257631.9124380241,305917.952358706,48286.03992068189,-7.7778846535749295,-6.631638580500942
2021-10-01,257925.50688656798,306211.5468072499,48286.03992068189,-7.672789361448817,-6.542031441164886
2021-10-04,253409.7193041665,301695.7592248484,48286.03992068189,-9.28926411942107,-7.920282321299443
2021-10-05,256183.23329265916,307031.10554626764,50847.87225360848,-8.296454942401022,-6.2918962138625245
2021-10-06,256874.77420897884,307722.6464625873,50847.87225360848,-8.048910429968203,-6.080832947671489
2021-10-07,257592.64452538535,308440.5167789938,50847.87225360848,-7.791941025452598,-5.861733759023724
2021-10-08,257898.39526839805,308746.2675220065,50847.87225360848,-7.682494256911632,-5.768416431100398
2021-10-11,257515.53638334124,308363.4086369497,50847.87225360848,-7.819542714631734,-5.885267719091292
2021-10-12,257603.82216854638,308451.69442215486,50847.87225360848,-7.787939867804294,-5.858322261861071
2021-10-13,258194.57402907877,309042.44628268725,50847.87225360848,-7.576473882447232,-5.678020541095252
2021-10-14,262238.86219912977,313086.73445273825,50847.87225360848,-6.12877741277037,-4.443674676021081
2021-10-15,265002.09965458733,315849.9719081958,50847.87225360848,-5.139646831332511,-3.600314711560615
2021-10-18,267217.72633638256,318065.59858999104,50847.87225360848,-4.346539418980056,-2.9240894975725906
2021-10-19,268020.0653130608,318867.9375666693,50847.87225360848,-4.059333548581701,-2.6792098657044794
2021-10-20,268686.00367251004,319533.8759261185,50847.87225360848,-3.8209537468810506,-2.4759606841878057
2021-10-21,270541.1213162862,321388.9935698947,50847.87225360848,-3.1568944240024432,-1.9097654239740969
2021-10-22,271605.1822025216,322453.0544561301,50847.87225360848,-2.77600237977782,-1.585006381124976
2021-10-25,277986.7926509948,328834.66490460327,50847.87225360848,-0.49163624941102047,0.0
2021-10-26,278534.78765565157,329382.65990926005,50847.87225360848,-0.2954755407065912,0.0
2021-10-27,279774.0421626302,330621.91441623867,50847.87225360848,0.0,0.0
2021-10-28,283906.1890538254,334754.0613074339,50847.87225360848,0.0,0.0
2021-10-29,285829.99050084257,336677.86275445105,50847.87225360848,0.0,0.0
2021-11-01,291036.62619647826,341884.49845008674,50847.87225360848,0.0,0.0
2021-11-02,288781.94492361293,339629.8171772214,50847.87225360848,-0.7747070539991796,-0.6594862543013225
2021-11-03,291527.6396975806,342375.5119511891,50847.87225360848,0.0,0.0
2021-11-04,291897.34422265633,342745.2164762648,50847.87225360848,0.0,0.0
2021-11-05,292266.56381406786,343114.43606767635,50847.87225360848,0.0,0.0
2021-11-08,289092.3856294376,339940.25788304606,50847.87225360848,-1.0860558742017523,-0.9251077340284852
2021-11-09,281704.9685579578,332552.8408115663,50847.87225360848,-3.613685779954312,-3.078155316678921
2021-11-10,279589.2759690443,330437.1482226528,50847.87225360848,-4.337577203353482,-3.6947695906688893
2021-11-11,280188.3111315429,331036.1833851514,50847.87225360848,-4.13261528274197,-3.520182018847684
2021-11-12,281005.79341615725,331853.66566976573,50847.87225360848,-3.852910935468623,-3.281928480470442
2021-11-15,281142.0344991506,331989.90675275907,50847.87225360848,-3.806295585010677,-3.242221295732095
2021-11-16,281659.0363566708,332506.90861027926,50847.87225360848,-3.6294016390274852,-3.091542162715888
2021-11-17,281437.2464410884,332285.11869469687,50847.87225360848,-3.705287813856395,-3.1561823795847155
2021-11-18,282568.1181290831,333415.99038269155,50847.87225360848,-3.318356215100504,-2.826592141133888
2021-11-19,281997.2258842266,332845.0981378351,50847.87225360848,-3.51368894061187,-2.9929775172198525
2021-11-22,282836.77881591674,333684.6510695252,50847.87225360848,-3.2264330462892454,-2.748291533933356
2021-11-23,284364.6561683796,335212.52842198807,50847.87225360848,-2.703664607599543,-2.302994807286307
2021-11-24,284950.4981380416,335798.37039165007,50847.87225360848,-2.5032167828409446,-2.132252364509446
2021-11-26,279593.82805598323,330441.7003095917,50847.87225360848,-4.3360196913071025,-3.6934428942491437
2021-11-29,281735.0242893732,332582.8965429817,50847.87225360848,-3.603402109108367,-3.069395635285199
2021-11-30,281258.9197345184,332106.7919881269,50847.87225360848,-3.7663029037260154,-3.2081553331607116
2021-12-01,280652.6006756475,331500.472929256,50847.87225360848,-3.9737570342835538,-3.384865781668722
2021-12-02,282130.53022990085,332978.40248350933,50847.87225360848,-3.4680784048274793,-2.95412623856135
2021-12-03,279216.41204002046,330064.28429362894,50847.87225360848,-4.465153866300476,-3.803440019490578
2021-12-06,281439.97989067656,332287.85214428505,50847.87225360848,-3.7043525547721834,-3.1553857212979097
2021-12-07,285455.85417919396,336303.72643280245,50847.87225360848,-2.330307492582928,-1.9849673808334134
2021-12-08,286218.2773326994,337066.1495863079,50847.87225360848,-2.069441814499251,-1.7627607135059398
2021-12-09,285677.02528877114,336524.8975423796,50847.87225360848,-2.2546330443357854,-1.9205075137080474
2021-12-10,288716.4471132803,339564.3193668888,50847.87225360848,-1.2146845176056686,-1.034674244976197
2021-12-13,285705.2854182882,336553.1576718967,50847.87225360848,-2.2449637447935267,-1.9122711568118067
2021-12-14,284285.9335881233,335133.8058417318,50847.87225360848,-2.7305998064909076,-2.3259383421484703
2021-12-15,286608.50657288835,337456.37882649683,50847.87225360848,-1.9359235512068418,-1.649029200293839
2021-12-16,283848.04090485966,334695.91315846815,50847.87225360848,-2.8804262791291557,-2.4535612682725194
2021-12-17,282495.7936567826,333343.6659103911,50847.87225360848,-3.3431022795687215,-2.8476709605299355
2021-12-20,280365.86059242894,331213.7328460374,50847.87225360848,-4.071866130129697,-3.4684355919351706
2021-12-21,284193.765613441,335041.6378670495,50847.87225360848,-2.7621353928677816,-2.3528005096919213
2021-12-22,285778.8585076167,336626.73076122516,50847.87225360848,-2.2197904617575426,-1.8908284305390044
2021-12-23,286253.5411515557,337101.4134051642,50847.87225360848,-2.05737617880144,-1.7524831456890766
2021-12-27,289217.97178791347,340065.84404152195,50847.87225360848,-1.0430861424483129,-0.8885059052289757
2021-12-28,288893.58366010874,339741.4559137172,50847.87225360848,-1.154076644944213,-0.9830481610204944
2021-12-29,288793.41297097236,339641.28522458085,50847.87225360848,-1.188350387321424,-1.0122427033091852
2021-12-30,287756.6885753638,338604.56082897226,50847.87225360848,-1.543069169408362,-1.3143939061236565
2021-12-31,287347.8287875518,338195.70104116027,50847.87225360848,-1.6829619380084981,-1.433555254301777
2022-01-03,290270.4408658617,341118.3131194702,50847.87225360848,-0.6829802636869609,-0.5817659469776526
2022-01-04,290828.0042414589,344584.156537482,53756.15229602307,-0.4922080561785114,0.0
2022-01-05,287203.503158423,340959.6554544461,53756.15229602307,-1.7323434434552198,-1.0518478619145788
2022-01-06,287401.0195384399,341157.171834463,53756.15229602307,-1.6647625414733636,-0.9945276467306807
2022-01-07,287890.5416904458,341646.6939864689,53756.15229602307,-1.4972708703024917,-0.852465934745783
2022-01-10,287754.41190893616,341510.56420495926,53756.15229602307,-1.543848138578796,-0.8919714601528406
2022-01-11,290509.08598822943,344265.2382842525,53756.15229602307,-0.6013270224631273,-0.09255162989328936
2022-01-12,292479.47704621556,346235.62934223865,53756.15229602307,0.0,0.0
2022-01-13,286740.634384112,340496.7866801351,53756.15229602307,-1.9621351624602101,-1.6574962758760248
2022-01-14,289367.0129531795,343123.1652492026,53756.15229602307,-1.0641649542283194,-0.8989439067692118
2022-01-18,282556.18475249305,336312.33704851614,53756.15229602307,-3.3928166153533224,-2.866051744176157
2022-01-19,280177.3615016073,333933.5137976304,53756.15229602307,-4.206146588078175,-3.5531050250314333
2022-01-20,279351.8529436687,333108.0052396918,53756.15229602307,-4.488391539510483,-3.7915289444607536
2022-01-21,273880.7896534307,327636.9419494538,53756.15229602307,-6.35897177491398,-5.371685007726601
2022-01-24,273686.31675973255,327442.46905575565,53756.15229602307,-6.42546289957755,-5.427852795561606
2022-01-25,271254.4612605587,325010.6135565818,53756.15229602307,-7.256924827687328,-6.130222884911962
2022-01-26,270866.4269913988,324622.5792874219,53756.15229602307,-7.389595424981432,-6.242295195291181
2022-01-27,270545.1034463713,324301.25574239437,53756.15229602307,-7.499457336754734,-6.335100070872002
2022-01-28,275677.66351901053,329433.8158150336,53756.15229602307,-5.74461281758587,-4.852710727409626
2022-01-31,278742.9841400471,332499.1364360702,53756.15229602307,-4.696566420623727,-3.9673828289319535
2022-02-01,280923.4464738517,334679.5987698748,53756.15229602307,-3.951056904597061,-3.337620277357778
2022-02-02,282828.2258440439,336584.378140067,53756.15229602307,-3.299804587877686,-2.787480658910424
2022-02-03,264516.8575390909,318273.009835114,53756.15229602307,-9.560540722214906,-8.076181980533503
2022-02-04,265204.5153378823,318960.66763390537,53756.15229602307,-9.325427542399323,-7.877572207155259
2022-02-07,265244.44017654436,319000.59247256746,53756.15229602307,-9.311777067136816,-7.866041089246356
2022-02-08,267300.79497540946,321056.94727143255,53756.15229602307,-8.608700454845087,-7.272123356755433
2022-02-09,268130.4410009306,321886.5932969537,53756.15229602307,-8.32504088532594,-7.032504451243804
2022-02-10,265504.3805033692,319260.5327993923,53756.15229602307,-9.222902343532269,-7.790964954731061
2022-02-11,262406.0458562744,316162.19815229747,53756.15229602307,-10.282236378995302,-8.685827985719785
2022-02-14,262481.3932817223,316237.5455777454,53756.15229602307,-10.256474767887102,-8.664066093221578
2022-02-15,265506.95773000026,319263.11002602335,53756.15229602307,-9.222021178584539,-7.79022059845671
2022-02-16,265914.16154045134,319670.31383647444,53756.15229602307,-9.082796432095153,-7.672611728674972
2022-02-17,262977.33614418044,316733.48844020354,53756.15229602307,-10.086909755166651,-8.520827552635712
2022-02-18,262288.4577505685,316044.6100465916,53756.15229602307,-10.322440261638077,-8.719789859005111
2022-02-22,260169.26325976552,313925.4155557886,53756.15229602307,-11.047002036776965,-9.331856992254494
2022-02-23,257699.8530994086,311456.00539543165,53756.15229602307,-11.891304066203368,-10.045073643310365
2022-02-24,258171.65321534983,311927.8055113729,53756.15229602307,-11.729993563084996,-9.908808026499772
2022-02-25,260986.1878129975,314742.3401090206,53756.15229602307,-10.767691993733198,-9.09591231065603
2022-02-28,260531.91296509013,314288.0652611132,53756.15229602307,-10.9230105318047,-9.227116268137348
2022-03-01,256830.69439349984,310586.8466895229,53756.15229602307,-12.188473192285809,-10.296104626909585
2022-03-02,259380.02390511526,313136.17620113835,53756.15229602307,-11.31684639051449,-9.559805616764805
2022-03-03,259684.3812099497,313440.53350597277,53756.15229602307,-11.212785309748007,-9.471900941728151
2022-03-04,259848.6704378426,313604.8227338657,53756.15229602307,-11.15661411115586,-9.424450819912256
2022-03-07,258041.81556391553,311797.9678599386,53756.15229602307,-11.774385618467997,-9.946307821561573
2022-03-08,256291.2245875574,310047.37688358047,53756.15229602307,-12.372920255509056,-10.451914647665472
2022-03-09,258275.32387212533,312031.4761681484,53756.15229602307,-11.694548116511271,-9.878865799880165
2022-03-10,257517.87910483577,311274.03140085883,53756.15229602307,-11.953521763120289,-10.097631490958381
2022-03-11,256427.01219793924,310183.1644939623,53756.15229602307,-12.326493883391198,-10.412696381584718
2022-03-14,254440.79277141736,308196.94506744045,53756.15229602307,-13.00559090810587,-10.986357570150195
2022-03-15,256365.23435423692,310121.38665026,53756.15229602307,-12.347615995727491,-10.430539098644086
2022-03-16,258511.7862823188,312267.93857834185,53756.15229602307,-11.613700594291421,-9.810570572539557
2022-03-17,258797.08910523006,312553.24140125315,53756.15229602307,-11.516154323423944,-9.728169225383777
2022-03-18,259684.76689077014,313440.9191867932,53756.15229602307,-11.21265344380502,-9.471789549142361
2022-03-21,260617.16004591138,314373.3123419345,53756.15229602307,-10.893864185646606,-9.20249515072572
2022-03-22,262023.0095881553,315779.1618841784,53756.15229602307,-10.413198138086022,-8.79645677018276
2022-03-23,262764.9467243606,316521.09902038367,53756.15229602307,-10.159526617711945,-8.582170003215783
2022-03-24,264480.9383575651,318237.0906535882,53756.15229602307,-9.572821645953077,-8.086556181939075
2022-03-25,265144.2447365956,318900.3970326187,53756.15229602307,-9.346034322025487,-7.894979601478358
2022-03-28,265724.16014906537,319480.31244508846,53756.15229602307,-9.147758730751043,-7.727488054299503
2022-03-29,266681.4116954719,320437.563991495,53756.15229602307,-8.820470280951442,-7.451014039125193
2022-03-30,266678.98561748234,320435.13791350543,53756.15229602307,-8.821299767524005,-7.451714740550452
2022-03-31,265081.98518420174,318838.13748022483,53756.15229602307,-9.36732113264982,-7.912961445955813
2022-04-01,263167.81521187985,316923.96750790294,53756.15229602307,-10.021784136910261,-8.465813264227185
2022-04-04,264331.67865484534,318087.83095086843,53756.15229602307,-9.62385418479208,-8.12966546650442
2022-04-05,262363.23700581136,318743.02167189255,56379.784666081185,-10.29687291038388,-7.940432855675539
2022-04-06,259963.75933277246,316343.54399885365,56379.784666081185,-11.117264719502074,-8.633451560191109
2022-04-07,259957.02434721927,316336.80901330046,56379.784666081185,-11.119567440233535,-8.635396763105662
2022-04-08,259041.33999533183,315421.124661413,56379.784666081185,-11.432643886189686,-8.899865314082644
2022-04-11,254945.8537581473,311325.63842422847,56379.784666081185,-12.832908369204121,-10.08272631685262
2022-04-12,255088.51729981115,311468.3019658923,56379.784666081185,-12.784131086399665,-10.041522139820092
2022-04-13,256683.7184556158,313063.503121697,56379.784666081185,-12.238724902035969,-9.580795102907357
2022-04-14,253403.83883881642,309783.6235048976,56379.784666081185,-13.360129948955246,-10.528092070302176
2022-04-18,253798.31766071758,310178.1023267988,56379.784666081185,-13.225255931166014,-10.41415844000232
2022-04-19,256198.78149396655,312578.5661600477,56379.784666081185,-12.404526949600703,-9.720854912052513
2022-04-20,251731.46032007042,308111.2449861516,56379.784666081185,-13.931923407982028,-11.011109523451957
2022-04-21,249762.3070636369,306142.0917297181,56379.784666081185,-14.605185435225865,-11.579841649655842
2022-04-22,247076.2175632918,303456.00222937297,56379.784666081185,-15.523571069483777,-12.355639768829196
2022-04-25,247732.9351402667,304112.71980634786,56379.784666081185,-15.29903648551667,-12.165966170470044
2022-04-26,241893.13608840771,298272.9207544889,56379.784666081185,-17.2956890749003,-13.852620736596899
2022-04-27,242015.198338131,298394.9830042122,56379.784666081185,-17.253955463039393,-13.817366638122063
2022-04-28,244965.33476059508,301345.11942667625,56379.784666081185,-16.245291042459233,-12.9653063149056
2022-04-29,242559.0143516978,298938.799017779,56379.784666081185,-17.068022412604922,-13.660301342849035
2022-05-02,242109.68049430882,298489.46516039,56379.784666081185,-17.221651604617595,-13.790078240230342
2022-05-03,242265.78473775822,298645.5694038394,56379.784666081185,-17.168278887657785,-13.744992110953014
2022-05-04,244578.75732069713,300958.5419867783,56379.784666081185,-16.37746354351881,-13.076957862908422
2022-05-05,241779.5823752422,298159.3670413234,56379.784666081185,-17.334513581259625,-13.885417394000775
2022-05-06,242449.94107635762,298829.7257424388,56379.784666081185,-17.10531503786593,-13.691803957281701
2022-05-09,240138.16704408464,296517.9517101658,56379.784666081185,-17.895720592341025,-14.359492039142252
2022-05-10,240481.0095478465,296860.7942139277,56379.784666081185,-17.778501255372735,-14.260472043882611
2022-05-11,238704.63680202406,295084.4214681052,56379.784666081185,-18.385850791060587,-14.773525177437097
2022-05-12,237853.18078336597,294232.96544944716,56379.784666081185,-18.6769672916975,-15.019443259373277
2022-05-13,238128.1138969849,294507.8985630661,56379.784666081185,-18.582966469350747,-14.940036898410003
2022-05-16,238883.12748947833,295262.9121555595,56379.784666081185,-18.32482405193453,-14.721973380820042
2022-05-17,239180.8497405948,295560.634406676,56379.784666081185,-18.223031524772203,-14.635985046320188
2022-05-18,237786.96654314085,294166.751209222,56379.784666081185,-18.699606227220034,-15.03856729936619
2022-05-19,237422.41481768253,293802.1994837637,56379.784666081185,-18.82424804111411,-15.143857366177293
2022-05-20,238690.6823333212,295070.4669994024,56379.784666081185,-18.39062188435021,-14.77755551617761
2022-05-23,239252.33429513048,295632.11896121164,56379.784666081185,-18.19859064595992,-14.615338830715096
2022-05-24,239746.43371350944,296126.2183795906,56379.784666081185,-18.029655914754528,-14.472632714848965
2022-05-25,239849.27021022188,296229.05487630307,56379.784666081185,-17.994495671119314,-14.442931410882121
2022-05-26,240519.53656033287,296899.32122641406,56379.784666081185,-17.765328702934035,-14.249344647040306
2022-05-27,241493.12770095078,297872.91236703197,56379.784666081185,-17.43245367510291,-13.968151419622465
2022-05-31,240280.33335553252,296660.1180216137,56379.784666081185,-17.847113314701012,-14.3184314724646
2022-06-01,239916.67113856436,296296.45580464555,56379.784666081185,-17.97145100178964,-14.423464630854166
2022-06-02,239247.27725123777,295627.06191731896,56379.784666081185,-18.200319671170096,-14.616799409426273
2022-06-03,238898.0357562821,295277.8204223633,56379.784666081185,-18.319726850943084,-14.717667565490732
2022-06-06,239227.1730213835,295606.95768746466,56379.784666081185,-18.207193394433453,-14.622605926188426
2022-06-07,240192.55079714014,296572.3354632213,56379.784666081185,-17.877126551622425,-14.343784888159893
2022-06-08,240142.38988899364,296522.17455507483,56379.784666081185,-17.894276783376483,-14.358272394324922
2022-06-09,239186.1134798645,295565.8981459457,56379.784666081185,-18.221231829517404,-14.634464769715594
2022-06-10,238503.00794634115,294882.7926124223,56379.784666081185,-18.454788570120918,-14.831759754873842
2022-06-13,237416.833330472,293796.6179965532,56379.784666081185,-18.826156375766136,-15.145469414949153
2022-06-14,237002.3584192777,293382.1430853589,56379.784666081185,-18.967867143092487,-15.265178328783835
2022-06-15,237169.3911641948,293549.175830276,56379.784666081185,-18.91075792414695,-15.216935822593936
2022-06-16,236795.84339588005,293175.6280619612,56379.784666081185,-19.03847552405763,-15.324824132362757
2022-06-17,237010.70901385776,293390.49367993895,56379.784666081185,-18.965012038637163,-15.262766504617764
2022-06-21,237499.6636675341,293879.44833361526,56379.784666081185,-18.79783632476679,-15.121546303044287
2022-06-22,238209.55920527832,294589.3438713595,56379.784666081185,-18.555119965686306,-14.916513811416298
2022-06-23,238667.38449208922,295047.1691581704,56379.784666081185,-18.39858751717589,-14.78428441385814
2022-06-24,239646.8114574469,296026.5961235281,56379.784666081185,-18.063717195589902,-14.501405679737589
2022-06-27,239772.08659539348,296151.8712614747,56379.784666081185,-18.020885083329663,-14.465223632793256
2022-06-28,239039.41460239902,295419.1992684802,56379.784666081185,-18.271388811110434,-14.676834435062913
2022-06-29,239447.8893581443,295827.6740242255,56379.784666081185,-18.131729522920192,-14.558858490033423
2022-06-30,239541.27745874057,295921.06212482176,56379.784666081185,-18.099799726840338,-14.53188607798741
2022-07-01,239577.71978714096,295957.50445322215,56379.784666081185,-18.08733993691989,-14.521360780960757
2022-07-05,239765.2536588184,296145.03832489956,56379.784666081185,-18.023221293939752,-14.467197125985765
2022-07-06,239990.74983393634,296370.53450001753,56379.784666081185,-17.94612317498958,-14.402069173802934
2022-07-07,239694.3464534522,298471.0745840679,58776.72813061571,-18.047464774570365,-13.795389818463077
2022-07-08,240092.765715074,298869.4938456897,58776.72813061571,-17.911243503373665,-13.680318107796364
2022-07-11,239014.99718157854,297791.72531219426,58776.72813061571,-18.27973723304659,-13.991599917684884
2022-07-12,238184.1043838318,296960.8325144475,58776.72813061571,-18.563823079389742,-14.231578916762832
2022-07-13,238286.86894744704,297063.59707806277,58776.72813061571,-18.528687429992008,-14.201898388559975
2022-07-14,238857.1931645534,297633.9212951691,58776.72813061571,-18.333691109954064,-14.037176976673571
2022-07-15,239495.6898618095,298272.4179924252,58776.72813061571,-18.115386323681758,-13.852765944663636
2022-07-18,238553.1525142725,297329.8806448882,58776.72813061571,-18.43764392515719,-14.124990195335807
2022-07-19,239616.0948163871,298392.82294700283,58776.72813061571,-18.074219348209297,-13.81799050725231
2022-07-20,239695.401633277,298472.12976389274,58776.72813061571,-18.04710400401802,-13.795085060738742
2022-07-21,241504.64825083158,300281.3763814473,58776.72813061571,-17.42851474920043,-13.272537274136976
2022-07-22,241209.54250310836,299986.27063372405,58776.72813061571,-17.529412682519908,-13.357769908422434
2022-07-25,240931.71421635125,299708.44234696694,58776.72813061571,-17.624403377102283,-13.43801245517735
2022-07-26,239995.6433534602,298772.3714840759,58776.72813061571,-17.944450059469375,-13.70836905154189
2022-07-27,242183.65938922443,300960.38751984015,58776.72813061571,-17.196357900025827,-13.076424834847344
2022-07-28,242899.76273780118,301676.4908684169,58776.72813061571,-16.951519063534203,-12.869599399251019
2022-07-29,244406.96866678575,303183.69679740147,58776.72813061571,-16.43619882834847,-12.434287201067406
2022-08-01,243934.50514895824,302711.23327957396,58776.72813061571,-16.59773615144511,-12.570744422042923
2022-08-02,243585.19117501233,302361.91930562805,58776.72813061571,-16.71716811209879,-12.671633511536552
2022-08-03,244794.0687766727,303570.79690728843,58776.72813061571,-16.303847624155843,-12.322484695177893
2022-08-04,244592.81954225022,303369.5476728659,58776.72813061571,-16.372655609063003,-12.380609630154938
2022-08-05,243378.5963098153,302155.324440431,58776.72813061571,-16.787803791320943,-12.731302375075959
2022-08-08,243443.13793484255,302219.8660654583,58776.72813061571,-16.76573673017906,-12.712661420894012
2022-08-09,243301.8435716349,302078.5717022506,58776.72813061571,-16.814045884939112,-12.75347015091296
2022-08-10,244691.7888785358,303468.5170091515,58776.72813061571,-16.338817564327325,-12.35202524198159
2022-08-11,243979.5318138579,302756.2599444736,58776.72813061571,-16.58234133969476,-12.557739791356825
2022-08-12,245694.28895508914,304471.01708570484,58776.72813061571,-15.996058446088423,-12.062482516855976
2022-08-15,246490.69495486948,305267.4230854852,58776.72813061571,-15.723763785340484,-11.832464017230937
2022-08-16,246189.64805031824,304966.37618093396,58776.72813061571,-15.826693025912009,-11.919412580301447
2022-08-17,246354.60199681105,305131.3301274268,58776.72813061571,-15.770294557151498,-11.871770474026544
2022-08-18,246225.4760844424,305002.2042150581,58776.72813061571,-15.814443265865252,-11.909064704147799
2022-08-19,245652.90274055692,304429.63087117265,58776.72813061571,-16.01020857209049,-12.074435710295607
2022-08-22,244369.46972104092,303146.19785165665,58776.72813061571,-16.44901988031544,-12.445117671003757
2022-08-23,244291.41583543023,303068.14396604593,58776.72813061571,-16.475706841875603,-12.467661245089124
2022-08-24,244404.37404299015,303181.1021736059,58776.72813061571,-16.437085941462115,-12.435036582002157
2022-08-25,244910.0970093999,303686.82514001563,58776.72813061571,-16.264177068840656,-12.288973345422349
2022-08-26,242962.75017169095,301739.47830230667,58776.72813061571,-16.9299833870738,-12.85140732756579
2022-08-29,242103.29405867256,300880.0221892883,58776.72813061571,-17.2238351546228,-13.099636001966264
2022-08-30,241209.55053958594,299986.27867020166,58776.72813061571,-17.529409934813412,-13.357767587321733
2022-08-31,240544.02899287333,299320.75712348905,58776.72813061571,-17.756954634165922,-13.549983953955335
2022-09-01,241029.8143929352,299806.5425235509,58776.72813061571,-17.590862501833126,-13.409679098275184
2022-09-02,239914.59117196355,298691.3193025793,58776.72813061571,-17.97216215137928,-13.731778595398081
2022-09-06,240020.86284684791,298797.59097746364,58776.72813061571,-17.935827405448524,-13.701085141033998
2022-09-07,241084.07330213455,299860.80143275025,58776.72813061571,-17.57231114576968,-13.394008004776692
2022-09-08,241406.2872832197,300183.0154138354,58776.72813061571,-17.462144790051592,-13.300945952873688
2022-09-09,242614.65725323476,301391.3853838505,58776.72813061571,-17.04899786356685,-12.951943751017492
2022-09-12,243597.3537420358,302374.0818726515,58776.72813061571,-16.7130096777545,-12.668120711006292
2022-09-13,240779.73811654287,299556.4662471586,58776.72813061571,-17.676364663871258,-13.481906291319245
2022-09-14,241633.92913279834,300410.65726341406,58776.72813061571,-17.384313055709878,-13.235198285595452
2022-09-15,240982.62770027755,299759.35583089327,58776.72813061571,-17.60699583642952,-13.423307589585365
2022-09-16,240872.75407021423,299649.48220082995,58776.72813061571,-17.64456210643689,-13.455041362990505
2022-09-19,241339.0676692015,300115.7957998172,58776.72813061571,-17.48512746722848,-13.320360365580408
2022-09-20,241409.39134059573,300186.11947121145,58776.72813061571,-17.461083499390316,-13.300049437000395
2022-09-21,240393.6698749211,299170.3980055368,58776.72813061571,-17.808363067834755,-13.593410772344273
2022-09-22,240344.44795216233,299121.176082778,58776.72813061571,-17.825192256417775,-13.607627080137984
2022-09-23,239370.67341827706,298147.4015488928,58776.72813061571,-18.15812998720133,-13.888873275318748
2022-09-26,239273.39043652738,298050.1185671431,58776.72813061571,-18.19139146001718,-13.916970609476564
2022-09-27,239797.98969704483,298574.71782766056,58776.72813061571,-18.012028700682603,-13.765455509336789
2022-09-28,240588.0228985967,299364.75102921244,58776.72813061571,-17.741912927251068,-13.537277605447251
2022-09-29,238679.48163993462,297456.2097705503,58776.72813061571,-18.394451449931935,-14.088503734972935
2022-09-30,238292.93152235192,297069.65965296765,58776.72813061571,-18.52661460937358,-14.200147391726869
2022-10-03,237176.33172352466,295953.0598541404,58776.72813061571,-18.908384916850864,-14.522644472962709
2022-10-04,237486.2134951712,296262.9416257869,58776.72813061571,-18.802434996953554,-14.433144217822825
2022-10-05,237538.0344758115,298690.14295118535,61152.108475373825,-18.784717179223687,-13.732118349973943
2022-10-06,237478.2714263919,298630.37990176573,61152.108475373825,-18.80515042466817,-13.749379152836184
2022-10-07,237203.6008617143,298355.70933708816,61152.108475373825,-18.899061480394717,-13.82870968424318
2022-10-10,236720.44014531348,297872.54862068733,61152.108475373825,-19.064256222015686,-13.968256477078667
2022-10-11,235913.39389611644,297065.50237149023,61152.108475373825,-19.340188830124628,-14.201348100471167
2022-10-12,236172.13208038834,297324.2405557622,61152.108475373825,-19.251725124265707,-14.12661916955107
2022-10-13,237783.89783554687,298936.0063109207,61152.108475373825,-18.700655431637713,-13.661107934262983
2022-10-14,235861.11532377815,297013.22379915195,61152.108475373825,-19.358063100437974,-14.216447231787498
2022-10-17,237712.12737382943,298864.23584920325,61152.108475373825,-18.72519406335378,-13.68183672576656
2022-10-18,238255.55458154943,299407.66305692325,61152.108475373825,-18.539393947322345,-13.52488372565147
2022-10-19,238081.41266785946,299233.5211432333,61152.108475373825,-18.59893382186282,-13.575179506597179
2022-10-20,237961.87556668613,299113.98404206,61152.108475373825,-18.63980407449749,-13.609704290022961
2022-10-21,239287.86985495267,300439.9783303265,61152.108475373825,-18.186440884143785,-13.226729755950439
2022-10-24,240024.20497592216,301176.31345129595,61152.108475373825,-17.934684717042483,-13.014060966672947
2022-10-25,240719.63422871195,301871.7427040858,61152.108475373825,-17.696914443444822,-12.81320663688864
2022-10-26,238816.33676699136,299968.4452423652,61152.108475373825,-18.34766008923926,-13.362918249565936
2022-10-27,237623.2651215872,298775.373596961,61152.108475373825,-18.755576452278856,-13.707501979342872
2022-10-28,238437.35158382228,299589.4600591961,61152.108475373825,-18.47723676483938,-13.472376997034829
2022-10-31,237842.52241309115,298994.630888465,61152.108475373825,-18.68061143465839,-13.644175945589366
2022-11-01,237465.31045092642,298617.41892630025,61152.108475373825,-18.80958183831688,-13.753122550212737
2022-11-02,236336.6803408685,297488.78881624236,61152.108475373825,-19.19546536131004,-14.079094233774592
2022-11-03,235791.3867429333,296943.49521830713,61152.108475373825,-19.381903604239824,-14.236586285927388
2022-11-04,236115.77273098033,297267.8812063541,61152.108475373825,-19.27099462993399,-14.142896913558845
2022-11-07,236706.86652336462,297858.97499873844,61152.108475373825,-19.068897102150572,-13.972176819411619
2022-11-08,236797.5498129787,297949.65828835254,61152.108475373825,-19.037892092660712,-13.94598561263537
2022-11-09,235185.6731122006,296337.7815875744,61152.108475373825,-19.58899971807656,-14.411528891309578
2022-11-10,237926.54077272792,299078.64924810175,61152.108475373825,-18.651885193595163,-13.619909708230605
2022-11-11,238488.24164256974,299640.3501179436,61152.108475373825,-18.459837233336717,-13.457678897118264
2022-11-14,237763.59341364738,298915.7018890212,61152.108475373825,-18.707597601428404,-13.666972270622036
2022-11-15,238168.73854191275,299320.8470172866,61152.108475373825,-18.569076727294952,-13.549957990770178
2022-11-16,237819.4997964758,298971.60827184963,61152.108475373825,-18.68848296699558,-13.650825352716843
2022-11-17,238165.4897208916,299317.5981962654,61152.108475373825,-18.570187513273495,-13.55089631737375
2022-11-18,238128.38080977334,299280.48928514717,61152.108475373825,-18.582875210712313,-13.561614137255184
2022-11-21,237851.6551326777,299003.7636080515,61152.108475373825,-18.677488918275774,-13.641538227569438
2022-11-22,238580.38546895116,299732.493944325,61152.108475373825,-18.428332860000175,-13.431065857161496
2022-11-23,238599.38217412226,299751.4906494961,61152.108475373825,-18.42183780422294,-13.425579216399775
2022-11-25,238279.97337610164,299432.08185147546,61152.108475373825,-18.531045055701355,-13.517831073502817
2022-11-28,237260.89993204735,298413.0084074212,61152.108475373825,-18.879470680072007,-13.812160529425732
2022-11-29,236860.6708080656,298012.7792834394,61152.108475373825,-19.016310751048515,-13.927754965718186
2022-11-30,238556.96333182362,299709.0718071974,61152.108475373825,-18.436340990130905,-13.437830654063564
2022-12-01,238482.3298270529,299634.4383024267,61152.108475373825,-18.461858508667405,-13.459386351526724
2022-12-02,238517.47989729815,299669.588372672,61152.108475373825,-18.44984054740727,-13.449234285342193
2022-12-05,237899.6840395464,299051.79251492023,61152.108475373825,-18.66106762699279,-13.627666487402212
2022-12-06,236800.18789809255,297952.2963734664,61152.108475373825,-19.036990119934107,-13.945223679174369
2022-12-07,236590.23642267185,297742.34489804565,61152.108475373825,-19.10877343873002,-14.00586200106504
2022-12-08,236692.75824315706,297844.8667185309,61152.108475373825,-19.07372078425984,-13.976251582091114
2022-12-09,236428.45245220608,297580.5609275799,61152.108475373825,-19.164088078956965,-14.052588552798928
2022-12-12,237123.87197241746,298275.9804477913,61152.108475373825,-18.926321132970024,-13.851737033984268
2022-12-13,237495.28265726368,298647.3911326375,61152.108475373825,-18.79933421115344,-13.744465958054908
2022-12-14,237390.7365144296,298542.8449898034,61152.108475373825,-18.835078990202526,-13.774661043128244
2022-12-15,236142.60485178654,297294.71332716034,61152.108475373825,-19.261820611614077,-14.135147242949508
2022-12-16,235780.97409062722,296933.08256600105,61152.108475373825,-19.385463735162944,-14.239593674949091
2022-12-19,235311.89291781947,296464.00139319326,61152.108475373825,-19.545844619847585,-14.3750740048328
2022-12-20,235458.31009160355,296610.4185669774,61152.108475373825,-19.495783953963354,-14.332785701326234
2022-12-21,235712.61108680346,296864.7195621773,61152.108475373825,-19.40883734226665,-14.259338322244231
2022-12-22,235336.34139749384,296488.44987286767,61152.108475373825,-19.537485578754765,-14.36801277900781
2022-12-23,235481.10871154515,296633.21718691895,61152.108475373825,-19.48798900705909,-14.326200989063986
2022-12-27,235417.35718017837,296569.4656555522,61152.108475373825,-19.509785931756372,-14.344613747880242
2022-12-28,235157.6761805899,296309.7846559637,61152.108475373825,-19.598571990255607,-14.419614983334206
2022-12-29,235541.68001624697,296693.7884916208,61152.108475373825,-19.467279415632866,-14.308706745384637
2022-12-30,235516.5017144666,296668.61018984043,61152.108475373825,-19.475887986064766,-14.315978758905656
2023-01-03,235275.52903351845,296427.6375088923,61152.108475373825,-19.558277589390705,-14.385576645583564
2023-01-04,234680.94583524571,295833.05431061954,61152.108475373825,-19.761568160160834,-14.557304552212447
2023-01-05,235198.6787755313,298702.77403866046,63504.09526312914,-19.58455302545319,-13.728470231061651
2023-01-06,235738.2950908318,299242.3903539609,63504.09526312914,-19.40005587004586,-13.572617895377537
2023-01-09,235583.5351924365,299087.63045556564,63504.09526312914,-19.452968949608984,-13.617315750040648
2023-01-10,237032.73482676118,300536.83008989034,63504.09526312914,-18.95748131780647,-13.198756967665236
2023-01-11,238843.23844248767,302347.3337056168,63504.09526312914,-18.33846228986955,-12.675846134032664
2023-01-12,240960.662005118,304464.75726824714,63504.09526312914,-17.6145060027432,-12.064290481411676
2023-01-13,241848.0395142486,305352.13477737777,63504.09526312914,-17.31110778892925,-11.807997531198433
2023-01-17,241105.77963712806,304609.8749002572,63504.09526312914,-17.564889655820124,-12.02237751240679
2023-01-18,239738.9936612151,303243.0889243442,63504.09526312914,-18.032199700858598,-12.417133528276548
2023-01-19,238806.0998320747,302310.1950952038,63504.09526312914,-18.351160141625865,-12.68657253168376
2023-01-20,240994.58372746164,304498.6789905908,63504.09526312914,-17.60290801895089,-12.054493187468218
2023-01-23,243678.00007277986,307182.095335909,63504.09526312914,-16.685436347974747,-11.279467130670994
2023-01-24,242792.0691622725,306296.16442540166,63504.09526312914,-16.988339963453846,-11.535342273327565
2023-01-25,243044.426707262,306548.52197039116,63504.09526312914,-16.90205782580163,-11.462456202801285
2023-01-26,244939.13044385955,308443.2257069887,63504.09526312914,-16.254250411848215,-10.915226635411868
2023-01-27,246299.85569715546,309803.9509602846,63504.09526312914,-15.78901255412294,-10.522221081396255
2023-01-30,243851.8164827832,307355.91174591234,63504.09526312914,-16.62600776455455,-11.229265361912088
2023-01-31,246098.1190973459,309602.214360475,63504.09526312914,-15.857987171366839,-10.580486777561859
2023-02-01,250210.56030037213,313714.6555635013,63504.09526312914,-14.451925712095138,-9.392728830513231
2023-02-02,258190.19783580012,321694.2930989293,63504.09526312914,-11.723653077031893,-7.08804471969906
2023-02-03,254548.7140370222,318052.80930015136,63504.09526312914,-12.968692159963002,-8.139780442477173
2023-02-06,253544.18504298248,317048.2803061116,63504.09526312914,-13.312144973878215,-8.429909160872818
2023-02-07,255943.53245449773,319447.62771762686,63504.09526312914,-12.491797701739149,-7.736928078575367
2023-02-08,253756.776595602,317260.87185873115,63504.09526312914,-13.239459001253229,-8.36850833016588
2023-02-09,251556.77858629802,315060.87384942715,63504.09526312914,-13.991647849346778,-9.00391318826308
2023-02-10,250893.01516667329,314397.11042980244,63504.09526312914,-14.218591437433082,-9.195621771485929
2023-02-13,253244.87409599265,316748.9693591218,63504.09526312914,-13.414480683040653,-8.516356343549669
2023-02-14,254281.70524233108,317785.80050546024,63504.09526312914,-13.059983623346238,-8.216898096485902
2023-02-15,253723.73345314688,317227.82871627604,63504.09526312914,-13.250756594776314,-8.37805187209364
2023-02-16,250086.78845027764,313590.8837134068,63504.09526312914,-14.49424384372765,-9.428476696880884
2023-02-17,248747.77047969494,312251.8657428241,63504.09526312914,-14.9520598874739,-9.815212739363432
2023-02-21,246948.1867169568,310452.28198008594,63504.09526312914,-15.567345370377627,-10.334969693942863
2023-02-22,246497.31243490634,310001.4076980355,63504.09526312914,-15.72150124025401,-10.465191497778303
2023-02-23,248073.11918840383,311577.214451533,63504.09526312914,-15.182726086040887,-10.010065964773185
2023-02-24,246725.31217000284,310229.407433132,63504.09526312914,-15.64354714330365,-10.399340465771678
2023-02-27,247082.0334798568,310586.12874298595,63504.09526312914,-15.521582582420091,-10.29631198469605
2023-02-28,247708.92748489897,311213.0227480281,63504.09526312914,-15.307244806869736,-10.115252049809186
2023-03-01,247986.2328441421,311490.3281072712,63504.09526312914,-15.212432903469308,-10.035160535319498
2023-03-02,249356.22478003387,312860.320043163,63504.09526312914,-14.744026726828308,-9.639478572000348
2023-03-03,252049.15305128455,315553.2483144137,63504.09526312914,-13.823302887177446,-8.86170527455935
2023-03-06,251492.87058511542,314996.96584824455,63504.09526312914,-14.0134982717518,-9.022371138793472
2023-03-07,251133.18766406557,314637.2829271947,63504.09526312914,-14.136475420330685,-9.126254994343853
2023-03-08,252102.12630869524,315606.2215718244,63504.09526312914,-13.805191101029003,-8.84640550384791
2023-03-09,250358.94932792953,313863.0445910587,63504.09526312914,-14.401190860865231,-9.349871014915422
2023-03-10,249365.0900159969,312869.18527912605,63504.09526312914,-14.740995664255118,-9.636918108774806
2023-03-13,248837.09943446115,312341.1946975903,63504.09526312914,-14.921517930934469,-9.78941269246013
2023-03-14,253111.78526916608,316615.8805322952,63504.09526312914,-13.459984329371888,-8.55479514520605
2023-03-15,253860.2476621635,317364.3429252927,63504.09526312914,-13.20408179543815,-8.338623749321883
2023-03-16,257682.348207783,321186.44347091217,63504.09526312914,-11.897289064467987,-7.234722180069597
2023-03-17,256359.1802233933,319863.27548652247,63504.09526312914,-12.349685929284803,-7.616880419215399
2023-03-20,256648.27630209312,320152.3715652223,63504.09526312914,-12.250842727833733,-7.533383501451906
2023-03-21,257094.80219845753,320598.8974615867,63504.09526312914,-12.098173589857309,-7.404417601202784
2023-03-22,256656.22585040663,320160.3211135358,63504.09526312914,-12.248124742833966,-7.531087507729762
2023-03-23,258417.28115743602,321921.3764205652,63504.09526312914,-11.646012305812913,-7.022458366825068
2023-03-24,257923.78433555082,321427.87959867995,63504.09526312914,-11.814741006667106,-7.164990440379359
2023-03-27,257152.7901075227,320656.88537065184,63504.09526312914,-12.078347272588552,-7.387669495534022
2023-03-28,256412.65631276168,319916.7515758908,63504.09526312914,-12.33140222271214,-7.601435420250402
2023-03-29,257910.9922339663,321415.08749709546,63504.09526312914,-11.81911468160447,-7.168685063491598
2023-03-30,259128.01101726765,322632.1062803968,63504.09526312914,-11.403010688397098,-6.817184905748331
2023-03-31,259961.5398176507,323465.63508077984,63504.09526312914,-11.118023581335457,-6.576444574671914
2023-04-03,259879.84184754564,323383.9371106748,63504.09526312914,-11.14595647116763,-6.600040635614645
2023-04-04,259833.4196798387,323337.51494296786,63504.09526312914,-11.161828411372044,-6.613448316330562
2023-04-05,257935.30784926776,321439.4031123969,63504.09526312914,-11.810801067416222,-7.161662211641362
2023-04-06,258783.86071131125,324875.7945815535,66091.93387024225,-11.520677168600091,-6.169161389098954
2023-04-10,259131.6599406188,325223.59381086106,66091.93387024225,-11.401763105698992,-6.06870978913846
2023-04-11,258158.54323733813,324250.4771075804,66091.93387024225,-11.734475921349608,-6.349765989255518
2023-04-12,256587.61658345087,322679.55045369314,66091.93387024225,-12.271582548369132,-6.803482048712373
2023-04-13,258242.59027216816,324334.52414241043,66091.93387024225,-11.705739876113608,-6.325491469908762
2023-04-14,258543.9574653579,324635.8913356002,66091.93387024225,-11.602701127469327,-6.2384504008650365
2023-04-17,257647.03464131197,323738.96851155424,66091.93387024225,-11.909362925795852,-6.497500235149822
2023-04-18,258481.32944583584,324573.2633160781,66091.93387024225,-11.62411391860071,-6.256538666258471
2023-04-19,258623.75092314405,324715.6847933863,66091.93387024225,-11.57541939864788,-6.2154044024108295
2023-04-20,257161.3675120712,323253.3013823135,66091.93387024225,-12.075414620822656,-6.637770931774368
2023-04-21,256528.50102101528,322620.43489125755,66091.93387024225,-12.291794415209367,-6.820555843962128
2023-04-24,256130.77233834652,322222.7062085888,66091.93387024225,-12.427779574470954,-6.935428101165797
2023-04-25,251446.41923692467,317538.35310716694,66091.93387024225,-14.029380188890016,-8.288366015244986
2023-04-26,253352.0592285766,319443.9930988189,66091.93387024225,-13.377833621965996,-7.737977831547028
2023-04-27,259875.57921030704,325967.5130805493,66091.93387024225,-11.147413885302004,-5.853850541087791
2023-04-28,262171.2361745865,328263.1700448288,66091.93387024225,-10.362518826180732,-5.190817401303571
2023-05-01,264233.9307241168,330325.86459435907,66091.93387024225,-9.657274625677614,-4.595068617895903
2023-05-02,262645.76043632673,328737.694306569,66091.93387024225,-10.200276925814766,-5.053764994928844
2023-05-03,258472.00262378657,324563.93649402884,66091.93387024225,-11.627302799456029,-6.259232445078123
2023-05-04,258987.17750563746,325079.11137587973,66091.93387024225,-11.451162276006766,-6.110439300123738
2023-05-05,261790.9517983609,327882.8856686032,66091.93387024225,-10.49253970151398,-5.3006513825573425
2023-05-08,264671.5883009618,330763.5221712041,66091.93387024225,-9.507637604555663,-4.468664071467076
2023-05-09,263790.14304831665,329882.0769185589,66091.93387024225,-9.809007554183236,-4.723243663498011
2023-05-10,265073.13032568095,331165.0641959232,66091.93387024225,-9.370348647130566,-4.352690442328466
2023-05-11,265039.83246761037,331131.76633785263,66091.93387024225,-9.38173332902581,-4.362307551386202
2023-05-12,264042.09334728465,330134.0272175269,66091.93387024225,-9.722864655709651,-4.650475214032934
2023-05-15,266583.50762895093,332675.4414991932,66091.93387024225,-8.853944105340672,-3.916462285757949
2023-05-16,268356.3757016695,334448.30957191176,66091.93387024225,-8.247792832566613,-3.4044213741722285
2023-05-17,271544.6220528676,337636.5559231099,66091.93387024225,-7.157717596041779,-2.483589986237078
2023-05-18,279216.81216798635,345308.7460382286,66091.93387024225,-4.534562565609868,-0.26770303962387887
2023-05-19,277609.96193536127,343701.89580560353,66091.93387024225,-5.083951619793381,-0.7317945704919504
2023-05-22,278507.66112748097,344599.59499772324,66091.93387024225,-4.7770243778598065,-0.4725205050743808
2023-05-23,276183.20080591517,342275.13467615744,66091.93387024225,-5.571767429591434,-1.1438726492721596
2023-05-24,276210.20742485975,342302.141295102,66091.93387024225,-5.562533749602217,-1.1360725799968274
2023-05-25,293868.40136287897,359960.33523312124,66091.93387024225,0.0,0.0
2023-05-26,299721.92548370553,365813.8593539478,66091.93387024225,0.0,0.0
2023-05-30,301593.43003826815,367685.3639085104,66091.93387024225,0.0,0.0
2023-05-31,295548.2337798147,361640.16765005694,66091.93387024225,-2.004419080908504,-1.64412208149729
2023-06-01,300134.6421502363,366226.57602047856,66091.93387024225,-0.48369352337905847,-0.3967489683366465
2023-06-02,298718.7198753895,364810.65374563175,66091.93387024225,-0.9531740006783029,-0.7818397045561976
2023-06-05,298774.73343757464,364866.6673078169,66091.93387024225,-0.93460146009674,-0.7666056028803103
2023-06-06,299922.4937117022,366014.42758194444,66091.93387024225,-0.5540360499079688,-0.4544473320351572
2023-06-07,293392.72990522045,359484.6637754627,66091.93387024225,-2.7191242634188484,-2.230358055559767
2023-06-08,296917.67109456164,363009.6049648039,66091.93387024225,-1.5503517245429421,-1.2716739371953834
2023-06-09,298619.45163891837,364711.38550916064,66091.93387024225,-0.9860885891885718,-0.8088378519439221
2023-06-12,303014.34698342485,369106.2808536671,66091.93387024225,0.0,0.0
2023-06-13,303881.67030418344,369973.6041744257,66091.93387024225,0.0,0.0
2023-06-14,307447.502047158,373539.4359174003,66091.93387024225,0.0,0.0
2023-06-15,307679.91765290307,373771.85152314533,66091.93387024225,0.0,0.0
2023-06-16,305850.83929654147,371942.77316678374,66091.93387024225,-0.5944744038917094,-0.48935690285610844
2023-06-20,307236.79776380275,373328.731634045,66091.93387024225,-0.14401976329186938,-0.11855357413742551
2023-06-21,303075.73733833426,369167.67120857653,66091.93387024225,-1.4964188594729255,-1.2318156907232258
2023-06-22,303040.9434518206,369132.87732206285,66091.93387024225,-1.5077273279550774,-1.2411245475490884
2023-06-23,302137.28438272973,368229.218252972,66091.93387024225,-1.8014283520532026,-1.4828921031872055
2023-06-26,297032.10415296943,363124.0380232117,66091.93387024225,-3.460678740802814,-2.8487467572913983
2023-06-27,300716.21983089735,366808.1537011396,66091.93387024225,-2.2632929295897553,-1.863087815101161
2023-06-28,299707.7717722363,365799.70564247854,66091.93387024225,-2.5910517467247374,-2.1328909194685886
2023-06-29,298765.2111898941,364857.1450601364,66091.93387024225,-2.8973962717533386,-2.3850662982460857
2023-06-30,302584.7397758642,368676.67364610644,66091.93387024225,-1.6559994932093036,-1.3631785957866294
2023-07-03,302365.80696943885,368457.7408396811,66091.93387024225,-1.72715552058198,-1.4217525107385276
2023-07-05,303411.3242160751,369503.2580863174,66091.93387024225,-1.3873487322118239,-1.1420318088248615
2023-07-06,301976.7502614341,368068.6841316764,66091.93387024225,-1.853604042465573,-1.5258418653593564
2023-07-07,300980.8082650126,367072.74213525484,66091.93387024225,-2.1772982256995532,-1.7922990617381118
2023-07-10,301674.6960797295,370783.37691076903,69108.68083103954,-1.9517756046555368,-0.7995451236357365
2023-07-11,304220.1309628256,373328.81179386517,69108.68083103954,-1.1244759542546667,-0.11853212794776802
2023-07-12,309206.0519220878,378314.73275312735,69108.68083103954,0.0,0.0
2023-07-13,315157.2720093725,384265.95284041204,69108.68083103954,0.0,0.0
2023-07-14,313199.2238388909,382307.90466993046,69108.68083103954,-0.6212923972839013,-0.50955546699053
2023-07-17,317739.8057515377,386848.4865825772,69108.68083103954,0.0,0.0
2023-07-18,322256.5689077312,391365.24973877077,69108.68083103954,0.0,0.0
2023-07-19,321460.72072307067,390569.4015541102,69108.68083103954,-0.24696104329479107,-0.20335177566014329
2023-07-20,306512.4254675973,375621.1062986369,69108.68083103954,-4.885592710645959,-4.022877210136267
2023-07-21,302398.7865626521,371507.46739369165,69108.68083103954,-6.1621032000638065,-5.073976894559196
2023-07-24,303307.9301391273,372416.61097016686,69108.68083103954,-5.87998526541419,-4.8416763576356825
2023-07-25,304406.5626749741,373515.24350601365,69108.68083103954,-5.539066680086191,-4.560958400029557
2023-07-26,304122.3278682106,373231.0086992502,69108.68083103954,-5.627268080519032,-4.633584880523978
2023-07-27,305463.6495123181,374572.33034335764,69108.68083103954,-5.211040213185325,-4.290856024294976
2023-07-28,313916.4922479261,383025.1730789656,69108.68083103954,-2.5880237874043366,-2.1310212558146135
2023-07-31,313904.088603243,383012.76943428256,69108.68083103954,-2.591872784098226,-2.1341905828540786
2023-08-01,312222.2490645496,381330.9298955891,69108.68083103954,-3.113767355369157,-2.563927137087252
2023-08-02,303121.2666211622,372229.94745220174,69108.68083103954,-5.93790914842387,-4.8893718334321985
2023-08-03,303813.6686617816,372922.34949282114,69108.68083103954,-5.723048659166419,-4.712452180733962
2023-08-04,302607.03951843164,371715.7203494712,69108.68083103954,-6.097479860814148,-5.020764976557135
2023-08-07,304784.7579423181,373893.43877335766,69108.68083103954,-5.421708244655099,-4.464323538452952
2023-08-08,301597.58753522096,370706.2683662605,69108.68083103954,-6.4107246727452605,-5.278695895023833
2023-08-09,294406.94663250045,363515.62746354,69108.68083103954,-8.642065038309488,-7.1160181681485195
2023-08-10,294442.2912887704,363550.97211980994,69108.68083103954,-8.631097176152402,-7.106987050466628
2023-08-11,290531.43797977513,359640.1188108147,69108.68083103954,-9.844680912319792,-8.106271813640076
2023-08-14,297189.13305598137,366297.8138870209,69108.68083103954,-7.778719899089836,-6.405125613089535
2023-08-15,296222.6756386371,365331.35646967666,69108.68083103954,-8.078622992026007,-6.652070741199245
2023-08-16,293439.20467450825,362547.8855055478,69108.68083103954,-8.942366739302676,-7.363291516673498
2023-08-17,290906.12074788136,360014.8015789209,69108.68083103954,-9.728412446675726,-8.010534451072427
2023-08-18,290124.34031414095,359233.0211451805,69108.68083103954,-9.971008101557233,-8.210291694277394
2023-08-21,298322.32905759534,367431.0098886349,69108.68083103954,-7.4270758641971195,-6.115576144308044
2023-08-22,295714.92008798325,364823.6009190228,69108.68083103954,-8.236185505763082,-6.781810300598745
2023-08-23,300390.95922398585,369499.6400550254,69108.68083103954,-6.785155616177974,-5.587008478228528
2023-08-24,297239.40721788624,366348.0880489258,69108.68083103954,-7.763119235905447,-6.392279771017861
2023-08-25,296248.8408362184,365357.52166725794,69108.68083103954,-8.070503623763026,-6.645385120133307
2023-08-28,298992.26299422764,368100.9438252672,69108.68083103954,-7.2191874916177845,-5.944397446894445
2023-08-29,304639.10455818457,373747.7853892241,69108.68083103954,-5.466906201248268,-4.501540277606653
2023-08-30,305129.0499271691,374237.73075820867,69108.68083103954,-5.314870396161286,-4.376351500802489
2023-08-31,306620.1290748618,375728.8099059014,69108.68083103954,-4.8521710157431786,-3.9953572381059455
2023-09-01,305749.44951535127,374858.1303463908,69108.68083103954,-5.122353113958178,-4.217829611443058
2023-09-05,306800.97701328306,375909.6578443226,69108.68083103954,-4.7960517754018,-3.9491477346965453
2023-09-06,304037.9473307823,373146.62816182186,69108.68083103954,-5.653452352794486,-4.655145439997421
2023-09-07,302535.2558398988,371643.93667093833,69108.68083103954,-6.1197551797552485,-5.039106839709473
2023-09-08,301318.1142711858,370426.7951022254,69108.68083103954,-6.49744851051911,-5.350105726178144
2023-09-11,303240.68477551854,372349.3656065581,69108.68083103954,-5.900852291906988,-4.858858609676108
2023-09-12,299563.98389688745,368672.664727927,69108.68083103954,-7.041775777529957,-5.79831373020232
2023-09-13,302232.70191633346,371341.382747373,69108.68083103954,-6.2136412173900535,-5.116414143760418
2023-09-14,303767.38173608965,372876.0625671292,69108.68083103954,-5.737412036102018,-4.724279221004613
2023-09-15,296645.0405471521,365753.72137819167,69108.68083103954,-7.947558197925275,-6.544149838973778
2023-09-18,297548.7095498058,366657.39038084535,69108.68083103954,-7.667139087861319,-6.3132481420916875
2023-09-19,298206.63490735274,367315.3157383923,69108.68083103954,-7.462977118478687,-6.1451378262202265
2023-09-20,294514.45396989567,363623.1348009352,69108.68083103954,-8.608704248253417,-7.088548346168421
2023-09-21,289801.8882231527,358910.5690541923,69108.68083103954,-10.071068774356295,-8.29268329424787
2023-09-22,290476.1733084875,359584.8541395271,69108.68083103954,-9.8618301892065,-8.120392809646882
2023-09-25,290762.3334126916,359871.01424373116,69108.68083103954,-9.773031346354665,-8.047274385260684
2023-09-26,289895.6637217365,359004.3445527761,69108.68083103954,-10.041969135239038,-8.268722173875942
2023-09-27,289309.9320523655,358418.61288340506,69108.68083103954,-10.223728554870515,-8.418385862658218
2023-09-28,290888.03806160454,359996.7188926441,69108.68083103954,-9.734023716707584,-8.015154862897155
2023-09-29,290479.7864422819,359588.46727332147,69108.68083103954,-9.860708991334066,-8.119469596919949
2023-10-02,292914.0284493726,362022.7092804122,69108.68083103954,-9.105335093032652,-7.49748233343257
2023-10-03,290403.980607374,359512.66143841355,69108.68083103954,-9.8842324326606,-8.138839184526026
2023-10-04,292406.7843713758,361515.46520241536,69108.68083103954,-9.262738890794198,-7.627091203493308
2023-10-05,292062.37827584846,361171.059106888,69108.68083103954,-9.369612149171736,-7.7150923982231
2023-10-06,295323.6123376547,367385.5292920708,72061.91695441608,-8.357612898742184,-6.127197154756592
2023-10-09,295644.07187033584,367705.9888247519,72061.91695441608,-8.258170540199316,-6.0453146848911565
2023-10-10,297035.6189581328,369097.5359125489,72061.91695441608,-7.826357127515903,-5.689752434863637
2023-10-11,298546.693042684,370608.6099971001,72061.91695441608,-7.357453083240594,-5.303649150129031
2023-10-12,298425.5891147788,370487.5060691949,72061.91695441608,-7.395033055098321,-5.334593115641062
2023-10-13,294678.640442915,366740.5573973311,72061.91695441608,-8.557755256406374,-6.291997656377568
2023-10-16,296220.02784712915,368281.94480154524,72061.91695441608,-8.079444632843735,-5.898148839896544
2023-10-17,295669.4514850773,367731.3684394934,72061.91695441608,-8.250294947522496,-6.038829792643197
2023-10-18,292452.1330779801,364514.05003239616,72061.91695441608,-9.248666654266025,-6.860905439176657
2023-10-19,291183.68424210825,363245.60119652434,72061.91695441608,-9.642281232914062,-7.185014142419588
2023-10-20,288963.15562456136,361025.07257897744,72061.91695441608,-10.331337355206083,-7.752394260871354
2023-10-23,288768.81940104155,360830.73635545763,72061.91695441608,-10.391642168907323,-7.80205023407019
2023-10-24,289861.4343050574,361923.3512594735,72061.91695441608,-10.052590925446491,-7.522869876400429
2023-10-25,283864.9486871537,355926.8656415698,72061.91695441608,-11.913370874239604,-9.055066621488617
2023-10-26,279263.2703933628,351325.1873477789,72061.91695441608,-13.341325720711161,-10.230868074699506
2023-10-27,281803.22905953217,353865.14601394825,72061.91695441608,-12.553146700876617,-9.5818685358123
2023-10-30,284206.74323323416,356268.66018765024,72061.91695441608,-11.807308010342377,-8.967732718872423
2023-10-31,285823.9713830452,357885.8883374613,72061.91695441608,-11.305463112256199,-8.554505394553136
2023-11-01,294448.97345636354,366510.8904107796,72061.91695441608,-8.629023621029608,-6.3506811973165656
2023-11-02,293731.48803275044,365793.4049871665,72061.91695441608,-8.851667778771677,-6.5340100503744285
2023-11-03,298296.6134285142,370358.5303829303,72061.91695441608,-7.43505572607186,-5.36754843968954
2023-11-06,300865.04163010424,372926.9585845203,72061.91695441608,-6.638042274865718,-4.711274485038642
2023-11-07,302748.81395048875,374810.73090490483,72061.91695441608,-6.053485588629826,-4.229940917062969
2023-11-08,303856.3699163565,375918.2868707726,72061.91695441608,-5.709797958111773,-3.946942882207538
2023-11-09,304441.21943137556,376503.13638579164,72061.91695441608,-5.5283122813414405,-3.7975045977892363
2023-11-10,310240.1409808219,382302.057935238,72061.91695441608,-3.728838784462407,-2.315788591241119
2023-11-13,309816.6403638773,381878.5573182934,72061.91695441608,-3.860256002233964,-2.4239996849003798
2023-11-14,311976.5904290618,384038.5073834779,72061.91695441608,-3.1899981165668057,-1.872098342963091
2023-11-15,309830.1031816595,381892.02013607556,72061.91695441608,-3.856078331681645,-2.420559722412352
2023-11-16,312166.16092279856,384228.07787721464,72061.91695441608,-3.131172164816831,-1.8236600889629417
2023-11-17,312399.67939561536,384461.59635003144,72061.91695441608,-3.058708638748675,-1.76399243247769
2023-11-20,314691.0202600139,386752.93721442996,72061.91695441608,-2.3476786441810282,-1.1785186670046577
2023-11-21,312811.67734699685,384873.59430141293,72061.91695441608,-2.930860833263149,-1.6587204514685205
2023-11-22,316555.464099244,388617.38105366006,72061.91695441608,-1.7691198127661956,-0.7021238311129663
2023-11-24,315679.9690120926,387741.8859665087,72061.91695441608,-2.0407962257928736,-0.9258266477876087
2023-11-27,315213.5979704122,387275.51492482825,72061.91695441608,-2.185516640107832,-1.044991811785112
2023-11-28,316045.40436439647,388107.32131881255,72061.91695441608,-1.927397341933823,-0.8324521459513345
2023-11-29,314516.73114251834,386578.6480969344,72061.91695441608,-2.4017626053199126,-1.2230522881199413
2023-11-30,314206.1888522394,386268.1058066555,72061.91695441608,-2.49812752701305,-1.3024007459828235
2023-12-01,313365.0170363282,385426.9339907443,72061.91695441608,-2.7591530256591446,-1.5173334249758197
2023-12-04,310318.926387077,382380.8433414931,72061.91695441608,-3.7043907471354554,-2.2956576761157477
2023-12-05,311446.2629531509,383508.179907567,72061.91695441608,-3.354564963941986,-2.007605385620781
2023-12-06,308887.6622187722,380949.5791731883,72061.91695441608,-4.148528836595034,-2.6613682672477323
2023-12-07,316724.22894308926,388786.14589750534,72061.91695441608,-1.7167500986538409,-0.6590017491299838
2023-12-08,319231.71368106466,391293.63063548075,72061.91695441608,-0.9386481203219832,-0.01829981157954741
2023-12-11,319740.6580159999,391802.57497041597,72061.91695441608,-0.7807167128536241,0.0
2023-12-12,323702.9843940426,395764.90134845866,72061.91695441608,0.0,0.0
2023-12-13,325121.50067012775,397183.4176245438,72061.91695441608,0.0,0.0
2023-12-14,321723.3322819154,393785.2492363315,72061.91695441608,-1.0451995273176862,-0.8555665310842842
2023-12-15,322897.59880409186,394959.51575850794,72061.91695441608,-0.6840217769209511,-0.5599181051758162
2023-12-18,324758.86075428413,396820.7777087002,72061.91695441608,-0.11153981360696452,-0.09130288419704202
2023-12-19,327369.40381735866,399431.32077177474,72061.91695441608,0.0,0.0
2023-12-20,323287.6326596422,395349.5496140583,72061.91695441608,-1.2468395366580176,-1.0218956164553483
2023-12-21,327383.4868354871,399445.4037899032,72061.91695441608,0.0,0.0
2023-12-22,326707.86611108953,398769.7830655056,72061.91695441608,-0.2063698236365541,-0.16913969167935416
2023-12-26,328361.62062799477,400423.53758241085,72061.91695441608,0.0,0.0
2023-12-27,330877.32234232087,402939.23929673695,72061.91695441608,0.0,0.0
2023-12-28,332958.1021571295,405020.0191115456,72061.91695441608,0.0,0.0
2023-12-29,331705.20531698153,403767.1222713976,72061.91695441608,-0.37629264223661973,-0.3093419537375741
2024-01-02,324276.3926219995,396338.3095764156,72061.91695441608,-2.6074480479327478,-2.143526029694598
2024-01-03,321649.52941004466,393711.44636446075,72061.91695441608,-3.396395124137297,-2.792102171120181
2024-01-04,320893.29577445023,392955.2127288663,72061.91695441608,-3.6235208888191095,-2.9788172962770365
2024-01-05,323049.4903567508,395111.40731116687,72061.91695441608,-2.9759335292290467,-2.4464498871226925
2024-01-08,329319.570796179,404674.6834585569,75355.11266237787,-1.092789554414686,-0.08526384788244412
2024-01-09,330961.743802023,406316.8564644009,75355.11266237787,-0.5995824526187299,0.0
2024-01-10,333403.7401389447,408758.8528013226,75355.11266237787,0.0,0.0
2024-01-11,333402.74354134244,408757.8562037203,75355.11266237787,-0.00029891614348187545,-0.0002438106466495782
2024-01-12,331752.5835073319,407107.6961697098,75355.11266237787,-0.49524238418101607,-0.40394394403865386
2024-01-16,338026.75821970333,413381.8708820812,75355.11266237787,0.0,0.0
2024-01-17,337802.4869704802,413157.59963285807,75355.11266237787,-0.06634718813514073,-0.05425280231680096
2024-01-18,341490.4901820851,416845.60284446296,75355.11266237787,0.0,0.0
2024-01-19,354688.1598220186,430043.27248439647,75355.11266237787,0.0,0.0
2024-01-22,352593.78851787327,427948.90118025115,75355.11266237787,-0.5904824410254528,-0.48701408396554235
2024-01-23,354308.62238500395,429663.73504738184,75355.11266237787,-0.10700595058066309,-0.08825563874583775
2024-01-24,363197.2821316393,438552.3947940172,75355.11266237787,0.0,0.0
2024-01-25,365948.1698147005,441303.2824770784,75355.11266237787,0.0,0.0
2024-01-26,366391.40414699307,441746.51680937095,75355.11266237787,0.0,0.0
2024-01-29,370062.6256930068,445417.7383553847,75355.11266237787,0.0,0.0
2024-01-30,368310.96987022366,443666.08253260155,75355.11266237787,-0.47334037570069265,-0.39326135264634576
2024-01-31,360257.7399710065,435612.8526333844,75355.11266237787,-2.649520659817761,-2.2012786823898955
2024-02-01,363067.7805319452,438422.89319432306,75355.11266237787,-1.8901787631113942,-1.5704011220767033
2024-02-02,388608.04297991924,463963.1556422971,75355.11266237787,0.0,0.0
2024-02-05,387333.4753941414,462688.5880565193,75355.11266237787,-0.3279828116794059,-0.2747131038914885
2024-02-06,380990.3528355621,456345.46549793996,75355.11266237787,-1.960250252656448,-1.641873940143257
2024-02-07,388247.9036668561,463603.016329234,75355.11266237787,-0.09267417892370178,-0.07762239494309986
2024-02-08,387279.1900323016,462634.30269467947,75355.11266237787,-0.3419519929201087,-0.28641346440064774
2024-02-09,391598.6645400402,466953.7772024181,75355.11266237787,0.0,0.0
2024-02-12,393266.11726321257,468621.22992559045,75355.11266237787,0.0,0.0
2024-02-13,389078.93838888407,464434.05105126195,75355.11266237787,-1.0647189499740306,-0.8935102822792196
2024-02-14,398629.4143461151,473984.52700849297,75355.11266237787,0.0,0.0
2024-02-15,401880.77521173074,477235.8878741086,75355.11266237787,0.0,0.0
2024-02-16,398379.40365815896,473734.51632053684,75355.11266237787,-0.8712463420841865,-0.7336773370437366
2024-02-20,389505.2828631707,464860.3955255486,75355.11266237787,-3.0793939675367588,-2.5931604606870162
2024-02-21,385256.4981462379,460611.6108086158,75355.11266237787,-4.13661913952822,-3.4834507395382963
2024-02-22,413741.39240241435,489096.50506479223,75355.11266237787,0.0,0.0
2024-02-23,411885.54176544223,487240.6544278201,75355.11266237787,-0.44855329223794094,-0.3794446735468471
2024-02-26,411444.95291905175,486800.06558142963,75355.11266237787,-0.5550422378646225,-0.4695268642449957
2024-02-27,414419.8660231017,489774.9786854796,75355.11266237787,0.0,0.0
2024-02-28,411810.1408162704,487165.25347864826,75355.11266237787,-0.6297297549644698,-0.5328416763624166
2024-02-29,423766.2895850305,499121.4022474084,75355.11266237787,0.0,0.0
2024-03-01,434907.27555955446,510262.38822193234,75355.11266237787,0.0,0.0
2024-03-04,440006.10212158854,515361.2147839664,75355.11266237787,0.0,0.0
2024-03-05,440575.4107888213,515930.5234511992,75355.11266237787,0.0,0.0
2024-03-06,448185.9878962174,523541.10055859527,75355.11266237787,0.0,0.0
2024-03-07,458045.32172595395,533400.4343883318,75355.11266237787,0.0,0.0
2024-03-08,447458.3017941053,522813.4144564832,75355.11266237787,-2.3113476832283375,-1.9848165185671673
2024-03-11,436416.9869028791,511772.09956525697,75355.11266237787,-4.721876591071261,-4.054802626450204
2024-03-12,451687.1048611442,527042.2175235221,75355.11266237787,-1.388119594989301,-1.1920156893199585
2024-03-13,445789.94220604666,521145.05486842454,75355.11266237787,-2.6755822925399575,-2.29759458931843
2024-03-14,436233.34575844207,511588.45842081995,75355.11266237787,-4.761968943449202,-4.089231009443106
2024-03-15,435218.53929809015,510573.65196046804,75355.11266237787,-4.9835204826130575,-4.279483284268415
2024-03-18,439040.80761825957,514395.92028063745,75355.11266237787,-4.149046656798882,-3.5628981310237395
2024-03-19,435186.9721877858,510542.08485016366,75355.11266237787,-4.99041218280234,-4.2854013728692575
2024-03-20,439648.41754023137,515003.53020260925,75355.11266237787,-4.01639386172562,-3.448985602499355
2024-03-21,441977.7540749024,517332.8667372803,75355.11266237787,-3.5078554214913904,-3.012289944884805
2024-03-22,444998.0585447792,520353.1712071571,75355.11266237787,-2.8484655474728005,-2.446054097450534
2024-03-25,444064.04614103626,519419.15880341415,75355.11266237787,-3.052378208391049,-2.621159392371042
2024-03-26,439197.6311793013,514552.7438416792,75355.11266237787,-4.114809092609639,-3.5334974123644947
2024-03-27,437682.6467912231,513037.759453601,75355.11266237787,-4.4455589804962,-3.8175212508181455
2024-03-28,437996.6422482009,513351.7549105788,75355.11266237787,-4.37700780398933,-3.7586545089232204
2024-04-01,437603.22407786234,512958.3367402402,75355.11266237787,-4.462898468445009,-3.832411136210123
2024-04-02,436997.6540765596,512352.76673893747,75355.11266237787,-4.595105910062558,-3.9459412277251804
2024-04-03,437629.4115552851,512984.524217663,75355.11266237787,-4.457181244366815,-3.8275016018838537
2024-04-04,433342.605764628,508697.71842700586,75355.11266237787,-5.393072429654788,-4.631176573684915
2024-04-05,440861.8613319246,516216.9739943025,75355.11266237787,-3.7514760175435424,-3.2214935133553446
2024-04-08,437351.8165670664,512706.9292294443,75355.11266237787,-4.517785506663974,-3.879544114473299
2024-04-09,436336.44399734546,516054.9210996968,79718.47710235132,-4.7394606382633935,-3.2518746087122574
2024-04-10,438055.2038444782,517773.6809468295,79718.47710235132,-4.364222694416197,-2.9296476781879743
2024-04-11,439871.4687196075,519589.9458219588,79718.47710235132,-3.9676975496367506,-2.5891408547895067
2024-04-12,433027.20038504124,512745.67748739256,79718.47710235132,-5.4619314190661905,-3.8722797300727363
2024-04-15,426763.7497732961,506482.22687564744,79718.47710235132,-6.8293617397479744,-5.046528982218101
2024-04-16,425675.1472736077,505393.62437595904,79718.47710235132,-7.067024356972507,-5.2506162737735895
2024-04-17,422964.70185360895,502683.17895596026,79718.47710235132,-7.658766110776605,-5.758760858077682
2024-04-18,421191.8155403418,500910.2926426931,79718.47710235132,-8.045820890986288,-6.091135224307842
2024-04-19,413740.6168594991,493459.0939618504,79718.47710235132,-9.672559191197704,-7.488059223701892
2024-04-22,416369.6815792206,496088.1586815719,79718.47710235132,-9.098584391102616,-6.995171601153116
2024-04-23,423408.46905211074,503126.94615446206,79718.47710235132,-7.561883296466954,-5.67556497560513
2024-04-24,421581.8647567288,501300.34185908013,79718.47710235132,-7.960665733213412,-6.018010196422496
2024-04-25,406504.0519964066,486222.5290987579,79718.47710235132,-11.252438849355661,-8.844744444888653
2024-04-26,411887.6113188733,491606.0884212246,79718.47710235132,-10.077105521600881,-7.835454055269786
2024-04-29,412710.0489160299,492428.52601838124,79718.47710235132,-9.897551761711455,-7.681266404841692
2024-04-30,402363.8795253444,482082.3566276957,79718.47710235132,-12.156317193852583,-9.620929127941992
2024-05-01,404434.0233356425,484152.5004379938,79718.47710235132,-11.704365451938148,-9.232825992504544
2024-05-02,409860.7005971439,489579.1776994952,79718.47710235132,-10.519618658530616,-8.215452006350144
2024-05-03,412785.1938664464,492503.6709687977,79718.47710235132,-9.881146190722689,-7.667178499101112
2024-05-06,417247.44281489734,496965.91991724866,79718.47710235132,-8.906952429363702,-6.8306120734348275
2024-05-07,417626.1396647005,497344.6167670518,79718.47710235132,-8.824275708995465,-6.759615346512882
2024-05-08,417162.96395238745,496881.44105473877,79718.47710235132,-8.92539577077619,-6.846449867531623
2024-05-09,419956.80041800515,499675.27752035647,79718.47710235132,-8.315448166663508,-6.322671429139182
2024-05-10,419443.4802512573,499161.9573536086,79718.47710235132,-8.427515715964873,-6.41890685259483
2024-05-13,418670.03122633573,498388.50832868705,79718.47710235132,-8.596374339388246,-6.56391030123441
2024-05-14,420370.66060133564,500089.13770368695,79718.47710235132,-8.225094622221441,-6.245082406587099
2024-05-15,421274.5296248181,500993.00672716944,79718.47710235132,-8.027762834162422,-6.075628284466072
2024-05-16,417952.2240173125,497670.70111966383,79718.47710235132,-8.75308529679273,-6.698482221830304
2024-05-17,419237.6936588296,498956.1707611809,79718.47710235132,-8.472442840567362,-6.457486984735827
2024-05-20,421753.70631945215,501472.18342180346,79718.47710235132,-7.923149453803369,-5.985793956681262
2024-05-21,421045.96343913046,500764.4405414818,79718.47710235132,-8.07766317695523,-6.118479053035431
2024-05-22,418195.8656400212,497914.34274237254,79718.47710235132,-8.69989369955283,-6.65280516440756
2024-05-23,416015.08204582566,495733.559148177,79718.47710235132,-9.176000209270718,-7.061650649637874
2024-05-24,416820.8786309212,496539.3557332725,79718.47710235132,-9.000079498617197,-6.910582796455566
2024-05-28,418143.3766555627,497861.85375791404,79718.47710235132,-8.711353042541138,-6.66264561092289
2024-05-29,415573.4162502728,495291.89335262415,79718.47710235132,-9.272424247374333,-7.144452568623805
2024-05-30,411871.82832890085,491590.30543125217,79718.47710235132,-10.080551248306048,-7.838412993612343
2024-05-31,410558.8745853419,490277.3516876932,79718.47710235132,-10.367194006409463,-8.084560851565358
2024-06-03,406266.67668487,485985.1537872213,79718.47710235132,-11.30426239176019,-8.889246716771659
2024-06-04,406315.8877373439,486034.3648396952,79718.47710235132,-11.29351868362919,-8.880020805186051
2024-06-05,409208.01428894856,488926.4913912999,79718.47710235132,-10.662112485503016,-8.337815294063589
2024-06-06,411182.1895314636,490900.6666338149,79718.47710235132,-10.231112506052032,-7.967704001451148
2024-06-07,410570.22296168143,490288.70006403275,79718.47710235132,-10.364716440151012,-8.082433298678648
2024-06-10,414339.2058425973,494057.6829449486,79718.47710235132,-9.541875838545465,-7.375837908437188
2024-06-11,414523.9466274171,494242.42372976843,79718.47710235132,-9.50154341377062,-7.341203368810001
2024-06-12,416994.769521722,496713.2466240733,79718.47710235132,-8.962115811935368,-6.8779823560378155
2024-06-13,414235.2724934914,493953.74959584273,79718.47710235132,-9.564566464161784,-7.395322959892958
2024-06-14,413080.32774085744,492798.80484320875,79718.47710235132,-9.816712856200471,-7.611847859044651
2024-06-17,414904.6420485825,494623.1191509338,79718.47710235132,-9.418430367286302,-7.2698319568984315
2024-06-18,414922.0079088426,494640.4850111939,79718.47710235132,-9.414639069911034,-7.2665762677125105
2024-06-20,417204.4148545972,496922.8919569485,79718.47710235132,-8.916346250948425,-6.838678801079967
2024-06-21,419963.5877815325,499682.0648838838,79718.47710235132,-8.313966356195113,-6.321398958573033
2024-06-24,419393.5311987672,499112.0083011185,79718.47710235132,-8.438420543526892,-6.428271121776086
2024-06-25,420696.6942384655,500415.1713408168,79718.47710235132,-8.15391528217243,-6.1839587898611885
2024-06-26,424152.2671507419,503870.7442530932,79718.47710235132,-7.399498033840879,-5.536120376261278
2024-06-27,427033.8312699208,506752.3083722721,79718.47710235132,-6.7703978154780025,-4.995895072079948
2024-06-28,424852.8371874108,504571.3142897621,79718.47710235132,-7.246550278795782,-5.4047800189043755
2024-07-01,428540.8677997468,508259.3449020981,79718.47710235132,-6.441383096116304,-4.713361269580485
2024-07-02,430119.34294056427,509837.8200429156,79718.47710235132,-6.096771970110337,-4.417434412560295
2024-07-03,429874.07627554954,509592.55337790085,79718.47710235132,-6.150318344973538,-4.46341612708514
2024-07-05,431562.06783565384,511280.54493800516,79718.47710235132,-5.781797703010905,-4.146957524639494
2024-07-08,430400.96976026025,510119.44686261157,79718.47710235132,-6.035287482366902,-4.364636026668656
2024-07-09,432075.83599196404,511794.31309431535,79718.47710235132,-5.6696323490729394,-4.05063811370775
2024-07-10,434926.09769548755,518993.83577479376,84067.73807930619,-5.047366043026303,-2.7008974280380182
2024-07-11,421242.5640755053,505310.3021548115,84067.73807930619,-8.034741521160548,-5.266237224896941
2024-07-12,425057.1076540959,509124.8457334021,84067.73807930619,-7.201954153260559,-4.551100278492903
2024-07-15,428425.6060425566,512493.3441218628,84067.73807930619,-6.466546928541428,-3.919586284260135
2024-07-16,428873.1807386911,512940.9188179973,84067.73807930619,-6.368832865127782,-3.835676585789838
2024-07-17,415762.4789200573,499830.2169993635,84067.73807930619,-9.231148272963752,-6.293623931421132
2024-07-18,415571.3061044208,499639.044183727,84067.73807930619,-9.27288493232229,-6.329464325112544
2024-07-19,410766.291357444,494834.0294367502,84067.73807930619,-10.321910982598514,-7.230291253100873
2024-07-22,417841.1271762889,501908.8652555951,84067.73807930619,-8.777339848854293,-5.903926412967609
2024-07-23,419219.6749093409,503287.4129886471,84067.73807930619,-8.476376676070974,-5.645481229166283
2024-07-24,397234.67526588275,481302.41334518895,84067.73807930619,-13.276119976715728,-9.76715009669713
2024-07-25,394502.93411055533,478570.67218986154,84067.73807930619,-13.872510994319398,-10.279287129067571
2024-07-26,396394.618929606,480462.3570089122,84067.73807930619,-13.459520242242151,-9.924640845132704
2024-07-29,395415.0540386099,479482.7921179161,84067.73807930619,-13.673377876963755,-10.108286156955405
2024-07-30,390884.64011860744,474952.37819791364,84067.73807930619,-14.66245334725379,-10.957631906963583
2024-07-31,394294.6945716409,478362.4326509471,84067.73807930619,-13.917973643764158,-10.318327130816574
2024-08-01,391842.63086479635,475910.36894410255,84067.73807930619,-14.453305758412771,-10.77803123841754
2024-08-02,391176.8843726219,475244.6224519281,84067.73807930619,-14.598650871788422,-10.902843002573281
2024-08-05,383866.54532327247,467934.2834025787,84067.73807930619,-16.1946368370644,-12.273359143553265
2024-08-06,384197.2393565085,468264.9774358147,84067.73807930619,-16.12244004396325,-12.211361812483368
2024-08-07,383894.6208281955,467962.3589075017,84067.73807930619,-16.18850742069634,-12.26809564860407
2024-08-08,388224.32513129734,472292.06321060355,84067.73807930619,-15.243250674750941,-11.456378217577434
2024-08-09,391478.1807564486,475545.9188357548,84067.73807930619,-14.53287214432727,-10.846357037358011
2024-08-12,392715.0041762444,476782.7422555506,84067.73807930619,-14.262850082943611,-10.61448181940584
2024-08-13,394829.294324119,478897.0324034252,84067.73807930619,-13.801260356427514,-10.21810228696336
2024-08-14,395359.2915152274,479427.0295945336,84067.73807930619,-13.68555189572076,-10.118740314805208
2024-08-15,397928.5227001924,481996.2607794986,84067.73807930619,-13.124639893545098,-9.637070068714904
2024-08-16,398194.33873231447,482262.0768116207,84067.73807930619,-13.066607201251578,-9.587235832560436
2024-08-19,398414.16147977475,482481.89955908095,84067.73807930619,-13.018615717214155,-9.546024252425077
2024-08-20,399359.48198641284,483427.22006571904,84067.73807930619,-12.81223428249586,-9.36879895493875
2024-08-21,400036.20981158793,484103.94789089414,84067.73807930619,-12.664491735399174,-9.241928449864812
2024-08-22,398296.2944411207,482364.0325204269,84067.73807930619,-13.044348332102551,-9.568121542013753
2024-08-23,399685.6176427933,483753.3557220995,84067.73807930619,-12.741032669705332,-9.307656212009707
2024-08-26,400564.55504918017,484632.2931284864,84067.73807930619,-12.549143927544403,-9.142876180025894
2024-08-27,401787.1701153237,485854.9081946299,84067.73807930619,-12.28222381982742,-8.913664693247581
2024-08-28,399638.65651497163,483706.39459427784,84067.73807930619,-12.751285176519433,-9.316460315792552
2024-08-29,401362.786535008,485430.5246143142,84067.73807930619,-12.374874821854165,-8.993226604516424
2024-08-30,402128.1959644923,486195.9340437985,84067.73807930619,-12.207771394926848,-8.849730390389421
2024-09-03,398223.17660110554,482290.91468041175,84067.73807930619,-13.060311346360542,-9.581829412368048
2024-09-04,398700.24099651957,482767.9790758258,84067.73807930619,-12.956159121070609,-9.492391090863661
2024-09-05,399705.88915314805,483773.62723245425,84067.73807930619,-12.736607013685441,-9.303855781967318
2024-09-06,398220.889230972,482288.6273102782,84067.73807930619,-13.060810722737736,-9.582258240315323
2024-09-09,398821.7708370063,482889.5089163125,84067.73807930619,-12.929626846921671,-9.469607112326772
2024-09-10,404303.82029365795,488371.55837296415,84067.73807930619,-11.732791250829377,-8.441852145659345
2024-09-11,406138.1165437293,490205.8546230355,84067.73807930619,-11.33232951416987,-8.097964864769747
2024-09-12,408679.0225738608,492746.76065316703,84067.73807930619,-10.777601431682937,-7.621604917098301
2024-09-13,408880.44025060243,492948.17832990864,84067.73807930619,-10.733628124416605,-7.583843853597749
2024-09-16,409097.74573487823,493165.48381418444,84067.73807930619,-10.68618620677907,-7.543104200934181
2024-09-17,407532.0109938785,491599.7490731847,84067.73807930619,-11.0280158613425,-7.836642533499505
2024-09-18,407608.5001710234,491676.2382503296,84067.73807930619,-11.011316820108608,-7.822302616953946
2024-09-19,412359.15774439136,496426.89582369756,84067.73807930619,-9.974157974021702,-6.931666376881207
2024-09-20,412660.7285995428,496728.466678849,84067.73807930619,-9.908319324253355,-6.875128954766563
2024-09-23,411900.1886081336,495967.9266874398,84067.73807930619,-10.074359660293341,-7.017712264111142
2024-09-24,411181.73019428155,495249.46827358776,84067.73807930619,-10.231212788089694,-7.1524062702523095
2024-09-25,411425.97528958146,495493.71336888766,84067.73807930619,-10.17788944131266,-7.106616075952976
2024-09-26,412083.7401210481,496151.4782003543,84067.73807930619,-10.034286876180431,-6.983300684914539
2024-09-27,411402.0522592963,495469.7903386025,84067.73807930619,-10.183112293539388,-7.111101079853011
2024-09-30,414041.11524816265,498108.85332746885,84067.73807930619,-9.606954681248503,-6.6163390176712245
2024-10-01,409689.0067333812,493756.7448126874,84067.73807930619,-10.557102692450183,-7.432256709934104
2024-10-02,410182.01113711507,494249.7492164213,84067.73807930619,-10.44947046036533,-7.339830012850657
2024-10-03,409263.7820582877,493331.5201375939,84067.73807930619,-10.649937321453962,-7.511976306634671
2024-10-04,411651.6901523849,495719.4282316911,84067.73807930619,-10.128611596501813,-7.064299863169554
2024-10-07,408053.6836391429,492121.4217184491,84067.73807930619,-10.914124807221759,-7.738841217333981
2024-10-08,412906.9992959363,501103.8073682019,88196.80807226556,-9.854553750256102,-6.054855777754575
2024-10-09,413267.87475613365,501464.68282839924,88196.80807226556,-9.77576777797774,-5.9872001410262055
2024-10-10,410288.68374547036,498485.49181773595,88196.80807226556,-10.426181802388568,-6.545728184611255
2024-10-11,412765.69263483153,500962.5007070971,88196.80807226556,-9.885403680252624,-6.081347443676599
2024-10-14,413940.80210688873,502137.6101791543,88196.80807226556,-9.628854946684228,-5.8610421352632835
2024-10-15,406939.1726085291,495135.9806807947,88196.80807226556,-11.157443749202045,-7.173682517041124
2024-10-16,408264.25596340164,496461.0640356672,88196.80807226556,-10.868152866396063,-6.925260643070952
2024-10-17,409399.44019041467,497596.24826268025,88196.80807226556,-10.620320572697361,-6.712440376376794
2024-10-18,409949.974199019,498146.7822712846,88196.80807226556,-10.500128534378984,-6.609228235345133
2024-10-21,412976.38279026106,501173.19086252665,88196.80807226556,-9.839406014642671,-6.041848009134309
2024-10-22,412441.11525609286,500637.92332835845,88196.80807226556,-9.956265091415094,-6.142198046303293
2024-10-23,406959.46661447315,495156.27468673873,88196.80807226556,-11.153013181967442,-7.169877869606345
2024-10-24,407745.2719011933,495942.0799734589,88196.80807226556,-10.981456951732582,-7.02255791332973
2024-10-25,409230.50882893824,497427.3169012038,88196.80807226556,-10.657201499859736,-6.744111022027866
2024-10-28,410486.22859236435,498683.03666462994,88196.80807226556,-10.383054007490545,-6.508693185357728
2024-10-29,414839.44629890623,503036.2543711718,88196.80807226556,-9.432663838644672,-5.692567545802552
2024-10-30,406886.6614337347,495083.4695060003,88196.80807226556,-11.168907936762473,-7.1835271237210225
2024-10-31,397245.5417951188,485442.3498673844,88196.80807226556,-13.273747606838626,-8.991009648490921
2024-11-01,398814.760120954,487011.5681932196,88196.80807226556,-12.931157419491612,-8.69681822593712
2024-11-04,399018.375777506,487215.1838497715,88196.80807226556,-12.886704251454727,-8.658645093066431
