date,value,cash
2015-01-02,99999.99999999999,9999.999999999998
2015-01-05,98560.6936642541,9999.999999999998
2015-01-06,98514.32199842432,9999.999999999998
2015-01-07,99537.36199556125,9999.999999999998
2015-01-08,101466.67429283852,9999.999999999998
2015-01-09,101155.94616491602,9999.999999999998
2015-01-12,98799.92143798857,9999.999999999998
2015-01-13,97691.60661364351,9999.999999999998
2015-01-14,96609.36506200745,9999.999999999998
2015-01-15,94824.87721766334,9999.999999999998
2015-01-16,96150.91224811501,9999.999999999998
2015-01-20,97381.9629322381,9999.999999999998
2015-01-21,98189.76941247509,9999.999999999998
2015-01-22,99890.06350225401,9999.999999999998
2015-01-23,100019.45965698198,9999.999999999998
2015-01-26,101236.8937720366,9999.999999999998
2015-01-27,99918.05335430177,9999.999999999998
2015-01-28,98822.9633710861,9999.999999999998
2015-01-29,100242.28802327714,9999.999999999998
2015-01-30,99545.65444278662,9999.999999999998
2015-02-02,101562.58805986657,9999.999999999998
2015-02-03,103422.99261754828,9999.999999999998
2015-02-04,101424.79817957537,9999.999999999998
2015-02-05,102635.62471016147,9999.999999999998
2015-02-06,101361.43551962334,9999.999999999998
2015-02-09,101613.7546006352,10161.3754600635
2015-02-10,101601.07638207289,10161.3754600635
2015-02-11,102162.9127585711,10161.3754600635
2015-02-12,103296.09377152698,10161.3754600635
2015-02-13,104306.86970226222,10161.3754600635
2015-02-17,105283.07319668581,10161.3754600635
2015-02-18,105845.05070137567,10161.3754600635
2015-02-19,106269.09021655748,10161.3754600635
2015-02-20,106917.30227525205,10161.3754600635
2015-02-23,106630.31649989329,10161.3754600635
2015-02-24,106914.41081095008,10161.3754600635
2015-02-25,107354.57751198576,10161.3754600635
2015-02-26,107209.91422160948,10161.3754600635
2015-02-27,106903.79891410233,10161.3754600635
2015-03-02,106922.64523527626,10161.3754600635
2015-03-03,106033.0662342403,10161.3754600635
2015-03-04,106169.40900311411,10161.3754600635
2015-03-05,105819.2805332292,10161.3754600635
2015-03-06,103975.00535675295,10161.3754600635
2015-03-09,104183.6266653321,10418.362666533229
2015-03-10,102627.45580291009,10418.362666533229
2015-03-11,103405.39793732305,10418.362666533229
2015-03-12,102639.48483827629,10418.362666533229
2015-03-13,102011.70637442742,10418.362666533229
2015-03-16,102840.4941200368,10418.362666533229
2015-03-17,103121.56873294967,10418.362666533229
2015-03-18,104647.2836181157,10418.362666533229
2015-03-19,102764.1124584887,10418.362666533229
2015-03-20,104479.47242195896,10418.362666533229
2015-03-23,105144.06313670978,10418.362666533229
2015-03-24,105147.67789678628,10418.362666533229
2015-03-25,103226.83440715994,10418.362666533229
2015-03-26,102960.76123149657,10418.362666533229
2015-03-27,101567.49871710653,10418.362666533229
2015-03-30,102900.73474983839,10418.362666533229
2015-03-31,101796.13708842373,10418.362666533229
2015-04-01,101732.91677331852,10418.362666533229
2015-04-02,102101.62184834987,10418.362666533229
2015-04-06,104198.78952397336,10418.362666533229
2015-04-07,104016.25158853202,5200.812579426587
2015-04-08,104024.31840508073,5200.812579426587
2015-04-09,103832.53365301598,5200.812579426587
2015-04-10,104036.73777700325,5200.812579426587
2015-04-13,104122.86719850583,5200.812579426587
2015-04-14,104090.51413583582,5200.812579426587
2015-04-15,107147.09613529145,5200.812579426587
2015-04-16,106876.359886332,5200.812579426587
2015-04-17,105543.22620139539,5200.812579426587
2015-04-20,106964.68802243858,5200.812579426587
2015-04-21,106367.88302225119,5200.812579426587
2015-04-22,107382.11134754396,5200.812579426587
2015-04-23,107250.24119745917,5200.812579426587
2015-04-24,110892.70515347701,5200.812579426587
2015-04-27,111354.29952391615,5200.812579426587
2015-04-28,113213.3010090765,5200.812579426587
2015-04-29,112887.38879283328,5200.812579426587
2015-04-30,111998.94099901464,5200.812579426587
2015-05-01,113215.1123756186,5200.812579426587
2015-05-04,112835.53218538947,5200.812579426587
2015-05-05,111439.61143056044,5200.812579426587
2015-05-06,109922.45704672867,5200.812579426587
2015-05-07,110509.06742112155,11050.906742112144
2015-05-08,111481.30108914468,11050.906742112144
2015-05-11,111498.04044137638,11050.906742112144
2015-05-12,110802.98779424874,11050.906742112144
2015-05-13,111498.9094901647,11050.906742112144
2015-05-14,113663.24955155047,11050.906742112144
2015-05-15,112191.46684855135,11050.906742112144
2015-05-18,112914.68496177236,11050.906742112144
2015-05-19,112400.95953323488,11050.906742112144
2015-05-20,112756.71872743791,11050.906742112144
2015-05-21,112681.62476694967,11050.906742112144
2015-05-22,112561.75332227701,11050.906742112144
2015-05-26,111321.4597263897,11050.906742112144
2015-05-27,112747.49137052282,11050.906742112144
2015-05-28,112683.93530588689,11050.906742112144
2015-05-29,111987.29502778102,11050.906742112144
2015-06-01,112448.49205750778,11050.906742112144
2015-06-02,113275.74442353338,11050.906742112144
2015-06-03,114505.49302200902,11050.906742112144
2015-06-04,114114.86887538138,11050.906742112144
2015-06-05,114651.03682411008,11050.906742112144
2015-06-08,114000.07451390718,5700.003725695382
2015-06-09,113979.84851937988,5700.003725695382
2015-06-10,115263.79823316855,5700.003725695382
2015-06-11,115438.90707334838,5700.003725695382
2015-06-12,114453.0838369004,5700.003725695382
2015-06-15,113759.94500333969,5700.003725695382
2015-06-16,114306.77827125444,5700.003725695382
2015-06-17,114586.0923556316,5700.003725695382
2015-06-18,115964.83584308981,5700.003725695382
2015-06-19,114761.32819523194,5700.003725695382
2015-06-22,114771.9485815878,5700.003725695382
2015-06-23,114949.76927321225,5700.003725695382
2015-06-24,114381.5982215125,5700.003725695382
2015-06-25,114187.45705891293,5700.003725695382
2015-06-26,113467.92862344638,5700.003725695382
2015-06-29,111637.7723397614,5700.003725695382
2015-06-30,112698.52668425758,5700.003725695382
2015-07-01,113990.58205271362,5700.003725695382
2015-07-02,114024.9694259516,5700.003725695382
2015-07-06,113886.73579349362,5700.003725695382
2015-07-07,115001.33799085848,5750.066899542951
2015-07-08,113182.58904450551,5750.066899542951
2015-07-09,113552.77521528222,5750.066899542951
2015-07-10,113867.90344039002,5750.066899542951
2015-07-13,115071.17836832581,5750.066899542951
2015-07-14,116613.11206904068,5750.066899542951
2015-07-15,116834.66602090703,5750.066899542951
2015-07-16,117382.54838939648,5750.066899542951
2015-07-17,116830.71769312776,5750.066899542951
2015-07-20,117099.02469894163,5750.066899542951
2015-07-21,117152.07688408071,5750.066899542951
2015-07-22,116361.48030353502,5750.066899542951
2015-07-23,116090.56038092638,5750.066899542951
2015-07-24,113789.91777565096,5750.066899542951
2015-07-27,112200.01700966009,5750.066899542951
2015-07-28,114127.78966950292,5750.066899542951
2015-07-29,117176.45649138729,5750.066899542951
2015-07-30,117719.80775314129,5750.066899542951
2015-07-31,117225.54290004559,5750.066899542951
2015-08-03,119468.71386001787,5750.066899542951
2015-08-04,119224.09442833293,5750.066899542951
2015-08-05,119542.7806372104,5750.066899542951
2015-08-06,117762.69068231012,5750.066899542951
2015-08-07,117392.8541618106,11739.28541618104
2015-08-10,120337.34826455251,11739.28541618104
2015-08-11,116573.06735110612,11739.28541618104
2015-08-12,116850.6511039555,11739.28541618104
2015-08-13,116108.75221327928,11739.28541618104
2015-08-14,115878.34737808214,11739.28541618104
2015-08-17,116863.78978532553,11739.28541618104
2015-08-18,116408.6644877274,11739.28541618104
2015-08-19,114354.3749868554,11739.28541618104
2015-08-20,110581.6745653451,11739.28541618104
2015-08-21,105688.06585370399,11739.28541618104
2015-08-24,100150.98803427853,11739.28541618104
2015-08-25,100479.90250654811,11739.28541618104
2015-08-26,104613.6557545372,11739.28541618104
2015-08-27,112037.07710833522,11739.28541618104
2015-08-28,113504.08125178187,11739.28541618104
2015-08-31,113227.68251989986,11739.28541618104
2015-09-01,108039.85440362556,11739.28541618104
2015-09-02,109864.41850299944,11739.28541618104
2015-09-03,108461.1119594959,11739.28541618104
2015-09-04,106725.32295763517,11739.28541618104
2015-09-08,107943.28489486064,37780.14971320123
2015-09-09,107948.83253875999,37780.14971320123
2015-09-10,109226.53123803074,37780.14971320123
2015-09-11,109341.21440479248,37780.14971320123
2015-09-14,109198.78527857747,37780.14971320123
2015-09-15,110203.7221464752,37780.14971320123
2015-09-16,112218.25320265823,37780.14971320123
2015-09-17,112394.83191485377,37780.14971320123
2015-09-18,110498.66115277204,37780.14971320123
2015-09-21,110385.41459345701,37780.14971320123
2015-09-22,109102.95808824083,37780.14971320123
2015-09-23,108523.5667043289,37780.14971320123
2015-09-24,109770.83323461973,37780.14971320123
2015-09-25,109167.78127892123,37780.14971320123
2015-09-28,106169.21674788963,37780.14971320123
2015-09-29,105356.75691160896,37780.14971320123
2015-09-30,107838.97575710995,37780.14971320123
2015-10-01,108468.5279041072,37780.14971320123
2015-10-02,110492.52680686938,37780.14971320123
2015-10-05,113254.90951632407,37780.14971320123
2015-10-06,113987.4876873959,37780.14971320123
2015-10-07,114991.54904569442,40247.04216599306
2015-10-08,111945.36897923845,40247.04216599306
2015-10-09,113476.33869671209,40247.04216599306
2015-10-12,113561.81734669361,40247.04216599306
2015-10-13,113043.11818505052,40247.04216599306
2015-10-14,112032.0894947889,40247.04216599306
2015-10-15,113570.19678754495,40247.04216599306
2015-10-16,114395.3235277656,40247.04216599306
2015-10-19,115025.87565827249,40247.04216599306
2015-10-20,113851.0205320112,40247.04216599306
2015-10-21,113762.47305865622,40247.04216599306
2015-10-22,114921.92334983996,40247.04216599306
2015-10-23,117117.51442564752,40247.04216599306
2015-10-26,117302.30693219243,40247.04216599306
2015-10-27,117353.62690350939,40247.04216599306
2015-10-28,118556.06411074733,40247.04216599306
2015-10-29,118034.14186595137,40247.04216599306
2015-10-30,118977.2228943662,40247.04216599306
2015-11-02,121380.25588187139,40247.04216599306
2015-11-03,121484.60894465164,40247.04216599306
2015-11-04,121888.09940325205,40247.04216599306
2015-11-05,122702.3340563161,40247.04216599306
2015-11-06,122476.76403301011,40247.04216599306
2015-11-09,121805.71913131788,24361.14382626355
2015-11-10,122152.66398343342,24361.14382626355
2015-11-11,121354.22319821105,24361.14382626355
2015-11-12,118880.82252568497,24361.14382626355
2015-11-13,116637.55722764137,24361.14382626355
2015-11-16,119445.20300669794,24361.14382626355
2015-11-17,120063.63987606337,24361.14382626355
2015-11-18,122679.76878863187,24361.14382626355
2015-11-19,122557.77772055153,24361.14382626355
2015-11-20,122811.76938687573,24361.14382626355
2015-11-23,123248.82716431472,24361.14382626355
2015-11-24,122496.37115852263,24361.14382626355
2015-11-25,122050.91633332548,24361.14382626355
2015-11-27,122537.78579995867,24361.14382626355
2015-11-30,121485.3840016275,24361.14382626355
2015-12-01,121951.07716171045,24361.14382626355
2015-12-02,121534.80039416434,24361.14382626355
2015-12-03,119713.5146296991,24361.14382626355
2015-12-04,119901.52268967494,24361.14382626355
2015-12-07,116642.81632071783,5832.140816035884
2015-12-08,116369.69563301934,5832.140816035884
2015-12-09,115970.47410065842,5832.140816035884
2015-12-10,116889.79570541502,5832.140816035884
2015-12-11,114398.18976542524,5832.140816035884
2015-12-14,114178.69489729866,5832.140816035884
2015-12-15,114293.37770047969,5832.140816035884
2015-12-16,116762.43502875068,5832.140816035884
2015-12-17,115344.24811014974,5832.140816035884
2015-12-18,113763.30104785656,5832.140816035884
2015-12-21,114995.79936983912,5832.140816035884
2015-12-22,115616.26175564367,5832.140816035884
2015-12-23,117804.71824097488,5832.140816035884
2015-12-24,116952.84591137579,5832.140816035884
2015-12-28,116221.62810297309,5832.140816035884
2015-12-29,117674.95225451846,5832.140816035884
2015-12-30,115416.77514605604,5832.140816035884
2015-12-31,114791.60190931191,5832.140816035884
2016-01-04,113727.9715195662,5832.140816035884
2016-01-05,112604.06642958288,5832.140816035884
2016-01-06,110217.31502255023,5832.140816035884
2016-01-07,106494.81654920144,10649.481654920133
2016-01-08,106373.72889666252,10649.481654920133
2016-01-11,103553.13922275184,10649.481654920133
2016-01-12,103398.67674400637,10649.481654920133
2016-01-13,97150.25838411751,10649.481654920133
2016-01-14,101015.51487604178,10649.481654920133
2016-01-15,98039.25184008467,10649.481654920133
2016-01-19,96330.31809128517,10649.481654920133
2016-01-20,96373.53697389147,10649.481654920133
2016-01-21,99163.50426558593,10649.481654920133
2016-01-22,100601.10934035739,10649.481654920133
2016-01-25,100438.87509735649,10649.481654920133
2016-01-26,102681.84063325323,10649.481654920133
2016-01-27,102664.01314879255,10649.481654920133
2016-01-28,105293.49994243555,10649.481654920133
2016-01-29,105767.02482004088,10649.481654920133
2016-02-01,104490.5084385039,10649.481654920133
2016-02-02,101627.74695556037,10649.481654920133
2016-02-03,102609.00260212482,10649.481654920133
2016-02-04,106232.46639143382,10649.481654920133
2016-02-05,103103.92517894984,10649.481654920133
2016-02-08,98804.91822334456,34581.7213781706
2016-02-09,98758.16377345359,34581.7213781706
2016-02-10,100667.21760219123,34581.7213781706
2016-02-11,99884.66788178454,34581.7213781706
2016-02-12,100758.3967016922,34581.7213781706
2016-02-16,103227.7503039053,34581.7213781706
2016-02-17,107408.4745446044,34581.7213781706
2016-02-18,107489.31703127158,34581.7213781706
2016-02-19,106573.56689187155,34581.7213781706
2016-02-22,109316.6343879425,34581.7213781706
2016-02-23,107216.65415519271,34581.7213781706
2016-02-24,109268.72000214546,34581.7213781706
2016-02-25,110546.74086195976,34581.7213781706
2016-02-26,110846.18115161556,34581.7213781706
2016-02-29,111315.08073669038,34581.7213781706
2016-03-01,113713.33141584725,34581.7213781706
2016-03-02,114510.98668571125,34581.7213781706
2016-03-03,116018.67172554348,34581.7213781706
2016-03-04,117704.86596581279,34581.7213781706
2016-03-07,116011.78927167042,23202.357854334074
2016-03-08,114569.45749217893,23202.357854334074
2016-03-09,115959.20160630418,23202.357854334074
2016-03-10,115283.58550391822,23202.357854334074
2016-03-11,117761.11943851378,23202.357854334074
2016-03-14,118213.15796852463,23202.357854334074
2016-03-15,117995.4450003117,23202.357854334074
2016-03-16,118815.99997248812,23202.357854334074
2016-03-17,119371.33717655037,23202.357854334074
2016-03-18,119492.21859142602,23202.357854334074
2016-03-21,119629.76087306163,23202.357854334074
2016-03-22,119081.41041361804,23202.357854334074
2016-03-23,117202.57148755515,23202.357854334074
2016-03-24,117214.29055654632,23202.357854334074
2016-03-28,117406.31178102431,23202.357854334074
2016-03-29,119645.24841501834,23202.357854334074
2016-03-30,119795.56078213919,23202.357854334074
2016-03-31,121045.82616605736,23202.357854334074
2016-04-01,121907.12803385526,23202.357854334074
2016-04-04,121614.42830082937,23202.357854334074
2016-04-05,121472.22751682304,23202.357854334074
2016-04-06,122942.96526546105,23202.357854334074
2016-04-07,122297.14571318767,6114.857285659382
2016-04-08,121423.25639322086,6114.857285659382
2016-04-11,121717.96256586723,6114.857285659382
2016-04-12,123412.09591384219,6114.857285659382
2016-04-13,126311.06309534288,6114.857285659382
2016-04-14,125445.41436543356,6114.857285659382
2016-04-15,125597.05346247432,6114.857285659382
2016-04-18,126305.08953480289,6114.857285659382
2016-04-19,125849.96242655769,6114.857285659382
2016-04-20,126853.69031102626,6114.857285659382
2016-04-21,127880.84657514338,6114.857285659382
2016-04-22,125526.73706276613,6114.857285659382
2016-04-25,124033.79413451995,6114.857285659382
2016-04-26,123454.64675535126,6114.857285659382
2016-04-27,123751.25211944645,6114.857285659382
2016-04-28,121294.24417131461,6114.857285659382
2016-04-29,120077.89440763094,6114.857285659382
2016-05-02,120030.78165162349,6114.857285659382
2016-05-03,117509.17452525956,6114.857285659382
2016-05-04,115183.14233307356,6114.857285659382
2016-05-05,115908.90304423032,6114.857285659382
2016-05-06,115977.16844901066,6114.857285659382
2016-05-09,114430.55588481404,5721.5277942407265
2016-05-10,116282.6349479892,5721.5277942407265
2016-05-11,115367.65947417034,5721.5277942407265
2016-05-12,113375.11854324634,5721.5277942407265
2016-05-13,113791.88424472896,5721.5277942407265
2016-05-16,116086.2199638949,5721.5277942407265
2016-05-17,115452.57013279512,5721.5277942407265
2016-05-18,115602.30842581537,5721.5277942407265
2016-05-19,115302.33041295572,5721.5277942407265
2016-05-20,117322.27959119753,5721.5277942407265
2016-05-23,117671.01047121582,5721.5277942407265
2016-05-24,121052.07926008587,5721.5277942407265
2016-05-25,122895.51647631305,5721.5277942407265
2016-05-26,122863.13945653812,5721.5277942407265
2016-05-27,124598.18585789576,5721.5277942407265
2016-05-31,125037.78207100414,5721.5277942407265
2016-06-01,124698.13939760337,5721.5277942407265
2016-06-02,124826.22096791712,5721.5277942407265
2016-06-03,124116.51131897686,5721.5277942407265
2016-06-06,126811.86296623274,5721.5277942407265
2016-06-07,125858.12914660372,6292.906457330188
2016-06-08,127052.62421167252,6292.906457330188
2016-06-09,126565.6019292939,6292.906457330188
2016-06-10,124450.40899468827,6292.906457330188
2016-06-13,123688.0160182396,6292.906457330188
2016-06-14,129202.3043427065,6292.906457330188
2016-06-15,129313.02966812186,6292.906457330188
2016-06-16,134559.9780695992,6292.906457330188
2016-06-17,133067.670425389,6292.906457330188
2016-06-20,132746.63832500373,6292.906457330188
2016-06-21,130647.56127658038,6292.906457330188
2016-06-22,130730.65573630236,6292.906457330188
2016-06-23,134146.11005447755,6292.906457330188
2016-06-24,132136.9777013497,6292.906457330188
2016-06-27,128082.75780898369,6292.906457330188
2016-06-28,131294.2260207147,6292.906457330188
2016-06-29,133316.6998845134,6292.906457330188
2016-06-30,136840.63461090476,6292.906457330188
2016-07-01,136868.73330645863,6292.906457330188
2016-07-05,135143.91121958825,6292.906457330188
2016-07-06,137575.5462736678,6292.906457330188
2016-07-07,136997.948407187,13699.794840718707
2016-07-08,139133.43216270147,13699.794840718707
2016-07-11,140173.63320661383,13699.794840718707
2016-07-12,143523.86009550956,13699.794840718707
2016-07-13,142403.6305597484,13699.794840718707
2016-07-14,143221.06221403574,13699.794840718707
2016-07-15,143250.3991081486,13699.794840718707
2016-07-18,144705.49930730253,13699.794840718707
2016-07-19,144866.38492253132,13699.794840718707
2016-07-20,145491.6177132232,13699.794840718707
2016-07-21,143917.96977445175,13699.794840718707
2016-07-22,144608.5949348326,13699.794840718707
2016-07-25,144209.22885524188,13699.794840718707
2016-07-26,150012.12263910024,13699.794840718707
2016-07-27,153136.56717958808,13699.794840718707
2016-07-28,155161.7156448664,13699.794840718707
2016-07-29,155730.40272077944,13699.794840718707
2016-08-01,161040.115263351,13699.794840718707
2016-08-02,161254.84630134545,13699.794840718707
2016-08-03,165460.61382459517,13699.794840718707
2016-08-04,167126.8581816369,13699.794840718707
2016-08-05,169043.04159405903,13699.794840718707
2016-08-08,169470.70408901898,8473.535204450956
2016-08-09,167717.39432581342,8473.535204450956
2016-08-10,166388.48943356698,8473.535204450956
2016-08-11,168515.246555487,8473.535204450956
2016-08-12,169509.72338021555,8473.535204450956
2016-08-15,170853.90491260888,8473.535204450956
2016-08-16,169949.6600017825,8473.535204450956
2016-08-17,170463.46177214992,8473.535204450956
2016-08-18,170893.54036196813,8473.535204450956
2016-08-19,173163.61080000378,8473.535204450956
2016-08-22,173367.94007057534,8473.535204450956
2016-08-23,175349.63570798188,8473.535204450956
2016-08-24,172796.35461690638,8473.535204450956
2016-08-25,173950.35413919424,8473.535204450956
2016-08-26,174614.58236102088,8473.535204450956
2016-08-29,175703.09353743642,8473.535204450956
2016-08-30,176163.36632498796,8473.535204450956
2016-08-31,175777.08857353547,8473.535204450956
2016-09-01,175379.64115353188,8473.535204450956
2016-09-02,176765.75538993775,8473.535204450956
2016-09-06,177870.57295558823,8473.535204450956
2016-09-07,176189.63691103086,8809.481845551552
2016-09-08,176429.56199627192,8809.481845551552
2016-09-09,172552.60788814246,8809.481845551552
2016-09-12,174734.02464691264,8809.481845551552
2016-09-13,173025.66108722755,8809.481845551552
2016-09-14,174353.32562723514,8809.481845551552
2016-09-15,176708.91487224482,8809.481845551552
2016-09-16,175873.56871776257,8809.481845551552
2016-09-19,177035.8771193596,8809.481845551552
2016-09-20,177381.101276149,8809.481845551552
2016-09-21,178496.811101061,8809.481845551552
2016-09-22,179394.91132529842,8809.481845551552
2016-09-23,176124.311569064,8809.481845551552
2016-09-26,174145.2233971098,8809.481845551552
2016-09-27,174877.14900683463,8809.481845551552
2016-09-28,175878.40263323247,8809.481845551552
2016-09-29,172810.81292736184,8809.481845551552
2016-09-30,175216.9214007343,8809.481845551552
2016-10-03,175339.44570932546,8809.481845551552
2016-10-04,175507.3938758643,8809.481845551552
2016-10-05,176693.90566456804,8809.481845551552
2016-10-06,177273.35620365664,8809.481845551552
2016-10-07,176297.4776441241,8814.873882206226
2016-10-10,177572.65201980597,8814.873882206226
2016-10-11,176605.97851090433,8814.873882206226
2016-10-12,176089.9527068213,8814.873882206226
2016-10-13,175116.5361743221,8814.873882206226
2016-10-14,174919.43039979538,8814.873882206226
2016-10-17,175167.7759708069,8814.873882206226
2016-10-18,176939.18675623168,8814.873882206226
2016-10-19,178319.0846864132,8814.873882206226
2016-10-20,179102.7088178297,8814.873882206226
2016-10-21,180335.56538517328,8814.873882206226
2016-10-24,180710.42232617445,8814.873882206226
2016-10-25,181166.54554401082,8814.873882206226
2016-10-26,180999.8097548305,8814.873882206226
2016-10-27,179870.6147758692,8814.873882206226
2016-10-28,178887.32197850177,8814.873882206226
2016-10-31,177664.92219098148,8814.873882206226
2016-11-01,178134.90110816745,8814.873882206226
2016-11-02,177333.25711295835,8814.873882206226
2016-11-03,174807.57872169637,8814.873882206226
2016-11-04,174527.91098740223,8814.873882206226
2016-11-07,177067.31608276715,8853.36580413836
2016-11-08,179479.5699703436,8853.36580413836
2016-11-09,180265.6015893374,8853.36580413836
2016-11-10,177966.52376863704,8853.36580413836
2016-11-11,177879.16020904086,8853.36580413836
2016-11-14,175266.5636162881,8853.36580413836
2016-11-15,178081.1026422701,8853.36580413836
2016-11-16,178392.7745219221,8853.36580413836
2016-11-17,180013.68075484634,8853.36580413836
2016-11-18,180975.9437338971,8853.36580413836
2016-11-21,184153.16988004124,8853.36580413836
2016-11-22,182169.02255050183,8853.36580413836
2016-11-23,181465.72736491903,8853.36580413836
2016-11-25,181588.1738418696,8853.36580413836
2016-11-28,180607.04618385446,8853.36580413836
2016-11-29,180237.46018592088,8853.36580413836
2016-11-30,179430.03686629434,8853.36580413836
2016-12-01,176270.26710409962,8853.36580413836
2016-12-02,175012.38850483773,8853.36580413836
2016-12-05,177841.79388067083,8853.36580413836
2016-12-06,177951.15169820987,8853.36580413836
2016-12-07,180924.1186734538,9046.205933672707
2016-12-08,182829.65064627465,9046.205933672707
2016-12-09,182950.94163310606,9046.205933672707
2016-12-12,179883.2386969045,9046.205933672707
2016-12-13,181665.103495562,9046.205933672707
2016-12-14,181592.13476323313,9046.205933672707
2016-12-15,182640.84054386202,9046.205933672707
2016-12-16,181639.01733428283,9046.205933672707
2016-12-19,180767.66916076036,9046.205933672707
2016-12-20,181354.94041572098,9046.205933672707
2016-12-21,179560.81411984545,9046.205933672707
2016-12-22,177666.29634356633,9046.205933672707
2016-12-23,179636.55271206636,9046.205933672707
2016-12-27,180445.57192603732,9046.205933672707
2016-12-28,178977.65868132375,9046.205933672707
2016-12-29,177386.40404914174,9046.205933672707
2016-12-30,175756.8205433194,9046.205933672707
2017-01-03,177841.81272658057,9046.205933672707
2017-01-04,182906.96928825183,9046.205933672707
2017-01-05,185414.15789015242,9046.205933672707
2017-01-06,187123.57640890917,9046.205933672707
2017-01-09,193824.1423374651,9691.20711687327
2017-01-10,196119.9617589201,9691.20711687327
2017-01-11,196536.59485324676,9691.20711687327
2017-01-12,193478.85039202464,9691.20711687327
2017-01-13,201019.03071093658,9691.20711687327
2017-01-17,196476.42757323937,9691.20711687327
2017-01-18,197854.17752720375,9691.20711687327
2017-01-19,197011.22887382153,9691.20711687327
2017-01-20,196404.0313368463,9691.20711687327
2017-01-23,197117.98742355325,9691.20711687327
2017-01-24,200314.60762353713,9691.20711687327
2017-01-25,201700.7460875517,9691.20711687327
2017-01-26,202782.3936812001,9691.20711687327
2017-01-27,204857.60667520814,9691.20711687327
2017-01-30,202374.4640926437,9691.20711687327
2017-01-31,200806.46359100245,9691.20711687327
2017-02-01,206649.8560317056,9691.20711687327
2017-02-02,207203.3046232098,9691.20711687327
2017-02-03,208942.92920579208,9691.20711687327
2017-02-06,212350.53550985397,9691.20711687327
2017-02-07,211756.3611272666,10587.818056363383
2017-02-08,213803.96278543604,10587.818056363383
2017-02-09,214588.93523895126,10587.818056363383
2017-02-10,215652.68364957027,10587.818056363383
2017-02-13,216116.21511936994,10587.818056363383
2017-02-14,216365.46660173766,10587.818056363383
2017-02-15,216773.5550234872,10587.818056363383
2017-02-16,216314.78975473047,10587.818056363383
2017-02-17,217560.95666788105,10587.818056363383
2017-02-21,220408.55283136584,10587.818056363383
2017-02-22,221194.97333316982,10587.818056363383
2017-02-23,220806.17246347593,10587.818056363383
2017-02-24,219819.8863683808,10587.818056363383
2017-02-27,222154.01584797946,10587.818056363383
2017-02-28,218347.2304847914,10587.818056363383
2017-03-01,221286.33431835918,10587.818056363383
2017-03-02,218466.3967956875,10587.818056363383
2017-03-03,215912.12494916556,10587.818056363383
2017-03-06,214771.820446399,10587.818056363383
2017-03-07,214689.61932260025,10734.480966129977
2017-03-08,213075.36400819634,10734.480966129977
2017-03-09,212761.49604963444,10734.480966129977
2017-03-10,213377.58423624968,10734.480966129977
2017-03-13,215708.3896070482,10734.480966129977
2017-03-14,217639.89686479687,10734.480966129977
2017-03-15,219103.87691433547,10734.480966129977
2017-03-16,221866.87692863695,10734.480966129977
2017-03-17,222305.95590278538,10734.480966129977
2017-03-20,224074.1768565685,10734.480966129977
2017-03-21,217878.74331199264,10734.480966129977
2017-03-22,220665.98501488316,10734.480966129977
2017-03-23,219392.68466757878,10734.480966129977
2017-03-24,222286.74520253585,10734.480966129977
2017-03-27,225255.66608231494,10734.480966129977
2017-03-28,226463.2092297449,10734.480966129977
2017-03-29,228265.76376773728,10734.480966129977
2017-03-30,228871.7522613301,10734.480966129977
2017-03-31,229064.46041200342,10734.480966129977
2017-04-03,232239.17852172517,10734.480966129977
2017-04-04,229390.90868305392,10734.480966129977
2017-04-05,227376.9203420529,10734.480966129977
2017-04-06,229635.00853205903,10734.480966129977
2017-04-07,229052.28982344654,11452.614491172371
2017-04-10,227559.69422769756,11452.614491172371
2017-04-11,227918.0036103027,11452.614491172371
2017-04-12,227024.6827797428,11452.614491172371
2017-04-13,226159.81566692042,11452.614491172371
2017-04-17,230493.019098486,11452.614491172371
2017-04-18,230054.63111736,11452.614491172371
2017-04-19,231729.94871386397,11452.614491172371
2017-04-20,233646.2900220547,11452.614491172371
2017-04-21,231405.56175939468,11452.614491172371
2017-04-24,236136.84337903783,11452.614491172371
2017-04-25,239714.11295045703,11452.614491172371
2017-04-26,239825.53633504093,11452.614491172371
2017-04-27,244174.3532275837,11452.614491172371
2017-04-28,244758.642270489,11452.614491172371
2017-05-01,248061.88429203385,11452.614491172371
2017-05-02,245826.1834356088,11452.614491172371
2017-05-03,235913.03691072777,11452.614491172371
2017-05-04,236337.5738216446,11452.614491172371
2017-05-05,234966.1120191,11452.614491172371
2017-05-08,235154.61461051123,11757.730730525596
2017-05-09,237418.2826324681,11757.730730525596
2017-05-10,238250.1902139471,11757.730730525596
2017-05-11,237383.65544522274,11757.730730525596
2017-05-12,238624.36141069792,11757.730730525596
2017-05-15,236166.12552485985,11757.730730525596
2017-05-16,236996.6603017121,11757.730730525596
2017-05-17,229205.8357596498,11757.730730525596
2017-05-18,231574.72823449576,11757.730730525596
2017-05-19,232517.84168726436,11757.730730525596
2017-05-22,234018.31426608487,11757.730730525596
2017-05-23,234667.35093877823,11757.730730525596
2017-05-24,237889.7948584048,11757.730730525596
2017-05-25,238236.66215871228,11757.730730525596
2017-05-26,239897.92879657008,11757.730730525596
2017-05-30,239548.98977626528,11757.730730525596
2017-05-31,242975.94330568204,11757.730730525596
2017-06-01,244925.39394973297,11757.730730525596
2017-06-02,246088.71572426558,11757.730730525596
2017-06-05,246450.9421737106,11757.730730525596
2017-06-06,246898.57054046766,11757.730730525596
2017-06-07,246993.75106189318,12349.687553094685
2017-06-08,252356.2969950214,12349.687553094685
2017-06-09,245822.57076598317,12349.687553094685
2017-06-12,246497.34009376788,12349.687553094685
2017-06-13,250881.53849974502,12349.687553094685
2017-06-14,251661.20400350902,12349.687553094685
2017-06-15,250586.1217828347,12349.687553094685
2017-06-16,251006.37884150725,12349.687553094685
2017-06-19,256394.71106328839,12349.687553094685
2017-06-20,254488.0426734079,12349.687553094685
2017-06-21,256566.79281822982,12349.687553094685
2017-06-22,257347.70094121815,12349.687553094685
2017-06-23,256911.50774179265,12349.687553094685
2017-06-26,254395.4389750104,12349.687553094685
2017-06-27,249732.5007801275,12349.687553094685
2017-06-28,256086.88975795987,12349.687553094685
2017-06-29,252011.56832619547,12349.687553094685
2017-06-30,251532.94983292278,12349.687553094685
2017-07-03,248677.31602267805,12349.687553094685
2017-07-05,247105.7832719379,12349.687553094685
2017-07-06,242936.52281840448,12349.687553094685
2017-07-07,245614.72822331,12280.736411165475
2017-07-10,249992.49222027563,12280.736411165475
2017-07-11,252720.87577672213,12280.736411165475
2017-07-12,255949.4817950658,12280.736411165475
2017-07-13,253836.6602143718,12280.736411165475
2017-07-14,256736.7951965946,12280.736411165475
2017-07-17,257111.50090202608,12280.736411165475
2017-07-18,259615.2214382608,12280.736411165475
2017-07-19,260700.24208542352,12280.736411165475
2017-07-20,262227.38246322155,12280.736411165475
2017-07-21,261857.1763474559,12280.736411165475
2017-07-24,263773.2984677996,12280.736411165475
2017-07-25,263253.5569086384,12280.736411165475
2017-07-26,264763.18719204416,12280.736411165475
2017-07-27,258652.9336029358,12280.736411165475
2017-07-28,258036.45164141065,12280.736411165475
2017-07-31,253600.7087945582,12280.736411165475
2017-08-01,250986.87823359808,12280.736411165475
2017-08-02,251746.18260254822,12280.736411165475
2017-08-03,255837.6777540515,12280.736411165475
2017-08-04,258430.98288061525,12280.736411165475
2017-08-07,262209.55934234697,13110.477967117346
2017-08-08,266401.93518396077,13110.477967117346
2017-08-09,265289.2753093831,13110.477967117346
2017-08-10,256206.6441161805,13110.477967117346
2017-08-11,255317.73217696993,13110.477967117346
2017-08-14,261553.47709729362,13110.477967117346
2017-08-15,259259.71189141885,13110.477967117346
2017-08-16,258748.79241798926,13110.477967117346
2017-08-17,253804.87029527093,13110.477967117346
2017-08-18,251710.13314833603,13110.477967117346
2017-08-21,248364.1638081871,13110.477967117346
2017-08-22,252181.44896764745,13110.477967117346
2017-08-23,253236.95341027633,13110.477967117346
2017-08-24,252891.5172558514,13110.477967117346
2017-08-25,251392.53526260448,13110.477967117346
2017-08-28,250766.64997862466,13110.477967117346
2017-08-29,251096.9976115059,13110.477967117346
2017-08-30,252598.3374782526,13110.477967117346
2017-08-31,255253.319494517,13110.477967117346
2017-09-01,255314.2246686397,13110.477967117346
2017-09-05,253622.41150256444,13110.477967117346
2017-09-06,254961.98857024466,13110.477967117346
2017-09-07,256811.59522766672,12840.579761383386
2017-09-08,254886.45923315323,12840.579761383386
2017-09-11,262004.99574034882,12840.579761383386
2017-09-12,264047.9643330189,12840.579761383386
2017-09-13,267175.01951246307,12840.579761383386
2017-09-14,268280.0069322813,12840.579761383386
2017-09-15,272271.2617392831,12840.579761383386
2017-09-18,275562.608695511,12840.579761383386
2017-09-19,274005.9095319767,12840.579761383386
2017-09-20,273614.38405345386,12840.579761383386
2017-09-21,271704.24481230933,12840.579761383386
2017-09-22,267213.1818534688,12840.579761383386
2017-09-25,263420.67878581496,12840.579761383386
2017-09-26,263703.7331095739,12840.579761383386
2017-09-27,265696.66742192296,12840.579761383386
2017-09-28,265097.6897400559,12840.579761383386
2017-09-29,264447.17318523745,12840.579761383386
2017-10-02,267111.72003857244,12840.579761383386
2017-10-03,269455.2754083393,12840.579761383386
2017-10-04,271170.1793869086,12840.579761383386
2017-10-05,272476.2320418734,12840.579761383386
2017-10-06,274519.1258887827,12840.579761383386
2017-10-09,272417.4247278435,13620.87123639221
2017-10-10,273911.3162136468,13620.87123639221
2017-10-11,274621.24633036484,13620.87123639221
2017-10-12,274734.0136249099,13620.87123639221
2017-10-13,273724.5587217966,13620.87123639221
2017-10-16,273437.803114809,13620.87123639221
2017-10-17,274899.5505790081,13620.87123639221
2017-10-18,274585.8072478707,13620.87123639221
2017-10-19,271411.9207710437,13620.87123639221
2017-10-20,272346.7947001611,13620.87123639221
2017-10-23,268403.8607516116,13620.87123639221
2017-10-24,267942.58882487577,13620.87123639221
2017-10-25,264906.8833437247,13620.87123639221
2017-10-26,265997.03952364274,13620.87123639221
2017-10-27,274369.97850791976,13620.87123639221
2017-10-30,277677.1843252265,13620.87123639221
2017-10-31,270961.66985193593,13620.87123639221
2017-11-01,267004.8838255284,13620.87123639221
2017-11-02,264777.76454222476,13620.87123639221
2017-11-03,269493.6401788485,13620.87123639221
2017-11-06,271770.16155391606,13620.87123639221
2017-11-07,272529.0592275039,13626.45296137521
2017-11-08,272748.83960307925,13626.45296137521
2017-11-09,272012.9503969918,13626.45296137521
2017-11-10,274971.4176408626,13626.45296137521
2017-11-13,272088.2751391862,13626.45296137521
2017-11-14,267765.0862037643,13626.45296137521
2017-11-15,269658.4053912262,13626.45296137521
2017-11-16,269388.1061895671,13626.45296137521
2017-11-17,270419.3844638741,13626.45296137521
2017-11-20,269471.1662674217,13626.45296137521
2017-11-21,269593.315271291,13626.45296137521
2017-11-22,271202.6102440392,13626.45296137521
2017-11-24,273182.55594645726,13626.45296137521
2017-11-27,272737.3619942914,13626.45296137521
2017-11-28,274284.13524714,13626.45296137521
2017-11-29,272808.59929329756,13626.45296137521
2017-11-30,272416.5391982966,13626.45296137521
2017-12-01,269500.8781070137,13626.45296137521
2017-12-04,268573.85702880623,13626.45296137521
2017-12-05,267008.2373934364,13626.45296137521
2017-12-06,268858.4198877823,13626.45296137521
2017-12-07,270284.4336808534,13514.221684042699
2017-12-08,271854.53546300123,13514.221684042699
2017-12-11,273390.1957727376,13514.221684042699
2017-12-12,270537.5684557379,13514.221684042699
2017-12-13,269668.7259809647,13514.221684042699
2017-12-14,270684.5088203525,13514.221684042699
2017-12-15,277592.8947014238,13514.221684042699
2017-12-18,283514.64279736415,13514.221684042699
2017-12-19,281447.17782632855,13514.221684042699
2017-12-20,282732.47745074827,13514.221684042699
2017-12-21,281956.16092617135,13514.221684042699
2017-12-22,281135.3146995718,13514.221684042699
2017-12-26,278228.02026054735,13514.221684042699
2017-12-27,278709.5198145341,13514.221684042699
2017-12-28,277760.9185732972,13514.221684042699
2017-12-29,271721.3001260875,13514.221684042699
2018-01-02,279763.1158291634,13514.221684042699
2018-01-03,287648.1900265758,13514.221684042699
2018-01-04,290783.26966300514,13514.221684042699
2018-01-05,290402.33757943066,13514.221684042699
2018-01-08,292303.7108847394,14615.185544236985
2018-01-09,288008.5955100833,14615.185544236985
2018-01-10,290528.2747488791,14615.185544236985
2018-01-11,291433.2318702028,14615.185544236985
2018-01-12,290827.8245832719,14615.185544236985
2018-01-16,290061.28343863034,14615.185544236985
2018-01-17,292359.08425893635,14615.185544236985
2018-01-18,292588.1813806017,14615.185544236985
2018-01-19,291685.8955492938,14615.185544236985
2018-01-22,294703.9821456135,14615.185544236985
2018-01-23,299377.80049321486,14615.185544236985
2018-01-24,296554.0395004755,14615.185544236985
2018-01-25,293746.9563905647,14615.185544236985
2018-01-26,296407.1436235841,14615.185544236985
2018-01-29,297049.92228646,14615.185544236985
2018-01-30,294148.9748775836,14615.185544236985
2018-01-31,301032.9055125245,14615.185544236985
2018-02-01,295536.4604529565,14615.185544236985
2018-02-02,293591.5240703857,14615.185544236985
2018-02-05,286278.78677148535,14615.185544236985
2018-02-06,296289.40938921686,14615.185544236985
2018-02-07,314092.78450440534,62818.556900881056
2018-02-08,303077.81057950086,62818.556900881056
2018-02-09,305103.41000621417,62818.556900881056
2018-02-12,311715.4683299011,62818.556900881056
2018-02-13,313478.78716426116,62818.556900881056
2018-02-14,322133.8271036477,62818.556900881056
2018-02-15,328033.8497875364,62818.556900881056
2018-02-16,330668.3774651276,62818.556900881056
2018-02-20,329601.33262039797,62818.556900881056
2018-02-21,329249.1739389177,62818.556900881056
2018-02-22,327495.8716439277,62818.556900881056
2018-02-23,332089.7245860653,62818.556900881056
2018-02-26,336958.5132189055,62818.556900881056
2018-02-27,333155.4707765238,62818.556900881056
2018-02-28,335377.6548591784,62818.556900881056
2018-03-01,329193.57422068965,62818.556900881056
2018-03-02,335547.3906567693,62818.556900881056
2018-03-05,341633.47194091225,62818.556900881056
2018-03-06,342953.3373074188,62818.556900881056
2018-03-07,343431.53548191924,68686.30709638383
2018-03-08,346846.904105209,68686.30709638383
2018-03-09,348414.5915426607,68686.30709638383
2018-03-12,351272.2374655184,68686.30709638383
2018-03-13,347567.98378291563,68686.30709638383
2018-03-14,349602.6832488451,68686.30709638383
2018-03-15,348724.14323742426,68686.30709638383
2018-03-16,348597.8719141521,68686.30709638383
2018-03-19,338380.9847625338,68686.30709638383
2018-03-20,340533.20923396444,68686.30709638383
2018-03-21,341570.2799177689,68686.30709638383
2018-03-22,335924.4726789403,68686.30709638383
2018-03-23,327441.13969744026,68686.30709638383
2018-03-26,336042.153019289,68686.30709638383
2018-03-27,320660.4254757733,68686.30709638383
2018-03-28,318170.7824515555,68686.30709638383
2018-03-29,327533.1640263003,68686.30709638383
2018-04-02,319313.4117036022,68686.30709638383
2018-04-03,321724.6057846953,68686.30709638383
2018-04-04,323861.39961007907,68686.30709638383
2018-04-05,323400.3433888372,68686.30709638383
2018-04-06,317997.9852050891,68686.30709638383
2018-04-09,318985.6685480734,63797.13370961466
2018-04-10,329118.72954155016,63797.13370961466
2018-04-11,326958.3478425618,63797.13370961466
2018-04-12,335496.9751244288,63797.13370961466
2018-04-13,334537.8688407511,63797.13370961466
2018-04-16,333937.6125435776,63797.13370961466
2018-04-17,340467.0529468663,63797.13370961466
2018-04-18,342681.6877230031,63797.13370961466
2018-04-19,339058.179927167,63797.13370961466
2018-04-20,338005.7058540364,63797.13370961466
2018-04-23,334046.81753475365,63797.13370961466
2018-04-24,325574.6874835225,63797.13370961466
2018-04-25,323426.69019859494,63797.13370961466
2018-04-26,332155.64299643994,63797.13370961466
2018-04-27,331729.3248737992,63797.13370961466
2018-04-30,327624.98392779945,63797.13370961466
2018-05-01,329234.85344899155,63797.13370961466
2018-05-02,327860.3125853633,63797.13370961466
2018-05-03,330753.6488275592,63797.13370961466
2018-05-04,334353.9629542881,63797.13370961466
2018-05-07,339287.0237178351,67857.40474356699
2018-05-08,340567.2984743075,67857.40474356699
2018-05-09,345485.15671190753,67857.40474356699
2018-05-10,347953.9512187529,67857.40474356699
2018-05-11,348616.9327301297,67857.40474356699
2018-05-14,349357.8955585914,67857.40474356699
2018-05-15,345522.8737820587,67857.40474356699
2018-05-16,345076.1938906617,67857.40474356699
2018-05-17,344245.7734067665,67857.40474356699
2018-05-18,343773.46803495387,67857.40474356699
2018-05-21,346579.0164781414,67857.40474356699
2018-05-22,345739.33830877906,67857.40474356699
2018-05-23,349687.4373480355,67857.40474356699
2018-05-24,350074.10289224476,67857.40474356699
2018-05-25,351577.7936774837,67857.40474356699
2018-05-29,349115.96171290375,67857.40474356699
2018-05-30,353221.04571834666,67857.40474356699
2018-05-31,357505.107073236,67857.40474356699
2018-06-01,362677.5487747447,67857.40474356699
2018-06-04,366568.1599604139,67857.40474356699
2018-06-05,369653.021647396,67857.40474356699
2018-06-06,370009.4818058479,67857.40474356699
2018-06-07,365749.47931372933,18287.473965686484
2018-06-08,369667.5196791133,18287.473965686484
2018-06-11,370614.4385332786,18287.473965686484
2018-06-12,371298.0448620302,18287.473965686484
2018-06-13,373863.7263420354,18287.473965686484
2018-06-14,378874.75510944414,18287.473965686484
2018-06-15,376014.48825816804,18287.473965686484
2018-06-18,375175.14681633125,18287.473965686484
2018-06-19,378958.07716469606,18287.473965686484
2018-06-20,383210.48881859984,18287.473965686484
2018-06-21,382200.66253876983,18287.473965686484
2018-06-22,380408.38294144184,18287.473965686484
2018-06-25,363886.2416690864,18287.473965686484
2018-06-26,370292.43590683717,18287.473965686484
2018-06-27,363618.5828133682,18287.473965686484
2018-06-28,365845.45711334056,18287.473965686484
2018-06-29,363278.54511949676,18287.473965686484
2018-07-02,369190.14805095724,18287.473965686484
2018-07-03,361141.35393941135,18287.473965686484
2018-07-05,368210.34842575714,18287.473965686484
2018-07-06,375766.1900130147,18287.473965686484
2018-07-09,381265.45046837436,38126.54504683739
2018-07-10,382404.9593842743,38126.54504683739
2018-07-11,377794.44268476334,38126.54504683739
2018-07-12,380869.0916501252,38126.54504683739
2018-07-13,381904.64178461256,38126.54504683739
2018-07-16,379067.2205597625,38126.54504683739
2018-07-17,385288.839194038,38126.54504683739
2018-07-18,386182.00556513947,38126.54504683739
2018-07-19,382494.4098982635,38126.54504683739
2018-07-20,378873.9636242428,38126.54504683739
2018-07-23,374428.28576463665,38126.54504683739
2018-07-24,370243.8979194462,38126.54504683739
2018-07-25,376372.8487173356,38126.54504683739
2018-07-26,375572.26581263734,38126.54504683739
2018-07-27,370476.8240889965,38126.54504683739
2018-07-30,364809.38668459206,38126.54504683739
2018-07-31,365910.6129857586,38126.54504683739
2018-08-01,370272.1466896931,38126.54504683739
2018-08-02,387193.4453475368,38126.54504683739
2018-08-03,384223.5127593604,38126.54504683739
2018-08-06,383019.4521505387,38126.54504683739
2018-08-07,394724.2167634075,39472.421676340775
2018-08-08,392715.5454981568,39472.421676340775
2018-08-09,390302.34748451004,39472.421676340775
2018-08-10,390264.63140247436,39472.421676340775
2018-08-13,389562.7397094849,39472.421676340775
2018-08-14,389651.04665647255,39472.421676340775
2018-08-15,384248.1074735922,39472.421676340775
2018-08-16,381603.5692082982,39472.421676340775
2018-08-17,374729.2304956662,39472.421676340775
2018-08-20,377797.70915925363,39472.421676340775
2018-08-21,383688.8061078816,39472.421676340775
2018-08-22,386779.1968614499,39472.421676340775
2018-08-23,386207.9492395993,39472.421676340775
2018-08-24,394735.40218652494,39472.421676340775
2018-08-27,399035.1377153344,39472.421676340775
2018-08-28,399978.0971522862,39472.421676340775
2018-08-29,398452.59791125375,39472.421676340775
2018-08-30,397636.8368839826,39472.421676340775
2018-08-31,397460.03561127133,39472.421676340775
2018-09-04,393099.69823526323,39472.421676340775
2018-09-05,383133.68171806016,39472.421676340775
2018-09-06,386472.1601956623,39472.421676340775
2018-09-07,381929.11885746545,19096.45594287326
2018-09-10,399303.4299367907,19096.45594287326
2018-09-11,401633.83672245475,19096.45594287326
2018-09-12,405866.91723145446,19096.45594287326
2018-09-13,400384.75381150923,19096.45594287326
2018-09-14,409752.2217765039,19096.45594287326
2018-09-17,406090.2538335291,19096.45594287326
2018-09-18,402882.9612895218,19096.45594287326
2018-09-19,405557.95999470475,19096.45594287326
2018-09-20,408931.6504528207,19096.45594287326
2018-09-21,406354.2839294507,19096.45594287326
2018-09-24,412220.92951053346,19096.45594287326
2018-09-25,412773.63648345764,19096.45594287326
2018-09-26,415350.3749651251,19096.45594287326
2018-09-27,417032.8383425627,19096.45594287326
2018-09-28,392572.43118430855,19096.45594287326
2018-10-01,410154.74426208786,19096.45594287326
2018-10-02,392980.8376002532,19096.45594287326
2018-10-03,391815.7941665731,19096.45594287326
2018-10-04,376621.39272193686,19096.45594287326
2018-10-05,368044.5752592648,19096.45594287326
2018-10-08,358913.8245408515,17945.691227042575
2018-10-09,360250.8506581717,17945.691227042575
2018-10-10,342668.3213984311,17945.691227042575
2018-10-11,343800.8694488813,17945.691227042575
2018-10-12,352882.57531123643,17945.691227042575
2018-10-15,354616.98784685886,17945.691227042575
2018-10-16,371147.91571877577,17945.691227042575
2018-10-17,366165.3236497158,17945.691227042575
2018-10-18,356379.7635267557,17945.691227042575
2018-10-19,343091.3441097581,17945.691227042575
2018-10-22,351046.0405938369,17945.691227042575
2018-10-23,362961.22047666996,17945.691227042575
2018-10-24,345375.54585951404,17945.691227042575
2018-10-25,352372.3213432607,17945.691227042575
2018-10-26,343947.03504655865,17945.691227042575
2018-10-29,340902.55293688143,17945.691227042575
2018-10-30,348144.6191972688,17945.691227042575
2018-10-31,360625.04148646013,17945.691227042575
2018-11-01,372466.72897090827,17945.691227042575
2018-11-02,368985.95894349733,17945.691227042575
2018-11-05,364979.0227521331,17945.691227042575
2018-11-06,367658.9015895115,17945.691227042575
2018-11-07,379317.3110363538,75863.46220727079
2018-11-08,375321.7990089544,75863.46220727079
2018-11-09,370150.94250514236,75863.46220727079
2018-11-12,354835.3211517626,75863.46220727079
2018-11-13,360890.07892330864,75863.46220727079
2018-11-14,358846.17523302196,75863.46220727079
2018-11-15,366020.5799959711,75863.46220727079
2018-11-16,351384.19281191914,75863.46220727079
2018-11-19,337227.83636995556,75863.46220727079
2018-11-20,337570.9831937742,75863.46220727079
2018-11-21,337878.1980474157,75863.46220727079
2018-11-23,334333.2690076622,75863.46220727079
2018-11-26,346739.24708649993,75863.46220727079
2018-11-27,346625.7094581285,75863.46220727079
2018-11-28,353612.4949410106,75863.46220727079
2018-11-29,348547.77121751534,75863.46220727079
2018-11-30,353714.83652354544,75863.46220727079
2018-12-03,360841.0709663046,75863.46220727079
2018-12-04,348496.8351643091,75863.46220727079
2018-12-06,349824.78164562536,75863.46220727079
2018-12-07,339843.6627506978,118945.28196274424
2018-12-10,341583.35739960434,118945.28196274424
2018-12-11,337502.1684846124,118945.28196274424
2018-12-12,339455.2258281009,118945.28196274424
2018-12-13,340576.6664525685,118945.28196274424
2018-12-14,335084.7846083121,118945.28196274424
2018-12-17,330151.3285791407,118945.28196274424
2018-12-18,333807.0849854255,118945.28196274424
2018-12-19,329436.711054611,118945.28196274424
2018-12-20,324088.75974453177,118945.28196274424
2018-12-21,313310.4399294686,118945.28196274424
2018-12-24,307765.88755236537,118945.28196274424
2018-12-26,322732.21548662044,118945.28196274424
2018-12-27,321663.4249384078,118945.28196274424
2018-12-28,324019.37850191066,118945.28196274424
2018-12-31,327678.9922762701,118945.28196274424
2019-01-02,333716.69117945636,118945.28196274424
2019-01-03,328234.6037079793,118945.28196274424
2019-01-04,342576.2612599699,118945.28196274424
2019-01-07,360055.5891787522,180027.79458937608
2019-01-08,361688.95836889494,180027.79458937608
2019-01-09,363338.87340917776,180027.79458937608
2019-01-10,365244.89684702904,180027.79458937608
2019-01-11,364968.636346859,180027.79458937608
2019-01-14,364379.8484518644,180027.79458937608
2019-01-15,367180.6780305666,180027.79458937608
2019-01-16,368098.7858398075,180027.79458937608
2019-01-17,369871.34154102195,180027.79458937608
2019-01-18,371484.1399360121,180027.79458937608
2019-01-22,365309.89550544356,180027.79458937608
2019-01-23,365007.5032270981,180027.79458937608
2019-01-24,367275.5531286767,180027.79458937608
2019-01-25,371692.29776063707,180027.79458937608
2019-01-28,365086.78333433974,180027.79458937608
2019-01-29,361194.4110207645,180027.79458937608
2019-01-30,369773.1978392446,180027.79458937608
2019-01-31,380779.71702220885,180027.79458937608
2019-02-01,378396.9641126265,180027.79458937608
2019-02-04,381899.56094894407,180027.79458937608
2019-02-05,385412.79705912294,180027.79458937608
2019-02-06,384827.7720807858,180027.79458937608
2019-02-07,379655.10347508284,132879.286216279
2019-02-08,381670.46134899,132879.286216279
2019-02-11,381311.33432244253,132879.286216279
2019-02-12,384891.6519231641,132879.286216279
2019-02-13,386462.2356545882,132879.286216279
2019-02-14,386416.37017713423,132879.286216279
2019-02-15,387190.49847683473,132879.286216279
2019-02-19,388171.3933393904,132879.286216279
2019-02-20,388343.7682478338,132879.286216279
2019-02-21,384664.30153997394,132879.286216279
2019-02-22,390322.70628432237,132879.286216279
2019-02-25,394219.29965940176,132879.286216279
2019-02-26,393061.55790873506,132879.286216279
2019-02-27,392601.91407747666,132879.286216279
2019-02-28,395074.4233767988,132879.286216279
2019-03-01,393476.1785732868,132879.286216279
2019-03-04,393997.5018331306,132879.286216279
2019-03-05,391291.6435878139,132879.286216279
2019-03-06,385612.07530715264,132879.286216279
2019-03-07,380489.3793972148,38048.93793972145
2019-03-08,383508.74724573555,38048.93793972145
2019-03-11,393533.0016948872,38048.93793972145
2019-03-12,388376.15041939775,38048.93793972145
2019-03-13,384134.7791586579,38048.93793972145
2019-03-14,381928.44775934535,38048.93793972145
2019-03-15,378308.08323381125,38048.93793972145
2019-03-18,376255.4765223751,38048.93793972145
2019-03-19,377661.8110843416,38048.93793972145
2019-03-20,382261.76362180087,38048.93793972145
2019-03-21,390234.45548554725,38048.93793972145
2019-03-22,378089.45902476576,38048.93793972145
2019-03-25,379912.14360573504,38048.93793972145
2019-03-26,380394.75840165385,38048.93793972145
2019-03-27,377288.2420608463,38048.93793972145
2019-03-28,381176.07937849587,38048.93793972145
2019-03-29,385073.3892666204,38048.93793972145
2019-04-01,395077.2203160294,38048.93793972145
2019-04-02,399004.50415238756,38048.93793972145
2019-04-03,401057.84696519235,38048.93793972145
2019-04-04,391541.48640141217,38048.93793972145
2019-04-05,394295.85899315047,38048.93793972145
2019-04-08,391598.172463206,39159.817246320665
2019-04-09,389799.99862411537,39159.817246320665
2019-04-10,391519.8071969183,39159.817246320665
2019-04-11,389395.08791320946,39159.817246320665
2019-04-12,391888.4188708344,39159.817246320665
2019-04-15,390291.8260620267,39159.817246320665
2019-04-16,392679.74267969583,39159.817246320665
2019-04-17,390066.21377406333,39159.817246320665
2019-04-18,391606.4583047326,39159.817246320665
2019-04-22,388347.64343553426,39159.817246320665
2019-04-23,392665.69304705027,39159.817246320665
2019-04-24,388553.993314676,39159.817246320665
2019-04-25,388808.7960859514,39159.817246320665
2019-04-26,385877.8830208073,39159.817246320665
2019-04-29,389047.5688524395,39159.817246320665
2019-04-30,387163.9694787489,39159.817246320665
2019-05-01,383118.1506174524,39159.817246320665
2019-05-02,384049.2876729344,39159.817246320665
2019-05-03,393283.998564689,39159.817246320665
2019-05-06,391106.6431701824,39159.817246320665
2019-05-07,378457.14232149225,18922.857116074665
2019-05-08,377090.9273071178,18922.857116074665
2019-05-09,375628.2460432721,18922.857116074665
2019-05-10,372932.33445048286,18922.857116074665
2019-05-13,355350.4109627537,18922.857116074665
2019-05-14,362964.2186274802,18922.857116074665
2019-05-15,363326.74289994146,18922.857116074665
2019-05-16,359333.13984860596,18922.857116074665
2019-05-17,348891.474976687,18922.857116074665
2019-05-20,338956.42124797334,18922.857116074665
2019-05-21,343078.2692009042,18922.857116074665
2019-05-22,327236.85747735924,18922.857116074665
2019-05-23,322180.3248167779,18922.857116074665
2019-05-24,316668.1755761241,18922.857116074665
2019-05-28,312138.15768771,18922.857116074665
2019-05-29,312928.8430404405,18922.857116074665
2019-05-30,309910.7314117453,18922.857116074665
2019-05-31,304968.6202438237,18922.857116074665
2019-06-03,303571.89437385293,18922.857116074665
2019-06-04,315602.25996333134,18922.857116074665
2019-06-05,315336.94966730796,18922.857116074665
2019-06-06,320119.3273381565,18922.857116074665
2019-06-07,322802.85209510894,64560.57041902174
2019-06-10,329307.06482049875,64560.57041902174
2019-06-11,329589.43402437336,64560.57041902174
2019-06-12,324380.6920538223,64560.57041902174
2019-06-13,325700.52308881324,64560.57041902174
2019-06-14,321919.74774047954,64560.57041902174
2019-06-17,324478.2383707805,64560.57041902174
2019-06-18,328856.4622758135,64560.57041902174
2019-06-19,330791.0040835681,64560.57041902174
2019-06-20,330127.04020409164,64560.57041902174
2019-06-21,328364.9951262899,64560.57041902174
2019-06-24,328379.22836588306,64560.57041902174
2019-06-25,326782.4433149744,64560.57041902174
2019-06-26,329917.61353929905,64560.57041902174
2019-06-27,333120.2651122052,64560.57041902174
2019-06-28,333905.084645661,64560.57041902174
2019-07-01,338385.79923453694,64560.57041902174
2019-07-02,337035.9396461341,64560.57041902174
2019-07-03,340902.5663032181,64560.57041902174
2019-07-05,340954.1412685636,64560.57041902174
2019-07-08,340764.5330278336,34076.45330278332
2019-07-09,342208.28459589166,34076.45330278332
2019-07-10,348377.0593290398,34076.45330278332
2019-07-11,346698.08080533514,34076.45330278332
2019-07-12,349198.2305646298,34076.45330278332
2019-07-15,353414.32041057386,34076.45330278332
2019-07-16,350167.6528155218,34076.45330278332
2019-07-17,348394.898931894,34076.45330278332
2019-07-18,347041.4189955103,34076.45330278332
2019-07-19,347788.94530247006,34076.45330278332
2019-07-22,349750.40015384706,34076.45330278332
2019-07-23,354818.2503837185,34076.45330278332
2019-07-24,358790.52611824876,34076.45330278332
2019-07-25,345052.7701533465,34076.45330278332
2019-07-26,346630.6595048548,34076.45330278332
2019-07-29,345792.3880796037,34076.45330278332
2019-07-30,352022.62440907635,34076.45330278332
2019-07-31,343151.597521264,34076.45330278332
2019-08-01,337704.3581839453,34076.45330278332
2019-08-02,335100.3324260824,34076.45330278332
2019-08-05,325699.73916808283,34076.45330278332
2019-08-06,329910.2402053706,34076.45330278332
2019-08-07,330424.5134351253,33042.4513435125
2019-08-08,337770.6593405703,33042.4513435125
2019-08-09,330817.335029977,33042.4513435125
2019-08-12,329042.4356167692,33042.4513435125
2019-08-13,333209.7567674043,33042.4513435125
2019-08-14,317040.42077773495,33042.4513435125
2019-08-15,315032.0137692089,33042.4513435125
2019-08-16,321237.4476965363,33042.4513435125
2019-08-19,328028.1021566377,33042.4513435125
2019-08-20,322437.419246797,33042.4513435125
2019-08-21,319459.549068899,33042.4513435125
2019-08-22,317767.70405472367,33042.4513435125
2019-08-23,306787.6277029213,33042.4513435125
2019-08-26,309253.93156877666,33042.4513435125
2019-08-27,306369.96664715896,33042.4513435125
2019-08-28,310031.3464968152,33042.4513435125
2019-08-29,318453.5800022149,33042.4513435125
2019-08-30,317584.55548530543,33042.4513435125
2019-09-03,315031.0467515337,33042.4513435125
2019-09-04,318201.97147903935,33042.4513435125
2019-09-05,326642.41452479846,33042.4513435125
2019-09-06,323604.50639890943,33042.4513435125
2019-09-09,334054.8843258197,116919.20951403689
2019-09-10,328238.30117695924,116919.20951403689
2019-09-11,331085.9406065063,116919.20951403689
2019-09-12,330232.4769569712,116919.20951403689
2019-09-13,332043.75911622006,116919.20951403689
2019-09-16,333283.9090738814,116919.20951403689
2019-09-17,335052.53850344464,116919.20951403689
2019-09-18,325525.26256985834,116919.20951403689
2019-09-19,324482.78086220945,116919.20951403689
2019-09-20,314290.4953428464,116919.20951403689
2019-09-23,313809.94297246786,116919.20951403689
2019-09-24,308050.92572564445,116919.20951403689
2019-09-25,310508.71372867876,116919.20951403689
2019-09-26,307592.0676728054,116919.20951403689
2019-09-27,305496.18787844223,116919.20951403689
2019-09-30,306681.80159372685,116919.20951403689
2019-10-01,305878.3925494781,116919.20951403689
2019-10-02,304093.29818581574,116919.20951403689
2019-10-03,306548.75811327016,116919.20951403689
2019-10-04,307256.02380081,116919.20951403689
2019-10-07,307435.86504863424,30743.5865048634
2019-10-08,308103.8269926349,30743.5865048634
2019-10-09,310098.9688686557,30743.5865048634
2019-10-10,311999.61793066433,30743.5865048634
2019-10-11,323705.4038496707,30743.5865048634
2019-10-14,327443.7097018982,30743.5865048634
2019-10-15,333022.1386059331,30743.5865048634
2019-10-16,333808.4099775607,30743.5865048634
2019-10-17,340019.3367462799,30743.5865048634
2019-10-18,329482.9285385604,30743.5865048634
2019-10-21,331455.8073975105,30743.5865048634
2019-10-22,327289.20303248137,30743.5865048634
2019-10-23,329096.99121763394,30743.5865048634
2019-10-24,342259.2702359209,30743.5865048634
2019-10-25,350493.5150425113,30743.5865048634
2019-10-28,358882.5286738517,30743.5865048634
2019-10-29,356455.45448668324,30743.5865048634
2019-10-30,358513.05003312015,30743.5865048634
2019-10-31,356771.62052915175,30743.5865048634
2019-11-01,359984.63350804185,30743.5865048634
2019-11-04,360290.3402372075,30743.5865048634
2019-11-05,357416.79327001644,30743.5865048634
2019-11-06,360323.0403111894,30743.5865048634
2019-11-07,349423.88635814504,69884.77727162899
2019-11-08,354375.8293562548,69884.77727162899
2019-11-11,358660.5979068511,69884.77727162899
2019-11-12,364618.5352427619,69884.77727162899
2019-11-13,366241.7392694499,69884.77727162899
2019-11-14,370879.3825651878,69884.77727162899
2019-11-15,377198.9203517627,69884.77727162899
2019-11-18,376344.1315946909,69884.77727162899
2019-11-19,376570.57403779763,69884.77727162899
2019-11-20,377951.29529572965,69884.77727162899
2019-11-21,375558.76825102046,69884.77727162899
2019-11-22,374101.30006432603,69884.77727162899
2019-11-25,381185.2009222962,69884.77727162899
2019-11-26,385842.35423059715,69884.77727162899
2019-11-27,387213.63741474494,69884.77727162899
2019-11-29,385674.9255171995,69884.77727162899
2019-12-02,371212.6253723605,69884.77727162899
2019-12-03,377144.2169099223,69884.77727162899
2019-12-04,377421.7194141457,69884.77727162899
2019-12-05,373268.71629833744,69884.77727162899
2019-12-06,372072.7495793622,69884.77727162899
2019-12-09,373334.5746487516,37333.45746487516
2019-12-10,376138.8635793895,37333.45746487516
2019-12-11,374124.5336260093,37333.45746487516
2019-12-12,380298.985873734,37333.45746487516
2019-12-13,373633.9457395238,37333.45746487516
2019-12-16,382013.10040371417,37333.45746487516
2019-12-17,382896.27955883427,37333.45746487516
2019-12-18,384151.38209864363,37333.45746487516
2019-12-19,390186.09856914403,37333.45746487516
2019-12-20,391030.0656703301,37333.45746487516
2019-12-23,398880.3233308193,37333.45746487516
2019-12-24,403712.22167589725,37333.45746487516
2019-12-26,406222.01039527124,37333.45746487516
2019-12-27,401277.88213104755,37333.45746487516
2019-12-30,394942.21353718935,37333.45746487516
2019-12-31,398596.2202768653,37333.45746487516
2020-01-02,407230.68463620153,37333.45746487516
2020-01-03,405533.15779945155,37333.45746487516
2020-01-06,411599.519539173,37333.45746487516
2020-01-07,409026.3059472507,20451.315297362657
2020-01-08,408189.2855588284,20451.315297362657
2020-01-09,408917.90355628484,20451.315297362657
2020-01-10,405277.1577262148,20451.315297362657
2020-01-13,415697.5030493642,20451.315297362657
2020-01-14,417143.3093920081,20451.315297362657
2020-01-15,412805.111987335,20451.315297362657
2020-01-16,416058.5717730273,20451.315297362657
2020-01-17,417925.3611529313,20451.315297362657
2020-01-21,420590.0220836134,20451.315297362657
2020-01-22,422451.4595689673,20451.315297362657
2020-01-23,421674.3586920062,20451.315297362657
2020-01-24,412784.84559678833,20451.315297362657
2020-01-27,404775.2187927702,20451.315297362657
2020-01-28,412021.32841370517,20451.315297362657
2020-01-29,410551.78092951886,20451.315297362657
2020-01-30,423584.70379039116,20451.315297362657
2020-01-31,414289.7198358276,20451.315297362657
2020-02-03,440865.09159723704,20451.315297362657
2020-02-04,467786.23272275657,20451.315297362657
2020-02-05,443186.7495314805,20451.315297362657
2020-02-06,442478.58077715203,20451.315297362657
2020-02-07,439634.1284096538,43963.41284096538
2020-02-10,440716.46578530915,43963.41284096538
2020-02-11,438089.7902561135,43963.41284096538
2020-02-12,441065.52029252273,43963.41284096538
2020-02-13,446780.65406504326,43963.41284096538
2020-02-14,443995.17356831755,43963.41284096538
2020-02-18,455637.7884126244,43963.41284096538
2020-02-19,467195.66090818413,43963.41284096538
2020-02-20,464135.4809619274,43963.41284096538
2020-02-21,456042.4391653459,43963.41284096538
2020-02-24,434859.0767166827,43963.41284096538
2020-02-25,419598.5442363178,43963.41284096538
2020-02-26,413796.7953338908,43963.41284096538
2020-02-27,397817.9056511309,43963.41284096538
2020-02-28,397999.3384189442,43963.41284096538
2020-03-02,416507.2767466369,43963.41284096538
2020-03-03,408860.3306946788,43963.41284096538
2020-03-04,413368.7667122104,43963.41284096538
2020-03-05,401826.1642279293,43963.41284096538
2020-03-06,397431.32315242087,43963.41284096538
2020-03-09,373040.17282269796,261128.12097588854
2020-03-10,383487.1889417449,261128.12097588854
2020-03-11,377403.1957048252,261128.12097588854
2020-03-12,365966.2627247722,261128.12097588854
2020-03-13,376105.8186058639,261128.12097588854
2020-03-16,365630.0959420116,261128.12097588854
2020-03-17,367952.8483840265,261128.12097588854
2020-03-18,361099.0297195379,261128.12097588854
2020-03-19,364077.5391098693,261128.12097588854
2020-03-20,361134.1544847525,261128.12097588854
2020-03-23,361325.16799109906,261128.12097588854
2020-03-24,373111.31412352336,261128.12097588854
2020-03-25,372745.07300062076,261128.12097588854
2020-03-26,377784.4747951579,261128.12097588854
2020-03-27,371983.78053996887,261128.12097588854
2020-03-30,372357.09031892207,261128.12097588854
2020-03-31,372232.89035573485,261128.12097588854
2020-04-01,365836.77085212857,261128.12097588854
2020-04-02,368001.79164288356,261128.12097588854
2020-04-03,366046.50316966686,261128.12097588854
2020-04-06,371709.83408245206,261128.12097588854
2020-04-07,372518.3237134462,260762.8265994123
2020-04-08,377324.6962439833,260762.8265994123
2020-04-09,382504.4262789415,260762.8265994123
2020-04-13,386263.85275170056,260762.8265994123
2020-04-14,388808.75158728793,260762.8265994123
2020-04-15,388584.3625031031,260762.8265994123
2020-04-16,385566.3884798139,260762.8265994123
2020-04-17,392334.00661811914,260762.8265994123
2020-04-20,389338.0211585773,260762.8265994123
2020-04-21,384496.82447772135,260762.8265994123
2020-04-22,390366.1908273321,260762.8265994123
2020-04-23,394335.2794698658,260762.8265994123
2020-04-24,395924.1363751639,260762.8265994123
2020-04-27,399600.1012590774,260762.8265994123
2020-04-28,399773.5049553704,260762.8265994123
2020-04-29,413268.2905955291,260762.8265994123
2020-04-30,415243.4483606217,260762.8265994123
2020-05-01,402393.23798976,260762.8265994123
2020-05-04,407648.66143759777,260762.8265994123
2020-05-05,407642.0297398587,260762.8265994123
2020-05-06,405848.45188323176,260762.8265994123
2020-05-07,411771.0417054488,288239.7291938142
2020-05-08,416001.1542486029,288239.7291938142
2020-05-11,413063.0437625615,288239.7291938142
2020-05-12,410384.018241339,288239.7291938142
2020-05-13,405328.8457808607,288239.7291938142
2020-05-14,406365.537413025,288239.7291938142
2020-05-15,406839.51661372505,288239.7291938142
2020-05-18,416218.1153637635,288239.7291938142
2020-05-19,413825.3369148023,288239.7291938142
2020-05-20,417996.25948090915,288239.7291938142
2020-05-21,421993.65317052696,288239.7291938142
2020-05-22,421734.87410993566,288239.7291938142
2020-05-26,427183.09364259266,288239.7291938142
2020-05-27,430095.14083723124,288239.7291938142
2020-05-28,425672.90943825187,288239.7291938142
2020-05-29,423493.9587635521,288239.7291938142
2020-06-01,431980.47396728204,288239.7291938142
2020-06-02,432844.26015061815,288239.7291938142
2020-06-03,438373.0593126765,288239.7291938142
2020-06-04,442873.5323497704,288239.7291938142
2020-06-05,458179.03894941416,288239.7291938142
2020-06-08,475686.1597314878,237843.07986574393
2020-06-09,469189.4025172508,237843.07986574393
2020-06-10,460340.589090151,237843.07986574393
2020-06-11,437356.9987708951,237843.07986574393
2020-06-12,449846.8457841337,237843.07986574393
2020-06-15,452820.5255473841,237843.07986574393
2020-06-16,456903.0326390845,237843.07986574393
2020-06-17,452605.65960763773,237843.07986574393
2020-06-18,452077.14804784884,237843.07986574393
2020-06-19,449364.79974729754,237843.07986574393
2020-06-22,449931.07503937493,237843.07986574393
2020-06-23,451971.14151342824,237843.07986574393
2020-06-24,440700.15509156557,237843.07986574393
2020-06-25,443519.7931705676,237843.07986574393
2020-06-26,433414.9358413405,237843.07986574393
2020-06-29,441540.23234815337,237843.07986574393
2020-06-30,442233.1783864973,237843.07986574393
2020-07-01,444465.87717028154,237843.07986574393
2020-07-02,444818.4276136317,237843.07986574393
2020-07-06,451367.5240587243,237843.07986574393
2020-07-07,446244.60230283736,312371.2216119861
2020-07-08,447306.6318191943,312371.2216119861
2020-07-09,443759.98082897114,312371.2216119861
2020-07-10,450102.03322656173,312371.2216119861
2020-07-13,447997.9109547085,312371.2216119861
2020-07-14,449470.1527544689,312371.2216119861
2020-07-15,455987.1355309083,312371.2216119861
2020-07-16,451797.2340890931,312371.2216119861
2020-07-17,450022.9185222797,312371.2216119861
2020-07-20,452388.5341622223,312371.2216119861
2020-07-21,452212.92225954845,312371.2216119861
2020-07-22,451960.05876226205,312371.2216119861
2020-07-23,449541.5854152428,312371.2216119861
2020-07-24,446111.57861835463,312371.2216119861
2020-07-27,448241.76424264314,312371.2216119861
2020-07-28,446344.91970426193,312371.2216119861
2020-07-29,446305.50967443816,312371.2216119861
2020-07-30,445968.66105136875,312371.2216119861
2020-07-31,446445.3588848315,312371.2216119861
2020-08-03,448205.57868033083,312371.2216119861
2020-08-04,449685.670932324,312371.2216119861
2020-08-05,453955.4805725521,312371.2216119861
2020-08-06,455978.488350856,312371.2216119861
2020-08-07,454964.4084926532,90992.88169853059
2020-08-10,459495.4237756823,90992.88169853059
2020-08-11,453897.6903750966,90992.88169853059
2020-08-12,466234.734782403,90992.88169853059
2020-08-13,469411.102770227,90992.88169853059
2020-08-14,473880.87290900375,90992.88169853059
2020-08-17,481376.12703137967,90992.88169853059
2020-08-18,481992.656612601,90992.88169853059
2020-08-19,482315.3800907078,90992.88169853059
2020-08-20,490969.7220744176,90992.88169853059
2020-08-21,488682.68333420216,90992.88169853059
2020-08-24,492500.95172338356,90992.88169853059
2020-08-25,502447.2230690468,90992.88169853059
2020-08-26,501785.40334273386,90992.88169853059
2020-08-27,509344.6686390457,90992.88169853059
2020-08-28,514472.06959900237,90992.88169853059
2020-08-31,531759.1645429853,90992.88169853059
2020-09-01,525794.911017929,90992.88169853059
2020-09-02,517275.9582092401,90992.88169853059
2020-09-03,497284.22577504197,90992.88169853059
2020-09-04,504284.4776501237,90992.88169853059
2020-09-08,470655.6997393697,94131.13994787385
2020-09-09,490315.22123907576,94131.13994787385
2020-09-10,478663.4000015542,94131.13994787385
2020-09-11,476530.89763185696,94131.13994787385
2020-09-14,494887.3105807805,94131.13994787385
2020-09-15,506939.2940632186,94131.13994787385
2020-09-16,506277.2633252703,94131.13994787385
2020-09-17,503532.09169201803,94131.13994787385
2020-09-18,505365.19233924954,94131.13994787385
2020-09-21,507967.61718523985,94131.13994787385
2020-09-22,499691.2502160749,94131.13994787385
2020-09-23,474224.65530641505,94131.13994787385
2020-09-24,481502.9767405665,94131.13994787385
2020-09-25,488802.1521980289,94131.13994787385
2020-09-28,497760.33699187177,94131.13994787385
2020-09-29,497736.4544925231,94131.13994787385
2020-09-30,502097.8488913188,94131.13994787385
2020-10-01,507572.75445782277,94131.13994787385
2020-10-02,494389.8306655919,94131.13994787385
2020-10-05,510995.2921102389,94131.13994787385
2020-10-06,502384.05366090155,94131.13994787385
2020-10-07,511437.3474434583,179003.07160521037
2020-10-08,514887.82964015275,179003.07160521037
2020-10-09,516430.00763805537,179003.07160521037
2020-10-12,520328.17178925266,179003.07160521037
2020-10-13,524236.4506180556,179003.07160521037
2020-10-14,524179.218903565,179003.07160521037
2020-10-15,525929.5781256177,179003.07160521037
2020-10-16,524494.5418737992,179003.07160521037
2020-10-19,521337.17096247384,179003.07160521037
2020-10-20,516694.28477051726,179003.07160521037
2020-10-21,504946.86607091385,179003.07160521037
2020-10-22,508271.87452349364,179003.07160521037
2020-10-23,506420.84376297664,179003.07160521037
2020-10-26,499735.03508267883,179003.07160521037
2020-10-27,504456.7260544113,179003.07160521037
2020-10-28,491176.9609760765,179003.07160521037
2020-10-29,491222.6564245635,179003.07160521037
2020-10-30,479700.91656653915,179003.07160521037
2020-11-02,483480.6554743158,179003.07160521037
2020-11-03,490137.3698992712,179003.07160521037
2020-11-04,503677.2940229489,179003.07160521037
2020-11-05,514134.0235238655,179003.07160521037
2020-11-06,513196.664902794,179003.07160521037
2020-11-09,503186.94255182846,251593.4712759143
2020-11-10,497982.10025473713,251593.4712759143
2020-11-11,503889.6999742744,251593.4712759143
2020-11-12,502650.0717620271,251593.4712759143
2020-11-13,503715.48415369313,251593.4712759143
2020-11-16,509371.97339964024,251593.4712759143
2020-11-17,516349.00782041607,251593.4712759143
2020-11-18,522849.6237414046,251593.4712759143
2020-11-19,527910.6433383994,251593.4712759143
2020-11-20,530297.4471349379,251593.4712759143
2020-11-23,544174.8537320716,251593.4712759143
2020-11-24,557937.7234306103,251593.4712759143
2020-11-25,560796.9905781598,251593.4712759143
2020-11-27,563887.5997492857,251593.4712759143
2020-11-30,553956.9374281599,251593.4712759143
2020-12-01,545987.8550476405,251593.4712759143
2020-12-02,548555.1317454216,251593.4712759143
2020-12-03,554956.823993437,251593.4712759143
2020-12-04,566622.5327122564,251593.4712759143
2020-12-07,569439.0252321191,284719.51261605957
2020-12-08,575375.4720853675,284719.51261605957
2020-12-09,564278.2245807262,284719.51261605957
2020-12-10,574130.5931273847,284719.51261605957
2020-12-11,568578.6679305824,284719.51261605957
2020-12-14,565211.3029031962,284719.51261605957
2020-12-15,566603.6443801168,284719.51261605957
2020-12-16,564721.2577317306,284719.51261605957
2020-12-17,565756.8580928745,284719.51261605957
2020-12-18,568182.8575789096,284719.51261605957
2020-12-21,560758.1987389816,284719.51261605957
2020-12-22,555597.9811560713,284719.51261605957
2020-12-23,556911.006746232,284719.51261605957
2020-12-24,556030.4293280438,284719.51261605957
2020-12-28,552956.7780089512,284719.51261605957
2020-12-29,553022.4483721443,284719.51261605957
2020-12-30,558039.7132999562,284719.51261605957
2020-12-31,554071.837262231,284719.51261605957
2021-01-04,554683.7125959073,284719.51261605957
2021-01-05,562816.6423626635,284719.51261605957
2021-01-06,564135.9213001273,284719.51261605957
2021-01-07,572381.6176849446,200333.5661897306
2021-01-08,577558.1436176081,200333.5661897306
2021-01-11,569979.7253507798,200333.5661897306
2021-01-12,579956.3460108793,200333.5661897306
2021-01-13,578021.8954983932,200333.5661897306
2021-01-14,584082.858795326,200333.5661897306
2021-01-15,571178.6043913998,200333.5661897306
2021-01-19,576387.5127731106,200333.5661897306
2021-01-20,578776.9534176583,200333.5661897306
2021-01-21,579473.6209795886,200333.5661897306
2021-01-22,581216.5278917163,200333.5661897306
2021-01-25,587276.9844086743,200333.5661897306
2021-01-26,584441.5737084433,200333.5661897306
2021-01-27,576591.7927425745,200333.5661897306
2021-01-28,571465.2870903318,200333.5661897306
2021-01-29,556059.3980480875,200333.5661897306
2021-02-01,564600.5484662662,200333.5661897306
2021-02-02,571911.8314612304,200333.5661897306
2021-02-03,573421.2893156933,200333.5661897306
2021-02-04,577710.7767183009,200333.5661897306
2021-02-05,579151.1494555374,200333.5661897306
2021-02-08,592194.9291822095,207268.22521377334
2021-02-09,587007.2588748903,207268.22521377334
2021-02-10,584675.5778651218,207268.22521377334
2021-02-11,585611.5521943745,207268.22521377334
2021-02-12,586764.6311551525,207268.22521377334
2021-02-16,585787.200018684,207268.22521377334
2021-02-17,584457.5807376276,207268.22521377334
2021-02-18,577796.9030209783,207268.22521377334
2021-02-19,580863.6692870473,207268.22521377334
2021-02-22,568542.608782019,207268.22521377334
2021-02-23,565440.4578807964,207268.22521377334
2021-02-24,576017.8295472029,207268.22521377334
2021-02-25,557437.6201894383,207268.22521377334
2021-02-26,563621.1256887683,207268.22521377334
2021-03-01,573862.6184300346,207268.22521377334
2021-03-02,566107.2919250728,207268.22521377334
2021-03-03,557890.9239159081,207268.22521377334
2021-03-04,552089.0010885347,207268.22521377334
2021-03-05,543254.5705497646,207268.22521377334
2021-03-08,530473.986567525,185665.89529863367
2021-03-09,566268.1866835312,185665.89529863367
2021-03-10,562537.9910093357,185665.89529863367
2021-03-11,582413.180751734,185665.89529863367
2021-03-12,577502.7425475073,185665.89529863367
2021-03-15,586839.9208658508,185665.89529863367
2021-03-16,586065.372377713,185665.89529863367
2021-03-17,586558.7361440173,185665.89529863367
2021-03-18,564458.6365801084,185665.89529863367
2021-03-19,569192.3761086115,185665.89529863367
2021-03-22,576226.3761061626,185665.89529863367
2021-03-23,570282.5115240449,185665.89529863367
2021-03-24,554497.5293911812,185665.89529863367
2021-03-25,555612.7350473272,185665.89529863367
2021-03-26,556753.49695437,185665.89529863367
2021-03-29,550105.2370840071,185665.89529863367
2021-03-30,550542.5395459383,185665.89529863367
2021-03-31,567764.4526992396,185665.89529863367
2021-04-01,574418.4848675593,185665.89529863367
2021-04-05,578715.8550571738,185665.89529863367
2021-04-06,580416.9293548183,185665.89529863367
2021-04-07,578277.403922805,202397.09137298173
2021-04-08,581378.9754443752,202397.09137298173
2021-04-09,577507.5787254112,202397.09137298173
2021-04-12,576606.052281889,202397.09137298173
2021-04-13,593235.5213197271,202397.09137298173
2021-04-14,584760.1841877305,202397.09137298173
2021-04-15,585880.3491932285,202397.09137298173
2021-04-16,584019.8265296248,202397.09137298173
2021-04-19,573498.0341777536,202397.09137298173
2021-04-20,568508.7653575432,202397.09137298173
2021-04-21,578940.6706510093,202397.09137298173
2021-04-22,577244.2509365067,202397.09137298173
2021-04-23,583271.0058245821,202397.09137298173
2021-04-26,588602.9462975556,202397.09137298173
2021-04-27,585416.4000647019,202397.09137298173
2021-04-28,578163.3608146498,202397.09137298173
2021-04-29,571260.4925886267,202397.09137298173
2021-04-30,573122.6547040741,202397.09137298173
2021-05-03,564550.8883283699,202397.09137298173
2021-05-04,560149.2557418216,202397.09137298173
2021-05-05,553246.5276732413,202397.09137298173
2021-05-06,547111.6478112441,202397.09137298173
2021-05-07,553823.8232574939,55382.38232574941
2021-05-10,535945.3015872882,55382.38232574941
2021-05-11,537553.7800905805,55382.38232574941
2021-05-12,522070.1587256364,55382.38232574941
2021-05-13,512816.42607204634,55382.38232574941
2021-05-14,528172.4340115732,55382.38232574941
2021-05-17,525329.073457513,55382.38232574941
2021-05-18,529022.2256158842,55382.38232574941
2021-05-19,529544.8371683236,55382.38232574941
2021-05-20,546679.4218893168,55382.38232574941
2021-05-21,548389.8086241476,55382.38232574941
2021-05-24,558354.9200749022,55382.38232574941
2021-05-25,558252.044328988,55382.38232574941
2021-05-26,566725.017170208,55382.38232574941
2021-05-27,567504.4846512338,55382.38232574941
2021-05-28,573620.7890849406,55382.38232574941
2021-06-01,574336.5805725117,55382.38232574941
2021-06-02,576181.2748291795,55382.38232574941
2021-06-03,562984.5809042976,55382.38232574941
2021-06-04,587113.9748828,55382.38232574941
2021-06-07,588000.9667684195,58800.096676842004
2021-06-08,587164.8652115864,58800.096676842004
2021-06-09,589557.3155576717,58800.096676842004
2021-06-10,591490.5976704049,58800.096676842004
2021-06-11,593445.2752256836,58800.096676842004
2021-06-14,601903.5182396128,58800.096676842004
2021-06-15,591878.8943923023,58800.096676842004
2021-06-16,592965.938581111,58800.096676842004
2021-06-17,598274.683430755,58800.096676842004
2021-06-18,598891.8534953417,58800.096676842004
2021-06-21,598963.4045774568,58800.096676842004
2021-06-22,602721.6937404929,58800.096676842004
2021-06-23,611921.6249871611,58800.096676842004
2021-06-24,614821.6359585832,58800.096676842004
2021-06-25,613239.4212069258,58800.096676842004
2021-06-28,627626.7951954389,58800.096676842004
2021-06-29,626303.4577549835,58800.096676842004
2021-06-30,627729.0135186277,58800.096676842004
2021-07-01,629197.4164477163,58800.096676842004
2021-07-02,632424.9047508641,58800.096676842004
2021-07-06,628767.3017307149,58800.096676842004
2021-07-07,627886.9159111483,125577.3831822297
2021-07-08,623747.0951216158,125577.3831822297
2021-07-09,634968.8766276886,125577.3831822297
2021-07-12,643182.4073307209,125577.3831822297
2021-07-13,635587.2248071325,125577.3831822297
2021-07-14,624040.6031363942,125577.3831822297
2021-07-15,614232.4566685332,125577.3831822297
2021-07-16,605278.368145282,125577.3831822297
2021-07-19,609797.9416826483,125577.3831822297
2021-07-20,614239.1884599782,125577.3831822297
2021-07-21,623380.274604327,125577.3831822297
2021-07-22,627338.9017137627,125577.3831822297
2021-07-23,626769.9423215807,125577.3831822297
2021-07-26,630647.8226212488,125577.3831822297
2021-07-27,623498.5886319478,125577.3831822297
2021-07-28,637097.0893490162,125577.3831822297
2021-07-29,649769.2255617433,125577.3831822297
2021-07-30,652709.2298332494,125577.3831822297
2021-08-02,662017.2800535338,125577.3831822297
2021-08-03,668253.4463907557,125577.3831822297
2021-08-04,676315.5380870551,125577.3831822297
2021-08-05,676723.0126726127,125577.3831822297
2021-08-06,669500.9998243747,125577.3831822297
2021-08-09,667115.9467936712,133423.18935873418
2021-08-10,657167.3290225974,133423.18935873418
2021-08-11,638781.159219809,133423.18935873418
2021-08-12,639850.6801134477,133423.18935873418
2021-08-13,644218.6704968372,133423.18935873418
2021-08-16,633910.9954911531,133423.18935873418
2021-08-17,633549.7860761245,133423.18935873418
2021-08-18,624799.0269356337,133423.18935873418
2021-08-19,620716.4375321661,133423.18935873418
2021-08-20,631513.8809881294,133423.18935873418
2021-08-23,655015.4244289746,133423.18935873418
2021-08-24,654239.5134457496,133423.18935873418
2021-08-25,659346.4391231256,133423.18935873418
2021-08-26,657455.7067442819,133423.18935873418
2021-08-27,663259.2701029174,133423.18935873418
2021-08-30,659596.2352920328,133423.18935873418
2021-08-31,660889.4817468371,133423.18935873418
2021-09-01,662828.6456814898,133423.18935873418
2021-09-02,663405.7392250648,133423.18935873418
2021-09-03,670142.5295240377,133423.18935873418
2021-09-07,676747.4456456593,135349.4891291319
2021-09-08,662276.0415500117,135349.4891291319
2021-09-09,670164.8691940093,135349.4891291319
2021-09-10,670698.0422666892,135349.4891291319
2021-09-13,664676.8044916678,135349.4891291319
2021-09-14,665738.5208403332,135349.4891291319
2021-09-15,675837.5268390669,135349.4891291319
2021-09-16,676192.1686426987,135349.4891291319
2021-09-17,666790.4658411794,135349.4891291319
2021-09-20,650887.9788591232,135349.4891291319
2021-09-21,655809.3053262713,135349.4891291319
2021-09-22,666442.092217733,135349.4891291319
2021-09-23,680765.3003270825,135349.4891291319
2021-09-24,672013.3684294163,135349.4891291319
2021-09-27,671655.8305671476,135349.4891291319
2021-09-28,649477.1524012771,135349.4891291319
2021-09-29,645111.0194005612,135349.4891291319
2021-09-30,650935.2409448172,135349.4891291319
2021-10-01,642212.7109388165,135349.4891291319
2021-10-04,629290.2585389257,135349.4891291319
2021-10-05,637835.0058360402,135349.4891291319
2021-10-06,628771.5252222572,135349.4891291319
2021-10-07,639027.5679887579,127805.51359775149
2021-10-08,635808.5886044325,127805.51359775149
2021-10-11,632275.3193253151,127805.51359775149
2021-10-12,633887.2306820939,127805.51359775149
2021-10-13,643321.7990648238,127805.51359775149
2021-10-14,653760.4172834301,127805.51359775149
2021-10-15,648828.4485650207,127805.51359775149
2021-10-18,660414.4987307993,127805.51359775149
2021-10-19,663698.6303240953,127805.51359775149
2021-10-20,662103.6751469586,127805.51359775149
2021-10-21,665989.143663759,127805.51359775149
2021-10-22,655218.1485029369,127805.51359775149
2021-10-25,668916.8531071753,127805.51359775149
2021-10-26,670209.5504949983,127805.51359775149
2021-10-27,661360.8534091716,127805.51359775149
2021-10-28,671970.3172626913,127805.51359775149
2021-10-29,674760.68068437,127805.51359775149
2021-11-01,678720.9106346177,127805.51359775149
2021-11-02,686338.9494289624,127805.51359775149
2021-11-03,689641.1380090608,127805.51359775149
2021-11-04,681223.8164360941,127805.51359775149
2021-11-05,660335.8170905348,127805.51359775149
2021-11-08,665947.1906038402,233081.516711344
2021-11-09,650401.1114766423,233081.516711344
2021-11-10,642511.5711394666,233081.516711344
2021-11-11,648838.4794121619,233081.516711344
2021-11-12,649019.4932125717,233081.516711344
2021-11-15,645986.6351591542,233081.516711344
2021-11-16,652895.3782030175,233081.516711344
2021-11-17,653363.2513841576,233081.516711344
2021-11-18,667265.71819555,233081.516711344
2021-11-19,677939.1163998968,233081.516711344
2021-11-22,680151.9582548378,233081.516711344
2021-11-23,673175.9987961386,233081.516711344
2021-11-24,681150.7921220016,233081.516711344
2021-11-26,684456.447612959,233081.516711344
2021-11-29,709576.8462641625,233081.516711344
2021-11-30,698588.2870404328,233081.516711344
2021-12-01,671966.1167987558,233081.516711344
2021-12-02,674055.7609028945,233081.516711344
2021-12-03,659599.2972084789,233081.516711344
2021-12-06,644310.8828873775,233081.516711344
2021-12-07,665376.8420565015,133075.36841130024
2021-12-08,676613.0551974226,133075.36841130024
2021-12-09,652378.010453105,133075.36841130024
2021-12-10,649115.3163673475,133075.36841130024
2021-12-13,628261.7567461889,133075.36841130024
2021-12-14,631137.5040645263,133075.36841130024
2021-12-15,655239.7881348287,133075.36841130024
2021-12-16,633596.6858829608,133075.36841130024
2021-12-17,641667.2127486401,133075.36841130024
2021-12-20,630869.0358917484,133075.36841130024
2021-12-21,652038.1880345275,133075.36841130024
2021-12-22,658391.2757296475,133075.36841130024
2021-12-23,669308.4733057135,133075.36841130024
2021-12-27,682476.4559136177,133075.36841130024
2021-12-28,674477.5373676182,133075.36841130024
2021-12-29,668009.8493404288,133075.36841130024
2021-12-30,667104.2057751878,133075.36841130024
2021-12-31,659327.320780166,133075.36841130024
2022-01-03,687225.7493785068,133075.36841130024
2022-01-04,669782.311571853,133075.36841130024
2022-01-05,640958.779614078,133075.36841130024
2022-01-06,640456.1854379007,133075.36841130024
2022-01-07,622678.21166833,124535.64233366598
2022-01-10,628078.7015097752,124535.64233366598
2022-01-11,639622.2098273089,124535.64233366598
2022-01-12,640268.5300334389,124535.64233366598
2022-01-13,613032.6869441884,124535.64233366598
2022-01-14,619864.6201555185,124535.64233366598
2022-01-18,606922.0174944092,124535.64233366598
2022-01-19,595870.6508386706,124535.64233366598
2022-01-20,585369.6238276237,124535.64233366598
2022-01-21,562543.8951838904,124535.64233366598
2022-01-24,564237.359918889,124535.64233366598
2022-01-25,549358.7430659954,124535.64233366598
2022-01-26,549292.7867019564,124535.64233366598
2022-01-27,524401.0798337866,124535.64233366598
2022-01-28,537540.7725253921,124535.64233366598
2022-01-31,572695.7334233106,124535.64233366598
2022-02-01,576819.167281275,124535.64233366598
2022-02-02,574628.7436127532,124535.64233366598
2022-02-03,556263.3109459375,124535.64233366598
2022-02-04,572478.1281102794,124535.64233366598
2022-02-07,571222.4328690867,57122.243286908604
2022-02-08,575008.8032362969,57122.243286908604
2022-02-09,596273.7014656849,57122.243286908604
2022-02-10,584392.9933796033,57122.243286908604
2022-02-11,558907.2911112701,57122.243286908604
2022-02-14,561448.4445385071,57122.243286908604
2022-02-15,585394.7417150321,57122.243286908604
2022-02-16,577885.295534643,57122.243286908604
2022-02-17,551699.6113232545,57122.243286908604
2022-02-18,541928.0108512405,57122.243286908604
2022-02-22,531637.4315540802,57122.243286908604
2022-02-23,512310.8836426844,57122.243286908604
2022-02-24,537673.3609919089,57122.243286908604
2022-02-25,543527.6413151313,57122.243286908604
2022-02-28,555835.1299612838,57122.243286908604
2022-03-01,544674.5960330556,57122.243286908604
2022-03-02,549324.5274432495,57122.243286908604
2022-03-03,532728.9674545297,57122.243286908604
2022-03-04,521313.5541892017,57122.243286908604
2022-03-07,496142.2090950025,99228.4418190004
2022-03-08,501973.0661432069,99228.4418190004
2022-03-09,523227.04024676577,99228.4418190004
2022-03-10,508186.1357580156,99228.4418190004
2022-03-11,493138.3047427258,99228.4418190004
2022-03-14,482115.6536146527,99228.4418190004
2022-03-15,500597.94318655354,99228.4418190004
2022-03-16,530540.6103022007,99228.4418190004
2022-03-17,540089.6276081953,99228.4418190004
2022-03-18,560617.7581731174,99228.4418190004
2022-03-21,554956.9484535208,99228.4418190004
2022-03-22,563840.5480689618,99228.4418190004
2022-03-23,557813.0871991056,99228.4418190004
2022-03-24,578859.8056129322,99228.4418190004
2022-03-25,569953.0303730271,99228.4418190004
2022-03-28,577984.1193273378,99228.4418190004
2022-03-29,594170.5982783502,99228.4418190004
2022-03-30,577314.7268903973,99228.4418190004
2022-03-31,558774.2449182479,99228.4418190004
2022-04-01,556316.5205775992,99228.4418190004
2022-04-04,576245.4085351065,99228.4418190004
2022-04-05,560447.1475540122,99228.4418190004
2022-04-06,538000.9024363197,99228.4418190004
2022-04-07,534193.9772011321,106838.79544022633
2022-04-08,522562.23119605833,106838.79544022633
2022-04-11,511776.8571010253,106838.79544022633
2022-04-12,504008.8344992681,106838.79544022633
2022-04-13,517289.32586243044,106838.79544022633
2022-04-14,500437.4733600603,106838.79544022633
2022-04-18,498935.3102099552,106838.79544022633
2022-04-19,511190.9546851089,106838.79544022633
2022-04-20,486171.6258464087,106838.79544022633
2022-04-21,466679.3078453132,106838.79544022633
2022-04-22,459702.5942397275,106838.79544022633
2022-04-25,466681.86561466445,106838.79544022633
2022-04-26,447702.98308734613,106838.79544022633
2022-04-27,440821.34271681483,106838.79544022633
2022-04-28,470044.2035348097,106838.79544022633
2022-04-29,454874.5807303285,106838.79544022633
2022-05-02,473693.3351296256,106838.79544022633
2022-05-03,475515.6613658493,106838.79544022633
2022-05-04,497197.6274170772,106838.79544022633
2022-05-05,468029.9060526007,106838.79544022633
2022-05-06,460459.9092397017,106838.79544022633
2022-05-09,434488.4316809562,217244.21584047808
2022-05-10,438411.9668952891,217244.21584047808
2022-05-11,430237.96620115556,217244.21584047808
2022-05-12,431029.2052774202,217244.21584047808
2022-05-13,450911.1794600969,217244.21584047808
2022-05-16,443426.30849847576,217244.21584047808
2022-05-17,453265.0481748353,217244.21584047808
2022-05-18,437330.5574188006,217244.21584047808
2022-05-19,441376.6267500538,217244.21584047808
2022-05-20,439254.20131058217,217244.21584047808
2022-05-23,440452.9450323756,217244.21584047808
2022-05-24,430349.91937125643,217244.21584047808
2022-05-25,437262.016389949,217244.21584047808
2022-05-26,446431.76611874247,217244.21584047808
2022-05-27,456164.4507403304,217244.21584047808
2022-05-31,456631.9908518704,217244.21584047808
2022-06-01,455638.77903404547,217244.21584047808
2022-06-02,473633.12348672433,217244.21584047808
2022-06-03,465308.32799438044,217244.21584047808
2022-06-06,466102.97021052975,217244.21584047808
2022-06-07,468454.9726588327,234227.4863294164
2022-06-08,469910.9003873227,234227.4863294164
2022-06-09,459089.14346313104,234227.4863294164
2022-06-10,446974.9403418381,234227.4863294164
2022-06-13,431860.25966600416,234227.4863294164
2022-06-14,432804.10486051894,234227.4863294164
2022-06-15,445212.78594174754,234227.4863294164
2022-06-16,428659.13710512663,234227.4863294164
2022-06-17,433999.8813017603,234227.4863294164
2022-06-21,442835.2038476943,234227.4863294164
2022-06-22,443870.531529121,234227.4863294164
2022-06-23,449790.41447117575,234227.4863294164
2022-06-24,461928.4681504479,234227.4863294164
2022-06-27,459949.7098817038,234227.4863294164
2022-06-28,448605.5309813032,234227.4863294164
2022-06-29,447294.429012901,234227.4863294164
2022-06-30,441313.2981920444,234227.4863294164
2022-07-01,442335.8545615411,234227.4863294164
2022-07-05,455496.7733762753,234227.4863294164
2022-07-06,453602.82181591983,234227.4863294164
2022-07-07,462951.7343981436,231475.8671990717
2022-07-08,461148.0877902693,231475.8671990717
2022-07-11,450788.7168554422,231475.8671990717
2022-07-12,450948.56856841897,231475.8671990717
2022-07-13,450909.6208598206,231475.8671990717
2022-07-14,447819.03607328236,231475.8671990717
2022-07-15,455494.0742623864,231475.8671990717
2022-07-18,459845.9744015437,231475.8671990717
2022-07-19,471078.42214807443,231475.8671990717
2022-07-20,484235.2714546289,231475.8671990717
2022-07-21,485010.5493783188,231475.8671990717
2022-07-22,460570.26739847666,231475.8671990717
2022-07-25,457899.1611935037,231475.8671990717
2022-07-26,450307.3078785751,231475.8671990717
2022-07-27,462539.5405921452,231475.8671990717
2022-07-28,464842.4154552702,231475.8671990717
2022-07-29,468165.24266774004,231475.8671990717
2022-08-01,467308.0034955786,231475.8671990717
2022-08-02,470998.3458540875,231475.8671990717
2022-08-03,477298.6372063351,231475.8671990717
2022-08-04,483350.19829379936,231475.8671990717
2022-08-05,480459.6099654732,231475.8671990717
2022-08-08,476921.98604311293,95384.3972086226
2022-08-09,463389.2463629643,95384.3972086226
2022-08-10,479933.25945102394,95384.3972086226
2022-08-11,480085.05485363014,95384.3972086226
2022-08-12,490514.23672177066,95384.3972086226
2022-08-15,497654.8471038477,95384.3972086226
2022-08-16,494701.0926705649,95384.3972086226
2022-08-17,481871.758471275,95384.3972086226
2022-08-18,485975.6013492261,95384.3972086226
2022-08-19,467136.78966161044,95384.3972086226
2022-08-22,453565.4547799345,95384.3972086226
2022-08-23,451130.91211107466,95384.3972086226
2022-08-24,453368.03880728333,95384.3972086226
2022-08-25,465788.85584050225,95384.3972086226
2022-08-26,443877.65826021833,95384.3972086226
2022-08-29,435799.3161371131,95384.3972086226
2022-08-30,429857.749192356,95384.3972086226
2022-08-31,432800.1030030029,95384.3972086226
2022-09-01,432290.1655422187,95384.3972086226
2022-09-02,423916.4909367222,95384.3972086226
2022-09-06,415592.9028304594,95384.3972086226
2022-09-07,423899.16614074254,84779.83322814846
2022-09-08,431082.352940588,84779.83322814846
2022-09-09,441963.7848602867,84779.83322814846
2022-09-12,442358.0184744401,84779.83322814846
2022-09-13,412991.20360443264,84779.83322814846
2022-09-14,411448.3574883265,84779.83322814846
2022-09-15,411277.55785151955,84779.83322814846
2022-09-16,407620.99806497124,84779.83322814846
2022-09-19,409446.90141876426,84779.83322814846
2022-09-20,404438.3940945255,84779.83322814846
2022-09-21,401790.9026984451,84779.83322814846
2022-09-22,390568.923660065,84779.83322814846
2022-09-23,385922.9328042933,84779.83322814846
2022-09-26,377956.52061743505,84779.83322814846
2022-09-27,380611.7628066149,84779.83322814846
2022-09-28,392101.2204126898,84779.83322814846
2022-09-29,381470.8454321654,84779.83322814846
2022-09-30,379179.6137343096,84779.83322814846
2022-10-03,385422.69927994686,84779.83322814846
2022-10-04,397831.7249399692,84779.83322814846
2022-10-05,400567.43932761234,84779.83322814846
2022-10-06,397402.2840979873,84779.83322814846
2022-10-07,374012.01890011074,187006.0094500554
2022-10-10,370502.6194189803,187006.0094500554
2022-10-11,368360.0234019949,187006.0094500554
2022-10-12,367711.240942747,187006.0094500554
2022-10-13,372312.8887874177,187006.0094500554
2022-10-14,364571.94331549725,187006.0094500554
2022-10-17,373038.36703307676,187006.0094500554
2022-10-18,374968.612298339,187006.0094500554
2022-10-19,373631.73663315375,187006.0094500554
2022-10-20,373665.41810636636,187006.0094500554
2022-10-21,375086.2870790268,187006.0094500554
2022-10-24,375602.5980640569,187006.0094500554
2022-10-25,385201.5519269574,187006.0094500554
2022-10-26,379960.71826583473,187006.0094500554
2022-10-27,369093.0020278449,187006.0094500554
2022-10-28,376374.60459691857,187006.0094500554
2022-10-31,371198.7982737631,187006.0094500554
2022-11-01,371441.61429776956,187006.0094500554
2022-11-02,364261.9611602037,187006.0094500554
2022-11-03,359923.27428949054,187006.0094500554
2022-11-04,362570.52151223825,187006.0094500554
2022-11-07,367359.5604158971,128575.84614556399
2022-11-08,367648.9848887167,128575.84614556399
2022-11-09,363891.23728584714,128575.84614556399
2022-11-10,395040.6282055255,128575.84614556399
2022-11-11,405740.16647526884,128575.84614556399
2022-11-14,401909.1231144185,128575.84614556399
2022-11-15,409026.05797573214,128575.84614556399
2022-11-16,396461.5284668541,128575.84614556399
2022-11-17,392774.8666863002,128575.84614556399
2022-11-18,390335.72181775,128575.84614556399
2022-11-21,384064.730389226,128575.84614556399
2022-11-22,387684.9546448226,128575.84614556399
2022-11-23,393965.1393112461,128575.84614556399
2022-11-25,391976.65533747076,128575.84614556399
2022-11-28,388365.0104572743,128575.84614556399
2022-11-29,385858.163401989,128575.84614556399
2022-11-30,402545.8405051151,128575.84614556399
2022-12-01,406007.05179597647,128575.84614556399
2022-12-02,404367.8113307799,128575.84614556399
2022-12-05,396416.31450547976,128575.84614556399
2022-12-06,383973.31056674826,128575.84614556399
2022-12-07,383808.93389641534,134333.12686374533
2022-12-08,389437.01660823653,134333.12686374533
2022-12-09,391242.18455327564,134333.12686374533
2022-12-12,391138.9797934796,134333.12686374533
2022-12-13,394087.8048128112,134333.12686374533
2022-12-14,395577.5724736466,134333.12686374533
2022-12-15,386539.0489076536,134333.12686374533
2022-12-16,386387.76865865523,134333.12686374533
2022-12-19,378173.943147216,134333.12686374533
2022-12-20,374975.1841088562,134333.12686374533
2022-12-21,378253.6730873715,134333.12686374533
2022-12-22,366225.5425573119,134333.12686374533
2022-12-23,367898.3578083985,134333.12686374533
2022-12-27,360010.31613537733,134333.12686374533
2022-12-28,361413.9197380529,134333.12686374533
2022-12-29,372102.22778360004,134333.12686374533
2022-12-30,372189.5055530643,134333.12686374533
2023-01-03,368724.658632201,134333.12686374533
2023-01-04,373180.29679055564,134333.12686374533
2023-01-05,367104.42135168554,134333.12686374533
2023-01-06,372949.18487305933,134333.12686374533
2023-01-09,379157.07176918077,75831.41435383612
2023-01-10,384992.0654381456,75831.41435383612
2023-01-11,390044.2680453324,75831.41435383612
2023-01-12,395356.52882440813,75831.41435383612
2023-01-13,397414.8831980912,75831.41435383612
2023-01-17,405259.4693305956,75831.41435383612
2023-01-18,399364.87318774726,75831.41435383612
2023-01-19,394659.96156943386,75831.41435383612
2023-01-20,408184.3492747373,75831.41435383612
2023-01-23,426875.2589413867,75831.41435383612
2023-01-24,426788.61891160393,75831.41435383612
2023-01-25,422174.6224675398,75831.41435383612
2023-01-26,440211.13207647426,75831.41435383612
2023-01-27,461221.62643331266,75831.41435383612
2023-01-30,445482.3883203628,75831.41435383612
2023-01-31,457666.33116026234,75831.41435383612
2023-02-01,467837.33274302335,75831.41435383612
2023-02-02,501862.5251040155,75831.41435383612
2023-02-03,493211.1808184128,75831.41435383612
2023-02-06,500564.68499380734,75831.41435383612
2023-02-07,510955.7617988866,51095.57617988868
2023-02-08,502540.4262630387,51095.57617988868
2023-02-09,496422.6769223314,51095.57617988868
2023-02-10,490144.6015369407,51095.57617988868
2023-02-13,499113.7069314446,51095.57617988868
2023-02-14,513769.43063299236,51095.57617988868
2023-02-15,529035.850886899,51095.57617988868
2023-02-16,519570.7357754068,51095.57617988868
2023-02-17,518756.45882288157,51095.57617988868
2023-02-21,500079.8861179937,51095.57617988868
2023-02-22,505703.9129917291,51095.57617988868
2023-02-23,504966.86689549475,51095.57617988868
2023-02-24,491204.5753452063,51095.57617988868
2023-02-27,497784.2689424461,51095.57617988868
2023-02-28,502542.34319879184,51095.57617988868
2023-03-01,494992.0966741083,51095.57617988868
2023-03-02,490582.2955519435,51095.57617988868
2023-03-03,507583.43019246415,51095.57617988868
2023-03-06,500074.8253131985,51095.57617988868
2023-03-07,494361.14431350643,24718.057215675362
2023-03-08,493624.5359254732,24718.057215675362
2023-03-09,479690.62991586386,24718.057215675362
2023-03-10,460399.9621970981,24718.057215675362
2023-03-13,461191.0290432611,24718.057215675362
2023-03-14,477338.56863152736,24718.057215675362
2023-03-15,482644.8448806262,24718.057215675362
2023-03-16,493204.5946327795,24718.057215675362
2023-03-17,492329.18079531775,24718.057215675362
2023-03-20,495425.8882698036,24718.057215675362
2023-03-21,508188.87712348823,24718.057215675362
2023-03-22,511742.4111814817,24718.057215675362
2023-03-23,510036.99260894704,24718.057215675362
2023-03-24,504551.4074404894,24718.057215675362
2023-03-27,507051.77433026326,24718.057215675362
2023-03-28,506507.43377532804,24718.057215675362
2023-03-29,518245.8161162278,24718.057215675362
2023-03-30,521404.9582445495,24718.057215675362
2023-03-31,533919.2753818653,24718.057215675362
2023-04-03,525005.6958824852,24718.057215675362
2023-04-04,519497.6124004604,24718.057215675362
2023-04-05,504817.4241754503,24718.057215675362
2023-04-06,501148.8512251677,24718.057215675362
2023-04-10,503960.0691674747,100792.01383349484
2023-04-11,505743.334716238,100792.01383349484
2023-04-12,496232.02335321903,100792.01383349484
2023-04-13,497645.14628290257,100792.01383349484
2023-04-14,493453.3180045207,100792.01383349484
2023-04-17,495704.3770090373,100792.01383349484
2023-04-18,493072.19081026025,100792.01383349484
2023-04-19,496809.33096731984,100792.01383349484
2023-04-20,481943.16034872143,100792.01383349484
2023-04-21,479055.2937958784,100792.01383349484
2023-04-24,479158.7342303239,100792.01383349484
2023-04-25,467895.14030541584,100792.01383349484
2023-04-26,462055.00052158063,100792.01383349484
2023-04-27,469849.845126829,100792.01383349484
2023-04-28,482176.8484923255,100792.01383349484
2023-05-01,483329.1397353807,100792.01383349484
2023-05-02,473524.47175089124,100792.01383349484
2023-05-03,460332.7358257909,100792.01383349484
2023-05-04,455007.90785149735,100792.01383349484
2023-05-05,478224.7625760425,100792.01383349484
2023-05-08,487342.7222035712,48734.27222035709
2023-05-09,484443.9677976114,48734.27222035709
2023-05-10,483201.6049067877,48734.27222035709
2023-05-11,477103.8200053285,48734.27222035709
2023-05-12,469892.42203483474,48734.27222035709
2023-05-15,482771.0206092021,48734.27222035709
2023-05-16,485922.9864411111,48734.27222035709
2023-05-17,510271.1220325824,48734.27222035709
2023-05-18,526019.2172717483,48734.27222035709
2023-05-19,522136.22308234405,48734.27222035709
2023-05-22,535375.8383315483,48734.27222035709
2023-05-23,536944.6874842471,48734.27222035709
2023-05-24,532256.6454025862,48734.27222035709
2023-05-25,569690.7741896872,48734.27222035709
2023-05-26,586016.3844361173,48734.27222035709
2023-05-30,591101.193433759,48734.27222035709
2023-05-31,570049.9307013911,48734.27222035709
2023-06-01,585158.3026133679,48734.27222035709
2023-06-02,594513.4120027791,48734.27222035709
2023-06-05,594186.6612444215,48734.27222035709
2023-06-06,610398.0225243835,48734.27222035709
2023-06-07,606152.9395137437,60615.29395137438
2023-06-08,615312.5128398348,60615.29395137438
2023-06-09,625225.0891259514,60615.29395137438
2023-06-12,640801.2472829535,60615.29395137438
2023-06-13,661583.3067357149,60615.29395137438
2023-06-14,677932.676464189,60615.29395137438
2023-06-15,672114.7686070632,60615.29395137438
2023-06-16,669521.760272853,60615.29395137438
2023-06-20,672180.231691038,60615.29395137438
2023-06-21,647087.6307308075,60615.29395137438
2023-06-22,643476.6191092054,60615.29395137438
2023-06-23,631213.3336428697,60615.29395137438
2023-06-26,623924.9113094014,60615.29395137438
2023-06-27,642187.1578076053,60615.29395137438
2023-06-28,646492.2746163512,60615.29395137438
2023-06-29,648437.1140892633,60615.29395137438
2023-06-30,664021.9236776594,60615.29395137438
2023-07-03,677060.3793876604,60615.29395137438
2023-07-05,676928.8316774835,60615.29395137438
2023-07-06,663268.5260702748,60615.29395137438
2023-07-07,666819.4520719105,66681.94520719102
2023-07-10,657706.8920618,66681.94520719102
2023-07-11,657867.3570867836,66681.94520719102
2023-07-12,667540.0749618625,66681.94520719102
2023-07-13,679755.5187509346,66681.94520719102
2023-07-14,671224.257753798,66681.94520719102
2023-07-17,674358.9404828041,66681.94520719102
2023-07-18,675281.1086848113,66681.94520719102
2023-07-19,686149.4759620937,66681.94520719102
2023-07-20,656159.8299389398,66681.94520719102
2023-07-21,652500.7975827599,66681.94520719102
2023-07-24,657447.7391850199,66681.94520719102
2023-07-25,657955.317304374,66681.94520719102
2023-07-26,656774.5173573792,66681.94520719102
2023-07-27,650397.1692973349,66681.94520719102
2023-07-28,663717.1809199958,66681.94520719102
2023-07-31,668751.0645482243,66681.94520719102
2023-08-01,677729.8752412315,66681.94520719102
2023-08-02,641437.7191745673,66681.94520719102
2023-08-03,648188.0968083073,66681.94520719102
2023-08-04,647103.8619088302,66681.94520719102
2023-08-07,653191.9561453059,65319.19561453059
2023-08-08,643323.4991922085,65319.19561453059
2023-08-09,631924.7618445023,65319.19561453059
2023-08-10,640869.88086734,65319.19561453059
2023-08-11,631055.9651741697,65319.19561453059
2023-08-14,639429.8133277517,65319.19561453059
2023-08-15,627757.1117574957,65319.19561453059
2023-08-16,619179.3286307205,65319.19561453059
2023-08-17,611533.648305368,65319.19561453059
2023-08-18,609993.025281924,65319.19561453059
2023-08-21,627374.3729758124,65319.19561453059
2023-08-22,614341.7514114773,65319.19561453059
2023-08-23,628248.2195001827,65319.19561453059
2023-08-24,612803.9906175437,65319.19561453059
2023-08-25,612335.5739912874,65319.19561453059
2023-08-28,619802.2371570282,65319.19561453059
2023-08-29,639691.121615616,65319.19561453059
2023-08-30,642195.9294037177,65319.19561453059
2023-08-31,645010.4582909675,65319.19561453059
2023-09-01,637751.7782742061,65319.19561453059
2023-09-05,641528.3224699649,65319.19561453059
2023-09-06,631076.6062591175,65319.19561453059
2023-09-07,617701.1384695449,30885.056923477212
2023-09-08,610190.9674625688,30885.056923477212
2023-09-11,620237.3556085955,30885.056923477212
2023-09-12,619189.3437635208,30885.056923477212
2023-09-13,625682.8720482409,30885.056923477212
2023-09-14,629135.7456277387,30885.056923477212
2023-09-15,619760.8745046163,30885.056923477212
2023-09-18,615527.9939066228,30885.056923477212
2023-09-19,618938.9935122156,30885.056923477212
2023-09-20,610083.978177037,30885.056923477212
2023-09-21,589330.0669795087,30885.056923477212
2023-09-22,581365.4789937839,30885.056923477212
2023-09-25,577895.9186572465,30885.056923477212
2023-09-26,570287.2881102865,30885.056923477212
2023-09-27,579443.293595209,30885.056923477212
2023-09-28,594052.6760014874,30885.056923477212
2023-09-29,594660.0229844752,30885.056923477212
2023-10-02,600665.2450011248,30885.056923477212
2023-10-03,581039.6205268702,30885.056923477212
2023-10-04,595209.5879139104,30885.056923477212
2023-10-05,592697.5149263329,30885.056923477212
2023-10-06,597701.013189362,30885.056923477212
2023-10-09,596238.9273333933,29811.946366669727
2023-10-10,607114.9607376993,29811.946366669727
2023-10-11,600817.5848685722,29811.946366669727
2023-10-12,595656.0393271515,29811.946366669727
2023-10-13,587470.195012966,29811.946366669727
2023-10-16,597609.8684306156,29811.946366669727
2023-10-17,598427.0310096169,29811.946366669727
2023-10-18,583810.2140396872,29811.946366669727
2023-10-19,572540.8518433685,29811.946366669727
2023-10-20,562695.559641194,29811.946366669727
2023-10-23,564305.9665296958,29811.946366669727
2023-10-24,571650.3075316495,29811.946366669727
2023-10-25,553930.3959290115,29811.946366669727
2023-10-26,545671.1403014769,29811.946366669727
2023-10-27,549837.0698990432,29811.946366669727
2023-10-30,560637.5380647967,29811.946366669727
2023-10-31,560805.7200388061,29811.946366669727
2023-11-01,543692.1840907087,29811.946366669727
2023-11-02,561569.4914853014,29811.946366669727
2023-11-03,584128.4222024471,29811.946366669727
2023-11-06,597951.119134117,29811.946366669727
2023-11-07,603524.194250184,30176.209712509182
2023-11-08,602351.8605970532,30176.209712509182
2023-11-09,584580.1621847195,30176.209712509182
2023-11-10,599602.4731426827,30176.209712509182
2023-11-13,600068.9987377636,30176.209712509182
2023-11-14,629880.116581542,30176.209712509182
2023-11-15,635733.4609274693,30176.209712509182
2023-11-16,632098.0499283352,30176.209712509182
2023-11-17,633361.7969861355,30176.209712509182
2023-11-20,643015.527832222,30176.209712509182
2023-11-21,638394.8855003439,30176.209712509182
2023-11-22,638910.5885979199,30176.209712509182
2023-11-24,637022.3299336331,30176.209712509182
2023-11-27,633148.0429798899,30176.209712509182
2023-11-28,636155.9417841368,30176.209712509182
2023-11-29,646188.3228651842,30176.209712509182
2023-11-30,634639.4338284768,30176.209712509182
2023-12-01,647322.2114919379,30176.209712509182
2023-12-04,644948.1128826465,30176.209712509182
2023-12-05,643376.7768417458,30176.209712509182
2023-12-06,637607.0565644053,30176.209712509182
2023-12-07,654271.7139060206,32713.585695301124
2023-12-08,661680.0141213937,32713.585695301124
2023-12-11,654926.5189266567,32713.585695301124
2023-12-12,666590.4970263429,32713.585695301124
2023-12-13,677072.0781421957,32713.585695301124
2023-12-14,698140.0012974928,32713.585695301124
2023-12-15,705174.2292667178,32713.585695301124
2023-12-18,706442.6568532358,32713.585695301124
2023-12-19,708160.0298397583,32713.585695301124
2023-12-20,685078.6689970492,32713.585695301124
2023-12-21,702409.6603849251,32713.585695301124
2023-12-22,699742.4437911208,32713.585695301124
2023-12-26,712409.317047453,32713.585695301124
2023-12-27,719378.5134363584,32713.585695301124
2023-12-28,720397.1029115,32713.585695301124
2023-12-29,714767.7232990908,32713.585695301124
2024-01-02,704426.2802950781,32713.585695301124
2024-01-03,686444.9957540615,32713.585695301124
2024-01-04,685659.1595601651,32713.585695301124
2024-01-05,688483.0817914916,32713.585695301124
2024-01-08,711251.5406312606,35562.57703156298
2024-01-09,704209.4604631512,35562.57703156298
2024-01-10,707733.6742269133,35562.57703156298
2024-01-11,695266.925335275,35562.57703156298
2024-01-12,689093.2249096314,35562.57703156298
2024-01-16,698622.9842772244,35562.57703156298
2024-01-17,688089.2527320348,35562.57703156298
2024-01-18,693434.6349530495,35562.57703156298
2024-01-19,701605.3780203703,35562.57703156298
2024-01-22,698332.0482920678,35562.57703156298
2024-01-23,699327.3866360212,35562.57703156298
2024-01-24,708153.1583909397,35562.57703156298
2024-01-25,695297.0740635444,35562.57703156298
2024-01-26,690870.7168555723,35562.57703156298
2024-01-29,693615.7495832522,35562.57703156298
2024-01-30,681195.1843439757,35562.57703156298
2024-01-31,665909.866201971,35562.57703156298
2024-02-01,678271.5057463716,35562.57703156298
2024-02-02,685699.356861738,35562.57703156298
2024-02-05,678480.8329833591,35562.57703156298
2024-02-06,679152.5036646745,35562.57703156298
2024-02-07,683801.5800528537,68380.15800528522
2024-02-08,687109.9890367411,68380.15800528522
2024-02-09,697143.4343570282,68380.15800528522
2024-02-12,712830.4016651661,68380.15800528522
2024-02-13,690872.9839368891,68380.15800528522
2024-02-14,701964.8296751953,68380.15800528522
2024-02-15,714827.2279680686,68380.15800528522
2024-02-16,711341.4435628082,68380.15800528522
2024-02-20,694049.5735138692,68380.15800528522
2024-02-21,692622.0176618517,68380.15800528522
2024-02-22,721913.1788661066,68380.15800528522
2024-02-23,717113.3458673067,68380.15800528522
2024-02-26,722089.0835003675,68380.15800528522
2024-02-27,732657.1441413959,68380.15800528522
2024-02-28,738613.3653424728,68380.15800528522
2024-02-29,748609.9833574867,68380.15800528522
2024-03-01,763372.679825698,68380.15800528522
2024-03-04,753828.8517041231,68380.15800528522
2024-03-05,728756.1257944824,68380.15800528522
2024-03-06,741753.4548709478,68380.15800528522
2024-03-07,760159.1403784512,76015.914037845
2024-03-08,748894.2760634844,76015.914037845
2024-03-11,747657.3160829752,76015.914037845
2024-03-12,760586.497289792,76015.914037845
2024-03-13,747008.2527540689,76015.914037845
2024-03-14,726180.5101873133,76015.914037845
2024-03-15,728407.8164241601,76015.914037845
2024-03-18,737199.9909803648,76015.914037845
2024-03-19,731446.6462612564,76015.914037845
2024-03-20,748935.9514829078,76015.914037845
2024-03-21,739057.7135469785,76015.914037845
2024-03-22,737105.5331966149,76015.914037845
2024-03-25,742796.9872318902,76015.914037845
2024-03-26,741777.7356168405,76015.914037845
2024-03-27,745674.6493143367,76015.914037845
2024-03-28,742924.9962010547,76015.914037845
2024-04-01,742795.4324043897,76015.914037845
2024-04-02,727961.092794697,76015.914037845
2024-04-03,745945.8563285171,76015.914037845
2024-04-04,717684.1700603453,76015.914037845
2024-04-05,714756.3140949282,76015.914037845
2024-04-08,713089.0673726877,71308.90673726892
2024-04-09,719443.8348437463,71308.90673726892
2024-04-10,710848.4401462027,71308.90673726892
2024-04-11,724272.0707215809,71308.90673726892
2024-04-12,704988.9199331119,71308.90673726892
2024-04-15,689708.3546629334,71308.90673726892
2024-04-16,692879.3628661779,71308.90673726892
2024-04-17,673785.4206026933,71308.90673726892
2024-04-18,669808.1944774161,71308.90673726892
2024-04-19,647050.5459987214,71308.90673726892
2024-04-22,652712.3303703576,71308.90673726892
2024-04-23,666015.3949095941,71308.90673726892
2024-04-24,676925.2849095898,71308.90673726892
2024-04-25,685503.5927807792,71308.90673726892
2024-04-26,696278.8910156856,71308.90673726892
2024-04-29,726371.8831775292,71308.90673726892
2024-04-30,704919.0117817646,71308.90673726892
2024-05-01,685605.2266892616,71308.90673726892
2024-05-02,694855.7086548717,71308.90673726892
2024-05-03,707634.4894142221,71308.90673726892
2024-05-06,721929.5847505841,71308.90673726892
2024-05-07,711427.0643782619,142285.41287565243
2024-05-08,706726.506658819,142285.41287565243
2024-05-09,704527.6747585416,142285.41287565243
2024-05-10,701213.9523442248,142285.41287565243
2024-05-13,708214.320453918,142285.41287565243
2024-05-14,716048.3887819676,142285.41287565243
2024-05-15,719139.9056148041,142285.41287565243
2024-05-16,716745.5959085625,142285.41287565243
2024-05-17,714124.7090414718,142285.41287565243
2024-05-20,714963.1951929026,142285.41287565243
2024-05-21,715909.8721251963,142285.41287565243
2024-05-22,706804.6201685744,142285.41287565243
2024-05-23,708699.6880532738,142285.41287565243
2024-05-24,720130.6875198929,142285.41287565243
2024-05-28,729540.2897001776,142285.41287565243
2024-05-29,727052.2253330278,142285.41287565243
2024-05-30,720962.9426997704,142285.41287565243
2024-05-31,722420.4894725054,142285.41287565243
2024-06-03,729281.936817816,142285.41287565243
2024-06-04,723219.4525839108,142285.41287565243
2024-06-05,737307.0312313983,142285.41287565243
2024-06-06,739044.9677614509,142285.41287565243
2024-06-07,737613.3468939096,36880.66734469557
2024-06-10,725756.7625526106,36880.66734469557
2024-06-11,721191.0299264683,36880.66734469557
2024-06-12,740156.0032195892,36880.66734469557
2024-06-13,741330.3390855633,36880.66734469557
2024-06-14,746986.5626665168,36880.66734469557
2024-06-17,753359.2479784441,36880.66734469557
2024-06-18,756227.4777877661,36880.66734469557
2024-06-20,759746.8719094438,36880.66734469557
2024-06-21,759362.6749345878,36880.66734469557
2024-06-24,739664.9009724759,36880.66734469557
2024-06-25,750236.1795131707,36880.66734469557
2024-06-26,764408.2989962838,36880.66734469557
2024-06-27,766908.2723682409,36880.66734469557
2024-06-28,776188.0525669829,36880.66734469557
2024-07-01,792176.7068530968,36880.66734469557
2024-07-02,823486.9587194569,36880.66734469557
2024-07-03,864611.830824713,36880.66734469557
2024-07-05,882040.061704352,36880.66734469557
2024-07-08,871205.9177376739,43560.29588688386
2024-07-09,867556.7319868451,43560.29588688386
2024-07-10,892455.8045503891,43560.29588688386
2024-07-11,861955.9894594548,43560.29588688386
2024-07-12,873943.8231711311,43560.29588688386
2024-07-15,873097.54644247,43560.29588688386
2024-07-16,880470.4811770737,43560.29588688386
2024-07-17,838008.1624217923,43560.29588688386
2024-07-18,832717.1278346747,43560.29588688386
2024-07-19,811556.8300555508,43560.29588688386
2024-07-22,839631.8669333565,43560.29588688386
2024-07-23,833025.3084144628,43560.29588688386
2024-07-24,782123.6700214657,43560.29588688386
2024-07-25,777140.4566372621,43560.29588688386
2024-07-26,773624.0007730228,43560.29588688386
2024-07-29,779840.5714020166,43560.29588688386
2024-07-30,763200.7504938185,43560.29588688386
2024-07-31,795943.0645654704,43560.29588688386
2024-08-01,792633.9868119203,43560.29588688386
2024-08-02,773375.4170485674,43560.29588688386
2024-08-05,750212.7545502507,43560.29588688386
2024-08-06,747792.124612061,43560.29588688386
2024-08-07,730830.305141413,73083.03051414133
2024-08-08,770553.6119321927,73083.03051414133
2024-08-09,765952.1369466967,73083.03051414133
2024-08-12,771375.3332228499,73083.03051414133
2024-08-13,804165.4503779653,73083.03051414133
2024-08-14,796322.4045434179,73083.03051414133
2024-08-15,829049.8628171865,73083.03051414133
2024-08-16,834836.8083423281,73083.03051414133
2024-08-19,863134.9476978739,73083.03051414133
2024-08-20,855796.5944983112,73083.03051414133
2024-08-21,863455.8372097727,73083.03051414133
2024-08-22,829146.3538554272,73083.03051414133
2024-08-23,853954.0802328505,73083.03051414133
2024-08-26,835547.1979681996,73083.03051414133
2024-08-27,836449.5569959339,73083.03051414133
2024-08-28,818369.9671660447,73083.03051414133
2024-08-29,808489.8413955302,73083.03051414133
2024-08-30,832531.8493423787,73083.03051414133
2024-09-03,782428.3836819556,73083.03051414133
2024-09-04,787075.5018519205,73083.03051414133
2024-09-05,796329.4568361298,73083.03051414133
2024-09-06,762278.2256545238,73083.03051414133
2024-09-09,776756.7748350143,77675.67748350148
2024-09-10,788586.7041458767,77675.67748350148
2024-09-11,814352.1515657515,77675.67748350148
2024-09-12,824070.583580748,77675.67748350148
2024-09-13,834285.8761338363,77675.67748350148
2024-09-16,830464.5168916485,77675.67748350148
2024-09-17,830963.3288019797,77675.67748350148
2024-09-18,829448.7307899417,77675.67748350148
2024-09-19,857121.9899756855,77675.67748350148
2024-09-20,841803.870614207,77675.67748350148
2024-09-23,850918.2961454693,77675.67748350148
2024-09-24,863245.2534056273,77675.67748350148
2024-09-25,869034.041923805,77675.67748350148
2024-09-26,879522.9684795039,77675.67748350148
2024-09-27,879964.984559576,77675.67748350148
2024-09-30,869762.290956982,77675.67748350148
2024-10-01,852034.2111311925,77675.67748350148
2024-10-02,844986.2138236602,77675.67748350148
2024-10-03,852454.3673947835,77675.67748350148
2024-10-04,874524.6843080347,77675.67748350148
2024-10-07,870764.0074905239,87076.40074905247
2024-10-08,883774.6197414129,87076.40074905247
2024-10-09,881526.4328905147,87076.40074905247
2024-10-10,874304.6235697084,87076.40074905247
2024-10-11,868462.0113668456,87076.40074905247
2024-10-14,880269.5391786257,87076.40074905247
2024-10-15,862161.7697023067,87076.40074905247
2024-10-16,869100.812826029,87076.40074905247
2024-10-17,865494.8950504813,87076.40074905247
2024-10-18,867734.811740108,87076.40074905247
2024-10-21,873782.6241639915,87076.40074905247
2024-10-22,868219.4114044884,87076.40074905247
2024-10-23,855853.5247996454,87076.40074905247
2024-10-24,890590.263136212,87076.40074905247
2024-10-25,901725.1361034953,87076.40074905247
2024-10-28,905765.8694985553,87076.40074905247
2024-10-29,915304.1433122624,87076.40074905247
2024-10-30,889873.3022903997,87076.40074905247
2024-10-31,865328.575046074,87076.40074905247
2024-11-01,871658.1940341804,87076.40074905247
2024-11-04,860879.6328930096,87076.40074905247
