date,value,year
2005-05-23,99934.5,2005
2005-05-24,100486.77338644314,2005
2005-05-25,100909.46491119316,2005
2005-05-26,100519.03502055675,2005
2005-05-27,100169.04011739242,2005
2005-05-30,100414.65569096942,2005
2005-05-31,99852.57471145611,2005
2005-06-01,100522.54216411628,2005
2005-06-02,100229.75393553941,2005
2005-06-03,100834.80281813923,2005
2005-06-06,101446.48182349486,2005
2005-06-07,101694.43807537507,2005
2005-06-08,100511.7872192103,2005
2005-06-09,100627.22642869093,2005
2005-06-10,100635.57629441608,2005
2005-06-13,100059.4967666911,2005
2005-06-14,100557.11409005917,2005
2005-06-15,99744.45066508191,2005
2005-06-16,100101.923809428,2005
2005-06-17,99411.46465497493,2005
2005-06-20,99942.75809609181,2005
2005-06-21,99465.2442711161,2005
2005-06-22,99373.75793712807,2005
2005-06-23,98450.84688137665,2005
2005-06-24,98206.32227023301,2005
2005-06-27,97296.64251260305,2005
2005-06-28,97236.0478349595,2005
2005-06-29,97802.2951984996,2005
2005-06-30,96953.9443914379,2005
2005-07-01,96403.24280897004,2005
2005-07-04,96094.76336084762,2005
2005-07-05,96278.12168798255,2005
2005-07-06,96380.94115589326,2005
2005-07-07,96568.93444898896,2005
2005-07-08,97917.6275039025,2005
2005-07-11,97146.97287344564,2005
2005-07-12,96427.36251846053,2005
2005-07-13,96686.11822593448,2005
2005-07-14,97063.10044317096,2005
2005-07-15,97026.84975266946,2005
2005-07-18,96796.56273735136,2005
2005-07-19,96701.9895668165,2005
2005-07-20,97012.05836748975,2005
2005-07-21,97321.93026533272,2005
2005-07-22,96614.31901405563,2005
2005-07-25,96494.34731460211,2005
2005-07-26,97326.29080868978,2005
2005-07-27,98066.37312364069,2005
2005-07-28,98332.02934352311,2005
2005-07-29,98547.86886163832,2005
2005-08-01,98807.61955117306,2005
2005-08-02,98180.98458991018,2005
2005-08-03,98229.15376431611,2005
2005-08-04,98224.92049818981,2005
2005-08-05,99206.89698275778,2005
2005-08-08,99260.21282549035,2005
2005-08-09,99423.71014523663,2005
2005-08-10,99227.0731625187,2005
2005-08-11,100200.38560847504,2005
2005-08-12,100051.7590878297,2005
2005-08-15,100273.01054356199,2005
2005-08-16,99985.35014808585,2005
2005-08-17,99946.65783240914,2005
2005-08-18,99673.1871908872,2005
2005-08-19,99299.71972359082,2005
2005-08-22,99162.76770059398,2005
2005-08-23,99842.01679149689,2005
2005-08-24,99859.85656037224,2005
2005-08-25,100117.39413997951,2005
2005-08-26,100214.27266260493,2005
2005-08-29,99855.97118728935,2005
2005-08-30,99753.43913107019,2005
2005-08-31,99919.95588037172,2005
2005-09-01,99887.28936008096,2005
2005-09-02,100086.69156928328,2005
2005-09-05,100364.9838458914,2005
2005-09-06,99586.62663937971,2005
2005-09-07,99493.13709769068,2005
2005-09-08,100774.9751273199,2005
2005-09-09,100225.71100055029,2005
2005-09-12,100606.34681618874,2005
2005-09-13,100885.14554168053,2005
2005-09-14,102146.18350240671,2005
2005-09-15,102614.63479557642,2005
2005-09-16,102447.03690466216,2005
2005-09-19,102098.09441442425,2005
2005-09-20,102129.30169600244,2005
2005-09-21,100841.24185764941,2005
2005-09-22,100773.14872739103,2005
2005-09-23,101470.1870527131,2005
2005-09-26,101061.42361922144,2005
2005-09-27,100335.424280666,2005
2005-09-28,100541.81549922585,2005
2005-09-29,100085.61067694586,2005
2005-09-30,101169.49360634299,2005
2005-10-03,101291.60047543165,2005
2005-10-04,100785.7555785067,2005
2005-10-05,100461.5436739656,2005
2005-10-06,100835.00738224783,2005
2005-10-07,101479.03050904043,2005
2005-10-10,101553.00649255994,2005
2005-10-11,101607.79129216672,2005
2005-10-12,102286.50367263384,2005
2005-10-13,101602.29616010882,2005
2005-10-14,101450.80263556167,2005
2005-10-17,102264.37212650158,2005
2005-10-18,102845.44152689748,2005
2005-10-19,102800.93514579334,2005
2005-10-20,102837.77302767007,2005
2005-10-21,102116.9523063796,2005
2005-10-24,101401.4300319532,2005
2005-10-25,101166.49254801264,2005
2005-10-26,100438.16721576889,2005
2005-10-27,100239.6109842791,2005
2005-10-28,99439.16352498636,2005
2005-10-31,99732.42577902874,2005
2005-11-01,99575.86367105847,2005
2005-11-02,99212.81728996118,2005
2005-11-03,98690.96958540153,2005
2005-11-04,98283.47008269024,2005
2005-11-07,98029.2540375665,2005
2005-11-08,98340.32031047106,2005
2005-11-09,98477.36386412232,2005
2005-11-10,98604.05931679493,2005
2005-11-11,98574.15196578753,2005
2005-11-14,98540.67811310328,2005
2005-11-15,99419.77352559124,2005
2005-11-16,99306.20024190648,2005
2005-11-17,99047.58683895817,2005
2005-11-18,99867.66647434003,2005
2005-11-21,99563.8923625431,2005
2005-11-22,99911.10074371974,2005
2005-11-23,100163.5137922688,2005
2005-11-24,100995.18651585685,2005
2005-11-25,100627.25315084575,2005
2005-11-28,100567.512030633,2005
2005-11-29,100676.77015151567,2005
2005-11-30,100030.09378890824,2005
2005-12-01,100097.65991213286,2005
2005-12-02,100425.10210829355,2005
2005-12-05,100515.67692786368,2005
2005-12-06,100641.3510145998,2005
2005-12-07,100227.81197773029,2005
2005-12-08,100045.02318157819,2005
2005-12-09,100371.1562798607,2005
2005-12-12,100862.95838304324,2005
2005-12-13,101158.36603337321,2005
2005-12-14,100302.42313115422,2005
2005-12-15,99629.85653904063,2005
2005-12-16,100543.12368326093,2005
2005-12-19,99280.14363773452,2005
2005-12-20,100347.48955684747,2005
2005-12-21,100690.4316593246,2005
2005-12-22,100525.19175697323,2005
2005-12-23,101116.40372161967,2005
2005-12-26,100970.67956642697,2005
2005-12-27,101350.61400085238,2005
2005-12-28,101361.36227506415,2005
2005-12-29,102417.24271558646,2005
2005-12-30,103082.41379120843,2005
2006-01-02,102346.44025496239,2006
2006-01-03,103181.69622610479,2006
2006-01-04,103283.96667632,2006
2006-01-05,103849.17080640118,2006
2006-01-06,102736.40625498326,2006
2006-01-09,103634.63278827124,2006
2006-01-10,103771.79374411747,2006
2006-01-11,103718.43876618834,2006
2006-01-12,102212.55850531867,2006
2006-01-13,102793.561810607,2006
2006-01-16,101440.78614409038,2006
2006-01-17,101568.74506302389,2006
2006-01-18,101792.58519990624,2006
2006-01-19,101757.54020547423,2006
2006-01-20,102420.41752829336,2006
2006-01-23,101974.57598527813,2006
2006-01-24,102250.93751512843,2006
2006-01-25,102843.91384486502,2006
2006-01-26,102296.85784631244,2006
2006-01-27,102885.78893911584,2006
2006-01-30,103042.8659756189,2006
2006-01-31,103589.18850840016,2006
2006-02-01,103929.55788197559,2006
2006-02-02,105330.84088665925,2006
2006-02-03,106011.39674105396,2006
2006-02-06,107284.33296666022,2006
2006-02-07,106832.04967496521,2006
2006-02-08,106613.70942138572,2006
2006-02-09,106165.41453754617,2006
2006-02-10,107399.09481702678,2006
2006-02-13,107724.82037119538,2006
2006-02-14,107219.56304984204,2006
2006-02-15,106912.70985393874,2006
2006-02-16,107555.77556431496,2006
2006-02-17,108007.46399393099,2006
2006-02-20,107433.36328498767,2006
2006-02-21,106783.71703197756,2006
2006-02-22,106120.31934838154,2006
2006-02-23,104855.64161476535,2006
2006-02-24,104825.40047685437,2006
2006-02-27,104942.92833526294,2006
2006-02-28,105547.96938832568,2006
2006-03-01,106132.55618329317,2006
2006-03-02,105109.10897680205,2006
2006-03-03,104948.77045240843,2006
2006-03-06,105239.31378652409,2006
2006-03-07,104583.4751890684,2006
2006-03-08,103981.431962096,2006
2006-03-09,104129.6533232319,2006
2006-03-10,103886.83415108587,2006
2006-03-13,104435.69284918813,2006
2006-03-14,104061.90817390008,2006
2006-03-15,104454.73885536457,2006
2006-03-16,105373.69002480329,2006
2006-03-17,103598.24414824716,2006
2006-03-20,103004.20320074585,2006
2006-03-21,103355.26119739786,2006
2006-03-22,103073.5849795725,2006
2006-03-23,102909.19545765287,2006
2006-03-24,103307.80855747685,2006
2006-03-27,104036.2227094804,2006
2006-03-28,104494.32376094138,2006
2006-03-29,106415.59441467705,2006
2006-03-30,106491.43460197926,2006
2006-03-31,105632.96413819402,2006
2006-04-03,105506.59268616019,2006
2006-04-04,105723.03536423769,2006
2006-04-05,106949.80214080546,2006
2006-04-06,107524.47001281151,2006
2006-04-07,106013.50775391361,2006
2006-04-10,106751.86934119898,2006
2006-04-11,106591.13932503597,2006
2006-04-12,106578.95058661554,2006
2006-04-13,105960.97388932086,2006
2006-04-14,106009.23097721534,2006
2006-04-17,104448.76575234646,2006
2006-04-18,103660.14053610792,2006
2006-04-19,104105.00618623405,2006
2006-04-20,104249.23666079948,2006
2006-04-21,104872.02250580397,2006
2006-04-24,105419.34002289241,2006
2006-04-25,105372.17687002399,2006
2006-04-26,106050.43159230267,2006
2006-04-27,106402.08803817397,2006
2006-04-28,105758.9636548921,2006
2006-05-01,106575.69918386672,2006
2006-05-02,106337.80176725955,2006
2006-05-03,106224.62411348886,2006
2006-05-04,105924.99740602543,2006
2006-05-05,106927.80332483296,2006
2006-05-08,107432.18517177727,2006
2006-05-09,106962.02796297935,2006
2006-05-10,106276.02231141205,2006
2006-05-11,105946.41998133187,2006
2006-05-12,106402.12867603323,2006
2006-05-15,106195.46417119387,2006
2006-05-16,107643.56178430548,2006
2006-05-17,107858.61367378371,2006
2006-05-18,109100.93124411735,2006
2006-05-19,110372.37383697256,2006
2006-05-22,110322.21531319153,2006
2006-05-23,111134.51487162948,2006
2006-05-24,111597.69764884733,2006
2006-05-25,113673.97262735288,2006
2006-05-26,113983.77392549368,2006
2006-05-29,113301.41792157211,2006
2006-05-30,113121.61241536148,2006
2006-05-31,112938.97508149435,2006
2006-06-01,113073.96070088272,2006
2006-06-02,112611.53709428717,2006
2006-06-05,112961.51225313333,2006
2006-06-06,113777.86085692816,2006
2006-06-07,112519.10269184656,2006
2006-06-08,112391.65662784482,2006
2006-06-09,112826.74965727642,2006
2006-06-12,112913.52472155428,2006
2006-06-13,112122.58642103642,2006
2006-06-14,111308.79557867872,2006
2006-06-15,111769.6753211944,2006
2006-06-16,112178.6701110026,2006
2006-06-19,112166.58427454716,2006
2006-06-20,112894.41702858116,2006
2006-06-21,112328.91862815157,2006
2006-06-22,112079.2247336138,2006
2006-06-23,111917.02640466855,2006
2006-06-26,112543.02000673466,2006
2006-06-27,111657.59300726498,2006
2006-06-28,112986.3248812069,2006
2006-06-29,112641.77731496235,2006
2006-06-30,113852.56397887004,2006
2006-07-03,113934.98610817695,2006
2006-07-04,114261.79882988491,2006
2006-07-05,114979.96112349929,2006
2006-07-06,113475.21200757273,2006
2006-07-07,113582.08670380127,2006
2006-07-10,113693.13123751126,2006
2006-07-11,113960.08093657746,2006
2006-07-12,114294.49686878265,2006
2006-07-13,114706.91001566671,2006
2006-07-14,114277.8160352091,2006
2006-07-17,114320.54791175926,2006
2006-07-18,114546.31790024441,2006
2006-07-19,113732.18074861282,2006
2006-07-20,114247.29444374482,2006
2006-07-21,112950.77499276667,2006
2006-07-24,111614.48287396433,2006
2006-07-25,110608.06609352765,2006
2006-07-26,110411.08863659753,2006
2006-07-27,109041.52735604098,2006
2006-07-28,108435.08036752365,2006
2006-07-31,108716.797613615,2006
2006-08-01,109523.93503961217,2006
2006-08-02,108934.88557339652,2006
2006-08-03,109160.41406621714,2006
2006-08-04,108449.61060708357,2006
2006-08-07,108622.09595546835,2006
2006-08-08,109092.59491290625,2006
2006-08-09,108815.2124717887,2006
2006-08-10,108199.27094232473,2006
2006-08-11,107174.90133700613,2006
2006-08-14,106865.17465899215,2006
2006-08-15,106652.99261571094,2006
2006-08-16,106974.52740666312,2006
2006-08-17,107882.24024739339,2006
2006-08-18,107522.9557065811,2006
2006-08-21,105976.62342061893,2006
2006-08-22,106570.78304517303,2006
2006-08-23,105737.50050505769,2006
2006-08-24,105634.44798319589,2006
2006-08-25,105985.81090882723,2006
2006-08-28,103976.13446658557,2006
2006-08-29,104083.23811089515,2006
2006-08-30,103806.0633873405,2006
2006-08-31,104636.08315787702,2006
2006-09-01,104489.12532249893,2006
2006-09-04,103859.4237537286,2006
2006-09-05,103216.82021857868,2006
2006-09-06,102777.69581931883,2006
2006-09-07,102684.37493902005,2006
2006-09-08,102940.04257031267,2006
2006-09-11,102917.98281708702,2006
2006-09-12,102928.78792761557,2006
2006-09-13,102199.80740931771,2006
2006-09-14,101934.4270522241,2006
2006-09-15,101721.29641085929,2006
2006-09-18,101657.36121132423,2006
2006-09-19,101617.64310660156,2006
2006-09-20,101888.45802090527,2006
2006-09-21,101699.95025999632,2006
2006-09-22,101455.80805627682,2006
2006-09-25,101477.39562864162,2006
2006-09-26,101124.77745425422,2006
2006-09-27,101216.22265524603,2006
2006-09-28,101348.03275328115,2006
2006-09-29,100940.94225013591,2006
2006-10-02,100892.49313053137,2006
2006-10-03,100409.15042953836,2006
2006-10-04,99755.8635510046,2006
2006-10-05,100124.72296951486,2006
2006-10-06,99995.18652904767,2006
2006-10-09,99675.46998823539,2006
2006-10-10,99713.24005306733,2006
2006-10-11,99410.9566032346,2006
2006-10-12,99853.65758107664,2006
2006-10-13,100384.76084114728,2006
2006-10-16,101141.97374244494,2006
2006-10-17,101664.02221516197,2006
2006-10-18,101901.59866119514,2006
2006-10-19,101224.69463899115,2006
2006-10-20,101632.48668705384,2006
2006-10-23,101464.08937727343,2006
2006-10-24,100747.14415259424,2006
2006-10-25,100975.70489695141,2006
2006-10-26,100445.28779096252,2006
2006-10-27,100296.48891201342,2006
2006-10-30,100100.48532248907,2006
2006-10-31,100980.43507926815,2006
2006-11-01,101267.81788951303,2006
2006-11-02,101088.60244204965,2006
2006-11-03,101043.65057090166,2006
2006-11-06,101090.31027795814,2006
2006-11-07,100359.40245979113,2006
2006-11-08,100688.35494390718,2006
2006-11-09,100449.1956010174,2006
2006-11-10,100695.4567689157,2006
2006-11-13,101260.32836396208,2006
2006-11-14,102455.5149047569,2006
2006-11-15,103088.3504114328,2006
2006-11-16,103792.10529730679,2006
2006-11-17,104399.62361568928,2006
2006-11-20,103895.58872019533,2006
2006-11-21,104697.40091961363,2006
2006-11-22,104584.5241368262,2006
2006-11-23,104201.47138344108,2006
2006-11-24,104226.88521069806,2006
2006-11-27,102921.4438087789,2006
2006-11-28,103066.97824844197,2006
2006-11-29,102954.55247306879,2006
2006-11-30,103936.72930785411,2006
2006-12-01,103908.9898172295,2006
2006-12-04,103615.86647024465,2006
2006-12-05,103805.2958845647,2006
2006-12-06,104400.92737783854,2006
2006-12-07,104341.96212234594,2006
2006-12-08,103846.73640770107,2006
2006-12-11,104185.23459977478,2006
2006-12-12,104523.21434611449,2006
2006-12-13,104036.62130910868,2006
2006-12-14,104014.60429499586,2006
2006-12-15,104120.35236743413,2006
2006-12-18,104590.36847619156,2006
2006-12-19,104456.93481380746,2006
2006-12-20,104980.4880603371,2006
2006-12-21,105180.26648430506,2006
2006-12-22,105150.600370864,2006
2006-12-25,104704.24423427088,2006
2006-12-26,105670.73423142984,2006
2006-12-27,107071.9009744549,2006
2006-12-28,107027.72769049992,2006
2006-12-29,107475.68735171514,2006
2007-01-01,106386.26860770752,2007
2007-01-02,107804.6765590889,2007
2007-01-03,108124.84617662313,2007
2007-01-04,108971.09449197992,2007
2007-01-05,109442.27171214766,2007
2007-01-08,109159.96438323721,2007
2007-01-09,109171.10105216835,2007
2007-01-10,108187.73423773024,2007
2007-01-11,108219.69177273125,2007
2007-01-12,108355.9841993629,2007
2007-01-15,109519.15530501443,2007
2007-01-16,109346.78908022397,2007
2007-01-17,109277.04676163793,2007
2007-01-18,109868.71924640404,2007
2007-01-19,109719.57104426139,2007
2007-01-22,110308.79594744602,2007
2007-01-23,110004.95309618989,2007
2007-01-24,109852.24932266126,2007
2007-01-25,109733.02686304081,2007
2007-01-26,109448.80330847114,2007
2007-01-29,109765.88432422804,2007
2007-01-30,109671.81757215489,2007
2007-01-31,109841.30185860783,2007
2007-02-01,111288.74292467866,2007
2007-02-02,111844.06843705825,2007
2007-02-05,111720.13866933915,2007
2007-02-06,111635.80238760886,2007
2007-02-07,111131.01476687597,2007
2007-02-08,110741.4083884659,2007
2007-02-09,110434.63547935296,2007
2007-02-12,110441.34466126544,2007
2007-02-13,110840.31619516952,2007
2007-02-14,111498.71851975955,2007
2007-02-15,111318.13713703479,2007
2007-02-16,112085.66604102259,2007
2007-02-19,112055.83260973572,2007
2007-02-20,112566.02799581389,2007
2007-02-21,114238.21500675051,2007
2007-02-22,114007.05331864506,2007
2007-02-23,112780.93401564704,2007
2007-02-26,112602.27979860848,2007
2007-02-27,113141.22993533028,2007
2007-02-28,113497.88534052542,2007
2007-03-01,112962.18570931193,2007
2007-03-02,111543.30158594284,2007
2007-03-05,111350.03024669483,2007
2007-03-06,111717.06520596397,2007
2007-03-07,111493.25682203562,2007
2007-03-08,112035.98976786384,2007
2007-03-09,112226.06804888557,2007
2007-03-12,111247.45313754407,2007
2007-03-13,111427.59173065325,2007
2007-03-14,111751.06565260315,2007
2007-03-15,112266.86403163831,2007
2007-03-16,112006.0502366557,2007
2007-03-19,112555.53275986217,2007
2007-03-20,111838.88767776328,2007
2007-03-21,112269.88679156858,2007
2007-03-22,111282.13899200226,2007
2007-03-23,111574.88527452982,2007
2007-03-26,112891.06375104134,2007
2007-03-27,112833.12816502064,2007
2007-03-28,113796.70212539272,2007
2007-03-29,112582.62458032982,2007
2007-03-30,112639.40091197076,2007
2007-04-02,112934.9567157378,2007
2007-04-03,112227.50834773359,2007
2007-04-04,112480.08651024004,2007
2007-04-05,114621.5952989561,2007
2007-04-06,115173.21590160405,2007
2007-04-09,116198.90512539915,2007
2007-04-10,116014.57563397771,2007
2007-04-11,116041.70438183725,2007
2007-04-12,116441.82539445657,2007
2007-04-13,116495.01883734754,2007
2007-04-16,116197.13632348683,2007
2007-04-17,116801.45447028664,2007
2007-04-18,116636.90269140963,2007
2007-04-19,115402.84460586435,2007
2007-04-20,116289.29885923432,2007
2007-04-23,116460.8626077238,2007
2007-04-24,116645.61917614733,2007
2007-04-25,116174.0139916956,2007
2007-04-26,116154.71032130337,2007
2007-04-27,116995.2817320285,2007
2007-04-30,117974.70787935192,2007
2007-05-01,118394.81996916042,2007
2007-05-02,118217.44668195155,2007
2007-05-03,118480.18192640124,2007
2007-05-04,119459.38537945328,2007
2007-05-07,119379.8153971885,2007
2007-05-08,119037.90253985274,2007
2007-05-09,118787.00665904506,2007
2007-05-10,119121.81674896192,2007
2007-05-11,119016.99770996769,2007
2007-05-14,118698.50661815816,2007
2007-05-15,118468.59003285039,2007
2007-05-16,119056.37434111733,2007
2007-05-17,119428.6808468104,2007
2007-05-18,119448.24076134377,2007
2007-05-21,119455.86075189404,2007
2007-05-22,120068.40901534149,2007
2007-05-23,120318.46290695219,2007
2007-05-24,120566.08507044904,2007
2007-05-25,120754.17150014534,2007
2007-05-28,121137.65954482081,2007
2007-05-29,121374.06102148793,2007
2007-05-30,121410.42831245766,2007
2007-05-31,121744.72040915402,2007
2007-06-01,122129.0055158308,2007
2007-06-04,121704.3351814243,2007
2007-06-05,122003.63361553501,2007
2007-06-06,121055.02418263254,2007
2007-06-07,120987.58955871034,2007
2007-06-08,121198.71871287219,2007
2007-06-11,121721.3268911446,2007
2007-06-12,121595.61017595454,2007
2007-06-13,121440.15142781491,2007
2007-06-14,121910.0929325776,2007
2007-06-15,122133.57447129168,2007
2007-06-18,123161.5613034822,2007
2007-06-19,122282.2239065502,2007
2007-06-20,123350.94546030309,2007
2007-06-21,121699.45327763876,2007
2007-06-22,122506.61807795388,2007
2007-06-25,122889.08424885923,2007
2007-06-26,122442.45555928224,2007
2007-06-27,121542.36146348665,2007
2007-06-28,120914.83990710971,2007
2007-06-29,122130.135812546,2007
2007-07-02,122039.63226078579,2007
2007-07-03,122131.9423986296,2007
2007-07-04,122787.54948576065,2007
2007-07-05,123085.96098454251,2007
2007-07-06,122960.79335310392,2007
2007-07-09,123576.1844800229,2007
2007-07-10,123806.55566374918,2007
2007-07-11,123808.08668580846,2007
2007-07-12,123244.01864464936,2007
2007-07-13,123310.06401635778,2007
2007-07-16,122446.82118899043,2007
2007-07-17,121601.34280615777,2007
2007-07-18,120981.12588070842,2007
2007-07-19,120948.34291786153,2007
2007-07-20,121409.08165707141,2007
2007-07-23,121997.54423181982,2007
2007-07-24,121631.84198847998,2007
2007-07-25,121297.22204459322,2007
2007-07-26,121395.96558088911,2007
2007-07-27,122136.74234157719,2007
2007-07-30,122275.47065544857,2007
2007-07-31,122160.69180802588,2007
2007-08-01,122299.1887178496,2007
2007-08-02,122299.00504227058,2007
2007-08-03,122824.24893184553,2007
2007-08-06,122648.336180564,2007
2007-08-07,122072.31766378939,2007
2007-08-08,122753.3791340615,2007
2007-08-09,122657.51592353202,2007
2007-08-10,123229.03726213743,2007
2007-08-13,122875.74605311028,2007
2007-08-14,123603.96353274264,2007
2007-08-15,124339.93517971538,2007
2007-08-16,124457.78088939878,2007
2007-08-17,126751.05603120831,2007
2007-08-20,126921.57719316125,2007
2007-08-21,126221.44335359265,2007
2007-08-22,125740.19317862234,2007
2007-08-23,125360.88721435504,2007
2007-08-24,125677.34473212309,2007
2007-08-27,126880.18896397688,2007
2007-08-28,126936.13678011723,2007
2007-08-29,126947.6888951449,2007
2007-08-30,127117.56900011814,2007
2007-08-31,127309.27386281289,2007
2007-09-03,127680.73752582142,2007
2007-09-04,127206.37246239945,2007
2007-09-05,128115.04040341644,2007
2007-09-06,127303.34386780937,2007
2007-09-07,126268.5315463967,2007
2007-09-10,126490.13597174916,2007
2007-09-11,125893.96904427656,2007
2007-09-12,125966.88319710716,2007
2007-09-13,126379.22808974501,2007
2007-09-14,126564.16791752558,2007
2007-09-17,127282.15657104625,2007
2007-09-18,127823.13226826019,2007
2007-09-19,128534.34908229702,2007
2007-09-20,129304.57771734156,2007
2007-09-21,129390.09422826745,2007
2007-09-24,129052.52899999672,2007
2007-09-25,128423.70030916833,2007
2007-09-26,128263.32933496352,2007
2007-09-27,127828.21161712926,2007
2007-09-28,128104.66014926202,2007
2007-10-01,127451.91357508257,2007
2007-10-02,126730.87313535878,2007
2007-10-03,126625.86708973195,2007
2007-10-04,127026.78976211646,2007
2007-10-05,128016.42993235395,2007
2007-10-08,127660.79707813256,2007
2007-10-09,128240.66104210606,2007
2007-10-10,130453.97751298569,2007
2007-10-11,130954.50429966062,2007
2007-10-12,131577.29698099665,2007
2007-10-15,130757.3746139206,2007
2007-10-16,128289.31953304712,2007
2007-10-17,129475.070856859,2007
2007-10-18,126205.89247965835,2007
2007-10-19,126322.53502927886,2007
2007-10-22,127120.12880260445,2007
2007-10-23,128238.82768065008,2007
2007-10-24,129377.5452888142,2007
2007-10-25,130145.80457137863,2007
2007-10-26,129730.14568238097,2007
2007-10-29,130547.92338240446,2007
2007-10-30,128872.74091960343,2007
2007-10-31,132125.7440056653,2007
2007-11-01,132868.40139701572,2007
2007-11-02,131387.245840116,2007
2007-11-05,133007.15496441562,2007
2007-11-06,133576.5567600324,2007
2007-11-07,133164.3367158162,2007
2007-11-08,133128.42937655217,2007
2007-11-09,132293.4439619397,2007
2007-11-12,133446.56894636044,2007
2007-11-13,133906.38674971505,2007
2007-11-14,133021.27332371875,2007
2007-11-15,132877.11261468107,2007
2007-11-16,134493.57927180702,2007
2007-11-19,134385.21765186574,2007
2007-11-20,132598.46782817502,2007
2007-11-21,131968.52390693774,2007
2007-11-22,132526.14884597668,2007
2007-11-23,133243.90614156055,2007
2007-11-26,132405.90709476874,2007
2007-11-27,131206.60862670944,2007
2007-11-28,130601.51973205086,2007
2007-11-29,130224.7788261899,2007
2007-11-30,132015.67244962606,2007
2007-12-03,132639.7786720483,2007
2007-12-04,131412.63411193842,2007
2007-12-05,132940.906158637,2007
2007-12-06,132187.53965619934,2007
2007-12-07,132398.3278012239,2007
2007-12-10,133209.44077974852,2007
2007-12-11,132590.85508689802,2007
2007-12-12,132600.89265986212,2007
2007-12-13,133372.82130940948,2007
2007-12-14,133710.75892339373,2007
2007-12-17,134546.52345581597,2007
2007-12-18,133311.80092758147,2007
2007-12-19,134877.12822429033,2007
2007-12-20,135624.55044076184,2007
2007-12-21,134671.16384670034,2007
2007-12-24,134585.72425206078,2007
2007-12-25,134658.97667727005,2007
2007-12-26,134837.44445549656,2007
2007-12-27,134144.58978880045,2007
2007-12-28,134744.58002878758,2007
2007-12-31,135139.38502581412,2007
2008-01-01,134453.95305566114,2008
2008-01-02,133467.0993110155,2008
2008-01-03,134462.1065855499,2008
2008-01-04,134543.87870581917,2008
2008-01-07,134928.32102963858,2008
2008-01-08,134244.87167165015,2008
2008-01-09,132597.40808792345,2008
2008-01-10,132136.2301648387,2008
2008-01-11,133092.1828931674,2008
2008-01-14,132524.74898728385,2008
2008-01-15,132806.3213571796,2008
2008-01-16,132566.7009124721,2008
2008-01-17,133121.21087068043,2008
2008-01-18,131405.23274685815,2008
2008-01-21,131943.99238004044,2008
2008-01-22,131550.19668460413,2008
2008-01-23,131547.93581940274,2008
2008-01-24,131679.88049436803,2008
2008-01-25,131194.31122614793,2008
2008-01-28,131192.21068052767,2008
2008-01-29,132844.29055202447,2008
2008-01-30,132281.89200695325,2008
2008-01-31,131106.77022034867,2008
2008-02-01,131266.4314015733,2008
2008-02-04,131128.324663413,2008
2008-02-05,130607.8830760835,2008
2008-02-06,131398.56105591342,2008
2008-02-07,130711.46102878892,2008
2008-02-08,129487.95372468064,2008
2008-02-11,128623.80572065465,2008
2008-02-12,129516.47411142218,2008
2008-02-13,129675.85363600426,2008
2008-02-14,127857.92669202293,2008
2008-02-15,127647.50638437096,2008
2008-02-18,127147.84521879585,2008
2008-02-19,126934.99553828809,2008
2008-02-20,126707.20403348439,2008
2008-02-21,126196.95991951779,2008
2008-02-22,126570.06403023639,2008
2008-02-25,126530.22845728512,2008
2008-02-26,126610.43321737864,2008
2008-02-27,126298.10460055809,2008
2008-02-28,125179.08165506509,2008
2008-02-29,125301.87648506899,2008
2008-03-03,125525.05010587876,2008
2008-03-04,124989.00160633368,2008
2008-03-05,126048.45282294083,2008
2008-03-06,125569.02383680094,2008
2008-03-07,126337.11985207495,2008
2008-03-10,126656.89303332075,2008
2008-03-11,126073.80262838412,2008
2008-03-12,126234.61916077067,2008
2008-03-13,125976.49982899748,2008
2008-03-14,125469.32289467638,2008
2008-03-17,124786.7990405796,2008
2008-03-18,123734.38588167577,2008
2008-03-19,122849.43215748304,2008
2008-03-20,122781.2889362989,2008
2008-03-21,122473.21231314381,2008
2008-03-24,124349.44018957287,2008
2008-03-25,123593.47648582327,2008
2008-03-26,124239.1419112717,2008
2008-03-27,124930.85866648737,2008
2008-03-28,125359.18387937304,2008
2008-03-31,125393.61976493592,2008
2008-04-01,125416.20686169012,2008
2008-04-02,125980.40057655895,2008
2008-04-03,125965.768279394,2008
2008-04-04,126672.06017804508,2008
2008-04-07,126305.34116053286,2008
2008-04-08,125274.220472974,2008
2008-04-09,124174.42480504916,2008
2008-04-10,125458.77557754243,2008
2008-04-11,127071.64212771683,2008
2008-04-14,127865.40816608278,2008
2008-04-15,127134.69390285495,2008
2008-04-16,127464.75338574345,2008
2008-04-17,128386.3029482332,2008
2008-04-18,129367.45048887332,2008
2008-04-21,129534.88022275729,2008
2008-04-22,129236.67742112922,2008
2008-04-23,128618.42051147981,2008
2008-04-24,128085.91312967894,2008
2008-04-25,127586.38743279615,2008
2008-04-28,129395.62264581508,2008
2008-04-29,128450.72359971456,2008
2008-04-30,128237.76879499567,2008
2008-05-01,128666.28030509171,2008
2008-05-02,127910.61056940672,2008
2008-05-05,128187.27144083353,2008
2008-05-06,127529.04946034033,2008
2008-05-07,127722.44493604435,2008
2008-05-08,127833.86563645516,2008
2008-05-09,127307.85561229361,2008
2008-05-12,126157.57049518169,2008
2008-05-13,126925.18175762432,2008
2008-05-14,126492.50684671442,2008
2008-05-15,125955.42915105472,2008
2008-05-16,126233.9914439941,2008
2008-05-19,126613.65579598173,2008
2008-05-20,126656.66660982106,2008
2008-05-21,126599.94354704057,2008
2008-05-22,126332.68433790791,2008
2008-05-23,127313.77954340255,2008
2008-05-26,127473.91957956082,2008
2008-05-27,127350.28093093017,2008
2008-05-28,127308.16826642564,2008
2008-05-29,128326.68015932893,2008
2008-05-30,127780.34552787313,2008
2008-06-02,127092.77158383845,2008
2008-06-03,128443.0578273985,2008
2008-06-04,128321.39727374067,2008
2008-06-05,128857.91553916104,2008
2008-06-06,130048.25646741675,2008
2008-06-09,131324.86136662983,2008
2008-06-10,130479.59099971344,2008
2008-06-11,130592.82629549546,2008
2008-06-12,130470.22822836137,2008
2008-06-13,130712.25863567012,2008
2008-06-16,131012.3926826922,2008
2008-06-17,130605.20280360905,2008
2008-06-18,130370.59136695537,2008
2008-06-19,130382.32875578354,2008
2008-06-20,130387.97380238338,2008
2008-06-23,129857.2071675923,2008
2008-06-24,129783.22748705275,2008
2008-06-25,128665.91425689778,2008
2008-06-26,129034.50120636,2008
2008-06-27,129361.5779188533,2008
2008-06-30,129076.2990786354,2008
2008-07-01,128793.29981458987,2008
2008-07-02,127879.4203091813,2008
2008-07-03,126638.6242061129,2008
2008-07-04,126925.90639777144,2008
2008-07-07,127607.7861846942,2008
2008-07-08,129323.90825030982,2008
2008-07-09,129521.866005528,2008
2008-07-10,131052.8737030882,2008
2008-07-11,130673.1113776785,2008
2008-07-14,130645.92939849521,2008
2008-07-15,130747.44656978725,2008
2008-07-16,131290.30818688235,2008
2008-07-17,131469.70905053214,2008
2008-07-18,133076.0089020615,2008
2008-07-21,131769.63218751494,2008
2008-07-22,131776.82969430758,2008
2008-07-23,130236.3760820693,2008
2008-07-24,130622.46055350188,2008
2008-07-25,131138.7936631404,2008
2008-07-28,131722.02156786504,2008
2008-07-29,130686.18209268793,2008
2008-07-30,129096.05319926601,2008
2008-07-31,130889.32636071875,2008
2008-08-01,131176.74005973557,2008
2008-08-04,131442.71464588278,2008
2008-08-05,130305.75298438984,2008
2008-08-06,131112.74396794417,2008
2008-08-07,129932.98598245009,2008
2008-08-08,130165.84795543223,2008
2008-08-11,130440.55323261839,2008
2008-08-12,131578.3567927773,2008
2008-08-13,131310.18217289535,2008
2008-08-14,131577.30720519475,2008
2008-08-15,132329.90652237326,2008
2008-08-18,132157.1291760003,2008
2008-08-19,131404.17756809818,2008
2008-08-20,131442.6889426702,2008
2008-08-21,131286.81110531,2008
2008-08-22,131635.088196431,2008
2008-08-25,131508.22933050984,2008
2008-08-26,131650.73732188012,2008
2008-08-27,131631.58150020547,2008
2008-08-28,132438.37278223925,2008
2008-08-29,131875.23139550618,2008
2008-09-01,131691.82423104573,2008
2008-09-02,130681.38677368901,2008
2008-09-03,129821.46897833422,2008
2008-09-04,128756.80145683828,2008
2008-09-05,127724.37723972189,2008
2008-09-08,127626.72750729427,2008
2008-09-09,126712.98583632491,2008
2008-09-10,127065.63007128504,2008
2008-09-11,126345.81526400486,2008
2008-09-12,126021.25520243321,2008
2008-09-15,126023.22164154709,2008
2008-09-16,125798.5552230624,2008
2008-09-17,126508.96429295186,2008
2008-09-18,126091.6251392779,2008
2008-09-19,126232.25088223635,2008
2008-09-22,126171.24061648881,2008
2008-09-23,125575.9397794046,2008
2008-09-24,126553.90864876499,2008
2008-09-25,127090.10265964645,2008
2008-09-26,127311.38935563767,2008
2008-09-29,127760.21755682622,2008
2008-09-30,127695.6692661622,2008
2008-10-01,129025.1078008117,2008
2008-10-02,128492.69076432945,2008
2008-10-03,128976.11252506968,2008
2008-10-06,128615.52367966421,2008
2008-10-07,127935.0347616247,2008
2008-10-08,127449.60789855837,2008
2008-10-09,127611.6358985267,2008
2008-10-10,127469.37317266493,2008
2008-10-13,127536.95660364904,2008
2008-10-14,126042.48063590008,2008
2008-10-15,125783.28079582349,2008
2008-10-16,123941.30058273829,2008
2008-10-17,123126.05951495143,2008
2008-10-20,124749.60513670291,2008
2008-10-21,124390.00676272146,2008
2008-10-22,125011.78526920167,2008
2008-10-23,124952.60439524574,2008
2008-10-24,125031.7511447439,2008
2008-10-27,124446.0612102048,2008
2008-10-28,124780.52311841394,2008
2008-10-29,125528.52113690521,2008
2008-10-30,125368.43740644648,2008
2008-10-31,123768.51349407292,2008
2008-11-03,124188.7710052114,2008
2008-11-04,123242.92279291652,2008
2008-11-05,123337.00019950798,2008
2008-11-06,123488.63556662867,2008
2008-11-07,122628.98167186929,2008
2008-11-10,122038.40077841663,2008
2008-11-11,123053.85135190602,2008
2008-11-12,123695.97606929368,2008
2008-11-13,123984.01319859811,2008
2008-11-14,124805.84266206883,2008
2008-11-17,124852.63218984744,2008
2008-11-18,124796.13273313254,2008
2008-11-19,124735.06263021872,2008
2008-11-20,124460.55737253968,2008
2008-11-21,124314.0508297879,2008
2008-11-24,123850.4316124051,2008
2008-11-25,125389.85656679314,2008
2008-11-26,125731.5392234952,2008
2008-11-27,126456.98323523381,2008
2008-11-28,126306.54920381494,2008
2008-12-01,125737.59288525955,2008
2008-12-02,127633.66145188117,2008
2008-12-03,128467.66070588736,2008
2008-12-04,128354.93817030694,2008
2008-12-05,129118.05399918757,2008
2008-12-08,132024.48504959838,2008
2008-12-09,131457.9947451734,2008
2008-12-10,132262.3201036407,2008
2008-12-11,132611.60112441418,2008
2008-12-12,130769.766483326,2008
2008-12-15,129556.10023724585,2008
2008-12-16,129296.68235965367,2008
2008-12-17,129242.96103357314,2008
2008-12-18,128388.8340783261,2008
2008-12-19,127189.15334661776,2008
2008-12-22,126381.69918816551,2008
2008-12-23,126223.97964628742,2008
2008-12-24,125807.92481935387,2008
2008-12-25,126749.28635698685,2008
2008-12-26,126034.07706424288,2008
2008-12-29,124757.48692137706,2008
2008-12-30,123903.4410922874,2008
2008-12-31,124766.97728259838,2008
2009-01-01,124996.94515166998,2009
2009-01-02,126033.40756335249,2009
2009-01-05,125354.69458254256,2009
2009-01-06,125426.0204416546,2009
2009-01-07,124018.9807197749,2009
2009-01-08,123631.93262327822,2009
2009-01-09,123235.3014142814,2009
2009-01-12,125564.5425013392,2009
2009-01-13,127907.16334676718,2009
2009-01-14,127617.41610695739,2009
2009-01-15,127282.0299563681,2009
2009-01-16,125901.64189195707,2009
2009-01-19,125938.352565806,2009
2009-01-20,125588.92520988648,2009
2009-01-21,124046.0065321216,2009
2009-01-22,122936.43741920007,2009
2009-01-23,121526.0589276856,2009
2009-01-26,119892.3277673324,2009
2009-01-27,120569.5908197712,2009
2009-01-28,121107.72252746482,2009
2009-01-29,119817.67516830194,2009
2009-01-30,120703.58431574653,2009
2009-02-02,120222.07855647974,2009
2009-02-03,119977.53272976479,2009
2009-02-04,119441.8089173126,2009
2009-02-05,119167.2671737207,2009
2009-02-06,119275.19450396248,2009
2009-02-09,119512.59551101801,2009
2009-02-10,118034.4053618022,2009
2009-02-11,116973.30478074936,2009
2009-02-12,117196.50288243947,2009
2009-02-13,117183.00573298862,2009
2009-02-16,117717.19998709887,2009
2009-02-17,116667.91444332077,2009
2009-02-18,115906.40695026817,2009
2009-02-19,114157.90758801207,2009
2009-02-20,113444.01914948436,2009
2009-02-23,113776.96211746993,2009
2009-02-24,113723.8658726239,2009
2009-02-25,112622.92340584705,2009
2009-02-26,112879.35520339942,2009
2009-02-27,112970.59709276818,2009
2009-03-02,112872.45099470644,2009
2009-03-03,112856.12512175487,2009
2009-03-04,112805.08113289923,2009
2009-03-05,111567.6508297679,2009
2009-03-06,110326.64527582159,2009
2009-03-09,110113.05457950787,2009
2009-03-10,109770.78538290602,2009
2009-03-11,110307.80001094172,2009
2009-03-12,110915.3570315834,2009
2009-03-13,111231.05156403218,2009
2009-03-16,111298.64592667125,2009
2009-03-17,111818.33366986574,2009
2009-03-18,111783.81690263945,2009
2009-03-19,111776.17689237572,2009
2009-03-20,112009.18388919781,2009
2009-03-23,112657.0779098693,2009
2009-03-24,112522.20339800112,2009
2009-03-25,112830.1849053078,2009
2009-03-26,112776.06964075091,2009
2009-03-27,112871.08644542567,2009
2009-03-30,112481.36851248007,2009
2009-03-31,112253.88726866052,2009
2009-04-01,111920.501009703,2009
2009-04-02,111735.91944281185,2009
2009-04-03,111717.50333970021,2009
2009-04-06,111966.36163234875,2009
2009-04-07,111950.06598029147,2009
2009-04-08,111760.19593267825,2009
2009-04-09,111610.41906896856,2009
2009-04-10,111569.04201999417,2009
2009-04-13,111453.27341250845,2009
2009-04-14,111497.54909978606,2009
2009-04-15,111877.47680361732,2009
2009-04-16,111516.14801223221,2009
2009-04-17,111587.1301921934,2009
2009-04-20,111480.42087914867,2009
2009-04-21,111584.52525949133,2009
2009-04-22,111384.92222511569,2009
2009-04-23,111177.97369215221,2009
2009-04-24,110909.96685633647,2009
2009-04-27,111138.16515499678,2009
2009-04-28,111264.81835938845,2009
2009-04-29,111375.50852312562,2009
2009-04-30,111240.16818415944,2009
2009-05-01,110994.01806074247,2009
2009-05-04,110773.09723345013,2009
2009-05-05,110794.74704810072,2009
2009-05-06,111013.35249890087,2009
2009-05-07,111169.37337776061,2009
2009-05-08,111088.8498533315,2009
2009-05-11,110951.19384886527,2009
2009-05-12,110731.787579356,2009
2009-05-13,110861.00537094694,2009
2009-05-14,110831.44239308477,2009
2009-05-15,110890.22224521084,2009
2009-05-18,111110.37904887999,2009
2009-05-19,111088.08476137817,2009
2009-05-20,111271.02326789124,2009
2009-05-21,111418.87824862372,2009
2009-05-22,111273.54476909965,2009
2009-05-25,111549.25637304205,2009
2009-05-26,111565.53490281341,2009
2009-05-27,111615.20197811391,2009
2009-05-28,111745.64263914846,2009
2009-05-29,111998.92807424531,2009
2009-06-01,111821.4707933788,2009
2009-06-02,111761.43261709972,2009
2009-06-03,111957.99203405727,2009
2009-06-04,111800.66921564679,2009
2009-06-05,112063.00113759926,2009
2009-06-08,112198.77355235827,2009
2009-06-09,112260.06337479685,2009
2009-06-10,112491.78616200508,2009
2009-06-11,112651.55491216602,2009
2009-06-12,112739.00896642762,2009
2009-06-15,113057.21786716027,2009
2009-06-16,113306.1575685312,2009
2009-06-17,113412.15290153387,2009
2009-06-18,113084.76112001443,2009
2009-06-19,112788.10230552882,2009
2009-06-22,113185.48976741672,2009
2009-06-23,113174.49215122669,2009
2009-06-24,113145.12955891441,2009
2009-06-25,113089.1293413973,2009
2009-06-26,113137.5423354083,2009
2009-06-29,113049.36903584083,2009
2009-06-30,113043.85799325327,2009
2009-07-01,112909.66660996198,2009
2009-07-02,113135.70674469613,2009
2009-07-03,112830.99570967231,2009
2009-07-06,112864.19643995483,2009
2009-07-07,112694.79341625694,2009
2009-07-08,112570.88798452905,2009
2009-07-09,112879.7561950484,2009
2009-07-10,112795.59404559806,2009
2009-07-13,113125.00190131654,2009
2009-07-14,112707.49911250213,2009
2009-07-15,112824.2296803264,2009
2009-07-16,112366.12149518843,2009
2009-07-17,112386.30744997217,2009
2009-07-20,112423.77463646772,2009
2009-07-21,112391.80770228377,2009
2009-07-22,112379.03195477057,2009
2009-07-23,112515.40336337512,2009
2009-07-24,112387.82180997398,2009
2009-07-27,112314.31693627426,2009
2009-07-28,112609.06082139112,2009
2009-07-29,112732.91474146114,2009
2009-07-30,112918.73380910799,2009
2009-07-31,112818.96326672751,2009
2009-08-03,112777.43913983455,2009
2009-08-04,113026.21823000471,2009
2009-08-05,113127.85914806211,2009
2009-08-06,113153.34032954386,2009
2009-08-07,112856.18662341498,2009
2009-08-10,112952.25262386368,2009
2009-08-11,113429.28756812337,2009
2009-08-12,113581.0268875619,2009
2009-08-13,113823.1262856636,2009
2009-08-14,113847.84558832899,2009
2009-08-17,114127.11539656414,2009
2009-08-18,114484.30066609467,2009
2009-08-19,114668.41581403084,2009
2009-08-20,114764.13089557178,2009
2009-08-21,114795.47166541133,2009
2009-08-24,114762.21438883108,2009
2009-08-25,114551.90809657957,2009
2009-08-26,114490.80114163121,2009
2009-08-27,114673.58445928707,2009
2009-08-28,114670.57253778563,2009
2009-08-31,114444.70402482687,2009
2009-09-01,114269.91562939265,2009
2009-09-02,114046.07047061741,2009
2009-09-03,113855.17631878392,2009
2009-09-04,113685.59075059487,2009
2009-09-07,113479.15915884875,2009
2009-09-08,113812.35276461326,2009
2009-09-09,113399.62103110272,2009
2009-09-10,113557.13051301822,2009
2009-09-11,113332.27379185904,2009
2009-09-14,113624.88825728837,2009
2009-09-15,113495.01073100348,2009
2009-09-16,113336.36776878886,2009
2009-09-17,113419.38916560006,2009
2009-09-18,113648.37363349124,2009
2009-09-21,113684.32160920584,2009
2009-09-22,113522.76653794665,2009
2009-09-23,113478.87457796809,2009
2009-09-24,113493.39767706656,2009
2009-09-25,113748.74014265928,2009
2009-09-28,113959.76112414207,2009
2009-09-29,114107.45272719621,2009
2009-09-30,114352.53995732797,2009
2009-10-01,114440.35491930759,2009
2009-10-02,114602.35389189376,2009
2009-10-05,114601.94046822574,2009
2009-10-06,114942.34885200916,2009
2009-10-07,115036.19395882616,2009
2009-10-08,114438.57063245703,2009
2009-10-09,114668.40713540805,2009
2009-10-12,114509.89439287747,2009
2009-10-13,114449.29155275128,2009
2009-10-14,114927.53853865124,2009
2009-10-15,114488.45071476453,2009
2009-10-16,114429.84951465856,2009
2009-10-19,114594.27950308638,2009
2009-10-20,114843.11690788354,2009
2009-10-21,115618.26028669093,2009
2009-10-22,115852.6599814267,2009
2009-10-23,116034.53347615302,2009
2009-10-26,115919.84613330995,2009
2009-10-27,116066.40321640483,2009
2009-10-28,116264.2465348683,2009
2009-10-29,116436.20636506999,2009
2009-10-30,116395.57171159307,2009
2009-11-02,116184.68541785641,2009
2009-11-03,115936.19968797009,2009
2009-11-04,115727.50413965998,2009
2009-11-05,115597.20862611556,2009
2009-11-06,115848.12617851968,2009
2009-11-09,115636.84269067546,2009
2009-11-10,115878.56636635282,2009
2009-11-11,115462.89280729825,2009
2009-11-12,114998.49168096305,2009
2009-11-13,116134.76753059184,2009
2009-11-16,115825.00881202985,2009
2009-11-17,115355.96036633744,2009
2009-11-18,115323.62718427498,2009
2009-11-19,116492.21004583416,2009
2009-11-20,116750.14296960783,2009
2009-11-23,117633.53546405323,2009
2009-11-24,117501.79268025659,2009
2009-11-25,118015.56128639907,2009
2009-11-26,117577.8470693808,2009
2009-11-27,117952.5510077528,2009
2009-11-30,118400.5892074982,2009
2009-12-01,118244.74175013266,2009
2009-12-02,118215.70379648272,2009
2009-12-03,118359.72886840788,2009
2009-12-04,117568.63708112363,2009
2009-12-07,117941.92733278521,2009
2009-12-08,117457.43748585237,2009
2009-12-09,117431.10483878825,2009
2009-12-10,116982.19347449607,2009
2009-12-11,116901.46626968952,2009
2009-12-14,116881.78499529957,2009
2009-12-15,116783.2032608972,2009
2009-12-16,117425.88676914782,2009
2009-12-17,117350.37891869491,2009
2009-12-18,116981.40966219657,2009
2009-12-21,116967.67209028316,2009
2009-12-22,117590.42842649469,2009
2009-12-23,117524.72377488451,2009
2009-12-24,117833.23094946184,2009
2009-12-25,118036.73370433023,2009
2009-12-28,118240.50393869745,2009
2009-12-29,118095.33363548922,2009
2009-12-30,117547.14953769199,2009
2009-12-31,117541.95249525449,2009
2010-01-01,117874.57483620997,2010
2010-01-04,117766.19800894154,2010
2010-01-05,118191.7071900508,2010
2010-01-06,118346.91302648757,2010
2010-01-07,118361.26825990542,2010
2010-01-08,118724.64956899131,2010
2010-01-11,118527.21844717815,2010
2010-01-12,118373.5877223523,2010
2010-01-13,117558.47310764273,2010
2010-01-14,117481.09781980241,2010
2010-01-15,117642.7663425078,2010
2010-01-18,117707.06149634584,2010
2010-01-19,117886.1981318808,2010
2010-01-20,118118.07489301803,2010
2010-01-21,117865.78931404965,2010
2010-01-22,117588.7900065413,2010
2010-01-25,117194.03572040058,2010
2010-01-26,117436.73662326198,2010
2010-01-27,116806.64821892517,2010
2010-01-28,116322.48499061595,2010
2010-01-29,116477.07983294083,2010
2010-02-01,116709.58222574685,2010
2010-02-02,116632.18764982597,2010
2010-02-03,117601.80692260539,2010
2010-02-04,118109.4759338789,2010
2010-02-05,118191.47500374482,2010
2010-02-08,118354.94730204885,2010
2010-02-09,118849.63585138056,2010
2010-02-10,118847.30017140828,2010
2010-02-11,118305.39007442261,2010
2010-02-12,117894.8837373005,2010
2010-02-15,116755.39073316661,2010
2010-02-16,117485.78893060447,2010
2010-02-17,117471.54134433152,2010
2010-02-18,118103.38569287921,2010
2010-02-19,117383.81447587241,2010
2010-02-22,117544.60336356198,2010
2010-02-23,117735.23374074324,2010
2010-02-24,117817.06530133093,2010
2010-02-25,117481.11184678471,2010
2010-02-26,117865.74923892014,2010
2010-03-01,117799.55466238526,2010
2010-03-02,117595.75613788138,2010
2010-03-03,117288.29602019169,2010
2010-03-04,116827.24969059695,2010
2010-03-05,117191.23864817385,2010
2010-03-08,117022.98501552895,2010
2010-03-09,117035.35731865538,2010
2010-03-10,117185.80227901434,2010
2010-03-11,117408.04840126842,2010
2010-03-12,117857.4468704073,2010
2010-03-15,117989.48170802303,2010
2010-03-16,117863.04613946562,2010
2010-03-17,118026.54551625051,2010
2010-03-18,117922.5480319869,2010
2010-03-19,118853.48418648486,2010
2010-03-22,118803.68492386909,2010
2010-03-23,119363.2435311387,2010
2010-03-24,119608.8276092496,2010
2010-03-25,119215.04345286949,2010
2010-03-26,119114.57808239103,2010
2010-03-29,118525.32242241323,2010
2010-03-30,118694.11924567999,2010
2010-03-31,118741.859610562,2010
2010-04-01,118934.2331106725,2010
2010-04-02,119325.74045330359,2010
2010-04-05,119855.48850918272,2010
2010-04-06,120399.33917040586,2010
2010-04-07,120831.1591538509,2010
2010-04-08,120283.94271431708,2010
2010-04-09,120217.46322613361,2010
2010-04-12,119547.56501265417,2010
2010-04-13,119622.20358839506,2010
2010-04-14,119176.670215534,2010
2010-04-15,119053.58604596619,2010
2010-04-16,118848.24993307088,2010
2010-04-19,118817.89467612129,2010
2010-04-20,118561.50645514375,2010
2010-04-21,117752.31337849042,2010
2010-04-22,117684.53219718128,2010
2010-04-23,117858.3938759504,2010
2010-04-26,118205.0103934186,2010
2010-04-27,118088.05900318004,2010
2010-04-28,117876.62626588019,2010
2010-04-29,117586.00312224978,2010
2010-04-30,117279.60308778161,2010
2010-05-03,117928.45213925927,2010
2010-05-04,118022.06166537976,2010
2010-05-05,118430.23921402395,2010
2010-05-06,118106.22792565054,2010
2010-05-07,117965.6540096939,2010
2010-05-10,118350.94969752114,2010
2010-05-11,118522.32472468716,2010
2010-05-12,118835.74727244809,2010
2010-05-13,118976.41753806904,2010
2010-05-14,119127.33987567047,2010
2010-05-17,119078.40648677702,2010
2010-05-18,119279.70134502884,2010
2010-05-19,119717.83539568086,2010
2010-05-20,120040.93751406195,2010
2010-05-21,120232.172481702,2010
2010-05-24,119779.20269380446,2010
2010-05-25,119974.9735887844,2010
2010-05-26,120325.18362789802,2010
2010-05-27,120617.01096422705,2010
2010-05-28,120664.92363692977,2010
2010-05-31,120143.04185897722,2010
2010-06-01,120361.31577981668,2010
2010-06-02,120357.50619408254,2010
2010-06-03,120346.65615747382,2010
2010-06-04,120471.95054017424,2010
2010-06-07,120321.9956501369,2010
2010-06-08,120157.72197225242,2010
2010-06-09,120006.85422891812,2010
2010-06-10,120123.47844449717,2010
2010-06-11,119982.10441166609,2010
2010-06-14,119802.00693988692,2010
2010-06-15,119815.76731450674,2010
2010-06-16,119466.43755740918,2010
2010-06-17,119798.44442515672,2010
2010-06-18,120241.53724451098,2010
2010-06-21,120413.23907917395,2010
2010-06-22,120467.58301018007,2010
2010-06-23,120770.79049654228,2010
2010-06-24,120711.89054173321,2010
2010-06-25,120851.08128778292,2010
2010-06-28,120841.43832092942,2010
2010-06-29,120759.32690771983,2010
2010-06-30,121054.38713506279,2010
2010-07-01,120753.72400185865,2010
2010-07-02,120687.0390998295,2010
2010-07-05,120733.35419636121,2010
2010-07-06,120605.9714445732,2010
2010-07-07,120648.71035774791,2010
2010-07-08,120167.18412636087,2010
2010-07-09,120157.17928598181,2010
2010-07-12,120201.8794895645,2010
2010-07-13,120378.61738621039,2010
2010-07-14,120153.12040993413,2010
2010-07-15,120063.36733901277,2010
2010-07-16,119981.58598938618,2010
2010-07-19,120056.73702390508,2010
2010-07-20,120124.85218718965,2010
2010-07-21,120300.6370124378,2010
2010-07-22,120180.42434209998,2010
2010-07-23,120153.44428096026,2010
2010-07-26,120136.92689663976,2010
2010-07-27,119695.43926535302,2010
2010-07-28,119541.69247736139,2010
2010-07-29,119403.40814049426,2010
2010-07-30,119692.86444490578,2010
2010-08-02,119887.06094138129,2010
2010-08-03,119777.36198815898,2010
2010-08-04,119951.36398068324,2010
2010-08-05,119724.11574146512,2010
2010-08-06,119724.57785220692,2010
2010-08-09,119246.04330720448,2010
2010-08-10,119353.33517068405,2010
2010-08-11,119896.20133897619,2010
2010-08-12,120152.3783946611,2010
2010-08-13,119831.70855355992,2010
2010-08-16,119773.18231974414,2010
2010-08-17,120020.86988030908,2010
2010-08-18,119336.74370484284,2010
2010-08-19,119303.1153624368,2010
2010-08-20,120081.08577895808,2010
2010-08-23,120581.68519720089,2010
2010-08-24,120796.4534875887,2010
2010-08-25,120854.09291251592,2010
2010-08-26,120156.47431622766,2010
2010-08-27,120087.7352087884,2010
2010-08-30,119628.02753046602,2010
2010-08-31,119900.79785211763,2010
2010-09-01,120526.39194333961,2010
2010-09-02,120744.78292988492,2010
2010-09-03,120914.18738797304,2010
2010-09-06,121507.63337080789,2010
2010-09-07,121886.64393150338,2010
2010-09-08,121577.10226786908,2010
2010-09-09,121904.3916576191,2010
2010-09-10,122360.8259239512,2010
2010-09-13,122049.17443118422,2010
2010-09-14,121952.43392670172,2010
2010-09-15,122300.51741866897,2010
2010-09-16,122340.73474154712,2010
2010-09-17,122634.1828021191,2010
2010-09-20,121853.67140380362,2010
2010-09-21,122186.65260419081,2010
2010-09-22,122066.2169329049,2010
2010-09-23,121695.09178230484,2010
2010-09-24,121664.09889137157,2010
2010-09-27,121185.9372665576,2010
2010-09-28,121611.63235047301,2010
2010-09-29,122087.84660214139,2010
2010-09-30,122471.60850111325,2010
2010-10-01,122523.66851587287,2010
2010-10-04,122342.49553994184,2010
2010-10-05,122494.67569966671,2010
2010-10-06,122760.9484330593,2010
2010-10-07,122477.17243213994,2010
2010-10-08,121832.49221557334,2010
2010-10-11,121819.97626481399,2010
2010-10-12,122222.19281485981,2010
2010-10-13,122814.91902171145,2010
2010-10-14,123307.83322155375,2010
2010-10-15,124510.17994283828,2010
2010-10-18,125354.41987649398,2010
2010-10-19,126358.41784145623,2010
2010-10-20,125698.76790739987,2010
2010-10-21,125974.40218369241,2010
2010-10-22,125133.24570612161,2010
2010-10-25,124305.44617144232,2010
2010-10-26,124666.56738768239,2010
2010-10-27,124325.10244168385,2010
2010-10-28,125648.3020917309,2010
2010-10-29,125257.52375118806,2010
2010-11-01,126112.4157646219,2010
2010-11-02,124876.29991573517,2010
2010-11-03,124190.19742130899,2010
2010-11-04,125085.63762748864,2010
2010-11-05,126581.90645193365,2010
2010-11-08,125286.45953067369,2010
2010-11-09,124916.56368367885,2010
2010-11-10,124793.23208085759,2010
2010-11-11,123739.04392163824,2010
2010-11-12,123571.41356167872,2010
2010-11-15,124210.00109483625,2010
2010-11-16,123936.71716826606,2010
2010-11-17,123985.96675261298,2010
2010-11-18,124593.9785505941,2010
2010-11-19,125486.2893476664,2010
2010-11-22,124897.67843645159,2010
2010-11-23,125647.40298198184,2010
2010-11-24,126268.64362596038,2010
2010-11-25,126849.82889008879,2010
2010-11-26,126854.45594180841,2010
2010-11-29,125830.26560108228,2010
2010-11-30,124679.48789312462,2010
2010-12-01,124499.46689986401,2010
2010-12-02,124084.39091950514,2010
2010-12-03,123072.66110575882,2010
2010-12-06,123718.28315625638,2010
2010-12-07,124282.64875411964,2010
2010-12-08,125032.04374363172,2010
2010-12-09,125410.88635629491,2010
2010-12-10,125764.50175672953,2010
2010-12-13,125752.77824119761,2010
2010-12-14,126930.13678564489,2010
2010-12-15,127921.72092055267,2010
2010-12-16,128484.91648474033,2010
2010-12-17,128186.85714716869,2010
2010-12-20,128637.9541350487,2010
2010-12-21,128607.33982678063,2010
2010-12-22,128075.99626240018,2010
2010-12-23,127987.79112403211,2010
2010-12-24,128397.53291472368,2010
2010-12-27,128051.39385960769,2010
2010-12-28,128203.66611130672,2010
2010-12-29,128621.92871993521,2010
2010-12-30,129428.45219146085,2010
2010-12-31,128625.19180770681,2010
2011-01-03,127698.77916926969,2011
2011-01-04,127661.92576469926,2011
2011-01-05,127253.00405832456,2011
2011-01-06,127489.93229785925,2011
2011-01-07,127617.87415588656,2011
2011-01-10,128557.08450155081,2011
2011-01-11,129110.8249872549,2011
2011-01-12,129912.14558438017,2011
2011-01-13,131388.50633656938,2011
2011-01-14,133227.13608721667,2011
2011-01-17,130969.8744487027,2011
2011-01-18,131406.36407311738,2011
2011-01-19,132019.34785831295,2011
2011-01-20,131995.43922608,2011
2011-01-21,132240.19822639422,2011
2011-01-24,132435.5635143531,2011
2011-01-25,133913.3799501009,2011
2011-01-26,133423.2272872917,2011
2011-01-27,133505.53218798485,2011
2011-01-28,132959.507705247,2011
2011-01-31,132657.61740820121,2011
2011-02-01,131278.62579607413,2011
2011-02-02,132627.43575285774,2011
2011-02-03,133597.27177934285,2011
2011-02-04,134255.57771449885,2011
2011-02-07,133454.62964715742,2011
2011-02-08,133696.5003918162,2011
2011-02-09,134341.948009249,2011
2011-02-10,136907.16031726156,2011
2011-02-11,138639.13935097176,2011
2011-02-14,138095.63650825273,2011
2011-02-15,136255.56634929596,2011
2011-02-16,136340.0620622239,2011
2011-02-17,136439.78236210629,2011
2011-02-18,135141.9710285167,2011
2011-02-21,135694.46899237536,2011
2011-02-22,135226.09322425982,2011
2011-02-23,135610.58248508506,2011
2011-02-24,137066.7529737438,2011
2011-02-25,137255.85537953515,2011
2011-02-28,137471.1213389,2011
2011-03-01,137314.8916157721,2011
2011-03-02,139847.6376226856,2011
2011-03-03,140734.98119182637,2011
2011-03-04,142528.04407216082,2011
2011-03-07,141956.1134056577,2011
2011-03-08,142444.44122165802,2011
2011-03-09,143928.53536702113,2011
2011-03-10,145187.02700820152,2011
2011-03-11,145074.5593534626,2011
2011-03-14,144530.0095553205,2011
2011-03-15,144171.6674705704,2011
2011-03-16,144499.5654922779,2011
2011-03-17,144787.41232914192,2011
2011-03-18,145026.2658047541,2011
2011-03-21,144959.72455027472,2011
2011-03-22,146296.2260444595,2011
2011-03-23,145520.6861009403,2011
2011-03-24,146069.74790991424,2011
2011-03-25,146751.05539968313,2011
2011-03-28,146701.46673055604,2011
2011-03-29,147545.80022302544,2011
2011-03-30,149325.79569219635,2011
2011-03-31,149105.68574693118,2011
2011-04-01,150909.03486182768,2011
2011-04-04,152593.04430674913,2011
2011-04-05,153533.61226487876,2011
2011-04-06,153276.5759950814,2011
2011-04-07,153043.03820968594,2011
2011-04-08,153225.4069408832,2011
2011-04-11,153442.62576543537,2011
2011-04-12,151648.24093292948,2011
2011-04-13,151190.88402361158,2011
2011-04-14,150619.37283841425,2011
2011-04-15,151192.3132041623,2011
2011-04-18,149835.26092723914,2011
2011-04-19,148847.42635245342,2011
2011-04-20,147713.34204508027,2011
2011-04-21,148039.0197796512,2011
2011-04-22,147784.75136177032,2011
2011-04-25,147897.97331510088,2011
2011-04-26,148291.32850673507,2011
2011-04-27,148175.34184050036,2011
2011-04-28,148289.20547223155,2011
2011-04-29,149012.75825368043,2011
2011-05-02,148884.5863680564,2011
2011-05-03,147915.0471196163,2011
2011-05-04,148057.14216434106,2011
2011-05-05,148266.91216484003,2011
2011-05-06,147998.88422965075,2011
2011-05-09,145815.76757637144,2011
2011-05-10,145629.09249379326,2011
2011-05-11,144791.06942007563,2011
2011-05-12,145366.09469031575,2011
2011-05-13,146339.15291239403,2011
2011-05-16,145118.66422233687,2011
2011-05-17,144985.91467623852,2011
2011-05-18,144466.06352719013,2011
2011-05-19,145310.0312806655,2011
2011-05-20,145100.11536953368,2011
2011-05-23,146337.3794384819,2011
2011-05-24,146073.14899646325,2011
2011-05-25,146584.2921798583,2011
2011-05-26,147394.08481738565,2011
2011-05-27,147768.761650653,2011
2011-05-30,146511.77471020553,2011
2011-05-31,146501.01587345533,2011
2011-06-01,145749.75664191198,2011
2011-06-02,144442.97845548074,2011
2011-06-03,144064.4031503969,2011
2011-06-06,146044.13243515123,2011
2011-06-07,145230.41760912654,2011
2011-06-08,144690.3097684167,2011
2011-06-09,145049.69500106788,2011
2011-06-10,145505.84264144328,2011
2011-06-13,145425.74296781677,2011
2011-06-14,145203.17566773304,2011
2011-06-15,144770.2299014045,2011
2011-06-16,145862.3026497684,2011
2011-06-17,145670.04537471014,2011
2011-06-20,145521.64038554786,2011
2011-06-21,145995.8311383132,2011
2011-06-22,145959.28261678308,2011
2011-06-23,147104.08593441796,2011
2011-06-24,147467.53972555706,2011
2011-06-27,147810.95461044568,2011
2011-06-28,147074.45842635658,2011
2011-06-29,146918.57067331838,2011
2011-06-30,145302.9130145269,2011
2011-07-01,144908.04589396997,2011
2011-07-04,144714.88618409706,2011
2011-07-05,145242.57054283205,2011
2011-07-06,145067.64780187447,2011
2011-07-07,144374.84161507146,2011
2011-07-08,142983.50162965362,2011
2011-07-11,143620.94444674483,2011
2011-07-12,142751.63863050047,2011
2011-07-13,142464.65025865356,2011
2011-07-14,142275.95546556887,2011
2011-07-15,143503.92866793508,2011
2011-07-18,144266.1828897048,2011
2011-07-19,144758.84270204976,2011
2011-07-20,144461.3506057674,2011
2011-07-21,144750.97828424917,2011
2011-07-22,145843.01072338584,2011
2011-07-25,145683.99681196047,2011
2011-07-26,145535.746475305,2011
2011-07-27,143739.7031309299,2011
2011-07-28,145081.89296228637,2011
2011-07-29,145221.17875823262,2011
2011-08-01,144690.42039544648,2011
2011-08-02,145790.5197118948,2011
2011-08-03,145620.52909418178,2011
2011-08-04,145593.08488161204,2011
2011-08-05,145296.74484374767,2011
2011-08-08,145977.09198798233,2011
2011-08-09,145642.8186033449,2011
2011-08-10,144967.66262391384,2011
2011-08-11,144665.64878283374,2011
2011-08-12,144421.92433572514,2011
2011-08-15,144971.99259465243,2011
2011-08-16,145719.76739975763,2011
2011-08-17,145654.1590266995,2011
2011-08-18,145154.74319981525,2011
2011-08-19,145586.0568142786,2011
2011-08-22,145350.91240901567,2011
2011-08-23,145695.64460493383,2011
2011-08-24,146192.01502217323,2011
2011-08-25,145453.99972576942,2011
2011-08-26,145219.66110825655,2011
2011-08-29,146087.14183657747,2011
2011-08-30,147559.18040318493,2011
2011-08-31,147131.22044471267,2011
2011-09-01,148347.60121147806,2011
2011-09-02,148068.6831781216,2011
2011-09-05,147096.2967329449,2011
2011-09-06,147691.61799484503,2011
2011-09-07,147110.6850653477,2011
2011-09-08,146900.56381834843,2011
2011-09-09,145965.15557588375,2011
2011-09-12,145977.6007142368,2011
2011-09-13,145349.3288772163,2011
2011-09-14,145244.9858566224,2011
2011-09-15,144253.35678737029,2011
2011-09-16,143348.96043797414,2011
2011-09-19,143793.64086754835,2011
2011-09-20,143759.55658394063,2011
2011-09-21,143673.32581974778,2011
2011-09-22,144180.82340463015,2011
2011-09-23,145578.24305517657,2011
2011-09-26,146016.29963343136,2011
2011-09-27,146207.73526207538,2011
2011-09-28,146601.7980050749,2011
2011-09-29,145610.96454094507,2011
2011-09-30,147873.42905611166,2011
2011-10-03,147505.71011666028,2011
2011-10-04,147850.52342639823,2011
2011-10-05,147216.57513128305,2011
2011-10-06,147856.38862274215,2011
2011-10-07,147306.44780324248,2011
2011-10-10,147830.08568086723,2011
2011-10-11,147630.02316963492,2011
2011-10-12,148296.63426829892,2011
2011-10-13,148499.52383382485,2011
2011-10-14,148822.69788947838,2011
2011-10-17,148240.09749246313,2011
2011-10-18,148187.7778980655,2011
2011-10-19,148741.776920386,2011
2011-10-20,149491.74839936453,2011
2011-10-21,149784.93717003282,2011
2011-10-24,148584.13993209615,2011
2011-10-25,148346.43794050283,2011
2011-10-26,149449.5897364553,2011
2011-10-27,149171.14141613556,2011
2011-10-28,147546.30316947174,2011
2011-10-31,147933.4264913015,2011
2011-11-01,146791.44849454757,2011
2011-11-02,147359.43853621095,2011
2011-11-03,148367.46547591322,2011
2011-11-04,148910.8741427067,2011
2011-11-07,148577.10336374232,2011
2011-11-08,146848.95890853257,2011
2011-11-09,148382.4761431495,2011
2011-11-10,148999.58171387494,2011
2011-11-11,150390.5906215445,2011
2011-11-14,151700.66983693087,2011
2011-11-15,152172.19994562637,2011
2011-11-16,151206.74493812578,2011
2011-11-17,150902.5400135945,2011
2011-11-18,150928.7037511748,2011
2011-11-21,152672.63947735977,2011
2011-11-22,151177.2920249586,2011
2011-11-23,150070.79078550596,2011
2011-11-24,150284.8088578753,2011
2011-11-25,150969.75993820216,2011
2011-11-28,151566.3928800103,2011
2011-11-29,151425.3665165485,2011
2011-11-30,150908.42999272497,2011
2011-12-01,152449.91206016653,2011
2011-12-02,152331.6174362696,2011
2011-12-05,151772.3523307225,2011
2011-12-06,151586.6825525363,2011
2011-12-07,152773.27326146062,2011
2011-12-08,152516.32080474246,2011
2011-12-09,153080.82597644354,2011
2011-12-12,152699.8338848162,2011
2011-12-13,154101.49860290045,2011
2011-12-14,153621.8347081541,2011
2011-12-15,152214.87238068166,2011
2011-12-16,152982.91846311823,2011
2011-12-19,152608.57847837967,2011
2011-12-20,154041.79794996194,2011
2011-12-21,153536.50424374873,2011
2011-12-22,153568.3609940506,2011
2011-12-23,153475.95025418815,2011
2011-12-26,154036.4890502353,2011
2011-12-27,153790.2352234652,2011
2011-12-28,154670.03100756917,2011
2011-12-29,154925.33370165067,2011
2011-12-30,154948.18244223585,2011
2012-01-02,153074.21278936163,2012
2012-01-03,152326.42917791332,2012
2012-01-04,152304.17892677692,2012
2012-01-05,153018.89014753024,2012
2012-01-06,154188.88318548677,2012
2012-01-09,153545.04577637807,2012
2012-01-10,154614.42314238858,2012
2012-01-11,155030.19344957217,2012
2012-01-12,156092.88290407092,2012
2012-01-13,157564.75135618332,2012
2012-01-16,158193.15771076403,2012
2012-01-17,157042.66168438186,2012
2012-01-18,156604.76398131758,2012
2012-01-19,154173.71923732987,2012
2012-01-20,154647.59179889964,2012
2012-01-23,157196.0557974586,2012
2012-01-24,156789.4962690039,2012
2012-01-25,157009.12775557212,2012
2012-01-26,157017.87056715967,2012
2012-01-27,156727.31655308703,2012
2012-01-30,156562.55476505653,2012
2012-01-31,155049.74330667756,2012
2012-02-01,154869.76315405278,2012
2012-02-02,154527.40100727166,2012
2012-02-03,153949.08182228997,2012
2012-02-06,153526.48772202787,2012
2012-02-07,153964.9837469475,2012
2012-02-08,154458.78610452084,2012
2012-02-09,155512.99678130652,2012
2012-02-10,155253.7113078855,2012
2012-02-13,155514.6312643116,2012
2012-02-14,157262.60422755347,2012
2012-02-15,158278.05318577896,2012
2012-02-16,158265.30315403265,2012
2012-02-17,158286.35494138743,2012
2012-02-20,156717.16213941344,2012
2012-02-21,156033.9963001125,2012
2012-02-22,156414.2864187478,2012
2012-02-23,155011.16044856003,2012
2012-02-24,155639.56690151794,2012
2012-02-27,156303.37671980634,2012
2012-02-28,156229.4071375645,2012
2012-02-29,156324.14580736833,2012
2012-03-01,155569.29867881993,2012
2012-03-02,155300.72679056547,2012
2012-03-05,154400.46844524884,2012
2012-03-06,153704.11910927744,2012
2012-03-07,154771.05170378115,2012
2012-03-08,154774.3996690381,2012
2012-03-09,154314.18960735248,2012
2012-03-12,154259.04971163708,2012
2012-03-13,153233.02205833996,2012
2012-03-14,153265.97021575307,2012
2012-03-15,152278.72675562673,2012
2012-03-16,152531.01663266978,2012
2012-03-19,152866.77926117933,2012
2012-03-20,152220.8967684045,2012
2012-03-21,151418.42994997354,2012
2012-03-22,150809.61186055193,2012
2012-03-23,151362.92872203788,2012
2012-03-26,152938.13826995174,2012
2012-03-27,153408.5420807168,2012
2012-03-28,153390.65952041664,2012
2012-03-29,152363.1986951735,2012
2012-03-30,151873.2300264155,2012
2012-04-02,152240.58097563483,2012
2012-04-03,151596.5089641941,2012
2012-04-04,151781.77540570465,2012
2012-04-05,151531.26184826513,2012
2012-04-06,151776.40807989304,2012
2012-04-09,151575.8977337979,2012
2012-04-10,151455.15929200972,2012
2012-04-11,152497.71793435776,2012
2012-04-12,152114.79233480166,2012
2012-04-13,153452.40983425966,2012
2012-04-16,154306.6263217798,2012
2012-04-17,153094.4344954244,2012
2012-04-18,154034.67521113323,2012
2012-04-19,153778.11204593087,2012
2012-04-20,155034.7043408986,2012
2012-04-23,155570.35549176545,2012
2012-04-24,156003.24317076834,2012
2012-04-25,154723.66990363924,2012
2012-04-26,156144.87664199655,2012
2012-04-27,156529.9193397085,2012
2012-04-30,156993.10480739817,2012
2012-05-01,158379.48207580883,2012
2012-05-02,158227.37090817257,2012
2012-05-03,156619.44237002326,2012
2012-05-04,156010.06114635494,2012
2012-05-07,155884.36283507635,2012
2012-05-08,156200.23292535782,2012
2012-05-09,155925.40381023387,2012
2012-05-10,155524.68324539653,2012
2012-05-11,155410.22564207186,2012
2012-05-14,155061.34532761018,2012
2012-05-15,154851.2406604182,2012
2012-05-16,154511.9780474193,2012
2012-05-17,153963.9402937923,2012
2012-05-18,154622.57414320513,2012
2012-05-21,154085.42907238752,2012
2012-05-22,154799.61334525142,2012
2012-05-23,155305.83286118726,2012
2012-05-24,155875.31081577064,2012
2012-05-25,156044.1160486394,2012
2012-05-28,156385.7083969199,2012
2012-05-29,156564.9983395355,2012
2012-05-30,156861.25348599322,2012
2012-05-31,155727.32637945385,2012
2012-06-01,156186.47862103113,2012
2012-06-04,155797.8947944878,2012
2012-06-05,155054.9119782244,2012
2012-06-06,155370.49349086022,2012
2012-06-07,154763.65172519727,2012
2012-06-08,154723.574128619,2012
2012-06-11,154569.53273469026,2012
2012-06-12,154152.6739376347,2012
2012-06-13,154140.7012245823,2012
2012-06-14,153861.18025788697,2012
2012-06-15,154207.8193883014,2012
2012-06-18,154518.69497701753,2012
2012-06-19,154495.24698200164,2012
2012-06-20,154634.74469732126,2012
2012-06-21,154254.21381302841,2012
2012-06-22,154401.43456102646,2012
2012-06-25,154162.13332153973,2012
2012-06-26,154183.80279222337,2012
2012-06-27,153922.28953288525,2012
2012-06-28,154564.12924236478,2012
2012-06-29,155301.26989830038,2012
2012-07-02,154925.42313016014,2012
2012-07-03,154855.43697971152,2012
2012-07-04,156403.98609090166,2012
2012-07-05,157594.9373436424,2012
2012-07-06,157395.8624194466,2012
2012-07-09,156912.0098636524,2012
2012-07-10,157877.12084780302,2012
2012-07-11,157265.55208146968,2012
2012-07-12,157597.54428588785,2012
2012-07-13,156279.64168735372,2012
2012-07-16,156343.21894605568,2012
2012-07-17,155742.18494387786,2012
2012-07-18,156421.3631276249,2012
2012-07-19,156046.05453465637,2012
2012-07-20,156183.6150265952,2012
2012-07-23,155119.44751508502,2012
2012-07-24,156148.5778578553,2012
2012-07-25,157241.93626362405,2012
2012-07-26,157186.866004378,2012
2012-07-27,157424.1366162406,2012
2012-07-30,157073.02247600054,2012
2012-07-31,156757.69144151255,2012
2012-08-01,157060.72465758573,2012
2012-08-02,157699.96369217843,2012
2012-08-03,156975.13042032253,2012
2012-08-06,157651.84688338428,2012
2012-08-07,157704.2819524486,2012
2012-08-08,156955.17995983167,2012
2012-08-09,156470.96295380054,2012
2012-08-10,155094.14014524646,2012
2012-08-13,155202.5971087429,2012
2012-08-14,155976.11854821382,2012
2012-08-15,155051.31058215135,2012
2012-08-16,154461.09845789263,2012
2012-08-17,156071.9629022059,2012
2012-08-20,157073.60471855325,2012
2012-08-21,156198.42310261962,2012
2012-08-22,156868.82205349134,2012
2012-08-23,156668.68515441698,2012
2012-08-24,156633.7030369227,2012
2012-08-27,155744.65878520344,2012
2012-08-28,155397.92052611322,2012
2012-08-29,156453.96094293904,2012
2012-08-30,156511.96361825394,2012
2012-08-31,156421.96291067605,2012
2012-09-03,157049.03448878435,2012
2012-09-04,158545.74365261642,2012
2012-09-05,159744.88899901597,2012
2012-09-06,158697.17938982137,2012
2012-09-07,157567.39712396963,2012
2012-09-10,157157.61220257243,2012
2012-09-11,156574.96670049202,2012
2012-09-12,156497.41182923928,2012
2012-09-13,156109.5639348592,2012
2012-09-14,155916.3104388412,2012
2012-09-17,156540.68159866412,2012
2012-09-18,157557.3739411612,2012
2012-09-19,157259.85783096126,2012
2012-09-20,157490.2700581408,2012
2012-09-21,157618.33994364922,2012
2012-09-24,157699.79391237002,2012
2012-09-25,157327.05650409238,2012
2012-09-26,156405.64259142347,2012
2012-09-27,156767.2841634521,2012
2012-09-28,155824.8997409588,2012
2012-10-01,156837.1229651266,2012
2012-10-02,155485.07831268408,2012
2012-10-03,156250.33960216123,2012
2012-10-04,155813.90983350953,2012
2012-10-05,156499.47680667482,2012
2012-10-08,156351.31375034593,2012
2012-10-09,157844.6529304782,2012
2012-10-10,158804.69864122127,2012
2012-10-11,160281.8919320557,2012
2012-10-12,159521.84122012946,2012
2012-10-15,160026.38667193835,2012
2012-10-16,159145.0700896099,2012
2012-10-17,158711.00482214047,2012
2012-10-18,159555.81219643087,2012
2012-10-19,160877.42394865715,2012
2012-10-22,161309.93183073652,2012
2012-10-23,160520.93979251425,2012
2012-10-24,161105.31546446943,2012
2012-10-25,159987.48933222832,2012
2012-10-26,158920.4258700513,2012
2012-10-29,158257.93904728172,2012
2012-10-30,157808.4654102656,2012
2012-10-31,158120.85557692265,2012
2012-11-01,159238.18599494343,2012
2012-11-02,160036.90495533717,2012
2012-11-05,160704.1008587533,2012
2012-11-06,159337.17218353413,2012
2012-11-07,159473.42152792602,2012
2012-11-08,158907.67595523634,2012
2012-11-09,158516.00418793014,2012
2012-11-12,159049.5429464672,2012
2012-11-13,158958.0953715476,2012
2012-11-14,159096.83781371816,2012
2012-11-15,158791.67722726238,2012
2012-11-16,159902.93741560075,2012
2012-11-19,158932.9826842725,2012
2012-11-20,159121.93236480973,2012
2012-11-21,157737.90331703878,2012
2012-11-22,156989.90272667698,2012
2012-11-23,156877.71861856017,2012
2012-11-26,158622.39046182993,2012
2012-11-27,158022.7660575804,2012
2012-11-28,158241.78665058926,2012
2012-11-29,159281.01427129644,2012
2012-11-30,159494.573383132,2012
2012-12-03,160882.59438970432,2012
2012-12-04,160128.4029638201,2012
2012-12-05,160039.13543798946,2012
2012-12-06,159944.17725596196,2012
2012-12-07,158886.17586996662,2012
2012-12-10,158262.13002253656,2012
2012-12-11,158017.0683142027,2012
2012-12-12,158302.153876435,2012
2012-12-13,157360.92670556332,2012
2012-12-14,158553.51647911634,2012
2012-12-17,161383.59083342715,2012
2012-12-18,162005.7632919859,2012
2012-12-19,165112.61129709514,2012
2012-12-20,167087.9890560793,2012
2012-12-21,166350.7229655531,2012
2012-12-24,167196.19144697738,2012
2012-12-25,167011.7305101375,2012
2012-12-26,166882.67654417694,2012
2012-12-27,167368.43568586058,2012
2012-12-28,170303.23025640723,2012
2012-12-31,169981.6094916687,2012
2013-01-01,169435.28365876438,2013
2013-01-02,168821.47813268652,2013
2013-01-03,169179.872177516,2013
2013-01-04,167356.2721606188,2013
2013-01-07,169950.01954417466,2013
2013-01-08,170771.063515545,2013
2013-01-09,172393.64356229556,2013
2013-01-10,173317.7335188713,2013
2013-01-11,172606.49871022627,2013
2013-01-14,173244.83139245512,2013
2013-01-15,172806.11951423826,2013
2013-01-16,172891.13856848134,2013
2013-01-17,172450.43733244232,2013
2013-01-18,173168.3788764154,2013
2013-01-21,172526.98362785258,2013
2013-01-22,172065.95152452466,2013
2013-01-23,172072.92127193202,2013
2013-01-24,171771.61581365793,2013
2013-01-25,171910.2330099573,2013
2013-01-28,171615.1022251399,2013
2013-01-29,171197.30746479836,2013
2013-01-30,170310.19734651668,2013
2013-01-31,170598.48322061004,2013
2013-02-01,168903.12931151374,2013
2013-02-04,170684.23022761173,2013
2013-02-05,170455.07462745789,2013
2013-02-06,170858.51179980434,2013
2013-02-07,170240.33143801606,2013
2013-02-08,169075.68873703943,2013
2013-02-11,169425.98492995906,2013
2013-02-12,169120.3419626255,2013
2013-02-13,169089.3821833543,2013
2013-02-14,169389.78812796006,2013
2013-02-15,169523.95789462846,2013
2013-02-18,170027.72985205305,2013
2013-02-19,170372.56065120292,2013
2013-02-20,172037.37467549602,2013
2013-02-21,172063.34001734087,2013
2013-02-22,172371.50113140995,2013
2013-02-25,173371.28350568318,2013
2013-02-26,172962.24614378274,2013
2013-02-27,174153.58335739165,2013
2013-02-28,175411.12336099485,2013
2013-03-01,174687.02215318842,2013
2013-03-04,174676.62013711833,2013
2013-03-05,175717.38924258924,2013
2013-03-06,176252.15529406117,2013
2013-03-07,177175.73761395674,2013
2013-03-08,176597.52981167485,2013
2013-03-11,177064.2798256266,2013
2013-03-12,177020.89258940646,2013
2013-03-13,176401.20012382028,2013
2013-03-14,176329.98046726378,2013
2013-03-15,177245.01984809924,2013
2013-03-18,177306.3714575601,2013
2013-03-19,176653.3512603289,2013
2013-03-20,177018.62038180762,2013
2013-03-21,176983.14725074108,2013
2013-03-22,176497.81702442182,2013
2013-03-25,176074.75964545904,2013
2013-03-26,175846.3219113045,2013
2013-03-27,175348.55597409382,2013
2013-03-28,176167.63941572944,2013
2013-03-29,175508.89868549147,2013
2013-04-01,175585.7475932345,2013
2013-04-02,175700.9583957814,2013
2013-04-03,176226.80578060856,2013
2013-04-04,175955.02214800598,2013
2013-04-05,176804.9954730848,2013
2013-04-08,175310.70059381792,2013
2013-04-09,175397.52675651657,2013
2013-04-10,176060.6696699804,2013
2013-04-11,174603.28970819822,2013
2013-04-12,174619.13183088656,2013
2013-04-15,173904.32862446725,2013
2013-04-16,173175.01736749365,2013
2013-04-17,173133.08392671408,2013
2013-04-18,174010.81970456452,2013
2013-04-19,173425.13639116072,2013
2013-04-22,172800.07090233243,2013
2013-04-23,173409.7490192341,2013
2013-04-24,175254.69808456404,2013
2013-04-25,175485.17329222028,2013
2013-04-26,175474.92439475417,2013
2013-04-29,176651.3893070039,2013
2013-04-30,177821.20047600297,2013
2013-05-01,178335.56893975358,2013
2013-05-02,178716.0119290849,2013
2013-05-03,177135.55882897886,2013
2013-05-06,173368.91795466567,2013
2013-05-07,171787.12541990646,2013
2013-05-08,171307.679601143,2013
2013-05-09,171762.27839237126,2013
2013-05-10,172777.25867009838,2013
2013-05-13,173517.7009839468,2013
2013-05-14,174116.74054786543,2013
2013-05-15,174173.5619111532,2013
2013-05-16,174927.44419319427,2013
2013-05-17,175049.75123781082,2013
2013-05-20,174216.06395305612,2013
2013-05-21,174955.10908830026,2013
2013-05-22,174666.85333576257,2013
2013-05-23,174435.3790217376,2013
2013-05-24,173883.9385505471,2013
2013-05-27,174239.69520385738,2013
2013-05-28,175125.52844094532,2013
2013-05-29,174997.32842091558,2013
2013-05-30,174970.3245280153,2013
2013-05-31,173417.12511493737,2013
2013-06-03,173730.10420938305,2013
2013-06-04,172783.9971744229,2013
2013-06-05,173350.9104324169,2013
2013-06-06,172519.7972173476,2013
2013-06-07,173013.92040322005,2013
2013-06-10,173356.0018730329,2013
2013-06-11,173041.3744711012,2013
2013-06-12,173125.33154166047,2013
2013-06-13,172356.28147538225,2013
2013-06-14,172016.42851970036,2013
2013-06-17,172275.93601485816,2013
2013-06-18,172995.3702625243,2013
2013-06-19,174413.7959138477,2013
2013-06-20,173943.9502630657,2013
2013-06-21,175934.25918944972,2013
2013-06-24,174835.83379945153,2013
2013-06-25,174709.4235158258,2013
2013-06-26,174488.23905032652,2013
2013-06-27,173154.87844402986,2013
2013-06-28,172770.09104270762,2013
2013-07-01,173039.95850832472,2013
2013-07-02,172789.48707831657,2013
2013-07-03,173119.2411745725,2013
2013-07-04,172584.9895434447,2013
2013-07-05,173059.99872981274,2013
2013-07-08,172118.1862699541,2013
2013-07-09,171485.33885631707,2013
2013-07-10,171293.99300832537,2013
2013-07-11,173014.6512768832,2013
2013-07-12,170819.52457692366,2013
2013-07-15,172597.75538850762,2013
2013-07-16,172375.11547944453,2013
2013-07-17,174699.77351324016,2013
2013-07-18,173965.9623451497,2013
2013-07-19,175858.06042768588,2013
2013-07-22,177363.89542898792,2013
2013-07-23,179644.40995889666,2013
2013-07-24,180304.29562814662,2013
2013-07-25,180297.88218907363,2013
2013-07-26,179748.3198358153,2013
2013-07-29,179237.74417806862,2013
2013-07-30,179029.92876258565,2013
2013-07-31,178209.0965372429,2013
2013-08-01,177907.8662083353,2013
2013-08-02,178361.9416491057,2013
2013-08-05,179852.67614588534,2013
2013-08-06,178444.14080203854,2013
2013-08-07,179316.828466174,2013
2013-08-08,177926.12081639937,2013
2013-08-09,178506.27946420867,2013
2013-08-12,178757.77549609062,2013
2013-08-13,178226.405007012,2013
2013-08-14,178524.5845614349,2013
2013-08-15,177900.44051222663,2013
2013-08-16,180291.11054210752,2013
2013-08-19,180261.347662172,2013
2013-08-20,182084.2557853086,2013
2013-08-21,183008.36890361906,2013
2013-08-22,182486.76455022334,2013
2013-08-23,181696.50414946582,2013
2013-08-26,181586.9570596182,2013
2013-08-27,183117.45580386394,2013
2013-08-28,182334.95177587337,2013
2013-08-29,183483.12434838613,2013
2013-08-30,184958.06976652762,2013
2013-09-02,186560.9266962493,2013
2013-09-03,186676.8011449985,2013
2013-09-04,186357.96317867827,2013
2013-09-05,186006.01164241848,2013
2013-09-06,186111.88766770155,2013
2013-09-09,184407.205030951,2013
2013-09-10,185203.14099505896,2013
2013-09-11,185777.7919054308,2013
2013-09-12,185319.73226283205,2013
2013-09-13,185540.0368411401,2013
2013-09-16,185498.66051529447,2013
2013-09-17,185742.96238369154,2013
2013-09-18,186688.00825877878,2013
2013-09-19,186624.41003166695,2013
2013-09-20,186503.25519853027,2013
2013-09-23,185844.12285260315,2013
2013-09-24,186093.60628571958,2013
2013-09-25,186062.71095332707,2013
2013-09-26,186280.96909060978,2013
2013-09-27,186517.96324899487,2013
2013-09-30,186245.90494538975,2013
2013-10-01,184892.16621693855,2013
2013-10-02,185900.0102946447,2013
2013-10-03,185126.33741310006,2013
2013-10-04,186116.83686437228,2013
2013-10-07,185407.28934951167,2013
2013-10-08,184611.57553519955,2013
2013-10-09,184873.7620207002,2013
2013-10-10,187536.88627842613,2013
2013-10-11,187907.49288830964,2013
2013-10-14,187280.40444349125,2013
2013-10-15,188165.3358254443,2013
2013-10-16,188239.31431587445,2013
2013-10-17,188167.64804896392,2013
2013-10-18,188509.74939143675,2013
2013-10-21,189264.31553736,2013
2013-10-22,189317.51528822753,2013
2013-10-23,188125.2380994801,2013
2013-10-24,188091.58203331608,2013
2013-10-25,189278.4429742539,2013
2013-10-28,188517.00843320444,2013
2013-10-29,189035.04480880406,2013
2013-10-30,190384.06381086347,2013
2013-10-31,191343.06406421823,2013
2013-11-01,192271.4237270014,2013
2013-11-04,192731.84416685137,2013
2013-11-05,194657.52251808697,2013
2013-11-06,194315.61373327902,2013
2013-11-07,194758.09555934905,2013
2013-11-08,194432.76443545808,2013
2013-11-11,193842.23533977885,2013
2013-11-12,193609.80551473424,2013
2013-11-13,193827.65336441304,2013
2013-11-14,193280.1675852841,2013
2013-11-15,193878.96113693045,2013
2013-11-18,193987.57483496275,2013
2013-11-19,193518.48002448134,2013
2013-11-20,192194.42375231037,2013
2013-11-21,193666.56330835278,2013
2013-11-22,193697.14943535952,2013
2013-11-25,194327.61356710983,2013
2013-11-26,196224.76975417565,2013
2013-11-27,196336.5452398062,2013
2013-11-28,195864.8009982001,2013
2013-11-29,195877.64129581983,2013
2013-12-02,196801.9557600177,2013
2013-12-03,197265.03115794846,2013
2013-12-04,195927.1662804346,2013
2013-12-05,195866.1732691428,2013
2013-12-06,195186.02590271877,2013
2013-12-09,196243.1407354821,2013
2013-12-10,196874.53164019226,2013
2013-12-11,196091.0434684616,2013
2013-12-12,193869.63569621532,2013
2013-12-13,194103.3551021635,2013
2013-12-16,194199.82306939608,2013
2013-12-17,193650.04638869863,2013
2013-12-18,193554.83880303102,2013
2013-12-19,191777.00496381248,2013
2013-12-20,192290.07901485427,2013
2013-12-23,192028.96568178,2013
2013-12-24,191023.88414888893,2013
2013-12-25,192977.42425137392,2013
2013-12-26,194163.34428770485,2013
2013-12-27,192473.19718737557,2013
2013-12-30,191272.0252879156,2013
2013-12-31,191692.28732932318,2013
2014-01-01,191168.2544780656,2014
2014-01-02,192623.05165959214,2014
2014-01-03,191557.3008029784,2014
2014-01-06,191922.64227171196,2014
2014-01-07,191282.65597080853,2014
2014-01-08,191734.07774737867,2014
2014-01-09,191980.32095608787,2014
2014-01-10,191495.7763815853,2014
2014-01-13,190003.26730689497,2014
2014-01-14,189852.34023248337,2014
2014-01-15,190276.54965286737,2014
2014-01-16,188942.5581343853,2014
2014-01-17,188400.3632774384,2014
2014-01-20,189412.89843033656,2014
2014-01-21,190040.41683419465,2014
2014-01-22,190528.642093264,2014
2014-01-23,190389.46838898916,2014
2014-01-24,193291.5913292519,2014
2014-01-27,192207.98191464096,2014
2014-01-28,192245.29653747802,2014
2014-01-29,194195.14249359095,2014
2014-01-30,193998.92419232868,2014
2014-01-31,192807.52568297696,2014
2014-02-03,190969.8424935857,2014
2014-02-04,191198.6520899857,2014
2014-02-05,190516.34259020345,2014
2014-02-06,190730.4057615174,2014
2014-02-07,192410.45054899013,2014
2014-02-10,192953.2483477487,2014
2014-02-11,193661.8549634978,2014
2014-02-12,194935.34908039478,2014
2014-02-13,195693.6953851905,2014
2014-02-14,195089.28736031582,2014
2014-02-17,195738.15491086149,2014
2014-02-18,194295.78860627708,2014
2014-02-19,193633.88371316637,2014
2014-02-20,192970.71968876317,2014
2014-02-21,192324.97529618343,2014
2014-02-24,193292.2966478713,2014
2014-02-25,192779.8927789666,2014
2014-02-26,192664.19817233522,2014
2014-02-27,191735.71040215075,2014
2014-02-28,190688.7864909038,2014
2014-03-03,190078.15464722083,2014
2014-03-04,190260.9949411795,2014
2014-03-05,190919.2641081949,2014
2014-03-06,190053.04352313068,2014
2014-03-07,189444.86949066445,2014
2014-03-10,192115.5651202418,2014
2014-03-11,193034.95907306543,2014
2014-03-12,196351.94408748863,2014
2014-03-13,197624.924211208,2014
2014-03-14,197145.12846151026,2014
2014-03-17,197337.02804375143,2014
2014-03-18,197356.67643223007,2014
2014-03-19,197524.7027171793,2014
2014-03-20,198819.8730810996,2014
2014-03-21,196809.35380788642,2014
2014-03-24,195617.65573672016,2014
2014-03-25,196564.61293109786,2014
2014-03-26,195768.91760564817,2014
2014-03-27,195722.00245542062,2014
2014-03-28,197146.991879719,2014
2014-03-31,199803.9610444629,2014
2014-04-01,200045.30216438012,2014
2014-04-02,199167.02295409705,2014
2014-04-03,200183.6997256451,2014
2014-04-04,199069.9260736646,2014
2014-04-07,201182.55071335868,2014
2014-04-08,200568.27964013192,2014
2014-04-09,202845.3262202248,2014
2014-04-10,205500.55785291956,2014
2014-04-11,205920.1219807978,2014
2014-04-14,206181.65990380198,2014
2014-04-15,207044.52485585172,2014
2014-04-16,207404.8941557426,2014
2014-04-17,207482.06953411433,2014
2014-04-18,204162.45691459655,2014
2014-04-21,203721.06151470914,2014
2014-04-22,205577.9244129965,2014
2014-04-23,206177.81908715074,2014
2014-04-24,207674.0650342934,2014
2014-04-25,207230.3093782664,2014
2014-04-28,208120.8092962337,2014
2014-04-29,207764.27123401704,2014
2014-04-30,208813.90244320454,2014
2014-05-01,209905.6130141765,2014
2014-05-02,210913.42806194798,2014
2014-05-05,208265.98375056993,2014
2014-05-06,209575.0034850553,2014
2014-05-07,210479.16484047435,2014
2014-05-08,206982.39850264724,2014
2014-05-09,206713.798013079,2014
2014-05-12,207457.85228274268,2014
2014-05-13,206198.52834857954,2014
2014-05-14,207084.58230359625,2014
2014-05-15,204719.3125117155,2014
2014-05-16,205318.4138808165,2014
2014-05-19,206480.85832072867,2014
2014-05-20,207451.09319425726,2014
2014-05-21,209032.75407801234,2014
2014-05-22,209326.3267577916,2014
2014-05-23,210534.86305818692,2014
2014-05-26,208106.15651178957,2014
2014-05-27,209285.8455195572,2014
2014-05-28,209727.8233828249,2014
2014-05-29,212586.88360669478,2014
2014-05-30,212826.77975876973,2014
2014-06-02,213789.69624192466,2014
2014-06-03,212390.03214873254,2014
2014-06-04,214137.07476643962,2014
2014-06-05,214601.39778310285,2014
2014-06-06,213302.88599471346,2014
2014-06-09,214813.370290662,2014
2014-06-10,214637.70719229773,2014
2014-06-11,215075.45972009917,2014
2014-06-12,215828.31993507757,2014
2014-06-13,215211.91052448208,2014
2014-06-16,214478.02337268752,2014
2014-06-17,217968.26665747375,2014
2014-06-18,217310.44395039766,2014
2014-06-19,217960.37953808287,2014
2014-06-20,219011.58728176297,2014
2014-06-23,218701.32708017522,2014
2014-06-24,217727.9523949222,2014
2014-06-25,218235.2004237721,2014
2014-06-26,219326.202989552,2014
2014-06-27,219278.4950256187,2014
2014-06-30,219681.37720575475,2014
2014-07-01,218750.87559590727,2014
2014-07-02,219055.18867954524,2014
2014-07-03,218989.74649849028,2014
2014-07-04,220025.9650084892,2014
2014-07-07,221100.8206816044,2014
2014-07-08,221149.82989954884,2014
2014-07-09,223281.01676052783,2014
2014-07-10,221834.4877023708,2014
2014-07-11,221575.8996254824,2014
2014-07-14,222737.5687973274,2014
2014-07-15,223741.92232489976,2014
2014-07-16,224635.17175712838,2014
2014-07-17,223528.87964952958,2014
2014-07-18,225054.67962214543,2014
2014-07-21,224665.7350712305,2014
2014-07-22,224090.107279117,2014
2014-07-23,224821.17145421813,2014
2014-07-24,223239.6184581897,2014
2014-07-25,224895.41914330452,2014
2014-07-28,224339.6985214384,2014
2014-07-29,225658.0712457623,2014
2014-07-30,226191.11004486858,2014
2014-07-31,226905.23883479924,2014
2014-08-01,227125.98644955986,2014
2014-08-04,228745.86719668738,2014
2014-08-05,230260.9815845164,2014
2014-08-06,230883.95965846322,2014
2014-08-07,229528.30980554072,2014
2014-08-08,227625.11979795995,2014
2014-08-11,226050.8339264032,2014
2014-08-12,225953.81757999232,2014
2014-08-13,225352.9226074757,2014
2014-08-14,225200.08894808995,2014
2014-08-15,226460.57744337906,2014
2014-08-18,225907.7422215135,2014
2014-08-19,227110.73805841754,2014
2014-08-20,225702.2255612414,2014
2014-08-21,226845.2108869077,2014
2014-08-22,227951.15228658984,2014
2014-08-25,226686.69104507423,2014
2014-08-26,227820.95559465332,2014
2014-08-27,227634.54318711135,2014
2014-08-28,227283.76143634616,2014
2014-08-29,228771.89087069087,2014
2014-09-01,227675.15931081772,2014
2014-09-02,228719.86863033485,2014
2014-09-03,227671.35987031108,2014
2014-09-04,228411.4496338327,2014
2014-09-05,228799.37609028604,2014
2014-09-08,227905.93680278602,2014
2014-09-09,229044.94511533575,2014
2014-09-10,229139.16023343895,2014
2014-09-11,227924.807675277,2014
2014-09-12,227061.0522414139,2014
2014-09-15,227011.1453433734,2014
2014-09-16,224527.27612297895,2014
2014-09-17,224152.84694527718,2014
2014-09-18,223869.78455776692,2014
2014-09-19,221394.33533813525,2014
2014-09-22,222987.3307443636,2014
2014-09-23,223924.8658442853,2014
2014-09-24,223915.57712168433,2014
2014-09-25,226386.44692644663,2014
2014-09-26,226214.29349190567,2014
2014-09-29,224577.58717709902,2014
2014-09-30,224175.4088421552,2014
2014-10-01,225165.72225841024,2014
2014-10-02,224040.55948437215,2014
2014-10-03,222512.65075617505,2014
2014-10-06,220372.38121172285,2014
2014-10-07,220039.39217385146,2014
2014-10-08,218200.43217322737,2014
2014-10-09,219160.11892465496,2014
2014-10-10,221200.00671882587,2014
2014-10-13,222007.8896249301,2014
2014-10-14,223792.8222794192,2014
2014-10-15,224974.5839752445,2014
2014-10-16,224834.21202954886,2014
2014-10-17,226752.57792168856,2014
2014-10-20,227698.96388455178,2014
2014-10-21,227185.23083011704,2014
2014-10-22,226335.9881589643,2014
2014-10-23,225446.04751409896,2014
2014-10-24,228055.7747472167,2014
2014-10-27,227389.42026354567,2014
2014-10-28,226840.03557362183,2014
2014-10-29,226912.3870103042,2014
2014-10-30,229065.16065374535,2014
2014-10-31,224883.59998468155,2014
2014-11-03,224985.0145429778,2014
2014-11-04,226997.7766395262,2014
2014-11-05,227822.71170691622,2014
2014-11-06,226508.97292500653,2014
2014-11-07,224190.19418196526,2014
2014-11-10,223582.00498358614,2014
2014-11-11,224860.38630289154,2014
2014-11-12,222362.91202933196,2014
2014-11-13,224679.08055205265,2014
2014-11-14,224455.6890688396,2014
2014-11-17,225622.58648262103,2014
2014-11-18,224193.760772363,2014
2014-11-19,224665.45131054515,2014
2014-11-20,225715.3961052969,2014
2014-11-21,224797.17803752807,2014
2014-11-24,223524.83772388584,2014
2014-11-25,223463.2876264428,2014
2014-11-26,223456.54328505934,2014
2014-11-27,224798.1427937827,2014
2014-11-28,224686.64945969335,2014
2014-12-01,223566.40730902314,2014
2014-12-02,222161.12211066944,2014
2014-12-03,222710.210140942,2014
2014-12-04,221606.92840363004,2014
2014-12-05,221644.60873079748,2014
2014-12-08,220852.82451769442,2014
2014-12-09,220960.01540673213,2014
2014-12-10,221288.23293835655,2014
2014-12-11,222039.7106510731,2014
2014-12-12,221654.36500114936,2014
2014-12-15,219375.09860119654,2014
2014-12-16,220122.51264042823,2014
2014-12-17,220427.32400760913,2014
2014-12-18,223276.9447552337,2014
2014-12-19,224449.04077900437,2014
2014-12-22,224449.4137485897,2014
2014-12-23,224085.5435104485,2014
2014-12-24,224458.24444617375,2014
2014-12-25,225010.65523343557,2014
2014-12-26,222767.38257105174,2014
2014-12-29,220644.2939273242,2014
2014-12-30,219897.81728405727,2014
2014-12-31,218955.24400517088,2014
2015-01-01,221464.17550361168,2015
2015-01-02,222315.01392851898,2015
2015-01-05,222017.04778553583,2015
2015-01-06,226725.5749092955,2015
2015-01-07,225513.60014976002,2015
2015-01-08,224950.10012839187,2015
2015-01-09,224639.91352735905,2015
2015-01-12,224761.99620401007,2015
2015-01-13,225404.9360918038,2015
2015-01-14,223533.67659712443,2015
2015-01-15,222449.87772923496,2015
2015-01-16,223579.15601134422,2015
2015-01-19,222542.46679157446,2015
2015-01-20,221520.49627544233,2015
2015-01-21,221404.6882770753,2015
2015-01-22,219977.08147819116,2015
2015-01-23,218945.02639169662,2015
2015-01-26,219551.11574980163,2015
2015-01-27,221298.75815274435,2015
2015-01-28,220564.83507822402,2015
2015-01-29,223151.1600616326,2015
2015-01-30,223352.48536209512,2015
2015-02-02,224507.92355873444,2015
2015-02-03,224048.22413483198,2015
2015-02-04,223691.06911128297,2015
2015-02-05,224984.63936732814,2015
2015-02-06,221496.79241124506,2015
2015-02-09,220577.18515844684,2015
2015-02-10,218127.80859224036,2015
2015-02-11,217014.72206585322,2015
2015-02-12,218578.57059031984,2015
2015-02-13,219005.951545698,2015
2015-02-16,218645.37294142344,2015
2015-02-17,219578.63861266166,2015
2015-02-18,219409.61034012766,2015
2015-02-19,220072.04984615752,2015
2015-02-20,218973.8781594389,2015
2015-02-23,218255.89130862712,2015
2015-02-24,218944.01992488684,2015
2015-02-25,221225.12920538668,2015
2015-02-26,220670.95587129777,2015
2015-02-27,219089.4018543395,2015
2015-03-02,219554.76024144454,2015
2015-03-03,219497.31618760803,2015
2015-03-04,220613.62278838453,2015
2015-03-05,220505.66662678288,2015
2015-03-06,220520.37184449367,2015
2015-03-09,218759.40304683242,2015
2015-03-10,219648.87762475584,2015
2015-03-11,219596.22866791597,2015
2015-03-12,218775.98573215475,2015
2015-03-13,216995.52493175305,2015
2015-03-16,218619.72381825437,2015
2015-03-17,217412.9410695659,2015
2015-03-18,218916.7729050261,2015
2015-03-19,219611.22105713654,2015
2015-03-20,220087.4780073454,2015
2015-03-23,220275.02604063385,2015
2015-03-24,220655.98688556562,2015
2015-03-25,219478.55192552303,2015
2015-03-26,219119.6441149955,2015
2015-03-27,217082.30079533695,2015
2015-03-30,217717.30694728944,2015
2015-03-31,217078.1351369025,2015
2015-04-01,217228.87258896412,2015
2015-04-02,219248.7956873926,2015
2015-04-03,219998.52490654896,2015
2015-04-06,219738.11590389558,2015
2015-04-07,219922.07071804794,2015
2015-04-08,219670.43001616118,2015
2015-04-09,221436.3838346762,2015
2015-04-10,224465.45280715576,2015
2015-04-13,224194.018935865,2015
2015-04-14,225890.90645988405,2015
2015-04-15,228340.9775317239,2015
2015-04-16,227982.60157896092,2015
2015-04-17,230360.60221863838,2015
2015-04-20,231937.12297317132,2015
2015-04-21,227505.7146288601,2015
2015-04-22,227815.47617474306,2015
2015-04-23,230410.9255826012,2015
2015-04-24,231718.11836650255,2015
2015-04-27,229889.67909877855,2015
2015-04-28,225195.41553504035,2015
2015-04-29,228226.46685928584,2015
2015-04-30,225119.39528791624,2015
2015-05-01,226233.54163053914,2015
2015-05-04,226925.32214742483,2015
2015-05-05,227772.9369336684,2015
2015-05-06,230767.55440910242,2015
2015-05-07,228173.32551324103,2015
2015-05-08,228763.32309669929,2015
2015-05-11,229240.40948053822,2015
2015-05-12,226394.8577741437,2015
2015-05-13,225733.54177986,2015
2015-05-14,226268.83115906073,2015
2015-05-15,225908.3653598863,2015
2015-05-18,226141.11973450915,2015
2015-05-19,225484.2254300365,2015
2015-05-20,225485.91189797473,2015
2015-05-21,226888.7344834276,2015
2015-05-22,227962.20590343632,2015
2015-05-25,226277.98244239792,2015
2015-05-26,224640.7415865921,2015
2015-05-27,222941.77975655423,2015
2015-05-28,224279.1812787939,2015
2015-05-29,222817.326050708,2015
2015-06-01,224295.93868909293,2015
2015-06-02,223267.33825947245,2015
2015-06-03,223097.4815408605,2015
2015-06-04,222864.4768353192,2015
2015-06-05,222868.41773896455,2015
2015-06-08,220766.37059376395,2015
2015-06-09,219544.9760581954,2015
2015-06-10,219415.8518299287,2015
2015-06-11,219702.79705366323,2015
2015-06-12,221025.57890452782,2015
2015-06-15,223553.96193079132,2015
2015-06-16,225001.28333351598,2015
2015-06-17,224650.60561636818,2015
2015-06-18,223293.05962036696,2015
2015-06-19,222800.02438717918,2015
2015-06-22,223399.23646631977,2015
2015-06-23,223117.78976336366,2015
2015-06-24,222228.0486737563,2015
2015-06-25,222055.60951424,2015
2015-06-26,221369.97603786679,2015
2015-06-29,219110.27866752818,2015
2015-06-30,220124.07040719927,2015
2015-07-01,220926.4975828394,2015
2015-07-02,220572.95059358154,2015
2015-07-03,221644.63994982402,2015
2015-07-06,219978.3150249803,2015
2015-07-07,220478.19114441864,2015
2015-07-08,219779.60370545473,2015
2015-07-09,223643.4795781192,2015
2015-07-10,223725.16691934547,2015
2015-07-13,224395.74755923438,2015
2015-07-14,226830.0477585171,2015
2015-07-15,227310.03245784677,2015
2015-07-16,224735.61966293363,2015
2015-07-17,225570.9017447337,2015
2015-07-20,227701.3893237949,2015
2015-07-21,228896.07145128827,2015
2015-07-22,229312.3020737021,2015
2015-07-23,230498.59749138882,2015
2015-07-24,232925.41537864401,2015
2015-07-27,231093.14154682067,2015
2015-07-28,233710.56174038502,2015
2015-07-29,232659.91666530646,2015
2015-07-30,234526.17372027575,2015
2015-07-31,234628.5065347958,2015
2015-08-03,237009.2605768081,2015
2015-08-04,237069.8912041163,2015
2015-08-05,238956.96677698582,2015
2015-08-06,241673.68776313047,2015
2015-08-07,241976.43084402848,2015
2015-08-10,241585.78764115946,2015
2015-08-11,241703.65166292523,2015
2015-08-12,240526.27814420298,2015
2015-08-13,241816.01478118286,2015
2015-08-14,241575.27870701882,2015
2015-08-17,241651.88479284718,2015
2015-08-18,241382.30130373183,2015
2015-08-19,242309.7378361169,2015
2015-08-20,238484.44866441746,2015
2015-08-21,238196.07414261482,2015
2015-08-24,237770.61649543507,2015
2015-08-25,239784.28209698424,2015
2015-08-26,237706.4334404875,2015
2015-08-27,238498.68046920132,2015
2015-08-28,237201.82258066948,2015
2015-08-31,235938.35646082702,2015
2015-09-01,239970.94196850248,2015
2015-09-02,240796.0286081408,2015
2015-09-03,238982.2610352291,2015
2015-09-04,239179.13711517848,2015
2015-09-07,236912.09434163684,2015
2015-09-08,238472.94905661992,2015
2015-09-09,239485.73462216646,2015
2015-09-10,241235.8644708914,2015
2015-09-11,241213.45355681295,2015
2015-09-14,241579.29599008866,2015
2015-09-15,243328.88752188694,2015
2015-09-16,240501.4996349873,2015
2015-09-17,238776.82121363678,2015
2015-09-18,237070.9850639223,2015
2015-09-21,236579.5133653032,2015
2015-09-22,237489.19796560728,2015
2015-09-23,238331.311442574,2015
2015-09-24,239335.1602720132,2015
2015-09-25,238108.33108841165,2015
2015-09-28,237472.17796816168,2015
2015-09-29,236791.9266997015,2015
2015-09-30,234542.8891703468,2015
2015-10-01,235972.62743674652,2015
2015-10-02,236078.5528785867,2015
2015-10-05,235448.1091244859,2015
2015-10-06,235743.66985755815,2015
2015-10-07,236198.5753620083,2015
2015-10-08,236700.49737290616,2015
2015-10-09,235475.29413844206,2015
2015-10-12,238606.0439219333,2015
2015-10-13,240899.99978747175,2015
2015-10-14,242174.43700787626,2015
2015-10-15,241810.63721570265,2015
2015-10-16,240579.04987379344,2015
2015-10-19,238418.71318143382,2015
2015-10-20,239606.1849223719,2015
2015-10-21,239440.18938728818,2015
2015-10-22,242514.79307810043,2015
2015-10-23,242338.3531275745,2015
2015-10-26,243566.50396179507,2015
2015-10-27,243258.12836117746,2015
2015-10-28,242011.36912601956,2015
2015-10-29,243298.61025254423,2015
2015-10-30,243360.44067627747,2015
2015-11-02,243862.38764369235,2015
2015-11-03,244651.80993960495,2015
2015-11-04,246595.45998910017,2015
2015-11-05,246775.80700665218,2015
2015-11-06,246356.35831428954,2015
2015-11-09,245127.39972954843,2015
2015-11-10,246428.5763580635,2015
2015-11-11,246306.5682108712,2015
2015-11-12,245882.7039504723,2015
2015-11-13,246434.6925467684,2015
2015-11-16,246343.4587838184,2015
2015-11-17,245278.03328360437,2015
2015-11-18,245646.63711516128,2015
2015-11-19,245261.51099699328,2015
2015-11-20,247741.09945162048,2015
2015-11-23,248253.33134551445,2015
2015-11-24,248092.5268914507,2015
2015-11-25,248011.2256005503,2015
2015-11-26,247466.18218378496,2015
2015-11-27,247075.32549211057,2015
2015-11-30,247449.84427466983,2015
2015-12-01,247094.69843445922,2015
2015-12-02,246785.24516289076,2015
2015-12-03,247520.05490758742,2015
2015-12-04,247424.2586682564,2015
2015-12-07,246661.232101788,2015
2015-12-08,248814.85660878793,2015
2015-12-09,248649.12248877526,2015
2015-12-10,246568.9019288621,2015
2015-12-11,247517.13406097563,2015
2015-12-14,249468.74921509463,2015
2015-12-15,249518.5355616783,2015
2015-12-16,249856.90736777228,2015
2015-12-17,250967.73928816675,2015
2015-12-18,250314.24637684858,2015
2015-12-21,247923.57051389475,2015
2015-12-22,247812.34682352887,2015
2015-12-23,246811.97564485416,2015
2015-12-24,246409.21664090868,2015
2015-12-25,246670.13635403902,2015
2015-12-28,246004.9023384861,2015
2015-12-29,248851.1602860398,2015
2015-12-30,248655.7757055972,2015
2015-12-31,249433.50922103936,2015
2016-01-01,250044.71959190842,2016
2016-01-04,249103.34384762502,2016
2016-01-05,248291.45095934544,2016
2016-01-06,253406.2203125615,2016
2016-01-07,252771.15439184307,2016
2016-01-08,251905.55133529962,2016
2016-01-11,255959.1731418941,2016
2016-01-12,255683.64268744248,2016
2016-01-13,254379.41819254006,2016
2016-01-14,255524.05261743924,2016
2016-01-15,257272.4244816025,2016
2016-01-18,259852.28272027703,2016
2016-01-19,259589.97974378942,2016
2016-01-20,260359.2678559149,2016
2016-01-21,260850.59966787713,2016
2016-01-22,259736.99572606903,2016
2016-01-25,260946.51479472814,2016
2016-01-26,263106.348374381,2016
2016-01-27,263666.09843233955,2016
2016-01-28,265407.82411929965,2016
2016-01-29,264646.7787588557,2016
2016-02-01,265946.363862344,2016
2016-02-02,264079.07313965145,2016
2016-02-03,267345.8672854828,2016
2016-02-04,266217.2711815522,2016
2016-02-05,264468.097661857,2016
2016-02-08,264594.381222366,2016
2016-02-09,262803.5676823395,2016
2016-02-10,263844.07110827655,2016
2016-02-11,265297.5281841859,2016
2016-02-12,267159.30480507476,2016
2016-02-15,265257.03187354904,2016
2016-02-16,264953.6980469382,2016
2016-02-17,265271.51684183284,2016
2016-02-18,266408.341215943,2016
2016-02-19,269063.5710991208,2016
2016-02-22,268998.44170595123,2016
2016-02-23,267583.4349330383,2016
2016-02-24,270625.2074261176,2016
2016-02-25,267710.6701200443,2016
2016-02-26,266122.51839392376,2016
2016-02-29,267118.5138272317,2016
2016-03-01,266821.1687218124,2016
2016-03-02,263572.32521882595,2016
2016-03-03,263643.7712057777,2016
2016-03-04,264371.42696513364,2016
2016-03-07,268607.7259523758,2016
2016-03-08,269184.01597328787,2016
2016-03-09,270470.7110004843,2016
2016-03-10,268068.8179105894,2016
2016-03-11,267929.08784146525,2016
2016-03-14,267535.1571023392,2016
2016-03-15,266755.88259200664,2016
2016-03-16,269019.5457929737,2016
2016-03-17,269115.1334675803,2016
2016-03-18,269724.8445853221,2016
2016-03-21,270624.3560286934,2016
2016-03-22,272760.4772293366,2016
2016-03-23,272554.6249230042,2016
2016-03-24,274088.2095768614,2016
2016-03-25,275667.23244755785,2016
2016-03-28,276506.2791263261,2016
2016-03-29,273295.0912599338,2016
2016-03-30,272112.47905464843,2016
2016-03-31,270266.5773000602,2016
2016-04-01,271317.1903896348,2016
2016-04-04,272508.43451358844,2016
2016-04-05,271119.30536182085,2016
2016-04-06,270620.83699013665,2016
2016-04-07,272693.10367635393,2016
2016-04-08,272782.13487759733,2016
2016-04-11,272222.89006636717,2016
2016-04-12,272066.6945672762,2016
2016-04-13,273475.79149240354,2016
2016-04-14,270656.69925233535,2016
2016-04-15,270154.2914816639,2016
2016-04-18,271083.95129962056,2016
2016-04-19,270227.6398675835,2016
2016-04-20,270084.5153221346,2016
2016-04-21,272280.2080959706,2016
2016-04-22,274744.92592241213,2016
2016-04-25,276648.62615675625,2016
2016-04-26,275872.68933062686,2016
2016-04-27,275877.83568651427,2016
2016-04-28,274775.91323198826,2016
2016-04-29,272207.4387797599,2016
2016-05-02,273814.73414977995,2016
2016-05-03,275489.37005019555,2016
2016-05-04,275747.79282538465,2016
2016-05-05,278538.7616700117,2016
2016-05-06,276914.0295737515,2016
2016-05-09,274501.1752633558,2016
2016-05-10,276047.9644150541,2016
2016-05-11,278057.2502885405,2016
2016-05-12,279951.819469081,2016
2016-05-13,282062.79245486844,2016
2016-05-16,282496.1616698829,2016
2016-05-17,283674.77291213826,2016
2016-05-18,281008.28624989855,2016
2016-05-19,278461.90631085413,2016
2016-05-20,277803.4898099608,2016
2016-05-23,279005.795780675,2016
2016-05-24,276809.4290823621,2016
2016-05-25,276093.38082836044,2016
2016-05-26,275847.2094235697,2016
2016-05-27,275466.3193972897,2016
2016-05-30,275998.13250556786,2016
2016-05-31,273862.08577230904,2016
2016-06-01,274632.64275820774,2016
2016-06-02,274151.3881952432,2016
2016-06-03,272097.78410988476,2016
2016-06-06,272705.67198246176,2016
2016-06-07,271244.42371752433,2016
2016-06-08,270790.3478292118,2016
2016-06-09,270519.9114473245,2016
2016-06-10,270268.6227072141,2016
2016-06-13,268806.1503206392,2016
2016-06-14,266013.5907492482,2016
2016-06-15,268498.64325367636,2016
2016-06-16,269265.7011975587,2016
2016-06-17,268514.6062574103,2016
2016-06-20,268724.85559111583,2016
2016-06-21,267157.9579669647,2016
2016-06-22,268795.5422663531,2016
2016-06-23,268558.91766443243,2016
2016-06-24,269753.99133379705,2016
2016-06-27,270923.90972471936,2016
2016-06-28,271404.7449745618,2016
2016-06-29,272584.84470197745,2016
2016-06-30,272836.41134553915,2016
2016-07-01,276236.72464047186,2016
2016-07-04,274429.3446507027,2016
2016-07-05,273853.18518034497,2016
2016-07-06,272999.8092305378,2016
2016-07-07,270636.0260619476,2016
2016-07-08,270359.24610415526,2016
2016-07-11,266610.18594814383,2016
2016-07-12,265289.8677106628,2016
2016-07-13,266029.12227442255,2016
2016-07-14,263921.34088023927,2016
2016-07-15,263663.9631060051,2016
2016-07-18,263692.2818174986,2016
2016-07-19,263958.01894487685,2016
2016-07-20,264579.1776147175,2016
2016-07-21,263468.9294120028,2016
2016-07-22,262578.6312893515,2016
2016-07-25,262086.1997680457,2016
2016-07-26,261242.66828860037,2016
2016-07-27,262487.6297039235,2016
2016-07-28,264403.2507394522,2016
2016-07-29,266405.31442976766,2016
2016-08-01,266337.8874546761,2016
2016-08-02,263963.15636593313,2016
2016-08-03,266005.1772361271,2016
2016-08-04,267685.96771017107,2016
2016-08-05,266482.1562669808,2016
2016-08-08,263864.66631335486,2016
2016-08-09,262572.9848127955,2016
2016-08-10,264253.7272052703,2016
2016-08-11,263943.5890116246,2016
2016-08-12,266234.24695687136,2016
2016-08-15,267176.40517598565,2016
2016-08-16,267227.74966414867,2016
2016-08-17,267280.11331745,2016
2016-08-18,270636.79383900785,2016
2016-08-19,269124.93681395263,2016
2016-08-22,268473.69461074076,2016
2016-08-23,267590.27204245486,2016
2016-08-24,267090.87897327065,2016
2016-08-25,267258.1216081864,2016
2016-08-26,271224.63368465053,2016
2016-08-29,272755.606635891,2016
2016-08-30,273005.03594818397,2016
2016-08-31,275192.1479977777,2016
2016-09-01,277580.8794565393,2016
2016-09-02,276841.33168784255,2016
2016-09-05,279889.94917620055,2016
2016-09-06,281351.59468724637,2016
2016-09-07,279573.7516615555,2016
2016-09-08,276584.307975162,2016
2016-09-09,277099.54125038395,2016
2016-09-12,275625.20626679284,2016
2016-09-13,274922.6609228803,2016
2016-09-14,275284.8629520976,2016
2016-09-15,275848.0359124559,2016
2016-09-16,275522.822127071,2016
2016-09-19,275355.33497443,2016
2016-09-20,274297.9718182447,2016
2016-09-21,272452.25458891585,2016
2016-09-22,272339.8919989086,2016
2016-09-23,274722.2780032231,2016
2016-09-26,274807.4103448517,2016
2016-09-27,273829.5419286863,2016
2016-09-28,275300.75987771194,2016
2016-09-29,274769.6782636044,2016
2016-09-30,274645.1248949595,2016
2016-10-03,275026.0074876881,2016
2016-10-04,276750.19497858855,2016
2016-10-05,276682.6445225547,2016
2016-10-06,277795.75855709985,2016
2016-10-07,277121.35169229313,2016
2016-10-10,277677.233254108,2016
2016-10-11,276703.1608681964,2016
2016-10-12,276759.9569353772,2016
2016-10-13,277077.22163549985,2016
2016-10-14,277228.44505325635,2016
2016-10-17,275622.9326817315,2016
2016-10-18,276266.2792857286,2016
2016-10-19,277316.5106823943,2016
2016-10-20,278492.355536588,2016
2016-10-21,279069.09740378556,2016
2016-10-24,279366.43921493285,2016
2016-10-25,277922.5850519575,2016
2016-10-26,278493.6947301634,2016
2016-10-27,279345.5393973081,2016
2016-10-28,279798.2697587373,2016
2016-10-31,280318.3801272621,2016
2016-11-01,280379.4857442708,2016
2016-11-02,281655.12316394434,2016
2016-11-03,281852.2967006153,2016
2016-11-04,281344.93578454433,2016
2016-11-07,282486.56548642553,2016
2016-11-08,283607.4660590629,2016
2016-11-09,284927.501289365,2016
2016-11-10,286727.61100918625,2016
2016-11-11,285615.0477303816,2016
2016-11-14,285028.0905267255,2016
2016-11-15,285085.2807334934,2016
2016-11-16,286525.9583686632,2016
2016-11-17,287636.3035297493,2016
2016-11-18,288617.15976727405,2016
2016-11-21,286822.54184353445,2016
2016-11-22,287634.64494423545,2016
2016-11-23,287364.9937540045,2016
2016-11-24,289054.7162839982,2016
2016-11-25,287711.061172352,2016
2016-11-28,287153.71248815674,2016
2016-11-29,286794.3467392253,2016
2016-11-30,286223.3038405891,2016
2016-12-01,285328.8349291228,2016
2016-12-02,284550.38457092684,2016
2016-12-05,285284.3881769622,2016
2016-12-06,285315.82103730715,2016
2016-12-07,286255.3308104836,2016
2016-12-08,288330.2926705581,2016
2016-12-09,290991.17444778007,2016
2016-12-12,291217.91407818743,2016
2016-12-13,290975.70471348596,2016
2016-12-14,292599.12402759795,2016
2016-12-15,293577.2512423219,2016
2016-12-16,294458.0199714194,2016
2016-12-19,293422.2184233312,2016
2016-12-20,296213.2302954728,2016
2016-12-21,297706.83805444377,2016
2016-12-22,298374.4387568844,2016
2016-12-23,299008.8819559247,2016
2016-12-26,300843.46262120124,2016
2016-12-27,299192.2456483121,2016
2016-12-28,300586.96575713,2016
2016-12-29,298295.13597876177,2016
2016-12-30,301239.2393237168,2016
2017-01-02,301483.1705348901,2017
2017-01-03,300247.91972993035,2017
2017-01-04,297779.56277758273,2017
2017-01-05,298148.7264684091,2017
2017-01-06,299466.1964987969,2017
2017-01-09,297925.7231115562,2017
2017-01-10,299262.8929047805,2017
2017-01-11,296920.08436559694,2017
2017-01-12,296760.8885959391,2017
2017-01-13,298279.27922609897,2017
2017-01-16,298266.04989557003,2017
2017-01-17,298565.2154301731,2017
2017-01-18,296747.4800059791,2017
2017-01-19,294349.07698593417,2017
2017-01-20,296288.7679286753,2017
2017-01-23,293744.97508105723,2017
2017-01-24,294936.7719201514,2017
2017-01-25,294623.0558092627,2017
2017-01-26,293113.2303477401,2017
2017-01-27,290826.76338745333,2017
2017-01-30,288263.3881563937,2017
2017-01-31,291623.3511019047,2017
2017-02-01,291870.88270012644,2017
2017-02-02,291319.38829868083,2017
2017-02-03,292662.6162631815,2017
2017-02-06,294245.24492111837,2017
2017-02-07,294095.2877628373,2017
2017-02-08,294870.251350378,2017
2017-02-09,292358.81202874606,2017
2017-02-10,290981.19472836587,2017
2017-02-13,289585.2047989005,2017
2017-02-14,287211.0459897712,2017
2017-02-15,287566.8357239442,2017
2017-02-16,286511.3493319237,2017
2017-02-17,286092.63428159396,2017
2017-02-20,287337.8781722573,2017
2017-02-21,286542.9763922295,2017
2017-02-22,286153.70442520874,2017
2017-02-23,286511.0885483248,2017
2017-02-24,287248.19829557266,2017
2017-02-27,287832.87641627993,2017
2017-02-28,291610.61376149615,2017
2017-03-01,291733.78642975533,2017
2017-03-02,289331.23943591304,2017
2017-03-03,291720.75398518855,2017
2017-03-06,291661.7378063942,2017
2017-03-07,290983.0646195855,2017
2017-03-08,291607.35646377783,2017
2017-03-09,290867.0152189622,2017
2017-03-10,292685.079765314,2017
2017-03-13,300233.96667776525,2017
2017-03-14,298660.91054037795,2017
2017-03-15,302326.1149680194,2017
2017-03-16,302268.26785335166,2017
2017-03-17,298932.0050322043,2017
2017-03-20,305014.15744976175,2017
2017-03-21,309193.25767244596,2017
2017-03-22,311382.07320184086,2017
2017-03-23,314371.26951820287,2017
2017-03-24,314533.34291376825,2017
2017-03-27,318832.5290092672,2017
2017-03-28,320754.0560623349,2017
2017-03-29,315580.95668610395,2017
2017-03-30,318177.58061378123,2017
2017-03-31,313071.57407739235,2017
2017-04-03,312741.2861759127,2017
2017-04-04,309096.57943637646,2017
2017-04-05,308036.26362389524,2017
2017-04-06,310542.66487028333,2017
2017-04-07,308169.0400768565,2017
2017-04-10,304036.153529793,2017
2017-04-11,302191.41145508934,2017
2017-04-12,301865.531816112,2017
2017-04-13,302521.5195012676,2017
2017-04-14,303985.2836412523,2017
2017-04-17,303398.51826943574,2017
2017-04-18,303584.44983461115,2017
2017-04-19,303755.1382029768,2017
2017-04-20,304201.69312202756,2017
2017-04-21,303998.760901405,2017
2017-04-24,303034.57914678706,2017
2017-04-25,305405.3575327216,2017
2017-04-26,307761.4825289416,2017
2017-04-27,306331.4931614441,2017
2017-04-28,305466.32327085675,2017
2017-05-01,305653.5989771066,2017
2017-05-02,307240.21083288116,2017
2017-05-03,303487.86191260116,2017
2017-05-04,305099.25158343907,2017
2017-05-05,302857.0595885719,2017
2017-05-08,300746.1413527739,2017
2017-05-09,304400.35132466344,2017
2017-05-10,305716.03901096643,2017
2017-05-11,305026.3503344471,2017
2017-05-12,303459.1404558042,2017
2017-05-15,303800.10913869354,2017
2017-05-16,303425.4005791979,2017
2017-05-17,304622.650054646,2017
2017-05-18,302466.32274729357,2017
2017-05-19,303037.3244161109,2017
2017-05-22,304986.9919856222,2017
2017-05-23,306615.43170370173,2017
2017-05-24,306709.6424942792,2017
2017-05-25,305244.2561267277,2017
2017-05-26,305406.45110720984,2017
2017-05-29,305588.6508587608,2017
2017-05-30,307069.61753106606,2017
2017-05-31,306229.8724668083,2017
2017-06-01,305811.7781273647,2017
2017-06-02,306172.3391904704,2017
2017-06-05,304856.52687493415,2017
2017-06-06,305640.1605849053,2017
2017-06-07,306188.2568262593,2017
2017-06-08,307645.81418963795,2017
2017-06-09,311764.71085668076,2017
2017-06-12,311553.54968456336,2017
2017-06-13,309229.3972803922,2017
2017-06-14,312102.60292877763,2017
2017-06-15,312187.42600000324,2017
2017-06-16,313004.44904859026,2017
2017-06-19,312717.2453461901,2017
2017-06-20,312726.1690547565,2017
2017-06-21,313975.3339360422,2017
2017-06-22,314675.27217816643,2017
2017-06-23,309378.3814477475,2017
2017-06-26,306366.8704494353,2017
2017-06-27,305340.82785671187,2017
2017-06-28,304829.55591300066,2017
2017-06-29,307474.59201187803,2017
2017-06-30,309941.69853542466,2017
2017-07-03,311456.2397151549,2017
2017-07-04,313175.26377202844,2017
2017-07-05,314265.71255331795,2017
2017-07-06,315350.53905755136,2017
2017-07-07,317267.25665184564,2017
2017-07-10,320350.75217832497,2017
2017-07-11,320750.5557669054,2017
2017-07-12,322366.74731971533,2017
2017-07-13,323535.8968157354,2017
2017-07-14,323769.8288625288,2017
2017-07-17,325049.5993295568,2017
2017-07-18,325048.46711963054,2017
2017-07-19,326970.21792236,2017
2017-07-20,327271.17567537015,2017
2017-07-21,325995.441770229,2017
2017-07-24,325777.7830856696,2017
2017-07-25,326706.3626396603,2017
2017-07-26,323987.1150489701,2017
2017-07-27,325510.07572884206,2017
2017-07-28,327796.24441065,2017
2017-07-31,328769.20540100767,2017
2017-08-01,329737.01675320545,2017
2017-08-02,330303.12980722624,2017
2017-08-03,331485.2819893907,2017
2017-08-04,333965.5663354257,2017
2017-08-07,332795.68192301673,2017
2017-08-08,333047.9752353297,2017
2017-08-09,335146.2225292551,2017
2017-08-10,335375.2637836749,2017
2017-08-11,335537.4235256432,2017
2017-08-14,333677.7705653672,2017
2017-08-15,335200.8311387632,2017
2017-08-16,337631.59611926926,2017
2017-08-17,338078.2014229563,2017
2017-08-18,338712.23564717965,2017
2017-08-21,335699.40897060663,2017
2017-08-22,337665.21340816724,2017
2017-08-23,335292.613429853,2017
2017-08-24,335239.9779119042,2017
2017-08-25,336992.38412502257,2017
2017-08-28,336673.11191319977,2017
2017-08-29,338868.59385797975,2017
2017-08-30,339865.54915693344,2017
2017-08-31,337867.33153049636,2017
2017-09-01,339115.08101958863,2017
2017-09-04,340077.73457840097,2017
2017-09-05,338801.7752810883,2017
2017-09-06,337897.8038578633,2017
2017-09-07,339271.3813732407,2017
2017-09-08,340421.55980982544,2017
2017-09-11,341705.1244928595,2017
2017-09-12,337142.49267615884,2017
2017-09-13,333559.7137421441,2017
2017-09-14,333591.9721378039,2017
2017-09-15,334266.4833208566,2017
2017-09-18,333231.9920779048,2017
2017-09-19,331201.1464954222,2017
2017-09-20,333958.82549731457,2017
2017-09-21,339870.19124829577,2017
2017-09-22,340503.8037753389,2017
2017-09-25,341053.8758525332,2017
2017-09-26,339715.43570153794,2017
2017-09-27,337311.40023667976,2017
2017-09-28,340200.2295461424,2017
2017-09-29,340579.41253605933,2017
2017-10-02,340127.4338860357,2017
2017-10-03,343244.505583381,2017
2017-10-04,340364.348994714,2017
2017-10-05,338082.7360308683,2017
2017-10-06,342078.9381934237,2017
2017-10-09,340675.1882624281,2017
2017-10-10,342082.96422746807,2017
2017-10-11,340531.2976437814,2017
2017-10-12,340725.77088579856,2017
2017-10-13,339870.22595436045,2017
2017-10-16,341558.8932764711,2017
2017-10-17,339046.3399323729,2017
2017-10-18,338518.895782988,2017
2017-10-19,339727.3371867881,2017
2017-10-20,339359.3955104122,2017
2017-10-23,338833.04821422766,2017
2017-10-24,340675.8262003547,2017
2017-10-25,341656.25246505195,2017
2017-10-26,341585.8323661816,2017
2017-10-27,340003.6259129239,2017
2017-10-30,342757.5980432443,2017
2017-10-31,343351.08121496334,2017
2017-11-01,345233.30511885363,2017
2017-11-02,344275.13303770137,2017
2017-11-03,344350.16351535206,2017
2017-11-06,341250.98441957956,2017
2017-11-07,338659.0127417176,2017
2017-11-08,336509.52011017804,2017
2017-11-09,334129.74786272785,2017
2017-11-10,335358.0290341561,2017
2017-11-13,332860.19332745054,2017
2017-11-14,331553.78670429066,2017
2017-11-15,332447.28000497445,2017
2017-11-16,335979.04433105,2017
2017-11-17,332793.0924553516,2017
2017-11-20,333444.53238407744,2017
2017-11-21,333397.63514011493,2017
2017-11-22,335609.1949096747,2017
2017-11-23,333770.2181229519,2017
2017-11-24,335790.02553847304,2017
2017-11-27,333574.49784331024,2017
2017-11-28,334805.1187091125,2017
2017-11-29,334833.01470032753,2017
2017-11-30,333520.18485156924,2017
2017-12-01,336295.9542696113,2017
2017-12-04,341111.8028250841,2017
2017-12-05,341141.01969865395,2017
2017-12-06,340020.1806977693,2017
2017-12-07,336626.5118877365,2017
2017-12-08,339648.7951235206,2017
2017-12-11,338816.8394694572,2017
2017-12-12,336802.8733049842,2017
2017-12-13,335768.4932337523,2017
2017-12-14,335668.3189125445,2017
2017-12-15,335202.40527599084,2017
2017-12-18,335977.49885394727,2017
2017-12-19,334953.31454974005,2017
2017-12-20,333356.984949473,2017
2017-12-21,335322.7454054825,2017
2017-12-22,337093.06763668463,2017
2017-12-25,343602.64280424797,2017
2017-12-26,341179.5331008375,2017
2017-12-27,336623.15384834824,2017
2017-12-28,337038.20277106867,2017
2017-12-29,337470.4204996988,2017
2018-01-01,333867.8659934006,2018
2018-01-02,331914.85879781935,2018
2018-01-03,333940.5688860912,2018
2018-01-04,331729.3366692029,2018
2018-01-05,334031.5611255039,2018
2018-01-08,332125.32205705956,2018
2018-01-09,333979.3734717415,2018
2018-01-10,335627.6163933483,2018
2018-01-11,335735.3581247274,2018
2018-01-12,337476.5624435507,2018
2018-01-15,336635.2221191402,2018
2018-01-16,335277.20215400506,2018
2018-01-17,333609.692349696,2018
2018-01-18,332802.85047578975,2018
2018-01-19,334341.8956475072,2018
2018-01-22,331021.4471592505,2018
2018-01-23,332748.95798920986,2018
2018-01-24,332055.41553178785,2018
2018-01-25,329601.42370823375,2018
2018-01-26,328314.2020768254,2018
2018-01-29,329035.52971128584,2018
2018-01-30,328793.6213749585,2018
2018-01-31,333722.6632446934,2018
2018-02-01,333346.77009843796,2018
2018-02-02,338730.8861536082,2018
2018-02-05,339790.5068794586,2018
2018-02-06,338713.4398018234,2018
2018-02-07,339286.4844012081,2018
2018-02-08,340739.98785720445,2018
2018-02-09,344092.6865597086,2018
2018-02-12,344666.44618800073,2018
2018-02-13,344127.0973893725,2018
2018-02-14,345132.06842259166,2018
2018-02-15,343012.7377323251,2018
2018-02-16,341192.6500033255,2018
2018-02-19,340827.5135412385,2018
2018-02-20,340928.23515690357,2018
2018-02-21,340481.1321980336,2018
2018-02-22,342862.0690655132,2018
2018-02-23,343782.9011059058,2018
2018-02-26,344102.2543453001,2018
2018-02-27,341984.06329872436,2018
2018-02-28,340833.5138559291,2018
2018-03-01,339257.03662347054,2018
2018-03-02,337794.66929611587,2018
2018-03-05,336773.104576407,2018
2018-03-06,336501.21059199644,2018
2018-03-07,338734.87418944197,2018
2018-03-08,340333.17951880395,2018
2018-03-09,343303.65502453735,2018
2018-03-12,343409.87289377576,2018
2018-03-13,344516.0435536145,2018
2018-03-14,344359.2743841737,2018
2018-03-15,344408.2943530769,2018
2018-03-16,343508.7325324601,2018
2018-03-19,342732.9287375277,2018
2018-03-20,341854.67950836144,2018
2018-03-21,341614.0600286564,2018
2018-03-22,342405.4833701879,2018
2018-03-23,341794.0590997096,2018
2018-03-26,339395.90712865134,2018
2018-03-27,335624.095380486,2018
2018-03-28,338388.51385680726,2018
2018-03-29,339944.6328451407,2018
2018-03-30,343475.4727247954,2018
2018-04-02,346129.20077726385,2018
2018-04-03,348675.9045305379,2018
2018-04-04,347847.4867219695,2018
2018-04-05,349415.5712604211,2018
2018-04-06,348547.1526482244,2018
2018-04-09,347371.40723755053,2018
2018-04-10,349081.3931091076,2018
2018-04-11,349393.3305611204,2018
2018-04-12,350072.7542969128,2018
2018-04-13,350205.8612807707,2018
2018-04-16,352155.34455446375,2018
2018-04-17,349594.25895195006,2018
2018-04-18,349091.35295360076,2018
2018-04-19,348661.2315163258,2018
2018-04-20,346969.2559372551,2018
2018-04-23,347199.01633498195,2018
2018-04-24,351766.3719365244,2018
2018-04-25,350499.92901538435,2018
2018-04-26,349990.49316475505,2018
2018-04-27,350985.8898907009,2018
2018-04-30,352207.3887032845,2018
2018-05-01,349768.9512892486,2018
2018-05-02,348109.8292551528,2018
2018-05-03,343815.2122849236,2018
2018-05-04,343772.80575872574,2018
2018-05-07,344079.8131341263,2018
2018-05-08,345913.7278248564,2018
2018-05-09,344824.5522981704,2018
2018-05-10,343695.4388305319,2018
2018-05-11,342999.4992218853,2018
2018-05-14,343746.27214180346,2018
2018-05-15,345479.8712239888,2018
2018-05-16,344747.99301429745,2018
2018-05-17,343060.19366152777,2018
2018-05-18,343968.89029667096,2018
2018-05-21,344526.8870355659,2018
2018-05-22,344470.2474207126,2018
2018-05-23,343953.7586947954,2018
2018-05-24,341328.589467371,2018
2018-05-25,343695.0133955763,2018
2018-05-28,342594.26109004027,2018
2018-05-29,345942.4895726268,2018
2018-05-30,345132.2734038648,2018
2018-05-31,345530.382639525,2018
2018-06-01,342536.27050290385,2018
2018-06-04,345189.5919081763,2018
2018-06-05,343935.81576490146,2018
2018-06-06,342709.0658801517,2018
2018-06-07,341324.5860349351,2018
2018-06-08,341600.64133393264,2018
2018-06-11,341090.6621838815,2018
2018-06-12,342202.38190923113,2018
2018-06-13,340784.0402486494,2018
2018-06-14,340791.4209080972,2018
2018-06-15,340859.38929605216,2018
2018-06-18,341458.77383140253,2018
2018-06-19,339492.54828425986,2018
2018-06-20,339546.15852974623,2018
2018-06-21,337905.2414840265,2018
2018-06-22,336842.06224849646,2018
2018-06-25,338838.19095919805,2018
2018-06-26,337447.7266558638,2018
2018-06-27,337672.9376591416,2018
2018-06-28,335725.9679070638,2018
2018-06-29,335996.6543569508,2018
2018-07-02,335747.22745330574,2018
2018-07-03,331997.3759212401,2018
2018-07-04,332293.62934441626,2018
2018-07-05,330820.8017297222,2018
2018-07-06,333268.99523151614,2018
2018-07-09,331704.64485682093,2018
2018-07-10,329428.25459820667,2018
2018-07-11,328765.56040739483,2018
2018-07-12,327915.87858096283,2018
2018-07-13,329994.10819783964,2018
2018-07-16,327978.39622283145,2018
2018-07-17,328957.52727558126,2018
2018-07-18,326808.4246703844,2018
2018-07-19,325586.74092363776,2018
2018-07-20,326576.3621861278,2018
2018-07-23,325671.5696126318,2018
2018-07-24,323470.4420123314,2018
2018-07-25,323692.67071214155,2018
2018-07-26,323346.91045152413,2018
2018-07-27,324797.97783689323,2018
2018-07-30,326997.65055084415,2018
2018-07-31,329340.8352209933,2018
2018-08-01,329725.02393424965,2018
2018-08-02,331542.28994930757,2018
2018-08-03,330664.14559478953,2018
2018-08-06,328974.1698656945,2018
2018-08-07,328422.43406557676,2018
2018-08-08,328244.0508527111,2018
2018-08-09,327391.208992588,2018
2018-08-10,327462.3180026837,2018
2018-08-13,329707.7048727524,2018
2018-08-14,328794.03347415547,2018
2018-08-15,325862.3686306778,2018
2018-08-16,325759.98681120726,2018
2018-08-17,326109.60293760384,2018
2018-08-20,325218.89959428075,2018
2018-08-21,324430.33667900984,2018
2018-08-22,321792.71556652815,2018
2018-08-23,322590.700524902,2018
2018-08-24,325877.3198963011,2018
2018-08-27,325137.0755434922,2018
2018-08-28,325596.48344025144,2018
2018-08-29,324437.600631349,2018
2018-08-30,324023.9204142456,2018
2018-08-31,324646.79196604795,2018
2018-09-03,324356.0900604512,2018
2018-09-04,326128.9928307247,2018
2018-09-05,327692.528992266,2018
2018-09-06,327440.7300213733,2018
2018-09-07,326224.0260684412,2018
2018-09-10,326297.78952721105,2018
2018-09-11,328318.47816090717,2018
2018-09-12,328862.6252922634,2018
2018-09-13,328625.97338431625,2018
2018-09-14,328320.46186868084,2018
2018-09-17,330305.4590737551,2018
2018-09-18,327947.84707891615,2018
2018-09-19,330535.5232304963,2018
2018-09-20,334895.1004919106,2018
2018-09-21,336264.2996963096,2018
2018-09-24,335616.6216639545,2018
2018-09-25,334220.05536792515,2018
2018-09-26,335629.9561520215,2018
2018-09-27,337383.3212998905,2018
2018-09-28,339236.84764865565,2018
2018-10-01,337422.625771422,2018
2018-10-02,337631.0301233948,2018
2018-10-03,336046.14223343745,2018
2018-10-04,335837.6899098383,2018
2018-10-05,333734.4452098195,2018
2018-10-08,327903.9874216177,2018
2018-10-09,328066.3917128605,2018
2018-10-10,327448.46063156147,2018
2018-10-11,329751.5313586877,2018
2018-10-12,331278.5492970906,2018
2018-10-15,332774.9687359753,2018
2018-10-16,331825.5359862495,2018
2018-10-17,329804.8844519981,2018
2018-10-18,329468.6497064261,2018
2018-10-19,325881.3522229526,2018
2018-10-22,324828.75821260695,2018
2018-10-23,325581.8297326134,2018
2018-10-24,325672.65904692694,2018
2018-10-25,327874.5695045786,2018
2018-10-26,330239.4427305981,2018
2018-10-29,327967.6941971683,2018
2018-10-30,328034.2369163944,2018
2018-10-31,329698.69974272355,2018
2018-11-01,329506.4842746616,2018
2018-11-02,331621.35566581495,2018
2018-11-05,330529.5174992851,2018
2018-11-06,330074.6294187615,2018
2018-11-07,330530.07982134336,2018
2018-11-08,332558.86098159157,2018
2018-11-09,332214.39416464954,2018
2018-11-12,330141.56687198835,2018
2018-11-13,331927.1855860576,2018
2018-11-14,333120.88690561574,2018
2018-11-15,331522.4714116489,2018
2018-11-16,331430.95865279733,2018
2018-11-19,329664.6632705446,2018
2018-11-20,328035.5098309898,2018
2018-11-21,332622.82220633345,2018
2018-11-22,332246.09628625767,2018
2018-11-23,331552.79337183764,2018
2018-11-26,331393.22141434014,2018
2018-11-27,329756.36513043585,2018
2018-11-28,331111.7012577146,2018
2018-11-29,328860.12338446546,2018
2018-11-30,331220.8869231621,2018
2018-12-03,334739.5746894126,2018
2018-12-04,335345.1534184209,2018
2018-12-05,336700.7859449389,2018
2018-12-06,334120.0030348578,2018
2018-12-07,333554.1841732965,2018
2018-12-10,335089.0943946953,2018
2018-12-11,331976.441142499,2018
2018-12-12,333043.47093320143,2018
2018-12-13,329070.0773636269,2018
2018-12-14,328332.9799755168,2018
2018-12-17,331284.7849672884,2018
2018-12-18,331926.38733969786,2018
2018-12-19,324857.8581623134,2018
2018-12-20,322698.0902662201,2018
2018-12-21,322242.8328860461,2018
2018-12-24,323159.1307329269,2018
2018-12-25,321911.1893195421,2018
2018-12-26,321542.0019256712,2018
2018-12-27,322826.26959725434,2018
2018-12-28,323179.15172136965,2018
2018-12-31,323773.74868450395,2018
2019-01-01,322254.84635446,2019
2019-01-02,323101.6279298409,2019
2019-01-03,321426.11084405676,2019
2019-01-04,325401.14433482423,2019
2019-01-07,326274.04566446,2019
2019-01-08,325363.22714611783,2019
2019-01-09,325844.6779514882,2019
2019-01-10,322901.8945732615,2019
2019-01-11,327238.7403852584,2019
2019-01-14,331263.8546392945,2019
2019-01-15,328976.4066149729,2019
2019-01-16,329114.2691297196,2019
2019-01-17,326975.78645078576,2019
2019-01-18,330327.49092852,2019
2019-01-21,330185.85659907805,2019
2019-01-22,332358.45344605384,2019
2019-01-23,333274.86293288355,2019
2019-01-24,333032.4204552302,2019
2019-01-25,332803.7772853226,2019
2019-01-28,333361.52186329686,2019
2019-01-29,337481.1871823285,2019
2019-01-30,336842.66014296917,2019
2019-01-31,336187.42700074107,2019
2019-02-01,331358.3482660324,2019
2019-02-04,334943.5241173814,2019
2019-02-05,335130.69690464734,2019
2019-02-06,334885.0216929599,2019
2019-02-07,332397.8272780295,2019
2019-02-08,333887.4210619059,2019
2019-02-11,333941.6997854813,2019
2019-02-12,331593.3092901028,2019
2019-02-13,329509.92644873995,2019
2019-02-14,329491.08968377276,2019
2019-02-15,332145.69136721105,2019
2019-02-18,331587.6474807458,2019
2019-02-19,331468.8140781537,2019
2019-02-20,330484.95174811734,2019
2019-02-21,332825.7029588503,2019
2019-02-22,334037.37834435963,2019
2019-02-25,334856.3407520558,2019
2019-02-26,334304.5928377091,2019
2019-02-27,330472.8357613499,2019
2019-02-28,328536.9797088774,2019
2019-03-01,327947.9576841999,2019
2019-03-04,327610.12373072316,2019
2019-03-05,329978.83152943617,2019
2019-03-06,329729.9656771043,2019
2019-03-07,327206.83454837033,2019
2019-03-08,325426.9890701894,2019
2019-03-11,324458.11276527116,2019
2019-03-12,323324.1086003916,2019
2019-03-13,324943.1304333651,2019
2019-03-14,324496.9244405447,2019
2019-03-15,327251.52732818807,2019
2019-03-18,322426.1275455133,2019
2019-03-19,323101.37167627376,2019
2019-03-20,321404.38901565375,2019
2019-03-21,320020.83510674123,2019
2019-03-22,326062.80374860554,2019
2019-03-25,327368.1939472385,2019
2019-03-26,328628.84716092586,2019
2019-03-27,328549.9761375992,2019
2019-03-28,328891.5629642297,2019
2019-03-29,330887.4279673586,2019
2019-04-01,333093.89503571205,2019
2019-04-02,332685.732772188,2019
2019-04-03,329844.1953690741,2019
2019-04-04,326089.63634753146,2019
2019-04-05,326943.429339613,2019
2019-04-08,327442.21146321396,2019
2019-04-09,328014.32203983504,2019
2019-04-10,329829.481830054,2019
2019-04-11,329281.4015227875,2019
2019-04-12,327596.7565785173,2019
2019-04-15,328380.05928950344,2019
2019-04-16,328149.5053361073,2019
2019-04-17,328195.5250144383,2019
2019-04-18,328683.81978555094,2019
2019-04-19,327674.1253697283,2019
2019-04-22,328144.8577761804,2019
2019-04-23,327025.2872489223,2019
2019-04-24,328479.29254327685,2019
2019-04-25,329194.1861124616,2019
2019-04-26,327448.5651995777,2019
2019-04-29,327322.9352441378,2019
2019-04-30,328543.06228196685,2019
2019-05-01,329504.9461502288,2019
2019-05-02,329428.4792975425,2019
2019-05-03,329403.10296105995,2019
2019-05-06,331145.07875190995,2019
2019-05-07,329719.541479744,2019
2019-05-08,328818.3471680647,2019
2019-05-09,330032.2736376082,2019
2019-05-10,332341.20697449753,2019
2019-05-13,332626.38695832854,2019
2019-05-14,330473.5063090697,2019
2019-05-15,328610.80267341126,2019
2019-05-16,328759.491486875,2019
2019-05-17,327995.2825158298,2019
2019-05-20,329902.220039865,2019
2019-05-21,330650.1478291616,2019
2019-05-22,331859.8344712729,2019
2019-05-23,332651.1216305055,2019
2019-05-24,329911.0313215813,2019
2019-05-27,331776.12016731803,2019
2019-05-28,332528.3871681943,2019
2019-05-29,331189.26030567475,2019
2019-05-30,330265.86581462447,2019
2019-05-31,328257.17401441274,2019
2019-06-03,327780.8400640036,2019
2019-06-04,327308.0532596279,2019
2019-06-05,327640.95363941725,2019
2019-06-06,328634.47739995265,2019
2019-06-07,329333.82505345973,2019
2019-06-10,329494.5132444133,2019
2019-06-11,329730.8761133767,2019
2019-06-12,329108.9883524593,2019
2019-06-13,328904.61020134925,2019
2019-06-14,331352.9666871669,2019
2019-06-17,329911.60783955094,2019
2019-06-18,330636.42373123544,2019
2019-06-19,328398.3375778317,2019
2019-06-20,328576.79229579575,2019
2019-06-21,329575.755866328,2019
2019-06-24,330179.9223881742,2019
2019-06-25,330629.42594234296,2019
2019-06-26,329759.1031964704,2019
2019-06-27,329832.5212769101,2019
2019-06-28,329788.3777646682,2019
2019-07-01,328159.7293876294,2019
2019-07-02,328605.52631157637,2019
2019-07-03,325757.6833231894,2019
2019-07-04,326678.09025189094,2019
2019-07-05,327737.5767586414,2019
2019-07-08,329417.0593813571,2019
2019-07-09,332084.9742877466,2019
2019-07-10,332865.99447375693,2019
2019-07-11,332630.06848432287,2019
2019-07-12,331619.3661064661,2019
2019-07-15,334979.5770623779,2019
2019-07-16,334233.9579430811,2019
2019-07-17,336866.02725786145,2019
2019-07-18,334908.7789073397,2019
2019-07-19,335635.854537059,2019
2019-07-22,337741.86713741475,2019
2019-07-23,335879.9401501668,2019
2019-07-24,341227.19191600493,2019
2019-07-25,343837.09887644707,2019
2019-07-26,345761.5265065283,2019
2019-07-29,344195.62736608513,2019
2019-07-30,341765.8218733589,2019
2019-07-31,344396.6945225406,2019
2019-08-01,345747.69130254356,2019
2019-08-02,345872.6998991521,2019
2019-08-05,347156.93755369337,2019
2019-08-06,344163.31651539996,2019
2019-08-07,349497.6851312809,2019
2019-08-08,350623.94950160454,2019
2019-08-09,351983.6927627474,2019
2019-08-12,353130.43080991926,2019
2019-08-13,353279.0568214881,2019
2019-08-14,351687.08931291,2019
2019-08-15,349737.0991686264,2019
2019-08-16,350159.22708326107,2019
2019-08-19,348963.40087743406,2019
2019-08-20,350985.01603931957,2019
2019-08-21,350340.66402084916,2019
2019-08-22,352677.586268128,2019
2019-08-23,350672.34214257996,2019
2019-08-26,349519.63337639946,2019
2019-08-27,351231.91210209834,2019
2019-08-28,354162.2606153237,2019
2019-08-29,357908.76480805024,2019
2019-08-30,355462.8368695076,2019
2019-09-02,354001.1996311305,2019
2019-09-03,352779.55895075056,2019
2019-09-04,353834.2896514657,2019
2019-09-05,356333.5683217825,2019
2019-09-06,356771.4831954875,2019
2019-09-09,357648.12876808265,2019
2019-09-10,356192.05444942345,2019
2019-09-11,356022.73772706056,2019
2019-09-12,354853.6759162266,2019
2019-09-13,356018.57867206825,2019
2019-09-16,354073.555846615,2019
2019-09-17,353569.5183621501,2019
2019-09-18,353910.1228804664,2019
2019-09-19,355081.10865669785,2019
2019-09-20,352844.6274863986,2019
2019-09-23,352145.937976131,2019
2019-09-24,352110.16845600493,2019
2019-09-25,350429.7335961965,2019
2019-09-26,349632.2360923367,2019
2019-09-27,349976.9849216895,2019
2019-09-30,350476.61178203934,2019
2019-10-01,348652.07136164163,2019
2019-10-02,350456.9205595256,2019
2019-10-03,351068.55676126573,2019
2019-10-04,349953.883186082,2019
2019-10-07,349879.567779876,2019
2019-10-08,352754.1249852487,2019
2019-10-09,353969.34413429536,2019
2019-10-10,353751.9068286593,2019
2019-10-11,355298.4381448416,2019
2019-10-14,354038.38212857966,2019
2019-10-15,353183.72073575144,2019
2019-10-16,352926.766396882,2019
2019-10-17,351927.6577646783,2019
2019-10-18,353794.3239967429,2019
2019-10-21,352249.7462861906,2019
2019-10-22,352483.21821313526,2019
2019-10-23,352203.12424527213,2019
2019-10-24,352902.4232941726,2019
2019-10-25,353863.41917204426,2019
2019-10-28,354729.7215685034,2019
2019-10-29,353904.5629989588,2019
2019-10-30,353272.083029801,2019
2019-10-31,353571.42626193736,2019
2019-11-01,350921.61320653587,2019
2019-11-04,349725.4699812354,2019
2019-11-05,348351.3225083725,2019
2019-11-06,347992.2026603756,2019
2019-11-07,345755.13161855616,2019
2019-11-08,348327.3272254502,2019
2019-11-11,349974.23593674257,2019
2019-11-12,350491.9251074997,2019
2019-11-13,350016.3808050213,2019
2019-11-14,349632.0426989676,2019
2019-11-15,346913.7819444326,2019
2019-11-18,345272.4687813961,2019
2019-11-19,346067.4677119514,2019
2019-11-20,345875.9660844361,2019
2019-11-21,348073.1904966598,2019
2019-11-22,347967.29708258924,2019
2019-11-25,347961.66738855164,2019
2019-11-26,348330.2396435787,2019
2019-11-27,349817.6288988595,2019
2019-11-28,348680.3661347932,2019
2019-11-29,348020.6354871994,2019
2019-12-02,349023.68877214007,2019
2019-12-03,347632.8388225993,2019
2019-12-04,346725.21430423646,2019
2019-12-05,347899.37228257477,2019
2019-12-06,350518.6177300056,2019
2019-12-09,352171.90270145255,2019
2019-12-10,354605.38711833995,2019
2019-12-11,353405.020770263,2019
2019-12-12,356594.9488340455,2019
2019-12-13,355668.9050069775,2019
2019-12-16,356386.4055449268,2019
2019-12-17,358065.74323847983,2019
2019-12-18,357196.7621071264,2019
2019-12-19,357713.15285212436,2019
2019-12-20,356767.2944326116,2019
2019-12-23,357066.1732359251,2019
2019-12-24,357261.72506471176,2019
2019-12-25,357109.5963794119,2019
2019-12-26,356127.36014401086,2019
2019-12-27,354246.54645859555,2019
2019-12-30,354826.32456942083,2019
2019-12-31,356524.1958014694,2019
2020-01-01,360107.2783988852,2020
2020-01-02,362713.68772276246,2020
2020-01-03,363942.11618100427,2020
2020-01-06,363938.56653387885,2020
2020-01-07,362414.2644165006,2020
2020-01-08,361469.246910015,2020
2020-01-09,355863.37584293896,2020
2020-01-10,352730.70902167953,2020
2020-01-13,353789.33564939996,2020
2020-01-14,352344.65082133526,2020
2020-01-15,351197.7350623009,2020
2020-01-16,347153.0646590653,2020
2020-01-17,347258.68120500474,2020
2020-01-20,348737.1155767721,2020
2020-01-21,349164.55592961865,2020
2020-01-22,350167.21442810306,2020
2020-01-23,349720.68116303405,2020
2020-01-24,347577.0790749298,2020
2020-01-27,348223.40304368746,2020
2020-01-28,350102.93453741004,2020
2020-01-29,349369.491759865,2020
2020-01-30,351273.20904635964,2020
2020-01-31,350219.848008595,2020
2020-02-03,351275.6301273321,2020
2020-02-04,351159.0036124055,2020
2020-02-05,351321.41725225,2020
2020-02-06,349915.82055874454,2020
2020-02-07,348812.1698217861,2020
2020-02-10,349670.70962014527,2020
2020-02-11,349161.58055834053,2020
2020-02-12,348854.84297606535,2020
2020-02-13,353302.66636223515,2020
2020-02-14,354018.1890539291,2020
2020-02-17,350695.4105867886,2020
2020-02-18,350083.26086603,2020
2020-02-19,341506.2413064785,2020
2020-02-20,347030.0584183606,2020
2020-02-21,344868.8972034581,2020
2020-02-24,326906.970128304,2020
2020-02-25,324649.02051538794,2020
2020-02-26,323741.3917063718,2020
2020-02-27,326712.95785550267,2020
2020-02-28,323211.49357165827,2020
2020-03-02,326920.85935451137,2020
2020-03-03,326169.78175592073,2020
2020-03-04,328808.92986344104,2020
2020-03-05,329470.7342046187,2020
2020-03-06,341744.5616604113,2020
2020-03-09,339717.9138283611,2020
2020-03-10,337949.7531241035,2020
2020-03-11,333528.3845013813,2020
2020-03-12,336428.1154742037,2020
2020-03-13,334012.73052383517,2020
2020-03-16,334732.0149960093,2020
2020-03-17,330696.8362849867,2020
2020-03-18,331653.9362738285,2020
2020-03-19,325753.5212313512,2020
2020-03-20,325186.53479574405,2020
2020-03-23,322472.7851261464,2020
2020-03-24,321671.92802757135,2020
2020-03-25,320078.5096234231,2020
2020-03-26,321477.86430181045,2020
2020-03-27,320706.6073169969,2020
2020-03-30,322899.89783271606,2020
2020-03-31,324295.99889222963,2020
2020-04-01,324713.5075745978,2020
2020-04-02,325107.63727517845,2020
2020-04-03,326387.90639468515,2020
2020-04-06,327652.3382227939,2020
2020-04-07,328203.2906501981,2020
2020-04-08,330493.96991435136,2020
2020-04-09,330394.7973439015,2020
2020-04-10,329851.7580833847,2020
2020-04-13,329925.9250578026,2020
2020-04-14,331537.88251133903,2020
2020-04-15,330756.0594020018,2020
2020-04-16,331035.3673237621,2020
2020-04-17,330838.8669057137,2020
2020-04-20,329494.60709161457,2020
2020-04-21,328726.46155041,2020
2020-04-22,328031.1591189492,2020
2020-04-23,328267.849184248,2020
2020-04-24,328382.8641878291,2020
2020-04-27,326975.68114947085,2020
2020-04-28,328124.47266489896,2020
2020-04-29,327186.31288260786,2020
2020-04-30,326996.12797459634,2020
2020-05-01,326572.61653078854,2020
2020-05-04,326844.71174148447,2020
2020-05-05,328386.01857591374,2020
2020-05-06,330335.7287329347,2020
2020-05-07,330266.6095328224,2020
2020-05-08,330680.94012043986,2020
2020-05-11,331860.78504551586,2020
2020-05-12,333484.48459756176,2020
2020-05-13,334450.9801798566,2020
2020-05-14,332754.74072000553,2020
2020-05-15,333543.6010423632,2020
2020-05-18,332712.71779182216,2020
2020-05-19,331589.9616981703,2020
2020-05-20,332476.50174587074,2020
2020-05-21,332471.75868085306,2020
2020-05-22,334496.86382795847,2020
2020-05-25,334334.14718197146,2020
2020-05-26,334890.5179117315,2020
2020-05-27,334057.89399536164,2020
2020-05-28,333836.7510036994,2020
2020-05-29,330029.94036262156,2020
2020-06-01,333417.3700116152,2020
2020-06-02,334855.01473186316,2020
2020-06-03,336191.5050979312,2020
2020-06-04,338566.1288375444,2020
2020-06-05,336016.0100515577,2020
2020-06-08,335523.5275927973,2020
2020-06-09,335515.59400949127,2020
2020-06-10,337377.29850217374,2020
2020-06-11,338364.1601992388,2020
2020-06-12,338130.3207387169,2020
2020-06-15,338572.3458514424,2020
2020-06-16,338211.06542044407,2020
2020-06-17,340100.6364937159,2020
2020-06-18,341629.70197173004,2020
2020-06-19,342628.48240993277,2020
2020-06-22,341809.26917626767,2020
2020-06-23,342521.68504947994,2020
2020-06-24,344655.2411495652,2020
2020-06-25,343802.12443230633,2020
2020-06-26,343992.14311508974,2020
2020-06-29,343141.7662349396,2020
2020-06-30,344275.57121002953,2020
2020-07-01,345682.4310641737,2020
2020-07-02,345182.8717582817,2020
2020-07-03,347027.44829177455,2020
2020-07-06,349581.75848453655,2020
2020-07-07,351512.59471932624,2020
2020-07-08,351248.12196746503,2020
2020-07-09,350217.2137306591,2020
2020-07-10,352390.0311607402,2020
2020-07-13,350647.55170594924,2020
2020-07-14,349992.0198634082,2020
2020-07-15,350038.3749638948,2020
2020-07-16,350142.51844224194,2020
2020-07-17,349100.4319554162,2020
2020-07-20,348143.0952886591,2020
2020-07-21,348322.72303234716,2020
2020-07-22,349978.8665411909,2020
2020-07-23,347736.26844242594,2020
2020-07-24,346931.52636173833,2020
2020-07-27,347370.1789390836,2020
2020-07-28,347464.6204701433,2020
2020-07-29,348161.81311694137,2020
2020-07-30,348480.5422287629,2020
2020-07-31,349268.99089043436,2020
2020-08-03,350219.35798773007,2020
2020-08-04,349637.5115851753,2020
2020-08-05,350074.21507008665,2020
2020-08-06,348422.6339065836,2020
2020-08-07,349956.5407506345,2020
2020-08-10,348756.9127415404,2020
2020-08-11,349244.2934099556,2020
2020-08-12,350035.4163950234,2020
2020-08-13,349835.37969903526,2020
2020-08-14,351495.4997154452,2020
2020-08-17,349295.88425255567,2020
2020-08-18,348389.0831180791,2020
2020-08-19,348435.4827960864,2020
2020-08-20,349803.94332260825,2020
2020-08-21,348319.68302115385,2020
2020-08-24,348521.69636075856,2020
2020-08-25,347608.8050409707,2020
2020-08-26,348804.87583417847,2020
2020-08-27,350929.83377488714,2020
2020-08-28,348099.6354145085,2020
2020-08-31,346087.1086389142,2020
2020-09-01,345031.6199006867,2020
2020-09-02,343735.39474713086,2020
2020-09-03,341197.72122937255,2020
2020-09-04,339864.82212018105,2020
2020-09-07,337456.80768156826,2020
2020-09-08,337783.65722609777,2020
2020-09-09,340235.2059480719,2020
2020-09-10,337928.01428300317,2020
2020-09-11,335147.20996698155,2020
2020-09-14,335413.5901434381,2020
2020-09-15,335394.0436006821,2020
2020-09-16,334310.1746922277,2020
2020-09-17,333396.26399121154,2020
2020-09-18,332496.69763778686,2020
2020-09-21,330283.79093443597,2020
2020-09-22,326668.3308558547,2020
2020-09-23,328432.93755660456,2020
2020-09-24,329473.5776420509,2020
2020-09-25,328749.43192040245,2020
2020-09-28,330444.6556852041,2020
2020-09-29,328899.81154606445,2020
2020-09-30,331267.0356903065,2020
2020-10-01,330669.26803375105,2020
2020-10-02,331961.39560075826,2020
2020-10-05,331708.21041045396,2020
2020-10-06,332524.4637459037,2020
2020-10-07,330012.2962550388,2020
2020-10-08,331468.744312181,2020
2020-10-09,332150.7092437898,2020
2020-10-12,334002.7836855065,2020
2020-10-13,334630.86488530587,2020
2020-10-14,332889.34798592876,2020
2020-10-15,332559.7588662284,2020
2020-10-16,332466.94298623456,2020
2020-10-19,333488.7276259257,2020
2020-10-20,332536.9142711665,2020
2020-10-21,332223.3561955276,2020
2020-10-22,332199.9818940223,2020
2020-10-23,330975.56690517045,2020
2020-10-26,328645.3368381823,2020
2020-10-27,329115.93271146214,2020
2020-10-28,329950.60722932627,2020
2020-10-29,327927.27034099784,2020
2020-10-30,329318.04976881767,2020
2020-11-02,331785.9371790668,2020
2020-11-03,331600.1746087269,2020
2020-11-04,331415.3678688228,2020
2020-11-05,332464.9973784093,2020
2020-11-06,334205.9550948035,2020
2020-11-09,334334.54975126864,2020
2020-11-10,334309.4092656372,2020
2020-11-11,335670.1624691759,2020
2020-11-12,333329.48299981724,2020
2020-11-13,333600.9386501245,2020
2020-11-16,333685.1645252326,2020
2020-11-17,335381.417278992,2020
2020-11-18,336594.23563362955,2020
2020-11-19,337905.98186022777,2020
2020-11-20,338372.276436295,2020
2020-11-23,337056.63947120507,2020
2020-11-24,338088.98995103705,2020
2020-11-25,339607.99090245424,2020
2020-11-26,338115.7222590968,2020
2020-11-27,337696.982221287,2020
2020-11-30,337210.283112408,2020
2020-12-01,337897.2923566213,2020
2020-12-02,339978.08605635294,2020
2020-12-03,337959.70139476354,2020
2020-12-04,338539.01620386133,2020
2020-12-07,339637.1811276508,2020
2020-12-08,340639.90260956343,2020
2020-12-09,339205.50785172655,2020
2020-12-10,340472.54056742496,2020
2020-12-11,341246.7870643466,2020
2020-12-14,341471.37498351216,2020
2020-12-15,344292.49660971365,2020
2020-12-16,343588.33377327735,2020
2020-12-17,342667.0014412105,2020
2020-12-18,345865.29192772746,2020
2020-12-21,342610.1780501245,2020
2020-12-22,339008.8064389751,2020
2020-12-23,337760.47298473807,2020
2020-12-24,340306.67096877494,2020
2020-12-25,341480.80175516795,2020
2020-12-28,339358.55115508277,2020
2020-12-29,340221.8752040641,2020
2020-12-30,337000.1684809569,2020
2020-12-31,335434.7185186446,2020
2021-01-01,336333.704269077,2021
2021-01-04,338742.900732222,2021
2021-01-05,337695.8569060712,2021
2021-01-06,336521.261177656,2021
2021-01-07,334824.87769024726,2021
2021-01-08,335054.1360357709,2021
2021-01-11,333911.6030419362,2021
2021-01-12,330734.593972847,2021
2021-01-13,331299.96627996245,2021
2021-01-14,333021.9324363477,2021
2021-01-15,334499.0759955136,2021
2021-01-18,333748.7093303492,2021
2021-01-19,334001.2907352032,2021
2021-01-20,332748.50619373715,2021
2021-01-21,333151.2425025018,2021
2021-01-22,335905.46337564546,2021
2021-01-25,335251.2376371573,2021
2021-01-26,337144.837753306,2021
2021-01-27,338536.21769363876,2021
2021-01-28,338998.6569807322,2021
2021-01-29,336712.443856829,2021
2021-02-01,340400.35520970164,2021
2021-02-02,339254.09417077235,2021
2021-02-03,339605.9539769563,2021
2021-02-04,338224.5945215877,2021
2021-02-05,339136.79948443896,2021
2021-02-08,340760.6167651111,2021
2021-02-09,339698.62424021197,2021
2021-02-10,342177.7618011952,2021
2021-02-11,343672.2835017047,2021
2021-02-12,342268.6731098474,2021
2021-02-15,342662.0596582901,2021
2021-02-16,341470.8984698647,2021
2021-02-17,339386.7651967175,2021
2021-02-18,339546.9719797954,2021
2021-02-19,339522.97510470846,2021
2021-02-22,342181.00652519293,2021
2021-02-23,342967.0909058467,2021
2021-02-24,342519.56504311285,2021
2021-02-25,343049.5629371392,2021
2021-02-26,343622.3018125022,2021
2021-03-01,341594.24300832103,2021
2021-03-02,341289.63945035526,2021
2021-03-03,340391.98632304836,2021
2021-03-04,343044.5340506297,2021
2021-03-05,342410.9900195907,2021
2021-03-08,340806.828035158,2021
2021-03-09,340370.0109496873,2021
2021-03-10,338974.41526067804,2021
2021-03-11,338533.7029402504,2021
2021-03-12,337655.39615265117,2021
2021-03-15,336265.4301098606,2021
2021-03-16,337138.30086378957,2021
2021-03-17,340586.7376536329,2021
2021-03-18,339311.3903783655,2021
2021-03-19,340601.1537250861,2021
2021-03-22,340158.89630315703,2021
2021-03-23,339444.02907159424,2021
2021-03-24,336601.8035279425,2021
2021-03-25,336415.0854008914,2021
2021-03-26,335081.0346426991,2021
2021-03-29,334994.2915975733,2021
2021-03-30,335829.9274050676,2021
2021-03-31,336035.1924061054,2021
2021-04-01,335637.55150891223,2021
2021-04-02,333801.1744940344,2021
2021-04-05,333319.8847128763,2021
2021-04-06,332801.62329568726,2021
2021-04-07,332969.07319250714,2021
2021-04-08,333332.54352851445,2021
2021-04-09,333264.50259634585,2021
2021-04-12,332937.3247069677,2021
2021-04-13,331785.30624783563,2021
2021-04-14,330430.61166623904,2021
2021-04-15,329251.6864075201,2021
2021-04-16,328581.935953558,2021
2021-04-19,327120.65673126286,2021
2021-04-20,327470.0428677497,2021
2021-04-21,326980.94988734426,2021
2021-04-22,325613.79440978554,2021
2021-04-23,326558.91365709837,2021
2021-04-26,326347.7168911091,2021
2021-04-27,327015.38164572365,2021
2021-04-28,327425.9125262607,2021
2021-04-29,328786.11333520076,2021
2021-04-30,328831.7905932552,2021
2021-05-03,329529.17001481145,2021
2021-05-04,328288.9906836393,2021
2021-05-05,328053.02065143944,2021
2021-05-06,328556.19062169304,2021
2021-05-07,328539.03111594886,2021
2021-05-10,328323.9396288649,2021
2021-05-11,328897.89151158696,2021
2021-05-12,328243.1127951449,2021
2021-05-13,327832.3138046664,2021
2021-05-14,328299.85825033195,2021
2021-05-17,327130.0197170449,2021
2021-05-18,327547.60973269807,2021
2021-05-19,329408.20638025773,2021
2021-05-20,331074.9411846581,2021
2021-05-21,330560.34559802536,2021
2021-05-24,329874.37385606475,2021
2021-05-25,330568.0986215422,2021
2021-05-26,329940.6244396233,2021
2021-05-27,330288.1661051924,2021
2021-05-28,330905.9779099494,2021
2021-05-31,331704.1639900696,2021
2021-06-01,331421.76473827014,2021
2021-06-02,331021.43847535236,2021
2021-06-03,331800.2605668601,2021
2021-06-04,331394.65363834973,2021
2021-06-07,330880.5737729443,2021
2021-06-08,331069.14952226356,2021
2021-06-09,331340.56978977076,2021
2021-06-10,333481.89933768904,2021
2021-06-11,334339.91284864856,2021
2021-06-14,336894.1926158449,2021
2021-06-15,337264.7412242264,2021
2021-06-16,337069.32254534704,2021
2021-06-17,334289.29423342564,2021
2021-06-18,337076.28951643384,2021
2021-06-21,335358.3201052499,2021
2021-06-22,335776.8844089558,2021
2021-06-23,337263.9865414739,2021
2021-06-24,334894.27055891266,2021
2021-06-25,337095.3687645154,2021
2021-06-28,335755.82758126163,2021
2021-06-29,335480.0435884759,2021
2021-06-30,335487.20561908826,2021
2021-07-01,336915.1501460071,2021
2021-07-02,336401.5181397068,2021
2021-07-05,338572.93328134937,2021
2021-07-06,339059.32492730767,2021
2021-07-07,337555.4961557354,2021
2021-07-08,336350.6962459268,2021
2021-07-09,335659.6961498384,2021
2021-07-12,335299.51649744005,2021
2021-07-13,336038.6994266284,2021
2021-07-14,336069.4541925142,2021
2021-07-15,337018.5945366217,2021
2021-07-16,339171.5099728815,2021
2021-07-19,339571.38520451443,2021
2021-07-20,339680.16009990615,2021
2021-07-21,342065.11106683506,2021
2021-07-22,342438.17695184203,2021
2021-07-23,343348.37457068043,2021
2021-07-26,343498.7222252463,2021
2021-07-27,343079.3460704982,2021
2021-07-28,345399.8859686255,2021
2021-07-29,344890.00125949236,2021
2021-07-30,344985.38820747845,2021
2021-08-02,344308.94782948296,2021
2021-08-03,344233.4714206586,2021
2021-08-04,345284.42978484085,2021
2021-08-05,345035.6706968044,2021
2021-08-06,345483.7851497941,2021
2021-08-09,344821.1105455818,2021
2021-08-10,345902.27519428823,2021
2021-08-11,345225.44178950303,2021
2021-08-12,344502.1108453734,2021
2021-08-13,346157.11706922564,2021
2021-08-16,346157.03087791393,2021
2021-08-17,345169.7761896941,2021
2021-08-18,345098.6758042021,2021
2021-08-19,345614.86964846373,2021
2021-08-20,345439.5555449584,2021
2021-08-23,344419.10382877936,2021
2021-08-24,344408.22308762604,2021
2021-08-25,345645.62578405376,2021
2021-08-26,345546.4185644522,2021
2021-08-27,345093.88021981897,2021
2021-08-30,345682.7644148176,2021
2021-08-31,346866.03302391374,2021
2021-09-01,347449.95368800417,2021
2021-09-02,347562.7455017433,2021
2021-09-03,348661.5531816691,2021
2021-09-06,349075.61006427195,2021
2021-09-07,346939.02668114763,2021
2021-09-08,348453.4153683408,2021
2021-09-09,348318.7909476169,2021
2021-09-10,351389.64876289386,2021
2021-09-13,352281.2557971149,2021
2021-09-14,352310.0348842832,2021
2021-09-15,351849.45859867707,2021
2021-09-16,352598.0249482169,2021
2021-09-17,355612.3681998416,2021
2021-09-20,355687.36137754575,2021
2021-09-21,356249.0069220692,2021
2021-09-22,356382.3651171023,2021
2021-09-23,355444.4643973101,2021
2021-09-24,358640.90575723874,2021
2021-09-27,359561.20164223574,2021
2021-09-28,359902.2721755402,2021
2021-09-29,358858.6730895599,2021
2021-09-30,355973.3497016571,2021
2021-10-01,355836.6007285813,2021
2021-10-04,356767.0388595689,2021
2021-10-05,354747.3715947601,2021
2021-10-06,352367.030754387,2021
2021-10-07,353484.16464133316,2021
2021-10-08,351922.49273859523,2021
2021-10-11,352947.45625629474,2021
2021-10-12,354134.53036880645,2021
2021-10-13,354743.4148276112,2021
2021-10-14,354421.682223154,2021
2021-10-15,353912.650662598,2021
2021-10-18,354653.02605808765,2021
2021-10-19,355986.7081318602,2021
2021-10-20,354173.22847611894,2021
2021-10-21,356973.83050537825,2021
2021-10-22,357762.14514342777,2021
2021-10-25,359016.30499812757,2021
2021-10-26,359185.3478117758,2021
2021-10-27,362035.91302453424,2021
2021-10-28,364634.8965851506,2021
2021-10-29,368450.7377712183,2021
2021-11-01,371660.56106401887,2021
2021-11-02,374730.51582397294,2021
2021-11-03,376726.7376920036,2021
2021-11-04,377856.2678279097,2021
2021-11-05,376485.1492826338,2021
2021-11-08,375721.62601874524,2021
2021-11-09,375716.07350311894,2021
2021-11-10,375032.4699634359,2021
2021-11-11,373029.53948065394,2021
2021-11-12,372271.9393580571,2021
2021-11-15,373755.5414461772,2021
2021-11-16,376710.4966969654,2021
2021-11-17,378113.2807708421,2021
2021-11-18,379993.47792609397,2021
2021-11-19,378830.54725710704,2021
2021-11-22,382489.0117385767,2021
2021-11-23,380986.0303114603,2021
2021-11-24,383700.6455656663,2021
2021-11-25,385518.1172686288,2021
2021-11-26,384759.7004624354,2021
2021-11-29,385770.09828407026,2021
2021-11-30,386295.7908823935,2021
2021-12-01,387312.2907609494,2021
2021-12-02,387601.57278338657,2021
2021-12-03,388685.6099994986,2021
2021-12-06,388233.74718984304,2021
2021-12-07,385738.8586259792,2021
2021-12-08,384591.6383320793,2021
2021-12-09,386396.90356583137,2021
2021-12-10,384687.9103486466,2021
2021-12-13,387052.2803438909,2021
2021-12-14,386285.23791121575,2021
2021-12-15,384259.15025579,2021
2021-12-16,384715.4356611185,2021
2021-12-17,385720.42088505684,2021
2021-12-20,387105.69504138094,2021
2021-12-21,388123.79731032933,2021
2021-12-22,390410.1365992725,2021
2021-12-23,388553.36382081406,2021
2021-12-24,391961.69995710975,2021
2021-12-27,392556.4821697365,2021
2021-12-28,393281.77414532704,2021
2021-12-29,392022.7427759485,2021
2021-12-30,391626.80587442825,2021
2021-12-31,391545.5330991306,2021
2022-01-03,390472.69162504,2022
2022-01-04,390907.2723692844,2022
2022-01-05,392269.79674114,2022
2022-01-06,391225.54045550444,2022
2022-01-07,389658.58766357217,2022
2022-01-10,389272.5356448144,2022
2022-01-11,388882.7383929811,2022
2022-01-12,388830.4416082925,2022
2022-01-13,389575.33572846884,2022
2022-01-14,390730.5672673497,2022
2022-01-17,390714.2796151161,2022
2022-01-18,391366.82063012273,2022
2022-01-19,391547.7153435506,2022
2022-01-20,391909.50171391375,2022
2022-01-21,392437.76834732306,2022
2022-01-24,391851.6261940788,2022
2022-01-25,392513.659391259,2022
2022-01-26,393181.1847431095,2022
2022-01-27,394453.12489745696,2022
2022-01-28,394576.9536094664,2022
2022-01-31,395261.92888404464,2022
2022-02-01,396358.8220569345,2022
2022-02-02,393408.737719983,2022
2022-02-03,392686.1267293637,2022
2022-02-04,391581.1721128968,2022
2022-02-07,391948.7217448459,2022
2022-02-08,392353.17268295854,2022
2022-02-09,393703.7107004202,2022
2022-02-10,392588.65310438635,2022
2022-02-11,389463.77382967377,2022
2022-02-14,390210.5355867585,2022
2022-02-15,390205.06628120446,2022
2022-02-16,391273.751379618,2022
2022-02-17,390817.99747853715,2022
2022-02-18,389048.61580704746,2022
2022-02-21,393153.7031283475,2022
2022-02-22,394976.5373960201,2022
2022-02-23,393409.16688829707,2022
2022-02-24,394433.51984942134,2022
2022-02-25,392612.4657175264,2022
2022-02-28,392315.9360329717,2022
2022-03-01,392538.4148936689,2022
2022-03-02,393967.1853830108,2022
2022-03-03,393366.8468815218,2022
2022-03-04,396048.58333029057,2022
2022-03-07,394384.0782643277,2022
2022-03-08,395325.8639608213,2022
2022-03-09,393218.05410452164,2022
2022-03-10,394078.5089172302,2022
2022-03-11,391742.83153267426,2022
2022-03-14,393888.06575181556,2022
2022-03-15,397064.3841335309,2022
2022-03-16,400128.1416617513,2022
2022-03-17,400012.44756643707,2022
2022-03-18,401019.03476570174,2022
2022-03-21,400906.18428808986,2022
2022-03-22,402005.98575835174,2022
2022-03-23,400791.22020855965,2022
2022-03-24,400219.7275086215,2022
2022-03-25,401993.02899846784,2022
2022-03-28,402942.1471805953,2022
2022-03-29,401818.79938003805,2022
2022-03-30,403191.5339820824,2022
2022-03-31,407711.7917198873,2022
2022-04-01,410454.9203402952,2022
2022-04-04,410331.39260805515,2022
2022-04-05,412352.18332835333,2022
2022-04-06,413371.2578783466,2022
2022-04-07,413588.50952216535,2022
2022-04-08,410917.1319946708,2022
2022-04-11,410106.23787013517,2022
2022-04-12,411275.2975657571,2022
2022-04-13,407742.47018379456,2022
2022-04-14,406291.7073100644,2022
2022-04-15,405788.86803598434,2022
2022-04-18,407758.3377297074,2022
2022-04-19,407244.1148161924,2022
2022-04-20,410908.08875768085,2022
2022-04-21,411841.4626947258,2022
2022-04-22,411908.7127324118,2022
2022-04-25,409896.43170432217,2022
2022-04-26,410913.2990587519,2022
2022-04-27,414143.6507488143,2022
2022-04-28,416892.99769088684,2022
2022-04-29,417269.0637590101,2022
2022-05-02,418257.17839664104,2022
2022-05-03,417544.46976798103,2022
2022-05-04,423061.1204499109,2022
2022-05-05,423883.7479194297,2022
2022-05-06,424647.8134673832,2022
2022-05-09,424372.68415814056,2022
2022-05-10,425494.06911198096,2022
2022-05-11,425666.8355699036,2022
2022-05-12,425528.77320565004,2022
2022-05-13,424424.4451306963,2022
2022-05-16,426244.1918044499,2022
2022-05-17,424421.2455770483,2022
2022-05-18,422037.7768892682,2022
2022-05-19,423261.96351956355,2022
2022-05-20,422480.57962835685,2022
2022-05-23,423440.80503665935,2022
2022-05-24,419687.5219776825,2022
2022-05-25,419883.1074630517,2022
2022-05-26,417355.0777238165,2022
2022-05-27,418956.91782539163,2022
2022-05-30,415452.4241323697,2022
2022-05-31,415105.0655336884,2022
2022-06-01,412189.9672707658,2022
2022-06-02,411941.80691839755,2022
2022-06-03,412951.1128629331,2022
2022-06-06,415424.2541844568,2022
2022-06-07,412498.3430000104,2022
2022-06-08,417008.3482279578,2022
2022-06-09,415037.7152164696,2022
2022-06-10,411806.3325378938,2022
2022-06-13,415461.49353732483,2022
2022-06-14,412220.5324470755,2022
2022-06-15,411889.34194867936,2022
2022-06-16,413176.9178354965,2022
2022-06-17,411040.4116389253,2022
2022-06-20,407026.64324164274,2022
2022-06-21,404908.1647480844,2022
2022-06-22,409104.6580122944,2022
2022-06-23,409007.43067759846,2022
2022-06-24,410786.4266661289,2022
2022-06-27,410183.17080723005,2022
2022-06-28,410876.702300141,2022
2022-06-29,414054.63654826593,2022
2022-06-30,415291.81986308674,2022
2022-07-01,417895.8053067456,2022
2022-07-04,418657.00653806614,2022
2022-07-05,418772.65950274986,2022
2022-07-06,417063.9314221407,2022
2022-07-07,417312.11794805643,2022
2022-07-08,414411.44337285537,2022
2022-07-11,420390.8391060157,2022
2022-07-12,427490.11230784125,2022
2022-07-13,425179.4196214886,2022
2022-07-14,426981.7586219316,2022
2022-07-15,428701.36625576665,2022
2022-07-18,430653.22964668757,2022
2022-07-19,431957.18506802496,2022
2022-07-20,428993.7449287163,2022
2022-07-21,427780.567795722,2022
2022-07-22,426782.0705480304,2022
2022-07-25,430748.4020609652,2022
2022-07-26,435461.9570506746,2022
2022-07-27,440755.06897663756,2022
2022-07-28,439097.81784209626,2022
2022-07-29,443321.38988788606,2022
2022-08-01,444266.01393309626,2022
2022-08-02,447537.9091715521,2022
2022-08-03,446526.75311608263,2022
2022-08-04,446747.44465757697,2022
2022-08-05,452125.02670577104,2022
2022-08-08,454329.12395676377,2022
2022-08-09,455547.3973312997,2022
2022-08-10,457017.7236525983,2022
2022-08-11,453734.9778506477,2022
2022-08-12,453531.68707892444,2022
2022-08-15,455123.29748443025,2022
2022-08-16,457124.2961199311,2022
2022-08-17,452643.59246051084,2022
2022-08-18,457351.64610972477,2022
2022-08-19,457319.9113533526,2022
2022-08-22,457646.5569008864,2022
2022-08-23,456090.86531528324,2022
2022-08-24,455715.84219068463,2022
2022-08-25,455044.9974673572,2022
2022-08-26,455426.38404861884,2022
2022-08-29,456069.6792789691,2022
2022-08-30,458187.7052336525,2022
2022-08-31,455500.4148462287,2022
2022-09-01,454096.1501718457,2022
2022-09-02,458697.838948729,2022
2022-09-05,455676.30245673953,2022
2022-09-06,455518.9701831682,2022
2022-09-07,453603.20708598325,2022
2022-09-08,453368.56311177847,2022
2022-09-09,452887.19188832934,2022
2022-09-12,446659.9249980844,2022
2022-09-13,449762.4587893505,2022
2022-09-14,449770.93345895037,2022
2022-09-15,448956.8676315117,2022
2022-09-16,449552.06854681496,2022
2022-09-19,450464.59763088264,2022
2022-09-20,450272.1475584057,2022
2022-09-21,451286.28341870016,2022
2022-09-22,454112.8270923759,2022
2022-09-23,451169.22264176636,2022
2022-09-26,449078.3136479278,2022
2022-09-27,448022.54569888423,2022
2022-09-28,449874.1041141556,2022
2022-09-29,450512.1590565167,2022
2022-09-30,446545.2181624231,2022
2022-10-03,445726.3918505072,2022
2022-10-04,447942.7095190175,2022
2022-10-05,445816.23707782215,2022
2022-10-06,446812.619963816,2022
2022-10-07,448283.6562204655,2022
2022-10-10,450156.85506911133,2022
2022-10-11,448590.17859641754,2022
2022-10-12,448609.50874432805,2022
2022-10-13,445941.7007515153,2022
2022-10-14,444660.2744541071,2022
2022-10-17,445273.97973032633,2022
2022-10-18,443587.1762890303,2022
2022-10-19,443607.78899953834,2022
2022-10-20,443902.5994617351,2022
2022-10-21,442241.2907068429,2022
2022-10-24,442037.089424879,2022
2022-10-25,440982.4910092785,2022
2022-10-26,438293.78470094164,2022
2022-10-27,436750.19158977544,2022
2022-10-28,437490.3668339391,2022
2022-10-31,436449.7414108836,2022
2022-11-01,441538.3671767459,2022
2022-11-02,442913.0145795937,2022
2022-11-03,445190.48270893795,2022
2022-11-04,447246.3210998805,2022
2022-11-07,443978.78836291446,2022
2022-11-08,442029.12489712826,2022
2022-11-09,438530.0304511522,2022
2022-11-10,439532.0681391857,2022
2022-11-11,436351.552808289,2022
2022-11-14,439874.6596450944,2022
2022-11-15,443223.45097718795,2022
2022-11-16,444081.6071173964,2022
2022-11-17,439053.18119741493,2022
2022-11-18,440343.3062904154,2022
2022-11-21,442473.03891931847,2022
2022-11-22,444933.99306424183,2022
2022-11-23,441058.6154912373,2022
2022-11-24,439186.5926902098,2022
2022-11-25,434794.2662290972,2022
2022-11-28,434015.09628903185,2022
2022-11-29,437199.14118836087,2022
2022-11-30,441623.52496208687,2022
2022-12-01,441885.3911285701,2022
2022-12-02,447364.8174370561,2022
2022-12-05,446075.07578023203,2022
2022-12-06,447384.3006161572,2022
2022-12-07,446538.14396060887,2022
2022-12-08,445399.6959995103,2022
2022-12-09,446513.0312106506,2022
2022-12-12,446704.8289144815,2022
2022-12-13,446760.91314336914,2022
2022-12-14,446559.82796748064,2022
2022-12-15,448788.2389952387,2022
2022-12-16,451050.06760159455,2022
2022-12-19,450920.2127725262,2022
2022-12-20,451737.1584218513,2022
2022-12-21,455290.8206409427,2022
2022-12-22,453725.7092890692,2022
2022-12-23,451448.42708334496,2022
2022-12-26,452768.76376185473,2022
2022-12-27,454108.0396754918,2022
2022-12-28,454745.73470467486,2022
2022-12-29,450958.8393736453,2022
2022-12-30,451171.282996563,2022
2023-01-02,451799.9226402614,2023
2023-01-03,451982.70032893383,2023
2023-01-04,451264.6380243791,2023
2023-01-05,454093.6657353832,2023
2023-01-06,450873.7172000494,2023
2023-01-09,449663.24453180237,2023
2023-01-10,455407.2399942241,2023
2023-01-11,452278.7484127974,2023
2023-01-12,453110.4982401759,2023
2023-01-13,453964.06160194386,2023
2023-01-16,454741.4734819179,2023
2023-01-17,454757.2309815852,2023
2023-01-18,453653.5010186459,2023
2023-01-19,450631.13889359287,2023
2023-01-20,452205.3297019124,2023
2023-01-23,452896.2403156404,2023
2023-01-24,453990.7016980154,2023
2023-01-25,447885.4404040776,2023
2023-01-26,451780.49925188004,2023
2023-01-27,457923.2406210031,2023
2023-01-30,458924.9050545803,2023
2023-01-31,458647.1080820171,2023
2023-02-01,461933.9688416791,2023
2023-02-02,464594.7676323318,2023
2023-02-03,469088.35097288404,2023
2023-02-06,467458.39611900545,2023
2023-02-07,466352.4779437046,2023
2023-02-08,467579.95536637114,2023
2023-02-09,470460.1025077215,2023
2023-02-10,475118.5019046366,2023
2023-02-13,476521.0284536343,2023
2023-02-14,480655.12944962626,2023
2023-02-15,476414.4924461914,2023
2023-02-16,472128.0096122042,2023
2023-02-17,472470.08198313566,2023
2023-02-20,473017.4160092382,2023
2023-02-21,475107.7745359706,2023
2023-02-22,479176.58692117577,2023
2023-02-23,479202.64424022124,2023
2023-02-24,479962.72496570356,2023
2023-02-27,484503.60528835247,2023
2023-02-28,489150.7443618331,2023
2023-03-01,486805.8593828102,2023
2023-03-02,486736.1500057575,2023
2023-03-03,488658.0385716427,2023
2023-03-06,488510.03663381946,2023
2023-03-07,488621.3432001933,2023
2023-03-08,482754.0844185653,2023
2023-03-09,486011.5793473396,2023
2023-03-10,489994.2945766033,2023
2023-03-13,491429.6480339301,2023
2023-03-14,487877.8479436784,2023
2023-03-15,484383.1708078372,2023
2023-03-16,482974.3667464874,2023
2023-03-17,483269.0937105398,2023
2023-03-20,483033.1569527881,2023
2023-03-21,483944.3068869568,2023
2023-03-22,486308.40619816136,2023
2023-03-23,486706.7544216507,2023
2023-03-24,488740.6657910697,2023
2023-03-27,489173.98883457034,2023
2023-03-28,484720.0090801493,2023
2023-03-29,489936.96851841535,2023
2023-03-30,490576.84584865364,2023
2023-03-31,491059.3031014886,2023
2023-04-03,494206.61228874576,2023
2023-04-04,497793.60995055473,2023
2023-04-05,495637.6294768444,2023
2023-04-06,496087.1363707298,2023
2023-04-07,496732.2629752974,2023
2023-04-10,496349.9826970999,2023
2023-04-11,494070.00983459793,2023
2023-04-12,494255.70969046874,2023
2023-04-13,493931.9758169232,2023
2023-04-14,500039.5351728349,2023
2023-04-17,498102.1670893581,2023
2023-04-18,494860.97602938954,2023
2023-04-19,489982.47471304645,2023
2023-04-20,496022.15393171087,2023
2023-04-21,497447.93828061444,2023
2023-04-24,501940.0068269307,2023
2023-04-25,497603.0066997843,2023
2023-04-26,500554.5360492022,2023
2023-04-27,506619.27838987915,2023
2023-04-28,507689.4505199344,2023
2023-05-01,510874.08573265956,2023
2023-05-02,504663.9364659444,2023
2023-05-03,504807.6932588387,2023
2023-05-04,506223.13193161064,2023
2023-05-05,507120.91131963243,2023
2023-05-08,502054.60601533577,2023
2023-05-09,499348.01399329345,2023
2023-05-10,494208.88138629537,2023
2023-05-11,495361.09728040796,2023
2023-05-12,489719.32750312414,2023
2023-05-15,488908.5113833781,2023
2023-05-16,487007.94065480074,2023
2023-05-17,486814.9719575723,2023
2023-05-18,491110.8634053321,2023
2023-05-19,490538.10677543277,2023
2023-05-22,492381.5146029026,2023
2023-05-23,490328.2509625573,2023
2023-05-24,489974.09895442624,2023
2023-05-25,494162.91269567714,2023
2023-05-26,495068.4565995252,2023
2023-05-29,494639.95452046255,2023
2023-05-30,493953.7472368631,2023
2023-05-31,495624.89830487844,2023
2023-06-01,494865.35864539596,2023
2023-06-02,495672.53514337086,2023
2023-06-05,496875.1760898214,2023
2023-06-06,495534.2356970436,2023
2023-06-07,493109.6178005503,2023
2023-06-08,493893.3848403613,2023
2023-06-09,495708.69078058365,2023
2023-06-12,499251.8280940786,2023
2023-06-13,502547.7629727903,2023
2023-06-14,505582.3062874592,2023
2023-06-15,504349.85166233976,2023
2023-06-16,505792.82995793654,2023
2023-06-19,504743.802432353,2023
2023-06-20,504738.2014961175,2023
2023-06-21,506652.52302399056,2023
2023-06-22,508166.5607654052,2023
2023-06-23,507316.7882967965,2023
2023-06-26,505844.482641954,2023
2023-06-27,505392.029514516,2023
2023-06-28,502421.6282934889,2023
2023-06-29,501023.2290536236,2023
2023-06-30,500605.92790830426,2023
2023-07-03,499657.41605757375,2023
2023-07-04,500082.4869668785,2023
2023-07-05,502076.91838220414,2023
2023-07-06,506057.3702120044,2023
2023-07-07,504635.5951900876,2023
2023-07-10,499975.6526748846,2023
2023-07-11,501552.88013901166,2023
2023-07-12,509087.01666331047,2023
2023-07-13,513956.8450293089,2023
2023-07-14,511523.4529793384,2023
2023-07-17,510290.05011947046,2023
2023-07-18,507416.9579359588,2023
2023-07-19,507478.1778044407,2023
2023-07-20,504430.2621027813,2023
2023-07-21,507229.8713426276,2023
2023-07-24,505028.1162234476,2023
2023-07-25,504280.3070424675,2023
2023-07-26,508527.5982043563,2023
2023-07-27,507231.1080266708,2023
2023-07-28,504822.8875329167,2023
2023-07-31,504123.6418224578,2023
2023-08-01,501033.81919030007,2023
2023-08-02,501267.79148848256,2023
2023-08-03,503629.6195364957,2023
2023-08-04,505615.8335352902,2023
2023-08-07,510713.0181145596,2023
2023-08-08,513664.54645763454,2023
2023-08-09,512312.9687363282,2023
2023-08-10,522503.29210218246,2023
2023-08-11,524373.447350932,2023
2023-08-14,521750.7153059581,2023
2023-08-15,525269.5325745589,2023
2023-08-16,528159.9514998008,2023
2023-08-17,536441.1212480208,2023
2023-08-18,532184.1052367246,2023
2023-08-21,531539.9326264437,2023
2023-08-22,529669.6969789169,2023
2023-08-23,531940.8864935525,2023
2023-08-24,532350.7347362037,2023
2023-08-25,531869.9137256695,2023
2023-08-28,528331.6902006948,2023
2023-08-29,536220.5894709541,2023
2023-08-30,536761.1099930505,2023
2023-08-31,547020.0347618418,2023
2023-09-01,546370.6262822754,2023
2023-09-04,545453.5665610237,2023
2023-09-05,544924.8281580459,2023
2023-09-06,546336.2191810743,2023
2023-09-07,543615.9226049089,2023
2023-09-08,548600.1950912105,2023
2023-09-11,549563.7160484863,2023
2023-09-12,544702.9064469964,2023
2023-09-13,546769.0142869493,2023
2023-09-14,548047.5399729672,2023
2023-09-15,546987.2523368658,2023
2023-09-18,546531.6752356652,2023
2023-09-19,546873.5080289943,2023
2023-09-20,547681.0506839214,2023
2023-09-21,548225.6830545547,2023
2023-09-22,548740.1337060183,2023
2023-09-25,546741.1070576201,2023
2023-09-26,547982.1715432657,2023
2023-09-27,542005.2900186561,2023
2023-09-28,541474.468021935,2023
2023-09-29,544309.7993762002,2023
2023-10-02,544150.7978848966,2023
2023-10-03,544835.6593331539,2023
2023-10-04,544147.0960381397,2023
2023-10-05,542506.4385797956,2023
2023-10-06,543171.7261542493,2023
2023-10-09,542622.9917792897,2023
2023-10-10,539558.8671283853,2023
2023-10-11,540333.3405352806,2023
2023-10-12,538329.9152942287,2023
2023-10-13,539569.5492762744,2023
2023-10-16,537099.6170960824,2023
2023-10-17,534524.7075433757,2023
2023-10-18,535174.2295259899,2023
2023-10-19,536566.6455718308,2023
2023-10-20,535688.6714458506,2023
2023-10-23,538759.0062129885,2023
2023-10-24,541090.5589591694,2023
2023-10-25,543212.932069757,2023
2023-10-26,540821.8722135369,2023
2023-10-27,541186.1544243647,2023
2023-10-30,545227.5280420351,2023
2023-10-31,546655.7618727295,2023
2023-11-01,547817.2744833885,2023
2023-11-02,552263.6615979086,2023
2023-11-03,552309.471693249,2023
2023-11-06,548028.2602887341,2023
2023-11-07,543545.2095932299,2023
2023-11-08,546435.4288351361,2023
2023-11-09,546967.8273154154,2023
2023-11-10,542708.5281092424,2023
2023-11-13,546180.6547625029,2023
2023-11-14,552010.2080177262,2023
2023-11-15,557864.4664190905,2023
2023-11-16,562142.3979710157,2023
2023-11-17,566878.4895601651,2023
2023-11-20,568162.1637576262,2023
2023-11-21,570899.3614917527,2023
2023-11-22,572644.131884606,2023
2023-11-23,569177.6583369013,2023
2023-11-24,572134.2642294482,2023
2023-11-27,574649.478849848,2023
2023-11-28,567758.1527491496,2023
2023-11-29,566359.9702658055,2023
2023-11-30,570730.910781446,2023
2023-12-01,572061.5879098874,2023
2023-12-04,568147.6864225147,2023
2023-12-05,569822.8658801015,2023
2023-12-06,572081.1175530753,2023
2023-12-07,571610.4546558084,2023
2023-12-08,577717.8720538889,2023
2023-12-11,582696.052360223,2023
2023-12-12,575795.8210600442,2023
2023-12-13,576870.3677554909,2023
2023-12-14,577068.4400508634,2023
2023-12-15,582075.067892439,2023
2023-12-18,580802.1290651968,2023
2023-12-19,583273.568541714,2023
2023-12-20,585858.4185006127,2023
2023-12-21,582162.6915679779,2023
2023-12-22,584557.2720359211,2023
2023-12-25,581180.3945983083,2023
2023-12-26,581313.9261513096,2023
2023-12-27,578260.0731655275,2023
2023-12-28,577016.9891150544,2023
2023-12-29,575243.4219867678,2023
2024-01-01,572612.5910639679,2024
2024-01-02,573903.8790296927,2024
2024-01-03,577657.8345192788,2024
2024-01-04,576472.3244706719,2024
2024-01-05,573222.7584986697,2024
2024-01-08,572393.7561535601,2024
2024-01-09,574536.9618864132,2024
2024-01-10,579444.4856969669,2024
2024-01-11,582326.2140910678,2024
2024-01-12,585391.3556916926,2024
2024-01-15,586609.6805211684,2024
2024-01-16,588944.0066879888,2024
2024-01-17,585574.2099191414,2024
2024-01-18,588981.6366345579,2024
2024-01-19,592281.7596580801,2024
2024-01-22,593042.3532435087,2024
2024-01-23,593152.6322103335,2024
2024-01-24,594253.8493346885,2024
2024-01-25,598431.8608334446,2024
2024-01-26,600792.5022667838,2024
2024-01-29,597058.8573061245,2024
2024-01-30,603027.7341650708,2024
2024-01-31,604797.7065813169,2024
2024-02-01,608960.1062668825,2024
2024-02-02,610775.639322081,2024
2024-02-05,616257.9893835912,2024
2024-02-06,614838.231810237,2024
2024-02-07,611614.4352823303,2024
2024-02-08,601959.3472643221,2024
2024-02-09,602789.1524485867,2024
2024-02-12,604871.1162412858,2024
2024-02-13,606021.4321040217,2024
2024-02-14,608673.3088560288,2024
2024-02-15,612430.3829226908,2024
2024-02-16,614123.7866121555,2024
2024-02-19,615153.7016076756,2024
2024-02-20,608572.2390383166,2024
2024-02-21,610490.849409195,2024
2024-02-22,603894.872388174,2024
2024-02-23,606117.4405731541,2024
2024-02-26,607269.5396103536,2024
2024-02-27,607396.0155474063,2024
2024-02-28,608649.1802845538,2024
2024-02-29,607316.1310629338,2024
2024-03-01,609473.5507711407,2024
2024-03-04,608313.3659479355,2024
2024-03-05,608547.4517728521,2024
2024-03-06,610377.7043905614,2024
2024-03-07,606268.8422681142,2024
2024-03-08,609612.2880730461,2024
2024-03-11,611556.6017322319,2024
2024-03-12,614688.6145907369,2024
2024-03-13,617335.6152026125,2024
2024-03-14,614651.7065817083,2024
2024-03-15,613589.6795133285,2024
2024-03-18,617079.4299284454,2024
2024-03-19,619181.5579315415,2024
2024-03-20,619333.0336919972,2024
2024-03-21,622053.9404955329,2024
2024-03-22,625514.9269487436,2024
2024-03-25,621292.1395992002,2024
2024-03-26,621811.151515987,2024
2024-03-27,622518.0250901838,2024
2024-03-28,623490.143161595,2024
2024-03-29,627064.496226452,2024
2024-04-01,622350.6545413621,2024
2024-04-02,629007.0034415638,2024
2024-04-03,628217.6063960994,2024
2024-04-04,625416.2735201227,2024
2024-04-05,617125.9654115066,2024
2024-04-08,612269.225752144,2024
2024-04-09,613062.8831978446,2024
2024-04-10,616088.9489610007,2024
2024-04-11,619657.1121488689,2024
2024-04-12,629041.7383629516,2024
2024-04-15,639154.4983582544,2024
2024-04-16,637106.3107414116,2024
2024-04-17,636743.2723052206,2024
2024-04-18,636573.7882122303,2024
2024-04-19,636289.571972191,2024
2024-04-22,637830.9146302739,2024
2024-04-23,632069.5119272642,2024
2024-04-24,633431.6873109656,2024
2024-04-25,631704.9585933567,2024
2024-04-26,635447.0813715073,2024
2024-04-29,639190.7409479399,2024
2024-04-30,639253.2038631894,2024
2024-05-01,636843.4969356894,2024
2024-05-02,632560.8152284845,2024
2024-05-03,635605.5857267126,2024
2024-05-06,628864.4578981249,2024
2024-05-07,632993.5762514826,2024
2024-05-08,633023.897510272,2024
2024-05-09,633447.8885669135,2024
2024-05-10,636223.5900240878,2024
2024-05-13,638304.076386651,2024
2024-05-14,640143.3076862686,2024
2024-05-15,640554.4579147138,2024
2024-05-16,636299.0976550101,2024
2024-05-17,637889.623698788,2024
2024-05-20,635139.161457597,2024
2024-05-21,638574.4692758203,2024
2024-05-22,635304.9133228627,2024
2024-05-23,634343.376558868,2024
2024-05-24,635202.1248514445,2024
2024-05-27,628761.2183853608,2024
2024-05-28,639098.9347418763,2024
2024-05-29,633407.4269269186,2024
2024-05-30,632504.2818451176,2024
2024-05-31,633895.6176515312,2024
2024-06-03,633507.7273175314,2024
2024-06-04,638521.304000931,2024
2024-06-05,637609.6447608448,2024
2024-06-06,640096.7211986062,2024
2024-06-07,635732.9961765944,2024
2024-06-10,637208.2493332718,2024
2024-06-11,642812.7767556533,2024
2024-06-12,640040.7390693751,2024
2024-06-13,635892.6985809305,2024
2024-06-14,633615.3138375168,2024
2024-06-17,629952.2992140629,2024
2024-06-18,627555.3581609749,2024
2024-06-19,627794.7492225547,2024
2024-06-20,628931.6468277099,2024
2024-06-21,625389.1048672348,2024
2024-06-24,629242.1666779846,2024
2024-06-25,629194.1258282418,2024
2024-06-26,629263.7456813587,2024
2024-06-27,627730.5701150314,2024
2024-06-28,625747.933284854,2024
2024-07-01,623325.0103759101,2024
2024-07-02,622941.9194851482,2024
2024-07-03,623101.3945204222,2024
2024-07-04,620844.7041100345,2024
2024-07-05,622703.9799427899,2024
2024-07-08,622513.9725461857,2024
2024-07-09,618015.2668457801,2024
2024-07-10,619707.5763420975,2024
2024-07-11,624855.6212316623,2024
2024-07-12,625399.9505425445,2024
2024-07-15,623695.8419500785,2024
2024-07-16,620312.5630239628,2024
2024-07-17,625414.8657214448,2024
2024-07-18,627409.7490791637,2024
2024-07-19,623014.4465343205,2024
2024-07-22,623923.9866556115,2024
2024-07-23,622703.0824314465,2024
2024-07-24,626968.707283579,2024
2024-07-25,621737.2998031301,2024
2024-07-26,619643.6833091151,2024
2024-07-29,613504.1041387343,2024
2024-07-30,616763.2465632741,2024
2024-07-31,618657.0022277026,2024
2024-08-01,617717.4465985561,2024
2024-08-02,618431.9807257132,2024
2024-08-05,613859.8994048042,2024
2024-08-06,611625.5679511986,2024
2024-08-07,614859.740756157,2024
2024-08-08,616198.8377943998,2024
2024-08-09,618581.9961526366,2024
2024-08-12,618562.7656682271,2024
2024-08-13,607791.2835653006,2024
2024-08-14,610294.8502139236,2024
2024-08-15,610763.8557329613,2024
2024-08-16,612715.505034193,2024
2024-08-19,616371.4042476591,2024
2024-08-20,616010.0578704141,2024
2024-08-21,613906.5501394945,2024
2024-08-22,613022.0858412939,2024
2024-08-23,612541.3252436513,2024
2024-08-26,615698.8581917875,2024
2024-08-27,618229.0922604036,2024
2024-08-28,619606.9822842956,2024
2024-08-29,619296.914837962,2024
2024-08-30,619079.8977184878,2024
2024-09-02,617218.9521392287,2024
2024-09-03,617752.6574449891,2024
2024-09-04,614202.943568764,2024
2024-09-05,614673.3191245564,2024
2024-09-06,616268.2393072917,2024
2024-09-09,619163.364505443,2024
2024-09-10,619574.6466197629,2024
2024-09-11,617674.3776323306,2024
2024-09-12,614024.0647686163,2024
2024-09-13,608053.1540317099,2024
2024-09-16,602119.9725377666,2024
2024-09-17,609538.216003436,2024
2024-09-18,610767.1723576322,2024
2024-09-19,615137.3769533708,2024
2024-09-20,615771.1055606664,2024
2024-09-23,621438.9858842026,2024
2024-09-24,618479.7651124103,2024
2024-09-25,620511.6810338814,2024
2024-09-26,615981.8615169288,2024
2024-09-27,617833.6113183373,2024
2024-09-30,614517.8725576999,2024
2024-10-01,617883.3270515085,2024
2024-10-02,616727.7214002084,2024
2024-10-03,615401.8663625615,2024
